# OBJ generated by ONSHAPE BY PTC INC, 1.211 Units = meters
mtllib hull.mtl
g Part 1
v 0.00349327 0.012 0.0658701 
v 0.0068232 0.012 0.0647481 
v 0.00983408 0.012 0.0629365 
v 0.0123851 0.012 0.06052 
v 0.0143571 0.012 0.0576116 
v 0.0156577 0.012 0.0543473 
v 0.0162262 0.012 0.0508798 
v 0.0160359 0.012 0.047371 
v 0.0150959 0.012 0.0439853 
v 0.0134499 0.012 0.0408807 
v 0.0111751 0.012 0.0382026 
v 0.00837775 0.012 0.0360761 
v 0.00518865 0.012 0.0346006 
v 0.00175693 0.012 0.0338453 
v -0.00175693 0.012 0.0338453 
v -0.00518865 0.012 0.0346006 
v -0.00837775 0.012 0.0360761 
v -0.0111751 0.012 0.0382026 
v -0.0134499 0.012 0.0408807 
v -0.0150959 0.012 0.0439853 
v -0.0160359 0.012 0.047371 
v -0.0162262 0.012 0.0508798 
v -0.0156577 0.012 0.0543473 
v -0.0143571 0.012 0.0576116 
v -0.0123851 0.012 0.06052 
v -0.00983408 0.012 0.0629365 
v -0.0068232 0.012 0.0647481 
v -0.00349327 0.012 0.0658701 
v -4.99992e-19 0.012 0.06625 
v -1.49765e-18 0.012 0.05 
v -0.0143571 0.025 0.0576116 
v -0.0123851 0.025 0.06052 
v -0.0156577 0.025 0.0543473 
v -0.0162262 0.025 0.0508798 
v -0.0160359 0.025 0.047371 
v -0.0150959 0.025 0.0439853 
v -0.0134499 0.025 0.0408807 
v 0.0150959 0.025 0.0439853 
v 0.0134499 0.025 0.0408807 
v 0.0160359 0.025 0.047371 
v 0.0162262 0.025 0.0508798 
v 0.0156577 0.025 0.0543473 
v 0.0143571 0.025 0.0576116 
v 0.0123851 0.025 0.06052 
v -0.0114905 0.015 0.0614905 
v -0.0114905 0.025 0.0614905 
v -0.00983408 0.015 0.0629365 
v -0.0068232 0.015 0.0647481 
v -0.00349327 0.015 0.0658701 
v -4.48009e-18 0.015 0.06625 
v 0.00349327 0.015 0.0658701 
v 0.0068232 0.015 0.0647481 
v 0.00983408 0.015 0.0629365 
v 0.0114905 0.015 0.0614905 
v 0.0114905 0.015 0.0385095 
v 0.0114905 0.025 0.0385095 
v 0.0111751 0.015 0.0382026 
v 0.00837775 0.015 0.0360761 
v 0.00518865 0.015 0.0346006 
v 0.00175693 0.015 0.0338453 
v -0.00175693 0.015 0.0338453 
v -0.00518865 0.015 0.0346006 
v -0.00837775 0.015 0.0360761 
v -0.0111751 0.015 0.0382026 
v -0.0114905 0.015 0.0385095 
v -0.0114905 0.025 0.0385095 
v 0.0114905 0.025 0.0614905 
v -0.015026 0.015 0.065026 
v -0.0118059 0.015 0.0676687 
v -0.00813202 0.015 0.0696324 
v -0.00414567 0.015 0.0708417 
v 2.09868e-18 0.015 0.07125 
v 0.00414567 0.015 0.0708417 
v 0.00813202 0.015 0.0696324 
v 0.0118059 0.015 0.0676687 
v 0.015026 0.015 0.065026 
v 7.90942e-18 0.015 0.02875 
v -0.00414567 0.015 0.0291583 
v 0.00414567 0.015 0.0291583 
v -0.00813202 0.015 0.0303676 
v 0.00813202 0.015 0.0303676 
v 0.0118059 0.015 0.0323313 
v -0.0118059 0.015 0.0323313 
v 0.015026 0.015 0.034974 
v -0.015026 0.015 0.034974 
v 0.0151144 0.025 0.0651144 
v 0.015026 0.02025 0.065026 
v 0.0151144 0.02025 0.0651144 
v 0.0122602 0.025 0.0675094 
v 0.00903347 0.025 0.0693723 
v 0.0122602 0.02025 0.0675094 
v 0.00553226 0.025 0.0706467 
v 0.00903347 0.02025 0.0693723 
v 0.00553226 0.02025 0.0706467 
v 0.00813202 0.02025 0.0696324 
v 0.0118059 0.02025 0.0676687 
v 0.0054999 0.02025 0.0705259 
v 0.00485286 0.02 0.0681111 
v 0.00485286 0.025 0.0681111 
v 0.0054999 0.02 0.0705259 
v -0.0132583 0.0225 0.0632583 
v -0.0132583 0.025 0.0632583 
v -0.015026 0.0225 0.065026 
v -0.0118059 0.0225 0.0676687 
v -0.005 0.02 0.0706534 
v -0.00813202 0.0225 0.0696324 
v -0.005 0.0225 0.0706534 
v -0.00414567 0.02 0.0708417 
v 2.72221e-18 0.02 0.07125 
v 0.00414567 0.02 0.0708417 
v 0.000981299 0.02 0.0687243 
v -0.00293315 0.02 0.0685192 
v -0.00293315 0.025 0.0685192 
v 0.000981299 0.025 0.0687243 
v -0.0067194 0.025 0.0675046 
v -0.00485286 0.0225 0.0681111 
v -0.00485286 0.02 0.0681111 
v -0.0067194 0.0225 0.0675046 
v -0.010212 0.0225 0.0657251 
v -0.010212 0.025 0.0657251 
v -0.005 0.02 0.0686603 
v -0.005 0.0225 0.0686603 
v -0.0151144 0.025 0.0348856 
v -0.015026 0.02025 0.034974 
v -0.0151144 0.02025 0.0348856 
v -0.0122602 0.025 0.0324906 
v -0.00903347 0.025 0.0306277 
v -0.0122602 0.02025 0.0324906 
v -0.00553226 0.025 0.0293533 
v -0.00903347 0.02025 0.0306277 
v -0.00553226 0.02025 0.0293533 
v -0.00813202 0.02025 0.0303676 
v -0.0118059 0.02025 0.0323313 
v -0.0054999 0.02025 0.0294741 
v -0.00485286 0.02 0.0318889 
v -0.00485286 0.025 0.0318889 
v -0.0054999 0.02 0.0294741 
v 0.0132583 0.0225 0.0367417 
v 0.0132583 0.025 0.0367417 
v 0.015026 0.0225 0.034974 
v 0.0118059 0.0225 0.0323313 
v 0.005 0.02 0.0293466 
v 0.00813202 0.0225 0.0303676 
v 0.005 0.0225 0.0293466 
v 0.00414567 0.02 0.0291583 
v 8.53296e-18 0.02 0.02875 
v -0.00414567 0.02 0.0291583 
v -0.000981299 0.02 0.0312757 
v 0.00293315 0.02 0.0314808 
v 0.00293315 0.025 0.0314808 
v -0.000981299 0.025 0.0312757 
v 0.0067194 0.025 0.0324954 
v 0.00485286 0.0225 0.0318889 
v 0.00485286 0.02 0.0318889 
v 0.0067194 0.0225 0.0324954 
v 0.010212 0.0225 0.0342749 
v 0.010212 0.025 0.0342749 
v 0.005 0.02 0.0313397 
v 0.005 0.0225 0.0313397 
v -0.0166959 0.025 0.0279565 
v -0.0166959 0.025 0.0820435 
v 0.0166959 0.025 0.0279565 
v 0.0166959 0.025 0.0820435 
v 0.0154833 0.0257686 0.0201529 
v -0.0111241 0.0279198 0.0129738 
v -0.0125359 0.0273241 0.0145206 
v -0.013733 0.0267425 0.0162791 
v -0.0147094 0.0262181 0.0181604 
v 0.0126277 0.0272818 0.0146398 
v 0.0108278 0.0280448 0.0126492 
v -0.0108278 0.0280448 0.0126492 
v 0.0140815 0.0265606 0.0168925 
v -0.0163973 0.0251968 0.0239931 
v 0.0163945 0.0251987 0.0239745 
v -0.0154833 0.0257686 0.0201529 
v 0.00162755 0.0300184 0.00788448 
v 1.8408e-18 0.0300625 0.00777804 
v 0.00325033 0.0298863 0.0082035 
v -0.00325033 0.0298863 0.0082035 
v -0.00486357 0.0296665 0.00873414 
v -0.00162755 0.0300184 0.00788448 
v 0.00486357 0.0296665 0.00873414 
v 0.00646255 0.0293597 0.00947486 
v 0.00804257 0.0289667 0.0104235 
v -0.00788749 0.0290093 0.0103206 
v 0.0163973 0.0251968 0.0860069 
v -0.0163945 0.0251987 0.0860255 
v -0.0154833 0.0257686 0.0898471 
v 0.0154833 0.0257686 0.0898471 
v -0.00424939 0.0277416 0.0965971 
v 0.0126255 0.0272828 0.0953631 
v 0.0140815 0.0265606 0.0931075 
v -0.0037256 0.0280448 0.0973508 
v 0.0108278 0.0280448 0.0973508 
v -0.00541418 0.027372 0.0956131 
v -0.00469069 0.0275683 0.0961456 
v -0.00757312 0.0271356 0.0949389 
v -0.00690085 0.0271673 0.0950316 
v -0.00908732 0.0271823 0.095075 
v -0.00846544 0.0271431 0.0949608 
v -0.01046 0.0273884 0.0956585 
v -0.00993537 0.0272869 0.0953749 
v -0.0138747 0.0266692 0.0934781 
v -0.0111861 0.0275948 0.0962158 
v -0.0128107 0.0271963 0.0951157 
v -0.0115659 0.0277486 0.0966151 
v -0.00604878 0.0272586 0.0952943 
v -0.00324923 0.0293837 0.100583 
v 0.000312303 0.0300609 0.102218 
v 0.00162755 0.0300184 0.102116 
v -0.00315228 0.0289227 0.0994703 
v 0.00325033 0.0298863 0.101797 
v -0.00100354 0.0300457 0.102182 
v -0.00359703 0.0298169 0.101629 
v -0.00231747 0.029973 0.102006 
v 0.00486357 0.0296665 0.101266 
v 0.00646255 0.0293597 0.100525 
v -0.0033173 0.028466 0.0983678 
v 0.00804257 0.0289667 0.0995765 
v -0.00362695 0.0298429 0.101692 
v -0.00461939 0.027303 0.0981434 
v -0.00451518 0.0272376 0.098433 
v -0.00460442 0.0271209 0.0982107 
v -0.00460051 0.0274781 0.0980606 
v -0.00454848 0.0276397 0.0979654 
v -0.00446528 0.0277816 0.0978615 
v -0.00435407 0.0278985 0.0977527 
v -0.00421904 0.027986 0.0976431 
v -0.00406533 0.0280407 0.097537 
v -0.00389874 0.0280606 0.0974383 
v -0.00425469 0.0276382 0.0991965 
v -0.00428208 0.0275422 0.0990135 
v -0.00416183 0.0280592 0.099999 
v -0.0041518 0.0279988 0.0998839 
v -0.00424235 0.0284819 0.100805 
v -0.00449821 0.0288856 0.101574 
v -0.00422834 0.0284598 0.100762 
v -0.00450292 0.028893 0.101588 
v -0.00450937 0.0289099 0.101602 
v -0.00450999 0.0289009 0.101603 
v -0.00448624 0.0290524 0.101589 
v -0.00448499 0.0290601 0.101588 
v -0.00447671 0.0291112 0.101584 
v -0.00444563 0.0291998 0.101583 
v -0.0044407 0.0292138 0.101583 
v -0.00440824 0.0293064 0.101583 
v -0.00438943 0.0293421 0.101586 
v -0.0043796 0.0293608 0.101587 
v -0.00434648 0.0294237 0.101592 
v -0.00431114 0.0294719 0.101601 
v -0.00429553 0.0294932 0.101605 
v -0.00422827 0.0295848 0.101621 
v -0.00419889 0.0296141 0.10163 
v -0.00413504 0.0296777 0.101649 
v -0.00411322 0.0296934 0.101657 
v -0.00399517 0.0297785 0.101698 
v -0.00398137 0.0297885 0.101703 
v -0.00408519 0.0297136 0.101667 
v -0.00381608 0.0298193 0.101678 
v -0.00396285 0.029799 0.10171 
v -0.00396007 0.0298005 0.101711 
v -0.0037204 0.0298314 0.101675 
v -0.0037874 0.0298229 0.101677 
v -0.00428351 0.0277137 0.0989429 
v -0.00425171 0.0278792 0.0988656 
v -0.00418776 0.0280332 0.0987844 
v -0.00409387 0.0281703 0.098702 
v -0.00397327 0.0282858 0.0986213 
v -0.0038301 0.0283757 0.098545 
v -0.00366929 0.028437 0.0984758 
v -0.00349637 0.0284674 0.098416 
v -0.00413846 0.0281605 0.0998165 
v -0.0040947 0.0283171 0.0997503 
v -0.00402187 0.028464 0.0996872 
v -0.00392222 0.0285965 0.0996293 
v -0.00379882 0.0287105 0.0995782 
v -0.00365549 0.0288026 0.0995356 
v -0.00349663 0.0288699 0.0995028 
v -0.00332715 0.0289104 0.0994808 
v -0.00420228 0.0286128 0.100705 
v -0.00415006 0.0287616 0.100654 
v -0.00407311 0.0289022 0.100611 
v -0.00397354 0.0290305 0.100579 
v -0.00385408 0.0291433 0.100557 
v -0.00371803 0.0292372 0.100546 
v -0.0035691 0.0293098 0.100547 
v -0.00341139 0.0293591 0.10056 
v -0.00446867 0.0290389 0.101544 
v -0.00441314 0.0291812 0.101511 
v -0.00433767 0.0293165 0.10149 
v -0.00424411 0.0294414 0.101482 
v -0.00413475 0.0295529 0.101487 
v -0.00401225 0.0296484 0.101505 
v -0.00387961 0.0297253 0.101535 
v -0.00374007 0.029782 0.101577 
v -0.0049251 0.0268799 0.0977377 
v -0.00501794 0.0268101 0.0976008 
v -0.00593751 0.0264313 0.0968045 
v -0.00547884 0.0265929 0.0971505 
v -0.00643851 0.026315 0.0965465 
v -0.0061482 0.0263824 0.096696 
v -0.00690107 0.0262507 0.0964003 
v -0.0071112 0.0262215 0.0963339 
v -0.0083464 0.0261967 0.0962767 
v -0.00769686 0.0261896 0.0962603 
v -0.00883736 0.0262368 0.096369 
v -0.00850533 0.0262097 0.0963066 
v -0.00928287 0.0263082 0.0965305 
v -0.00950687 0.0263441 0.0966117 
v -0.00992105 0.0264481 0.0968412 
v -0.0104943 0.0266597 0.0972922 
v -0.00999928 0.026477 0.0969028 
v -0.0115334 0.0277621 0.0966576 
v -0.0114984 0.0277766 0.0967034 
v -0.0114374 0.0278018 0.0968261 
v -0.01141 0.027813 0.096907 
v -0.0114547 0.0277947 0.0967913 
v -0.0112962 0.0277905 0.0970072 
v -0.011342 0.0277999 0.0969669 
v -0.0112982 0.0277914 0.0970055 
v -0.0111634 0.0277313 0.0971244 
v -0.0110784 0.0276711 0.0971997 
v -0.0110381 0.0276298 0.0972355 
v -0.0109635 0.0275534 0.0973018 
v -0.0110646 0.0276568 0.097212 
v -0.010899 0.0274619 0.0973593 
v -0.0108405 0.0273463 0.0974116 
v -0.0108139 0.0272939 0.0974353 
v -0.0108517 0.0273685 0.0974016 
v -0.0108089 0.0272794 0.0974398 
v -0.0107767 0.0271866 0.0974689 
v -0.0107716 0.0271703 0.0974734 
v -0.0107324 0.0269839 0.0975091 
v -0.0107725 0.0271745 0.0974726 
v -0.0107166 0.0267802 0.0975242 
v -0.0107166 0.0267724 0.0975242 
v -0.01062 0.0267234 0.0974235 
v -0.0107307 0.0269756 0.0975107 
v -0.0107293 0.0269689 0.097512 
v -0.00764194 0.026189 0.0962589 
v -0.00536633 0.0266325 0.0972354 
v -0.00440689 0.0277673 0.0967182 
v -0.00455806 0.0277547 0.096849 
v -0.00469685 0.0277041 0.0969843 
v -0.00481769 0.0276177 0.0971186 
v -0.00491573 0.0274989 0.0972467 
v -0.00498703 0.0273524 0.0973632 
v -0.00502875 0.0271842 0.0974636 
v -0.00503919 0.027001 0.0975439 
v -0.00483226 0.0275999 0.0962882 
v -0.00496798 0.0275915 0.0964394 
v -0.00509223 0.0275434 0.0965931 
v -0.00519986 0.0274577 0.0967429 
v -0.00528644 0.0273378 0.0968825 
v -0.00534836 0.0271887 0.0970063 
v -0.00538308 0.0270166 0.097109 
v -0.00538915 0.0268286 0.0971864 
v -0.0055266 0.0274103 0.0957824 
v -0.00563421 0.0274068 0.0959589 
v -0.00573242 0.0273616 0.0961351 
v -0.00581702 0.0272766 0.0963035 
v -0.0058844 0.0271554 0.0964569 
v -0.00593169 0.0270034 0.0965887 
v -0.00595685 0.0268268 0.0966934 
v -0.00595882 0.0266334 0.0967663 
v -0.00613368 0.0273007 0.0954801 
v -0.00621489 0.0273 0.0956723 
v -0.00628887 0.0272565 0.0958624 
v -0.0063524 0.0271719 0.0960422 
v -0.00640272 0.0270501 0.0962039 
v -0.00643764 0.0268963 0.0963404 
v -0.00645564 0.0267172 0.0964458 
v -0.00645594 0.0265206 0.0965155 
v -0.00694718 0.0272126 0.0952314 
v -0.00699147 0.0272142 0.0954367 
v -0.00703176 0.0271719 0.0956384 
v -0.00706628 0.0270877 0.0958278 
v -0.00709349 0.0269654 0.0959963 
v -0.00711221 0.0268102 0.0961365 
v -0.00712161 0.026629 0.0962424 
v -0.00712126 0.0264299 0.0963092 
v -0.00758834 0.027182 0.0951437 
v -0.00760288 0.0271843 0.0953537 
v -0.0076161 0.0271425 0.0955596 
v -0.00762742 0.0270585 0.0957523 
v -0.00763633 0.0269359 0.0959232 
v -0.00764244 0.0267802 0.0960648 
v -0.00764548 0.0265984 0.0961708 
v -0.00764531 0.0263983 0.0962364 
v -0.00843915 0.0271892 0.0951645 
v -0.00841401 0.0271914 0.0953733 
v -0.00839116 0.0271495 0.0955783 
v -0.00837159 0.0270654 0.0957702 
v -0.00835618 0.0269429 0.0959405 
v -0.0083456 0.0267873 0.0960818 
v -0.00834034 0.0266056 0.0961877 
v -0.00834061 0.0264058 0.0962537 
v -0.00903236 0.027227 0.0952725 
v -0.00897982 0.0272282 0.0954756 
v -0.00893201 0.0271858 0.0956754 
v -0.00889104 0.0271015 0.0958631 
v -0.00885871 0.0269792 0.0960305 
v -0.00883644 0.0268243 0.0961702 
v -0.00882521 0.0266434 0.096276 
v -0.00882553 0.0264447 0.0963433 
v -0.00984235 0.0273282 0.0955565 
v -0.00975335 0.0273267 0.0957446 
v -0.00967225 0.0272828 0.0959312 
v -0.00960254 0.0271981 0.0961081 
v -0.00954725 0.0270764 0.0962677 
v -0.00950878 0.0269231 0.096403 
v -0.00948878 0.0267446 0.0965083 
v -0.00948814 0.0265488 0.0965789 
v -0.0103445 0.0274262 0.0958254 
v -0.0102339 0.0274222 0.0959997 
v -0.0101329 0.0273767 0.096174 
v -0.0100459 0.0272917 0.0963408 
v -0.00997649 0.0271707 0.096493 
v -0.00992774 0.0270188 0.0966242 
v -0.00990167 0.0268427 0.0967287 
v -0.0110416 0.0276256 0.096355 
v -0.0109031 0.0276165 0.096503 
v -0.0107762 0.027568 0.0966538 
v -0.0106662 0.0274821 0.0968011 
v -0.0105777 0.0273624 0.0969389 
v -0.0105141 0.0272137 0.0970616 
v -0.00989941 0.0266497 0.0968021 
v -0.0104783 0.0270422 0.097164 
v -0.0104716 0.026855 0.0972419 
v -0.0114173 0.0277785 0.0967464 
v -0.0112653 0.0277656 0.0968759 
v -0.0111257 0.0277148 0.09701 
v -0.0110042 0.0276284 0.0971434 
v -0.0109055 0.0275096 0.0972706 
v -0.0108336 0.0273634 0.0973867 
v -0.00462367 0.0288826 0.101824 
v -0.00492655 0.0288292 0.102261 
v -0.00504269 0.0288087 0.102429 
v -0.00547703 0.0287204 0.102852 
v -0.00540183 0.0287374 0.102797 
v -0.00614683 0.0285646 0.103306 
v -0.00599666 0.0286031 0.103231 
v -0.00644545 0.0284881 0.103456 
v -0.00690182 0.0283555 0.103597 
v -0.00715974 0.0282806 0.103676 
v -0.00769676 0.028103 0.103739 
v -0.00763976 0.0281239 0.103741 
v -0.00850573 0.0278046 0.103697 
v -0.00846851 0.0278201 0.103707 
v -0.00928615 0.0274769 0.10348 
v -0.00922216 0.0275062 0.103509 
v -0.00999335 0.0271431 0.103088 
v -0.00971707 0.0272799 0.10328 
v -0.0103477 0.0269677 0.102841 
v -0.010616 0.0268254 0.102572 
v -0.0107437 0.0267576 0.102445 
v -0.0111069 0.0265545 0.101929 
v -0.0111599 0.0265248 0.101854 
v -0.0114204 0.0263726 0.101292 
v -0.0114462 0.0263572 0.101195 
v -0.0116172 0.0262544 0.100404 
v -0.0115958 0.0262674 0.100635 
v -0.0116496 0.0262346 0.100055 
v -0.0116147 0.0262559 0.0995956 
v -0.0114885 0.026332 0.0989114 
v -0.0114453 0.0263575 0.0988061 
v -0.0111083 0.0265539 0.0980696 
v -0.0112181 0.0264912 0.0982528 
v -0.0110042 0.0266133 0.0978961 
v -0.0119523 0.0275841 0.0975464 
v -0.0119715 0.027576 0.0975691 
v -0.012262 0.0274481 0.0980524 
v -0.0125582 0.0273139 0.0987835 
v -0.0125386 0.0273227 0.0987353 
v -0.0127141 0.0272416 0.0995537 
v -0.0126591 0.0272671 0.0992823 
v -0.0127261 0.027236 0.100314 
v -0.0127221 0.0272379 0.100064 
v -0.0126404 0.0272759 0.1009 
v -0.0126642 0.0272648 0.100737 
v -0.012396 0.0273878 0.101663 
v -0.0124484 0.0273638 0.101499 
v -0.011683 0.0276995 0.102803 
v -0.0121886 0.0274807 0.102084 
v -0.0113724 0.0278284 0.103129 
v -0.0116344 0.0277197 0.102854 
v -0.0111264 0.0279251 0.103318 
v -0.0106187 0.0281247 0.103708 
v -0.0111397 0.0279199 0.103308 
v -0.0101605 0.0282934 0.103955 
v -0.0103759 0.0282141 0.103839 
v -0.00976401 0.0284286 0.104093 
v -0.00924207 0.0286066 0.104275 
v -0.00860544 0.0288045 0.10438 
v -0.00884732 0.0287293 0.10434 
v -0.00765784 0.0290708 0.104376 
v -0.00783596 0.0290207 0.104377 
v -0.00693435 0.0292518 0.104241 
v -0.00725322 0.029172 0.104301 
v -0.00638871 0.0293728 0.104036 
v -0.00608431 0.0294404 0.103922 
v -0.00545121 0.0295641 0.103543 
v -0.00584426 0.0294873 0.103778 
v -0.00486345 0.0296658 0.103031 
v -0.0047916 0.0296782 0.102968 
v -0.00513012 0.0296197 0.103263 
v -0.00468927 0.0296939 0.102841 
v -0.0043579 0.029745 0.10243 
v -0.00419144 0.0297682 0.102129 
v -0.0115983 0.0262659 0.0993792 
v -0.00461838 0.0290324 0.101838 
v -0.00504337 0.0289581 0.102447 
v -0.00459341 0.0291788 0.101863 
v -0.00454934 0.0293184 0.101897 
v -0.00502676 0.0291042 0.10248 
v -0.00448716 0.0294482 0.101941 
v -0.00499323 0.0292436 0.102526 
v -0.00440828 0.0295652 0.101994 
v -0.00494356 0.0293731 0.102584 
v -0.00431448 0.0296668 0.102053 
v -0.00487886 0.0294898 0.102654 
v -0.0042079 0.0297505 0.102119 
v -0.0048006 0.029591 0.102733 
v -0.00540794 0.0288868 0.102817 
v -0.00539872 0.0290328 0.102855 
v -0.0053744 0.029172 0.102908 
v -0.00533553 0.0293014 0.102975 
v -0.00528299 0.0294179 0.103055 
v -0.00471056 0.0296746 0.10282 
v -0.00521797 0.0295189 0.103147 
v -0.00601212 0.0287528 0.103254 
v -0.00601545 0.0288992 0.103296 
v -0.00600658 0.0290386 0.103356 
v -0.00598571 0.0291679 0.103434 
v -0.00595334 0.0292842 0.103527 
v -0.00514197 0.0296021 0.103247 
v -0.0059102 0.0293847 0.103632 
v -0.00646804 0.0286386 0.103479 
v -0.00648093 0.0287855 0.103522 
v -0.0064838 0.0289254 0.103586 
v -0.00647659 0.0290549 0.103669 
v -0.00645946 0.0291711 0.103768 
v -0.0058573 0.029467 0.103749 
v -0.00643283 0.0292711 0.103882 
v -0.00719336 0.028433 0.103696 
v -0.00722126 0.0285816 0.103739 
v -0.00724276 0.0287228 0.103805 
v -0.00725732 0.028853 0.103892 
v -0.00726459 0.0289691 0.103997 
v -0.00639732 0.0293525 0.104008 
v -0.00726438 0.0290682 0.104119 
v -0.0076802 0.0282782 0.103757 
v -0.00771782 0.0284285 0.103798 
v -0.00775165 0.028571 0.103863 
v -0.00778082 0.028702 0.10395 
v -0.00780459 0.0288182 0.104058 
v -0.00725671 0.0291478 0.104255 
v -0.00782234 0.0289165 0.104183 
v -0.00851872 0.027979 0.103713 
v -0.00857174 0.0281335 0.103747 
v -0.00862611 0.0282792 0.103807 
v -0.00868032 0.0284122 0.103891 
v -0.00873285 0.0285287 0.103999 
v -0.00783362 0.0289945 0.104323 
v -0.00878224 0.0286255 0.104125 
v -0.00927777 0.0276711 0.103504 
v -0.00934238 0.027831 0.103528 
v -0.00941402 0.027981 0.10358 
v -0.00949054 0.0281167 0.103657 
v -0.00956961 0.0282339 0.103759 
v -0.00882713 0.0287 0.104267 
v -0.00964884 0.028329 0.103881 
v -0.00977357 0.02745 0.103268 
v -0.00984388 0.0276146 0.103283 
v -0.00992574 0.0277684 0.103327 
v -0.0100165 0.0279064 0.103398 
v -0.0101133 0.0280242 0.103493 
v -0.00972582 0.0283991 0.104021 
v -0.0102129 0.0281179 0.10361 
v -0.010401 0.0271463 0.102818 
v -0.0104755 0.0273186 0.102823 
v -0.0105684 0.0274785 0.102855 
v -0.0106766 0.0276205 0.102914 
v -0.0107962 0.0277394 0.102996 
v -0.0103121 0.0281846 0.103744 
v -0.010923 0.0278311 0.1031 
v -0.0107918 0.026943 0.102417 
v -0.0108664 0.0271214 0.102416 
v -0.0109648 0.0272862 0.102439 
v -0.0110833 0.0274313 0.102487 
v -0.0112175 0.0275511 0.102559 
v -0.0110525 0.0278923 0.103221 
v -0.0113623 0.0276413 0.10265 
v -0.0111987 0.0267189 0.101826 
v -0.0112708 0.0269052 0.101819 
v -0.0113732 0.0270764 0.101833 
v -0.0115018 0.0272255 0.101867 
v -0.0116514 0.0273465 0.101921 
v -0.0115123 0.0276984 0.102758 
v -0.0118162 0.0274348 0.101992 
v -0.0114512 0.0265733 0.101269 
v -0.0115198 0.0267655 0.101261 
v -0.0116235 0.0269413 0.101269 
v -0.0117578 0.0270935 0.101292 
v -0.0119173 0.0272155 0.101329 
v -0.0119894 0.0274867 0.102077 
v -0.0120952 0.0273024 0.10138 
v -0.0116198 0.026473 0.100622 
v -0.0116852 0.0266697 0.100617 
v -0.0117891 0.0268491 0.100621 
v -0.011927 0.0270035 0.100632 
v -0.0120932 0.0271263 0.10065 
v -0.0122841 0.0273504 0.101441 
v -0.0122802 0.0272121 0.100675 
v -0.0116713 0.0264418 0.100053 
v -0.0117355 0.02664 0.100053 
v -0.0118394 0.0268206 0.100053 
v -0.0119784 0.0269758 0.100054 
v -0.0121465 0.0270988 0.100056 
v -0.0124803 0.0272573 0.100706 
v -0.0123365 0.0271843 0.100058 
v -0.0116222 0.0264715 0.0993917 
v -0.0116875 0.0266683 0.0993966 
v -0.0117914 0.0268478 0.0993936 
v -0.0119294 0.0270023 0.0993828 
v -0.0120956 0.0271251 0.0993648 
v -0.0125401 0.0272286 0.100061 
v -0.0122828 0.0272109 0.0993403 
v -0.0115168 0.0265345 0.0989318 
v -0.0115842 0.0267285 0.0989392 
v -0.0116881 0.0269057 0.0989331 
v -0.0118239 0.0270586 0.0989138 
v -0.0119859 0.0271809 0.0988822 
v -0.012483 0.027256 0.0993103 
v -0.0121673 0.0272674 0.0988395 
v -0.0112553 0.0266867 0.0982802 
v -0.0113268 0.0268743 0.0982877 
v -0.0114295 0.0270464 0.098275 
v -0.0115594 0.0271961 0.0982426 
v -0.0117113 0.0273174 0.0981918 
v -0.0123605 0.0273144 0.0987877 
v -0.0118789 0.0274054 0.0981247 
v -0.011047 0.026804 0.0979245 
v -0.0111204 0.0269871 0.09793 
v -0.0112215 0.0271558 0.0979122 
v -0.0113465 0.0273032 0.097872 
v -0.0114903 0.0274238 0.0978108 
v -0.0120556 0.0274565 0.098044 
v -0.0116475 0.0275128 0.0977311 
v -0.0118118 0.0275668 0.097636 
v -0.00491465 0.0125 0.102269 
v -0.00449659 0.0125 0.101575 
v -0.00423767 0.0125 0.100806 
v -0.00415 0.0125 0.1 
v -0.00423767 0.0125 0.0991939 
v -0.00449659 0.0125 0.0984254 
v -0.00689677 0.0125 0.103613 
v -0.00725268 0.0125123 0.103694 
v -0.00701326 0.0125537 0.10364 
v -0.0075 0.0125 0.103729 
v -0.00689677 0.0125739 0.103613 
v -0.00654329 0.0126903 0.103496 
v -0.00614347 0.0125 0.103313 
v -0.00614438 0.0129035 0.103311 
v -0.00611107 0.0129213 0.103296 
v -0.0054723 0.0125 0.102858 
v -0.00573223 0.0132322 0.10306 
v -0.00542133 0.0188889 0.102814 
v -0.00547415 0.0189533 0.102856 
v -0.00504804 0.0179877 0.102435 
v -0.00510871 0.0182292 0.102504 
v -0.0050123 0.0177476 0.102392 
v -0.005 0.015 0.102377 
v -0.005 0.0175 0.102377 
v -0.00501233 0.014752 0.102392 
v -0.0051903 0.0140433 0.102592 
v -0.00510876 0.0142706 0.102504 
v -0.00504804 0.0145123 0.102435 
v -0.00542133 0.0136111 0.102814 
v -0.0051903 0.0184567 0.102592 
v -0.00547415 0.0135467 0.102856 
v -0.00611345 0.0195757 0.103295 
v -0.00614347 0.0196 0.103313 
v -0.00573223 0.0192678 0.10306 
v -0.00654329 0.0198097 0.103496 
v -0.00689854 0.0199175 0.103608 
v -0.0075 0.02 0.103729 
v -0.00769698 0.02 0.103745 
v -0.00725274 0.0199877 0.103694 
v -0.00701227 0.019952 0.103643 
v -0.00850668 0.02 0.103701 
v -0.00928802 0.02 0.103484 
v -0.0100045 0.02 0.103104 
v -0.0106225 0.02 0.102579 
v -0.0111132 0.02 0.101933 
v -0.0114537 0.02 0.101197 
v -0.011628 0.02 0.100405 
v -0.011628 0.02 0.0995946 
v -0.0114537 0.02 0.0988026 
v -0.0111132 0.02 0.0980667 
v -0.0106225 0.02 0.0974211 
v -0.0100045 0.02 0.0968962 
v -0.00928802 0.02 0.0965163 
v -0.00850668 0.02 0.0962994 
v -0.00769698 0.02 0.0962555 
v -0.00725268 0.0199877 0.0963063 
v -0.00701326 0.0199463 0.0963604 
v -0.0075 0.02 0.0962714 
v -0.00689677 0.0199261 0.0963867 
v -0.00654329 0.0198097 0.096504 
v -0.00614438 0.0195965 0.0966888 
v -0.00611107 0.0195787 0.0967042 
v -0.00573223 0.0192678 0.0969401 
v -0.00491465 0.0125 0.0977306 
v -0.00542133 0.0136111 0.097186 
v -0.00547415 0.0135467 0.0971442 
v -0.00504804 0.0145123 0.0975651 
v -0.00510871 0.0142708 0.0974958 
v -0.0050123 0.0147524 0.0976076 
v -0.005 0.0175 0.0976225 
v -0.005 0.015 0.0976225 
v -0.00501233 0.017748 0.0976075 
v -0.0051903 0.0184567 0.0974077 
v -0.00510876 0.0182294 0.0974957 
v -0.00504804 0.0179877 0.0975651 
v -0.00542133 0.0188889 0.097186 
v -0.0051903 0.0140433 0.0974077 
v -0.00547415 0.0189533 0.0971442 
v -0.0054723 0.0125 0.0971419 
v -0.00611345 0.0129243 0.0967053 
v -0.00614347 0.0129 0.0966868 
v -0.00573223 0.0132322 0.0969401 
v -0.00689677 0.0125 0.0963867 
v -0.00614347 0.0125 0.0966868 
v -0.00654329 0.0126903 0.096504 
v -0.00701227 0.012548 0.0963566 
v -0.00725274 0.0125123 0.0963063 
v -0.00689854 0.0125825 0.0963923 
v -0.0075 0.0125 0.0962714 
v -0.005 0.015 0.0777545 
v -0.005 0.0175 0.0777545 
v -0.005 0.0175 0.1025 
v -0.005 0.015 0.1025 
v -0.00504804 0.0179877 0.0777545 
v -0.0051903 0.0184567 0.0777545 
v -0.00542133 0.0188889 0.0777545 
v -0.00573223 0.0192678 0.0777545 
v -0.00611107 0.0195787 0.0777545 
v -0.00654329 0.0198097 0.0777545 
v -0.00701227 0.019952 0.0777545 
v -0.0075 0.02 0.0777545 
v -0.00701227 0.012548 0.0777545 
v -0.0075 0.0125 0.0777545 
v -0.00654329 0.0126903 0.0777545 
v -0.00611107 0.0129213 0.0777545 
v -0.00573223 0.0132322 0.0777545 
v -0.00542133 0.0136111 0.0777545 
v -0.0051903 0.0140433 0.0777545 
v -0.00504804 0.0145123 0.0777545 
v -0.00505907 0.015 0.0772143 
v -0.00523348 0.015 0.0766996 
v -0.00505907 0.0175 0.0772143 
v -0.005515 0.015 0.0762347 
v -0.00523348 0.0175 0.0766996 
v -0.00589032 0.015 0.0758417 
v -0.005515 0.0175 0.0762347 
v -0.00634171 0.015 0.075539 
v -0.00589032 0.0175 0.0758417 
v -0.00684783 0.015 0.0753411 
v -0.00634171 0.0175 0.075539 
v -0.00684783 0.0175 0.0753411 
v -0.00738937 0.0199976 0.103999 
v -0.00701239 0.0199511 0.103971 
v -0.0075 0.02 0.104 
v -0.00654549 0.0198052 0.103883 
v -0.0066012 0.0198328 0.1039 
v -0.00700055 0.0199496 0.10397 
v -0.00618802 0.0196281 0.103777 
v -0.00611595 0.0195723 0.103743 
v -0.00577003 0.0193048 0.103583 
v -0.00573402 0.0192661 0.10356 
v -0.0054233 0.0188875 0.103332 
v -0.00557618 0.0190965 0.103458 
v -0.00519533 0.0184548 0.103073 
v -0.00523684 0.0185621 0.103137 
v -0.00539551 0.0188495 0.10331 
v -0.00505359 0.0179865 0.102792 
v -0.00511087 0.0182363 0.102942 
v -0.00502879 0.0178783 0.102727 
v -0.00502879 0.0146217 0.102727 
v -0.00505359 0.0145135 0.102792 
v -0.00511087 0.0142637 0.102942 
v -0.00519533 0.0140452 0.103073 
v -0.00523684 0.0139379 0.103137 
v -0.00539551 0.0136505 0.10331 
v -0.0054233 0.0136125 0.103332 
v -0.00557618 0.0134035 0.103458 
v -0.00573402 0.0132339 0.10356 
v -0.00611595 0.0129277 0.103743 
v -0.00577003 0.0131952 0.103583 
v -0.00618802 0.0128719 0.103777 
v -0.00654549 0.0126948 0.103883 
v -0.00701239 0.0125489 0.103971 
v -0.00700055 0.0125504 0.10397 
v -0.0066012 0.0126672 0.1039 
v -0.00738937 0.0125024 0.103999 
v -0.0075 0.0125 0.104 
v -0.00502879 0.014773 0.102878 
v -0.00502879 0.017727 0.102878 
v -0.00505359 0.0177919 0.102986 
v -0.00511087 0.0179418 0.103236 
v -0.00505359 0.0147081 0.102986 
v -0.00511087 0.0145582 0.103236 
v -0.00519533 0.0144271 0.103455 
v -0.00519533 0.0180729 0.103455 
v -0.00523684 0.0181373 0.103562 
v -0.00523684 0.0143627 0.103562 
v -0.00539551 0.0183097 0.103849 
v -0.00539551 0.0141903 0.103849 
v -0.0054233 0.0141675 0.103887 
v -0.0054233 0.0183325 0.103887 
v -0.00557618 0.0140421 0.104097 
v -0.00557618 0.0184579 0.104097 
v -0.00573402 0.0185597 0.104266 
v -0.00577003 0.0139171 0.104305 
v -0.00577003 0.0185829 0.104305 
v -0.00611595 0.0187434 0.104572 
v -0.00573402 0.0139403 0.104266 
v -0.00618802 0.0137232 0.104628 
v -0.00618802 0.0187768 0.104628 
v -0.00654549 0.0188831 0.104805 
v -0.00611595 0.0137566 0.104572 
v -0.0066012 0.0136003 0.104833 
v -0.0066012 0.0188997 0.104833 
v -0.00700055 0.0189698 0.10495 
v -0.00654549 0.0136169 0.104805 
v -0.00700055 0.0135302 0.10495 
v -0.00701239 0.0189706 0.104951 
v -0.00738937 0.0135015 0.104998 
v -0.00738937 0.0189985 0.104998 
v -0.0075 0.019 0.105 
v -0.00701239 0.0135294 0.104951 
v -0.0075 0.0135 0.105 
v -0.00737277 0.019952 0.0772837 
v -0.00725042 0.0198097 0.0768309 
v -0.00713767 0.0195787 0.0764137 
v -0.00703884 0.0192678 0.0760479 
v -0.00695774 0.0188889 0.0757478 
v -0.00689747 0.0184567 0.0755248 
v -0.00686036 0.0179877 0.0753874 
v -0.0070238 0.019952 0.0776491 
v -0.0065659 0.0198097 0.0775478 
v -0.00705782 0.019952 0.0775487 
v -0.00663264 0.0198097 0.0773508 
v -0.00711275 0.019952 0.077458 
v -0.00674037 0.0198097 0.0771729 
v -0.00718597 0.019952 0.0773813 
v -0.006884 0.0198097 0.0770225 
v -0.00727403 0.019952 0.0773223 
v -0.00705674 0.0198097 0.0769067 
v -0.00614389 0.0195787 0.0774544 
v -0.00624079 0.0195787 0.0771684 
v -0.00639719 0.0195787 0.0769102 
v -0.00660571 0.0195787 0.0766918 
v -0.00685649 0.0195787 0.0765236 
v -0.005774 0.0192678 0.0773725 
v -0.00589733 0.0192678 0.0770085 
v -0.00609639 0.0192678 0.0766798 
v -0.00636179 0.0192678 0.0764019 
v -0.00668096 0.0192678 0.0761879 
v -0.00547044 0.0188889 0.0773053 
v -0.00561546 0.0188889 0.0768774 
v -0.00584953 0.0188889 0.0764908 
v -0.0061616 0.0188889 0.076164 
v -0.00653691 0.0188889 0.0759124 
v -0.00524487 0.0184567 0.0772554 
v -0.00540601 0.0184567 0.0767799 
v -0.0056661 0.0184567 0.0763504 
v -0.00601285 0.0184567 0.0759873 
v -0.00642988 0.0184567 0.0757077 
v -0.00510597 0.0179877 0.0772246 
v -0.00527703 0.0179877 0.0767198 
v -0.00555314 0.0179877 0.0762639 
v -0.00592125 0.0179877 0.0758784 
v -0.00636396 0.0179877 0.0755816 
v -0.0183348 0.0175 0.0687762 
v -0.0183965 0.0175 0.0687252 
v -0.0148982 0.0175 0.0716072 
v -0.0149445 0.0175 0.0715807 
v -0.0110321 0.0175 0.0738167 
v -0.0110572 0.0175 0.0738076 
v -0.0163677 0.02 0.073636 
v -0.0121102 0.02 0.076075 
v -0.0201485 0.02 0.0705085 
v -0.02125 0.02 0.0693649 
v -0.02125 0.0199941 0.0691087 
v -0.02125 0.0199255 0.0686353 
v -0.02125 0.0198355 0.0680142 
v -0.02125 0.0198054 0.0679158 
v -0.02125 0.019663 0.0674498 
v -0.02125 0.0195651 0.0672484 
v -0.02125 0.0192461 0.0665928 
v -0.02125 0.0190371 0.0662947 
v -0.02125 0.0188825 0.0661335 
v -0.02125 0.0186119 0.0658513 
v -0.02125 0.0184489 0.0657276 
v -0.02125 0.0180972 0.065534 
v -0.02125 0.017987 0.0654995 
v -0.02125 0.0178085 0.0654436 
v -0.02125 0.0175 0.065411 
v -0.0149718 0.0179877 0.0716202 
v -0.0184301 0.0179877 0.0687594 
v -0.0110774 0.0179877 0.0738512 
v -0.0150528 0.0184567 0.0717371 
v -0.0111373 0.0184567 0.0739802 
v -0.0185298 0.0184567 0.0688609 
v -0.0151843 0.0188889 0.0719271 
v -0.0112346 0.0188889 0.0741897 
v -0.0186917 0.0188889 0.0690257 
v -0.0153613 0.0192678 0.0721827 
v -0.0113656 0.0192678 0.0744717 
v -0.0189096 0.0192678 0.0692475 
v -0.015577 0.0195787 0.0724941 
v -0.0115252 0.0195787 0.0748153 
v -0.0191751 0.0195787 0.0695178 
v -0.0158231 0.0198097 0.0728494 
v -0.0117073 0.0198097 0.0752073 
v -0.019478 0.0198097 0.0698261 
v -0.0160901 0.019952 0.073235 
v -0.0119048 0.019952 0.0756326 
v -0.0198067 0.019952 0.0701606 
v -0.0148827 0.015 0.0715809 
v -0.0112293 0.015 0.0737269 
v -0.0110265 0.015 0.0738016 
v -0.0183067 0.015 0.0687435 
v -0.0152554 0.015 0.071362 
v -0.02125 0.015 0.065411 
v -0.0187988 0.015 0.0683212 
v -0.00737277 0.012548 0.0772837 
v -0.00725042 0.0126903 0.0768309 
v -0.00713767 0.0129213 0.0764137 
v -0.00703884 0.0132322 0.0760479 
v -0.00695774 0.0136111 0.0757478 
v -0.00689747 0.0140433 0.0755248 
v -0.00686036 0.0145123 0.0753874 
v -0.00727403 0.012548 0.0773223 
v -0.00705674 0.0126903 0.0769067 
v -0.00718597 0.012548 0.0773813 
v -0.006884 0.0126903 0.0770225 
v -0.00711275 0.012548 0.077458 
v -0.00674037 0.0126903 0.0771729 
v -0.00705782 0.012548 0.0775487 
v -0.00663264 0.0126903 0.0773508 
v -0.0070238 0.012548 0.0776491 
v -0.0065659 0.0126903 0.0775478 
v -0.00685649 0.0129213 0.0765236 
v -0.00660571 0.0129213 0.0766918 
v -0.00639719 0.0129213 0.0769102 
v -0.00624079 0.0129213 0.0771684 
v -0.00614389 0.0129213 0.0774544 
v -0.00668096 0.0132322 0.0761879 
v -0.00636179 0.0132322 0.0764019 
v -0.00609639 0.0132322 0.0766798 
v -0.00589733 0.0132322 0.0770085 
v -0.005774 0.0132322 0.0773725 
v -0.00653691 0.0136111 0.0759124 
v -0.0061616 0.0136111 0.076164 
v -0.00584953 0.0136111 0.0764908 
v -0.00561546 0.0136111 0.0768774 
v -0.00547044 0.0136111 0.0773053 
v -0.00642988 0.0140433 0.0757077 
v -0.00601285 0.0140433 0.0759873 
v -0.0056661 0.0140433 0.0763504 
v -0.00540601 0.0140433 0.0767799 
v -0.00524487 0.0140433 0.0772554 
v -0.00636396 0.0145123 0.0755816 
v -0.00592125 0.0145123 0.0758784 
v -0.00555314 0.0145123 0.0762639 
v -0.00527703 0.0145123 0.0767198 
v -0.00510597 0.0145123 0.0772246 
v -0.0122987 0.0125 0.0759866 
v -0.0167083 0.0125 0.0733965 
v -0.0205892 0.0125 0.0700661 
v -0.0212949 0.0145285 0.0654256 
v -0.0212991 0.0145125 0.0654269 
v -0.0213807 0.0142022 0.0654534 
v -0.02145 0.0140477 0.0654758 
v -0.0215786 0.013761 0.0655173 
v -0.0216755 0.0136138 0.0655485 
v -0.021754 0.0134947 0.0655737 
v -0.0219899 0.0132394 0.0656492 
v -0.0219899 0.0132394 0.0656492 
v -0.022092 0.0131289 0.0656818 
v -0.0223361 0.0129382 0.0657595 
v -0.0223625 0.0129239 0.0657678 
v -0.0227852 0.0126937 0.0659013 
v -0.0227935 0.0126908 0.0659039 
v -0.0230903 0.0125886 0.065997 
v -0.0235967 0.0125047 0.0661545 
v -0.0237373 0.0125 0.0661979 
v -0.0232641 0.0125598 0.066051 
v -0.0232642 0.0125598 0.0660511 
v -0.02375 0.0125 0.0662019 
v -0.0112498 0.0145123 0.0737703 
v -0.0152833 0.0145123 0.0714011 
v -0.0188332 0.0145123 0.0683547 
v -0.0113107 0.0140433 0.0738989 
v -0.015366 0.0140433 0.0715169 
v -0.0189351 0.0140433 0.068454 
v -0.0114095 0.0136111 0.0741077 
v -0.0155002 0.0136111 0.0717049 
v -0.0191005 0.0136111 0.0686153 
v -0.0115425 0.0132322 0.0743888 
v -0.0156809 0.0132322 0.0719579 
v -0.0193232 0.0132322 0.0688323 
v -0.0117046 0.0129213 0.0747312 
v -0.0159011 0.0129213 0.0722662 
v -0.0195945 0.0129213 0.0690967 
v -0.0118894 0.0126903 0.0751219 
v -0.0161523 0.0126903 0.0726179 
v -0.019904 0.0126903 0.0693984 
v -0.0120901 0.012548 0.0755458 
v -0.0164248 0.012548 0.0729996 
v -0.0202399 0.012548 0.0697257 
v -0.02125 0.02 0.0516372 
v -0.02125 0.015 0.0516372 
v -0.02375 0.0125 0.0529336 
v -0.0232623 0.012548 0.0528552 
v -0.0235028 0.0125123 0.0529021 
v -0.0227933 0.0126903 0.052715 
v -0.0230301 0.0126059 0.0527941 
v -0.0223611 0.0129213 0.0525224 
v -0.0222945 0.0129759 0.0524825 
v -0.0219822 0.0132322 0.0522948 
v -0.0216761 0.0136149 0.052058 
v -0.0216372 0.0136635 0.052028 
v -0.0214403 0.0140433 0.0518436 
v -0.0213587 0.014271 0.0517588 
v -0.021298 0.0145123 0.0516923 
v -0.0212623 0.0147522 0.0516515 
v -0.0224445 0.02 0.104 
v -0.0224445 0.02 0.0525648 
v -0.0222926 0.02 0.0524857 
v -0.0216372 0.02 0.052028 
v -0.0232971 0.019 0.105 
v -0.0231366 0.0191951 0.104981 
v -0.0075 0.0191951 0.104981 
v -0.0229797 0.0193827 0.104924 
v -0.0075 0.0193827 0.104924 
v -0.0228327 0.0195556 0.104831 
v -0.0075 0.0195556 0.104831 
v -0.0227021 0.0197071 0.104707 
v -0.0075 0.0197071 0.104707 
v -0.0225935 0.0198315 0.104556 
v -0.0075 0.0198315 0.104556 
v -0.0225495 0.0198814 0.104472 
v -0.0225121 0.0199239 0.104383 
v -0.0075 0.0199239 0.104383 
v -0.0224831 0.0199566 0.104291 
v -0.0224616 0.0199808 0.104195 
v -0.0075 0.0199808 0.104195 
v -0.0224488 0.0199951 0.104099 
v -0.00510152 0.0179797 0.103201 
v -0.00502629 0.017746 0.10286 
v -0.00509482 0.0180174 0.103166 
v -0.00502451 0.0177651 0.102841 
v -0.0050908 0.018055 0.103129 
v -0.00502344 0.0177841 0.102822 
v -0.00508945 0.0180923 0.103092 
v -0.00502308 0.0178031 0.102803 
v -0.0050908 0.0181292 0.103055 
v -0.00502344 0.017822 0.102784 
v -0.00509482 0.0181655 0.103017 
v -0.00502451 0.0178409 0.102765 
v -0.00510152 0.0182012 0.10298 
v -0.00502629 0.0178596 0.102746 
v -0.00521774 0.0181938 0.103515 
v -0.00520402 0.0182499 0.103465 
v -0.00519576 0.0183055 0.103413 
v -0.005193 0.01836 0.10336 
v -0.00519576 0.0184132 0.103305 
v -0.00520402 0.0184649 0.10325 
v -0.00521774 0.0185146 0.103194 
v -0.00536556 0.0183845 0.103794 
v -0.00534396 0.0184585 0.103734 
v -0.00533091 0.0185312 0.103669 
v -0.00532655 0.0186017 0.103602 
v -0.00533091 0.0186694 0.103531 
v -0.00534396 0.0187337 0.103459 
v -0.00536556 0.0187939 0.103384 
v -0.00553594 0.0185505 0.104037 
v -0.0055068 0.0186419 0.10397 
v -0.00548915 0.0187307 0.103896 
v -0.00548324 0.0188158 0.103816 
v -0.00548915 0.018896 0.103731 
v -0.0055068 0.0189702 0.103642 
v -0.00553594 0.0190373 0.103551 
v -0.00572137 0.0186927 0.104246 
v -0.00568598 0.0188005 0.104175 
v -0.00566449 0.0189044 0.104093 
v -0.00565728 0.0190026 0.104003 
v -0.00566449 0.0190933 0.103904 
v -0.00568598 0.0191748 0.103801 
v -0.00572137 0.0192457 0.103693 
v -0.00613125 0.0189192 0.104578 
v -0.00608961 0.0190579 0.104507 
v -0.00606419 0.0191892 0.104417 
v -0.00605564 0.0193098 0.10431 
v -0.00606419 0.0194166 0.104189 
v -0.00608961 0.0195067 0.104058 
v -0.00613125 0.0195778 0.103919 
v -0.00655046 0.0190683 0.104796 
v -0.00651299 0.0192315 0.10473 
v -0.00649001 0.0193839 0.104637 
v -0.00648227 0.0195206 0.104521 
v -0.00649001 0.0196373 0.104384 
v -0.00651299 0.01973 0.104231 
v -0.00655046 0.019796 0.104068 
v -0.00696769 0.0191563 0.104924 
v -0.00694332 0.019336 0.104864 
v -0.00692833 0.0195023 0.104771 
v -0.00692328 0.0196492 0.104649 
v -0.00692833 0.0197713 0.104502 
v -0.00694332 0.0198641 0.104336 
v -0.00696769 0.0199243 0.104156 
v -0.00738161 0.0191932 0.104978 
v -0.00737585 0.0193804 0.104921 
v -0.0073723 0.0195529 0.104829 
v -0.0073711 0.0197043 0.104704 
v -0.0073723 0.0198285 0.104553 
v -0.00737585 0.0199209 0.10438 
v -0.00738161 0.019978 0.104193 
v -0.0257593 0.0154988 0.105 
v -0.0268608 0.0135 0.105 
v -0.0273405 0.0125 0.104 
v -0.0273317 0.0125192 0.104195 
v -0.0075 0.0125192 0.104195 
v -0.0273056 0.0125761 0.104383 
v -0.0075 0.0125761 0.104383 
v -0.0272628 0.0126685 0.104556 
v -0.0075 0.0126685 0.104556 
v -0.0272047 0.0127929 0.104707 
v -0.0075 0.0127929 0.104707 
v -0.0271329 0.0129444 0.104831 
v -0.0075 0.0129444 0.104831 
v -0.0270498 0.0131173 0.104924 
v -0.0075 0.0131173 0.104924 
v -0.026958 0.0133049 0.104981 
v -0.0075 0.0133049 0.104981 
v -0.00510152 0.0142988 0.10298 
v -0.00502629 0.0146404 0.102746 
v -0.00509482 0.0143345 0.103017 
v -0.00502451 0.0146591 0.102765 
v -0.0050908 0.0143708 0.103055 
v -0.00502344 0.014678 0.102784 
v -0.00508945 0.0144077 0.103092 
v -0.00502308 0.0146969 0.102803 
v -0.0050908 0.014445 0.103129 
v -0.00502344 0.0147159 0.102822 
v -0.00509482 0.0144826 0.103166 
v -0.00502451 0.0147349 0.102841 
v -0.00510152 0.0145203 0.103201 
v -0.00502629 0.014754 0.10286 
v -0.00521774 0.0139854 0.103194 
v -0.00520402 0.0140351 0.10325 
v -0.00519576 0.0140868 0.103305 
v -0.005193 0.01414 0.10336 
v -0.00519576 0.0141945 0.103413 
v -0.00520402 0.0142501 0.103465 
v -0.00521774 0.0143062 0.103515 
v -0.00536556 0.0137061 0.103384 
v -0.00534396 0.0137663 0.103459 
v -0.00533091 0.0138306 0.103531 
v -0.00532655 0.0138983 0.103602 
v -0.00533091 0.0139688 0.103669 
v -0.00534396 0.0140415 0.103734 
v -0.00536556 0.0141155 0.103794 
v -0.00553594 0.0134627 0.103551 
v -0.0055068 0.0135298 0.103642 
v -0.00548915 0.013604 0.103731 
v -0.00548324 0.0136842 0.103816 
v -0.00548915 0.0137693 0.103896 
v -0.0055068 0.0138581 0.10397 
v -0.00553594 0.0139495 0.104037 
v -0.00572137 0.0132543 0.103693 
v -0.00568598 0.0133252 0.103801 
v -0.00566449 0.0134067 0.103904 
v -0.00565728 0.0134974 0.104003 
v -0.00566449 0.0135956 0.104093 
v -0.00568598 0.0136995 0.104175 
v -0.00572137 0.0138073 0.104246 
v -0.00613125 0.0129222 0.103919 
v -0.00608961 0.0129933 0.104058 
v -0.00606419 0.0130834 0.104189 
v -0.00605564 0.0131902 0.10431 
v -0.00606419 0.0133108 0.104417 
v -0.00608961 0.0134421 0.104507 
v -0.00613125 0.0135808 0.104578 
v -0.00655046 0.012704 0.104068 
v -0.00651299 0.01277 0.104231 
v -0.00649001 0.0128627 0.104384 
v -0.00648227 0.0129794 0.104521 
v -0.00649001 0.0131161 0.104637 
v -0.00651299 0.0132685 0.10473 
v -0.00655046 0.0134317 0.104796 
v -0.00696769 0.0125757 0.104156 
v -0.00694332 0.0126359 0.104336 
v -0.00692833 0.0127287 0.104502 
v -0.00692328 0.0128508 0.104649 
v -0.00692833 0.0129977 0.104771 
v -0.00694332 0.013164 0.104864 
v -0.00696769 0.0133437 0.104924 
v -0.00738161 0.012522 0.104193 
v -0.00737585 0.0125791 0.10438 
v -0.0073723 0.0126715 0.104553 
v -0.0073711 0.0127957 0.104704 
v -0.0073723 0.0129471 0.104829 
v -0.00737585 0.0131196 0.104921 
v -0.00738161 0.0133068 0.104978 
v -0.0222992 0.0201581 0.0524748 
v -0.0218252 0.020674 0.0521813 
v -0.020687 0.0125 0.0507536 
v -0.0210938 0.0125 0.0514417 
v -0.0210938 0.0214198 0.0514417 
v -0.0208763 0.0216317 0.0511159 
v -0.0204352 0.0125 0.0499948 
v -0.020687 0.0218129 0.0507536 
v -0.0205421 0.0219494 0.050385 
v -0.02035 0.0125 0.0492 
v -0.0204352 0.022049 0.0499948 
v -0.0203714 0.0221079 0.0495997 
v -0.0203715 0.0221078 0.0487988 
v -0.0204352 0.022049 0.0484052 
v -0.02035 0.0221276 0.0492 
v -0.0204352 0.0125 0.0484052 
v -0.0205421 0.0219494 0.0480151 
v -0.020687 0.0218129 0.0476464 
v -0.020687 0.0125 0.0476464 
v -0.0208754 0.0216326 0.0472857 
v -0.0210938 0.0214198 0.0469583 
v -0.0222641 0.0195105 0.0459302 
v -0.0218252 0.020674 0.0462187 
v -0.0222926 0.0201691 0.0459143 
v -0.0216457 0.0208593 0.0463814 
v -0.0222934 0.0195282 0.0459159 
v -0.0219164 0.0191994 0.0461513 
v -0.0210938 0.0125 0.0469583 
v -0.0214403 0.0140433 0.0465564 
v -0.0216383 0.0136728 0.0463732 
v -0.021298 0.0145123 0.0467077 
v -0.0213586 0.0142713 0.0466413 
v -0.0212623 0.0147525 0.0467485 
v -0.02125 0.0175 0.0467628 
v -0.021261 0.0177345 0.04675 
v -0.02125 0.015 0.0467628 
v -0.0214226 0.0184127 0.0465744 
v -0.0213484 0.0181946 0.0466522 
v -0.0212935 0.0179644 0.0467128 
v -0.0216326 0.0188292 0.0463761 
v -0.0213561 0.0211583 0.046644 
v -0.0216374 0.0188355 0.0463723 
v -0.0216372 0.0125 0.046372 
v -0.0219822 0.0132322 0.0461052 
v -0.0222945 0.0129759 0.0459175 
v -0.0216713 0.0136111 0.0463427 
v -0.0230301 0.0125 0.0456059 
v -0.0222926 0.0125 0.0459143 
v -0.0227933 0.0126903 0.045685 
v -0.0223611 0.0129213 0.0458776 
v -0.0230301 0.0126059 0.0456059 
v -0.0232623 0.012548 0.0455448 
v -0.0235029 0.0125122 0.0454978 
v -0.0230301 0.0125 0.0527941 
v -0.0222926 0.0125 0.0524857 
v -0.0216372 0.0125 0.052028 
v -0.0216372 0.0208706 0.052028 
v -0.0213568 0.0211575 0.0517569 
v -0.02375 0.0125 0.0454664 
v -0.0226634 0.0197515 0.0457361 
v -0.02125 0.0175 0.034589 
v -0.0212942 0.0179644 0.0345746 
v -0.0213807 0.0182978 0.0345466 
v -0.0212991 0.0179875 0.0345731 
v -0.0214306 0.0184091 0.0345305 
v -0.0212949 0.0179715 0.0345744 
v -0.0215786 0.018739 0.0344827 
v -0.02145 0.0184523 0.0345242 
v -0.0216364 0.0188267 0.0344641 
v -0.021754 0.0190053 0.0344263 
v -0.0216755 0.0188862 0.0344515 
v -0.0219256 0.019191 0.0343714 
v -0.022092 0.0193711 0.0343182 
v -0.0219899 0.0192606 0.0343508 
v -0.0222665 0.0195074 0.0342627 
v -0.0223361 0.0195618 0.0342405 
v -0.0226634 0.0197515 0.034137 
v -0.0223621 0.0195769 0.0342323 
v -0.02125 0.015 0.034589 
v -0.0212729 0.0146623 0.0345815 
v -0.0213075 0.0145145 0.0345703 
v -0.0213807 0.0142022 0.0345466 
v -0.0215027 0.0139048 0.0345072 
v -0.0216796 0.0136161 0.0344503 
v -0.0214451 0.0140453 0.0345258 
v -0.0219574 0.0132574 0.0343611 
v -0.0219843 0.0132347 0.0343526 
v -0.021754 0.0134947 0.0344263 
v -0.0216796 0.0136161 0.0344503 
v -0.0219843 0.0132347 0.0343526 
v -0.0223361 0.0129382 0.0342405 
v -0.0226152 0.0127724 0.0341522 
v -0.0227977 0.0127018 0.0340949 
v -0.022362 0.0129229 0.0342323 
v -0.0232272 0.0125553 0.0339603 
v -0.0232626 0.0125514 0.0339493 
v -0.0230903 0.0125886 0.034003 
v -0.0227977 0.0127018 0.0340949 
v -0.0232627 0.0125514 0.0339493 
v -0.0237373 0.0125 0.0338021 
v -0.02375 0.0125 0.0337981 
v -0.0200934 0.0175 0.0331087 
v -0.0200934 0.015 0.0331087 
v -0.0216338 0.012548 0.0318138 
v -0.0220071 0.0125 0.0315 
v -0.0212748 0.0126903 0.0321156 
v -0.0209439 0.0129213 0.0323937 
v -0.0206539 0.0132322 0.0326375 
v -0.020416 0.0136111 0.0328376 
v -0.0202391 0.0140433 0.0329862 
v -0.0201302 0.0145123 0.0330778 
v -0.0220071 0.012548 0.0310123 
v -0.0220071 0.0126903 0.0305433 
v -0.0220071 0.0129213 0.0301111 
v -0.0220071 0.0132322 0.0297322 
v -0.0220071 0.0136111 0.0294213 
v -0.0220071 0.0140433 0.0291903 
v -0.0220071 0.0145123 0.029048 
v -0.0214949 0.015 0.029053 
v -0.0210044 0.015 0.0292099 
v -0.0205565 0.015 0.0294639 
v -0.0201701 0.015 0.0298043 
v -0.0198616 0.015 0.0302167 
v -0.0196442 0.015 0.0306835 
v -0.019527 0.015 0.0311849 
v -0.0195151 0.015 0.0316998 
v -0.0196089 0.015 0.0322061 
v -0.0198044 0.015 0.0326825 
v -0.0220071 0.015 0.029 
v -0.0219072 0.012548 0.0310226 
v -0.0218111 0.0126903 0.0305636 
v -0.0218115 0.012548 0.0310532 
v -0.0216234 0.0126903 0.0306236 
v -0.0217241 0.012548 0.0311028 
v -0.021452 0.0126903 0.0307208 
v -0.0216487 0.012548 0.0311692 
v -0.0213041 0.0126903 0.0308511 
v -0.0215885 0.012548 0.0312496 
v -0.0211861 0.0126903 0.0310089 
v -0.0215461 0.012548 0.0313407 
v -0.0211029 0.0126903 0.0311875 
v -0.0215233 0.012548 0.0314385 
v -0.021058 0.0126903 0.0313794 
v -0.0215209 0.012548 0.031539 
v -0.0210535 0.0126903 0.0315764 
v -0.0215392 0.012548 0.0316378 
v -0.0210893 0.0126903 0.0317702 
v -0.0215774 0.012548 0.0317307 
v -0.0211642 0.0126903 0.0319525 
v -0.0217225 0.0129213 0.0301405 
v -0.02145 0.0129213 0.0302277 
v -0.0212012 0.0129213 0.0303688 
v -0.0209865 0.0129213 0.0305579 
v -0.0208151 0.0129213 0.030787 
v -0.0206943 0.0129213 0.0310464 
v -0.0206292 0.0129213 0.031325 
v -0.0206226 0.0129213 0.031611 
v -0.0206747 0.0129213 0.0318923 
v -0.0207834 0.0129213 0.032157 
v -0.0216449 0.0132322 0.0297697 
v -0.0212981 0.0132322 0.0298806 
v -0.0209813 0.0132322 0.0300603 
v -0.0207081 0.0132322 0.030301 
v -0.02049 0.0132322 0.0305926 
v -0.0203363 0.0132322 0.0309226 
v -0.0202534 0.0132322 0.0312772 
v -0.020245 0.0132322 0.0316413 
v -0.0203113 0.0132322 0.0319993 
v -0.0204496 0.0132322 0.0323361 
v -0.0215812 0.0136111 0.0294654 
v -0.0211734 0.0136111 0.0295958 
v -0.0208009 0.0136111 0.0298071 
v -0.0204797 0.0136111 0.0300901 
v -0.0202232 0.0136111 0.030433 
v -0.0200424 0.0136111 0.0308211 
v -0.019945 0.0136111 0.031238 
v -0.0199351 0.0136111 0.0316661 
v -0.0200131 0.0136111 0.0320871 
v -0.0201757 0.0136111 0.0324832 
v -0.0215339 0.0140433 0.0292393 
v -0.0210807 0.0140433 0.0293842 
v -0.0206669 0.0140433 0.0296189 
v -0.0203099 0.0140433 0.0299334 
v -0.0200249 0.0140433 0.0303144 
v -0.0198241 0.0140433 0.0307456 
v -0.0197158 0.0140433 0.0312089 
v -0.0197048 0.0140433 0.0316846 
v -0.0197914 0.0140433 0.0321524 
v -0.0199721 0.0140433 0.0325925 
v -0.0215047 0.0145123 0.0291001 
v -0.0210237 0.0145123 0.0292539 
v -0.0205843 0.0145123 0.029503 
v -0.0202054 0.0145123 0.0298369 
v -0.0199028 0.0145123 0.0302413 
v -0.0196896 0.0145123 0.0306992 
v -0.0195747 0.0145123 0.031191 
v -0.019563 0.0145123 0.0316959 
v -0.019655 0.0145123 0.0321925 
v -0.0198468 0.0145123 0.0326598 
v -0.0260529 0.015 0.029 
v -0.0263277 0.0145123 0.029048 
v -0.0265808 0.0140433 0.0291903 
v -0.0268047 0.0136111 0.0294213 
v -0.0269937 0.0132322 0.0297322 
v -0.0271439 0.0129213 0.0301111 
v -0.0272527 0.0126903 0.0305433 
v -0.0273185 0.012548 0.0310123 
v -0.0273405 0.0125 0.0315 
v -0.0220071 0.0175 0.029 
v -0.0244439 0.0175 0.029 
v -0.0257593 0.0154988 0.029 
v -0.0198044 0.0175 0.0326825 
v -0.0196089 0.0175 0.0322061 
v -0.0195151 0.0175 0.0316998 
v -0.019527 0.0175 0.0311849 
v -0.0196442 0.0175 0.0306835 
v -0.0198616 0.0175 0.0302167 
v -0.0201701 0.0175 0.0298043 
v -0.0205565 0.0175 0.0294639 
v -0.0210044 0.0175 0.0292099 
v -0.0214949 0.0175 0.029053 
v -0.0216338 0.019952 0.0318138 
v -0.0220071 0.019952 0.0310123 
v -0.0220071 0.0198097 0.0305433 
v -0.0212748 0.0198097 0.0321156 
v -0.0220071 0.0195787 0.0301111 
v -0.0209439 0.0195787 0.0323937 
v -0.0220071 0.0192678 0.0297322 
v -0.0206539 0.0192678 0.0326375 
v -0.0220071 0.0188889 0.0294213 
v -0.020416 0.0188889 0.0328376 
v -0.0220071 0.0184567 0.0291903 
v -0.0202391 0.0184567 0.0329862 
v -0.0220071 0.0179877 0.029048 
v -0.0201302 0.0179877 0.0330778 
v -0.0220071 0.02 0.0315 
v -0.0215774 0.019952 0.0317307 
v -0.0211642 0.0198097 0.0319525 
v -0.0215392 0.019952 0.0316378 
v -0.0210893 0.0198097 0.0317702 
v -0.0215209 0.019952 0.031539 
v -0.0210535 0.0198097 0.0315764 
v -0.0215233 0.019952 0.0314385 
v -0.021058 0.0198097 0.0313794 
v -0.0215461 0.019952 0.0313407 
v -0.0211029 0.0198097 0.0311875 
v -0.0215885 0.019952 0.0312496 
v -0.0211861 0.0198097 0.0310089 
v -0.0216487 0.019952 0.0311692 
v -0.0213041 0.0198097 0.0308511 
v -0.0217241 0.019952 0.0311028 
v -0.021452 0.0198097 0.0307208 
v -0.0218115 0.019952 0.0310532 
v -0.0216234 0.0198097 0.0306236 
v -0.0219072 0.019952 0.0310226 
v -0.0218111 0.0198097 0.0305636 
v -0.0207834 0.0195787 0.032157 
v -0.0206747 0.0195787 0.0318923 
v -0.0206226 0.0195787 0.031611 
v -0.0206292 0.0195787 0.031325 
v -0.0206943 0.0195787 0.0310464 
v -0.0208151 0.0195787 0.030787 
v -0.0209865 0.0195787 0.0305579 
v -0.0212012 0.0195787 0.0303688 
v -0.02145 0.0195787 0.0302277 
v -0.0217225 0.0195787 0.0301405 
v -0.0204496 0.0192678 0.0323361 
v -0.0203113 0.0192678 0.0319993 
v -0.020245 0.0192678 0.0316413 
v -0.0202534 0.0192678 0.0312772 
v -0.0203363 0.0192678 0.0309226 
v -0.02049 0.0192678 0.0305926 
v -0.0207081 0.0192678 0.030301 
v -0.0209813 0.0192678 0.0300603 
v -0.0212981 0.0192678 0.0298806 
v -0.0216449 0.0192678 0.0297697 
v -0.0201757 0.0188889 0.0324832 
v -0.0200131 0.0188889 0.0320871 
v -0.0199351 0.0188889 0.0316661 
v -0.019945 0.0188889 0.031238 
v -0.0200424 0.0188889 0.0308211 
v -0.0202232 0.0188889 0.030433 
v -0.0204797 0.0188889 0.0300901 
v -0.0208009 0.0188889 0.0298071 
v -0.0211734 0.0188889 0.0295958 
v -0.0215812 0.0188889 0.0294654 
v -0.0199721 0.0184567 0.0325925 
v -0.0197914 0.0184567 0.0321524 
v -0.0197048 0.0184567 0.0316846 
v -0.0197158 0.0184567 0.0312089 
v -0.0198241 0.0184567 0.0307456 
v -0.0200249 0.0184567 0.0303144 
v -0.0203099 0.0184567 0.0299334 
v -0.0206669 0.0184567 0.0296189 
v -0.0210807 0.0184567 0.0293842 
v -0.0215339 0.0184567 0.0292393 
v -0.0198468 0.0179877 0.0326598 
v -0.019655 0.0179877 0.0321925 
v -0.019563 0.0179877 0.0316959 
v -0.0195747 0.0179877 0.031191 
v -0.0196896 0.0179877 0.0306992 
v -0.0199028 0.0179877 0.0302413 
v -0.0202054 0.0179877 0.0298369 
v -0.0205843 0.0179877 0.029503 
v -0.0210237 0.0179877 0.0292539 
v -0.0215047 0.0179877 0.0291001 
v -0.0225148 0.0199208 0.0331434 
v -0.0224993 0.0199383 0.0328986 
v -0.0226207 0.0198001 0.0338516 
v -0.0224445 0.02 0.0320331 
v -0.0224445 0.02 0.0315 
v -0.0224553 0.0199879 0.0312541 
v -0.0224872 0.019952 0.0310123 
v -0.0225405 0.0198917 0.0307721 
v -0.0226126 0.0198097 0.0305433 
v -0.0227057 0.0197029 0.0303179 
v -0.0228129 0.0195787 0.0301111 
v -0.0230761 0.0192678 0.0297322 
v -0.0233872 0.0188889 0.0294213 
v -0.0237298 0.0184567 0.0291903 
v -0.0240873 0.0179877 0.029048 
v -0.00615 0.0125 0.1 
v -0.00617305 0.0125 0.100283 
v -0.00615257 0.0125 0.0999053 
v -0.00621379 0.0125 0.0995318 
v -0.00627429 0.0125 0.100648 
v -0.00656622 0.0125 0.0988671 
v -0.00635385 0.0125 0.0991803 
v -0.00684095 0.0125 0.0986068 
v -0.00645154 0.0125 0.100982 
v -0.00716519 0.0125 0.0984117 
v -0.0233652 0.0125 0.0476117 
v -0.0230409 0.0125 0.0478068 
v -0.0237238 0.0125 0.0474909 
v -0.0241 0.0125 0.04745 
v -0.0075238 0.0125 0.0982909 
v -0.02235 0.0125 0.0492 
v -0.0223731 0.0125 0.0494831 
v -0.0227662 0.0125 0.0480671 
v -0.0225539 0.0125 0.0483803 
v -0.0244762 0.0125 0.0474909 
v -0.0223526 0.0125 0.0491053 
v -0.0224138 0.0125 0.0487318 
v -0.00669653 0.0125 0.10127 
v -0.0079 0.0125 0.09825 
v -0.0239108 0.0125 0.0509397 
v -0.0242892 0.0125 0.0509397 
v -0.0235412 0.0125 0.0508584 
v -0.0231978 0.0125 0.0506995 
v -0.0228965 0.0125 0.0504705 
v -0.0226515 0.0125 0.0501821 
v -0.0224743 0.0125 0.0498477 
v -0.0248348 0.0125 0.0476117 
v -0.0256461 0.0125 0.0483803 
v -0.0254338 0.0125 0.0480671 
v -0.00944615 0.0125 0.0991803 
v -0.00734122 0.0125 0.101658 
v -0.00771079 0.0125 0.10174 
v -0.00699778 0.0125 0.1015 
v -0.0082762 0.0125 0.0982909 
v -0.00895905 0.0125 0.0986068 
v -0.00863481 0.0125 0.0984117 
v -0.00923378 0.0125 0.0988671 
v -0.0250022 0.0125 0.0506995 
v -0.0253035 0.0125 0.0504705 
v -0.0251591 0.0125 0.0478068 
v -0.0257862 0.0125 0.0487318 
v -0.0246588 0.0125 0.0508584 
v -0.0257257 0.0125 0.0498477 
v -0.0258269 0.0125 0.0494831 
v -0.0255485 0.0125 0.0501821 
v -0.00958621 0.0125 0.0995318 
v -0.00808921 0.0125 0.10174 
v -0.00845878 0.0125 0.101658 
v -0.0258474 0.0125 0.0491053 
v -0.00880222 0.0125 0.1015 
v -0.00964743 0.0125 0.0999053 
v -0.00910347 0.0125 0.10127 
v -0.00952571 0.0125 0.100648 
v -0.00962695 0.0125 0.100283 
v -0.00934846 0.0125 0.100982 
v -0.0082762 0.0075 0.0982909 
v -0.0079 0.0075 0.09825 
v -0.00863481 0.0075 0.0984117 
v -0.00895905 0.0075 0.0986068 
v -0.00923378 0.0075 0.0988671 
v -0.00944615 0.0075 0.0991803 
v -0.00958621 0.0075 0.0995318 
v -0.00964743 0.0075 0.0999053 
v -0.00962695 0.0075 0.100283 
v -0.00952571 0.0075 0.100648 
v -0.00934846 0.0075 0.100982 
v -0.00910347 0.0075 0.10127 
v -0.00880222 0.0075 0.1015 
v -0.00845878 0.0075 0.101658 
v -0.00808921 0.0075 0.10174 
v -0.00771079 0.0075 0.10174 
v -0.00734122 0.0075 0.101658 
v -0.00699778 0.0075 0.1015 
v -0.00669653 0.0075 0.10127 
v -0.00645154 0.0075 0.100982 
v -0.00627429 0.0075 0.100648 
v -0.00617305 0.0075 0.100283 
v -0.00615257 0.0075 0.0999053 
v -0.00621379 0.0075 0.0995318 
v -0.00635385 0.0075 0.0991803 
v -0.00656622 0.0075 0.0988671 
v -0.00684095 0.0075 0.0986068 
v -0.00716519 0.0075 0.0984117 
v -0.0075238 0.0075 0.0982909 
v -0.0244762 0.0075 0.0474909 
v -0.0241 0.0075 0.04745 
v -0.0248348 0.0075 0.0476117 
v -0.0251591 0.0075 0.0478068 
v -0.0254338 0.0075 0.0480671 
v -0.0256461 0.0075 0.0483803 
v -0.0257862 0.0075 0.0487318 
v -0.0258474 0.0075 0.0491053 
v -0.0258269 0.0075 0.0494831 
v -0.0257257 0.0075 0.0498477 
v -0.0255485 0.0075 0.0501821 
v -0.0253035 0.0075 0.0504705 
v -0.0250022 0.0075 0.0506995 
v -0.0246588 0.0075 0.0508584 
v -0.0242892 0.0075 0.0509397 
v -0.0239108 0.0075 0.0509397 
v -0.0235412 0.0075 0.0508584 
v -0.0231978 0.0075 0.0506995 
v -0.0228965 0.0075 0.0504705 
v -0.0226515 0.0075 0.0501821 
v -0.0224743 0.0075 0.0498477 
v -0.0223731 0.0075 0.0494831 
v -0.0223526 0.0075 0.0491053 
v -0.0224138 0.0075 0.0487318 
v -0.0225539 0.0075 0.0483803 
v -0.0227662 0.0075 0.0480671 
v -0.0230409 0.0075 0.0478068 
v -0.0233652 0.0075 0.0476117 
v -0.0237238 0.0075 0.0474909 
v 0.0206762 0.0075 0.0982909 
v 0.0203 0.0075 0.09825 
v 0.0239108 0.0075 0.0496397 
v 0.0195652 0.0075 0.0984117 
v 0.0242892 0.0075 0.0496397 
v 0.0291119 0.0075 0.105 
v 0.0219862 0.0075 0.0995318 
v 0.0218461 0.0075 0.0991803 
v -0.0291119 0.0075 0.105 
v -0.0291119 0.0075 0.029 
v 0.0235412 0.0075 0.0495584 
v 0.0246588 0.0075 0.0495584 
v 0.0187539 0.0075 0.0991803 
v 0.0186138 0.0075 0.0995318 
v 0.0291119 0.0075 0.029 
v 0.0256461 0.0075 0.0470803 
v 0.0254338 0.0075 0.0467671 
v 0.0258474 0.0075 0.0478053 
v 0.0257862 0.0075 0.0474318 
v 0.0257257 0.0075 0.0485477 
v 0.0258269 0.0075 0.0481831 
v 0.0210348 0.0075 0.0984117 
v 0.0216338 0.0075 0.0988671 
v 0.0189662 0.0075 0.0988671 
v 0.0231978 0.0075 0.0493995 
v 0.0213591 0.0075 0.0986068 
v 0.0233652 0.0075 0.0463117 
v 0.0251591 0.0075 0.0465068 
v 0.0248348 0.0075 0.0463117 
v 0.0253035 0.0075 0.0491705 
v 0.0255485 0.0075 0.0488821 
v 0.0250022 0.0075 0.0493995 
v 0.0192409 0.0075 0.0986068 
v 0.0230409 0.0075 0.0465068 
v 0.0244762 0.0075 0.0461909 
v 0.0226515 0.0075 0.0488821 
v 0.0228965 0.0075 0.0491705 
v 0.0220269 0.0075 0.100283 
v 0.0220474 0.0075 0.0999053 
v 0.0217485 0.0075 0.100982 
v 0.0219257 0.0075 0.100648 
v 0.0193978 0.0075 0.1015 
v 0.0197412 0.0075 0.101658 
v 0.0223526 0.0075 0.0478053 
v 0.0199238 0.0075 0.0982909 
v 0.0237238 0.0075 0.0461909 
v 0.0208588 0.0075 0.101658 
v 0.0212022 0.0075 0.1015 
v 0.0185731 0.0075 0.100283 
v 0.0224138 0.0075 0.0474318 
v 0.0227662 0.0075 0.0467671 
v 0.0225539 0.0075 0.0470803 
v 0.0241 0.0075 0.04615 
v 0.0215035 0.0075 0.10127 
v 0.0223731 0.0075 0.0481831 
v 0.0224743 0.0075 0.0485477 
v 0.0204892 0.0075 0.10174 
v 0.0190965 0.0075 0.10127 
v 0.0186743 0.0075 0.100648 
v 0.0185526 0.0075 0.0999053 
v 0.0201108 0.0075 0.10174 
v 0.0188515 0.0075 0.100982 
v 0.0203 0.0125 0.09825 
v 0.0199238 0.0125 0.0982909 
v 0.0195652 0.0125 0.0984117 
v 0.0192409 0.0125 0.0986068 
v 0.0189662 0.0125 0.0988671 
v 0.0187539 0.0125 0.0991803 
v 0.0186138 0.0125 0.0995318 
v 0.0185526 0.0125 0.0999053 
v 0.0185731 0.0125 0.100283 
v 0.0186743 0.0125 0.100648 
v 0.0188515 0.0125 0.100982 
v 0.0190965 0.0125 0.10127 
v 0.0193978 0.0125 0.1015 
v 0.0197412 0.0125 0.101658 
v 0.0201108 0.0125 0.10174 
v 0.0204892 0.0125 0.10174 
v 0.0208588 0.0125 0.101658 
v 0.0212022 0.0125 0.1015 
v 0.0215035 0.0125 0.10127 
v 0.0217485 0.0125 0.100982 
v 0.0219257 0.0125 0.100648 
v 0.0220269 0.0125 0.100283 
v 0.02205 0.0125 0.1 
v 0.0220474 0.0125 0.0999053 
v 0.0219862 0.0125 0.0995318 
v 0.0218461 0.0125 0.0991803 
v 0.0216338 0.0125 0.0988671 
v 0.0213591 0.0125 0.0986068 
v 0.0210348 0.0125 0.0984117 
v 0.0206762 0.0125 0.0982909 
v 0.0241 0.0125 0.04615 
v 0.0237238 0.0125 0.0461909 
v 0.0233652 0.0125 0.0463117 
v 0.0230409 0.0125 0.0465068 
v 0.0227662 0.0125 0.0467671 
v 0.0225539 0.0125 0.0470803 
v 0.0224138 0.0125 0.0474318 
v 0.0223526 0.0125 0.0478053 
v 0.0223731 0.0125 0.0481831 
v 0.0224743 0.0125 0.0485477 
v 0.0226515 0.0125 0.0488821 
v 0.0228965 0.0125 0.0491705 
v 0.0231978 0.0125 0.0493995 
v 0.0235412 0.0125 0.0495584 
v 0.0239108 0.0125 0.0496397 
v 0.0242892 0.0125 0.0496397 
v 0.0246588 0.0125 0.0495584 
v 0.0250022 0.0125 0.0493995 
v 0.0253035 0.0125 0.0491705 
v 0.0255485 0.0125 0.0488821 
v 0.0257257 0.0125 0.0485477 
v 0.0258269 0.0125 0.0481831 
v 0.02585 0.0125 0.0479 
v 0.0258474 0.0125 0.0478053 
v 0.0257862 0.0125 0.0474318 
v 0.0256461 0.0125 0.0470803 
v 0.0254338 0.0125 0.0467671 
v 0.0251591 0.0125 0.0465068 
v 0.0248348 0.0125 0.0463117 
v 0.0244762 0.0125 0.0461909 
v 0.00625 -0.00690923 0.105 
v 0.0300625 -5.52239e-18 0.105 
v 0.0293597 -0.00646255 0.105 
v 0.0293597 0.00646255 0.105 
v -0.00625 -0.00690923 0.105 
v -0.0257593 -0.0154988 0.105 
v -0.0284888 -0.009599 0.105 
v 0.0239325 -0.018193 0.105 
v 0.0224445 -0.02 0.105 
v 0.00625 -0.0119092 0.105 
v 0.027284 -0.0126229 0.105 
v -0.0298863 -0.00325033 0.105 
v -0.00625 -0.0119092 0.105 
v -0.0224445 -0.02 0.105 
v -0.0298863 0.00325033 0.105 
v 0.00625 -0.00690923 0.11375 
v -0.00625 -0.00690923 0.11375 
v 0.00625 -0.0119092 0.1075 
v 0.00625 -0.0119092 0.11375 
v -0.00625 -0.0119092 0.11375 
v -0.00625 -0.0119092 0.1075 
v 1.75099e-17 -0.0119092 0.115 
v -0.00363999 -0.0119092 0.115 
v 0.008 -0.0119092 0.1075 
v 0.008 -0.0119092 0.115 
v -0.008 -0.0119092 0.115 
v -0.008 -0.0119092 0.1075 
v -0.008 -0.0194092 0.115 
v -0.008 -0.0194092 0.1075 
v 0.008 -0.0194092 0.1075 
v 0.008 -0.0194092 0.115 
v -0.00486357 -0.0296665 0.1075 
v -0.0125 -0.0194092 0.1075 
v -0.0125 -0.0273405 0.1075 
v -0.0111273 -0.0279274 0.1075 
v 0.00804257 -0.0289667 0.1075 
v 0.0125 -0.0273405 0.1075 
v 0.00162755 -0.0300184 0.1075 
v 0.0125 -0.0194092 0.1075 
v -0.0125 -0.0194092 0.115 
v -0.0125 -0.0273405 0.115 
v 0.0125 -0.0194092 0.115 
v 0.0125 -0.0273405 0.115 
v -0.0107039 -0.0194092 0.110653 
v -0.0108216 -0.0194092 0.110764 
v -0.00958737 -0.0194092 0.110899 
v -0.00967838 -0.0194092 0.110764 
v -0.0109126 -0.0194092 0.110899 
v -0.00952734 -0.0194092 0.111049 
v -0.00986333 -0.0194092 0.111893 
v -0.00973423 -0.0194092 0.111794 
v -0.0101689 -0.0194092 0.111996 
v -0.0100105 -0.0194092 0.111961 
v -0.0109989 -0.0194092 0.111209 
v -0.0105649 -0.0194092 0.110569 
v -0.00979612 -0.0194092 0.110653 
v -0.0109901 -0.0194092 0.111371 
v -0.0109727 -0.0194092 0.111049 
v -0.0095011 -0.0194092 0.111209 
v -0.00950988 -0.0194092 0.111371 
v -0.00962923 -0.0194092 0.111671 
v -0.0103311 -0.0194092 0.111996 
v -0.0106367 -0.0194092 0.111893 
v -0.0104895 -0.0194092 0.111961 
v -0.0108708 -0.0194092 0.111671 
v -0.0107658 -0.0194092 0.111794 
v -0.0109467 -0.0194092 0.111528 
v -0.0104112 -0.0194092 0.110518 
v -0.00993508 -0.0194092 0.110569 
v -0.00955327 -0.0194092 0.111528 
v -0.01025 -0.0194092 0.1105 
v -0.0100888 -0.0194092 0.110518 
v 0.0109126 -0.0194092 0.110899 
v 0.0108216 -0.0194092 0.110764 
v 0.0109727 -0.0194092 0.111049 
v 0.0109901 -0.0194092 0.111371 
v 0.0109989 -0.0194092 0.111209 
v 0.0103311 -0.0194092 0.111996 
v 0.0104895 -0.0194092 0.111961 
v 0.0095011 -0.0194092 0.111209 
v 0.00979612 -0.0194092 0.110653 
v 0.00967838 -0.0194092 0.110764 
v 0.0109467 -0.0194092 0.111528 
v 0.0106367 -0.0194092 0.111893 
v 0.00986333 -0.0194092 0.111893 
v 0.0100105 -0.0194092 0.111961 
v 0.00845345 -0.0194092 0.115 
v 0.00950988 -0.0194092 0.111371 
v 0.00958737 -0.0194092 0.110899 
v 0.0107039 -0.0194092 0.110653 
v 0.0105649 -0.0194092 0.110569 
v 0.0107658 -0.0194092 0.111794 
v 0.00955327 -0.0194092 0.111528 
v 0.00952734 -0.0194092 0.111049 
v 0.0108708 -0.0194092 0.111671 
v 0.00973423 -0.0194092 0.111794 
v 0.0100888 -0.0194092 0.110518 
v 0.00993508 -0.0194092 0.110569 
v 0.0101689 -0.0194092 0.111996 
v 0.00962923 -0.0194092 0.111671 
v 0.0104112 -0.0194092 0.110518 
v 0.01025 -0.0194092 0.1105 
v 0.01025 -0.00940923 0.1105 
v 0.0100888 -0.00940923 0.110518 
v 0.00993508 -0.00940923 0.110569 
v 0.00979612 -0.00940923 0.110653 
v 0.00967838 -0.00940923 0.110764 
v 0.00958737 -0.00940923 0.110899 
v 0.00952734 -0.00940923 0.111049 
v 0.0095011 -0.00940923 0.111209 
v 0.00950988 -0.00940923 0.111371 
v 0.00955327 -0.00940923 0.111528 
v 0.00962923 -0.00940923 0.111671 
v 0.00973423 -0.00940923 0.111794 
v 0.00986333 -0.00940923 0.111893 
v 0.0100105 -0.00940923 0.111961 
v 0.0101689 -0.00940923 0.111996 
v 0.0103311 -0.00940923 0.111996 
v 0.0104895 -0.00940923 0.111961 
v 0.0106367 -0.00940923 0.111893 
v 0.0107658 -0.00940923 0.111794 
v 0.0108708 -0.00940923 0.111671 
v 0.0109467 -0.00940923 0.111528 
v 0.0109901 -0.00940923 0.111371 
v 0.0109989 -0.00940923 0.111209 
v 0.0109727 -0.00940923 0.111049 
v 0.0109126 -0.00940923 0.110899 
v 0.0108216 -0.00940923 0.110764 
v 0.0107039 -0.00940923 0.110653 
v 0.0105649 -0.00940923 0.110569 
v 0.0104112 -0.00940923 0.110518 
v 0.01025 -0.00940923 0.11125 
v -0.01025 -0.00940923 0.1105 
v -0.0104112 -0.00940923 0.110518 
v -0.0105649 -0.00940923 0.110569 
v -0.0107039 -0.00940923 0.110653 
v -0.0108216 -0.00940923 0.110764 
v -0.0109126 -0.00940923 0.110899 
v -0.0109727 -0.00940923 0.111049 
v -0.0109989 -0.00940923 0.111209 
v -0.0109901 -0.00940923 0.111371 
v -0.0109467 -0.00940923 0.111528 
v -0.0108708 -0.00940923 0.111671 
v -0.0107658 -0.00940923 0.111794 
v -0.0106367 -0.00940923 0.111893 
v -0.0104895 -0.00940923 0.111961 
v -0.0103311 -0.00940923 0.111996 
v -0.0101689 -0.00940923 0.111996 
v -0.0100105 -0.00940923 0.111961 
v -0.00986333 -0.00940923 0.111893 
v -0.00973423 -0.00940923 0.111794 
v -0.00962923 -0.00940923 0.111671 
v -0.00955327 -0.00940923 0.111528 
v -0.00950988 -0.00940923 0.111371 
v -0.0095011 -0.00940923 0.111209 
v -0.00952734 -0.00940923 0.111049 
v -0.00958737 -0.00940923 0.110899 
v -0.00967838 -0.00940923 0.110764 
v -0.00979612 -0.00940923 0.110653 
v -0.00993508 -0.00940923 0.110569 
v -0.0100888 -0.00940923 0.110518 
v -0.01025 -0.00940923 0.11125 
v 0.014125 -0.01 0.029 
v 0.027284 -0.0126229 0.029 
v 0.0293597 -0.00646255 0.029 
v 0.0300625 -5.52239e-18 0.029 
v 0.004125 -0.01 0.029 
v 0.0239325 -0.018193 0.029 
v 0.014125 -0.02 0.029 
v 0.0224445 -0.02 0.029 
v -0.0205 0.005 0.029 
v -0.0296438 0.005 0.029 
v -0.0205 -0.005 0.029 
v -0.0257593 -0.0154988 0.029 
v -0.0224445 -0.02 0.029 
v -0.0284888 -0.009599 0.029 
v 0.0293597 0.00646255 0.029 
v -0.0296438 -0.005 0.029 
v 0.004125 -0.02 0.029 
v -0.0205 -0.005 0.024 
v -0.0296438 -0.005 0.024 
v -0.0296438 0.005 0.024 
v -0.0205 0.005 0.024 
v 0.004125 -0.01 0.024 
v 0.014125 -0.01 0.024 
v -0.0284888 0.009599 0.024 
v -0.0273405 0.0125 0.024 
v -0.0273405 -0.0125 0.024 
v -0.0284888 -0.009599 0.024 
v 0.004125 -0.0125 0.024 
v 0.025 0.0125 0.024 
v 0.025 -0.0125 0.024 
v 0.014125 -0.0125 0.024 
v 0.004125 -0.0125 0.005 
v -0.0273405 -0.0125 0.005 
v 0.025 0.0125 0.005 
v -0.0273405 0.0125 0.005 
v 0.025 -0.0125 0.005 
v 0.014125 -0.0125 0.005 
v 0.0293597 0.00646255 0.005 
v 0.0320325 0.00549253 0.005 
v 0.0306435 0.010827 0.005 
v 0.027284 0.0126229 0.005 
v 0.0239325 0.018193 0.005 
v 0.028373 0.0158501 0.005 
v -0.0296149 -0.0133868 0.005 
v -0.0269266 -0.0181992 0.005 
v -0.0257593 -0.0154988 0.005 
v -0.0168707 -0.0248824 0.005 
v -0.0193256 -0.0261299 0.005 
v -0.0146316 -0.0290201 0.005 
v 0.0300625 -5.52239e-18 0.005 
v 0.0325 -1.99005e-18 0.005 
v 0.0252862 0.0204171 0.005 
v 0.00804257 0.0289667 0.005 
v 0.0140815 0.0265606 0.005 
v 0.0121178 0.0301564 0.005 
v -0.0314513 -0.00818929 0.005 
v -0.0218252 -0.020674 0.005 
v -0.0234636 -0.022488 0.005 
v -0.0111273 -0.0279274 0.005 
v 0.0194621 0.0229125 0.005 
v 0.0214719 0.0243968 0.005 
v 0.01704 0.0276747 0.005 
v -0.0168707 0.0248824 0.005 
v -0.0111273 0.0279274 0.005 
v -0.0146316 0.0290201 0.005 
v -0.00951674 -0.0310754 0.005 
v 0.00684708 0.0317705 0.005 
v 0.00162755 0.0300184 0.005 
v 0.00137934 0.0324707 0.005 
v -0.00412808 0.0322368 0.005 
v -0.00951674 0.0310754 0.005 
v -0.0218252 0.020674 0.005 
v -0.0193256 0.0261299 0.005 
v 0.004125 -0.01 0.005 
v -0.00486357 -0.0296665 0.005 
v 0.00162755 -0.0300184 0.005 
v -0.00412808 -0.0322368 0.005 
v 0.00137934 -0.0324707 0.005 
v 0.00684708 -0.0317705 0.005 
v 0.00804257 -0.0289667 0.005 
v 0.0121178 -0.0301564 0.005 
v 0.0194621 -0.0229125 0.005 
v 0.0140815 -0.0265606 0.005 
v 0.01704 -0.0276747 0.005 
v 0.0214719 -0.0243968 0.005 
v 0.0252862 -0.0204171 0.005 
v -0.00486357 0.0296665 0.005 
v -0.0234636 0.022488 0.005 
v -0.0296149 0.0133868 0.005 
v -0.0257593 0.0154988 0.005 
v -0.0323829 -0.00275619 0.005 
v -0.0314513 0.00818929 0.005 
v 0.0239325 -0.018193 0.005 
v 0.0293597 -0.00646255 0.005 
v 0.027284 -0.0126229 0.005 
v 0.0306435 -0.010827 0.005 
v -0.0269266 0.0181992 0.005 
v 0.014125 -0.01 0.005 
v -0.0325 1.99005e-18 0.005 
v -0.0323829 0.00275619 0.005 
v 0.028373 -0.0158501 0.005 
v 0.0320325 -0.00549253 0.005 
v 0.014125 -0.01 0 
v 0.014125 -0.02 0 
v 0.004125 -0.02 0 
v 0.004125 -0.01 0 
v 0.021396 0.017276 0 
v 0.0102536 0.0255169 0 
v 0.0144185 0.0234171 0 
v 0.00579368 0.0268828 0 
v 0.00116713 0.0274752 0 
v 0.021396 -0.017276 0 
v 0.0181686 -0.0206435 0 
v -0.022784 -0.0153993 0 
v -0.0250588 -0.0113273 0 
v -0.00349299 0.0272773 0 
v 0.0240079 -0.0134116 0 
v 0.0271044 -0.00464752 0 
v 0.0259291 -0.00916134 0 
v 0.0144185 -0.0234171 0 
v -0.0266127 -0.0069294 0 
v 0.0181686 0.0206435 0 
v 0.0240079 0.0134116 0 
v -0.0123806 0.0245555 0 
v -0.00805263 0.0262946 0 
v 0.00579368 -0.0268828 0 
v 0.00116713 -0.0274752 0 
v 0.0102536 -0.0255169 0 
v -0.0198538 -0.0190283 0 
v -0.00805263 -0.0262946 0 
v -0.0123806 -0.0245555 0 
v -0.0198538 0.0190283 0 
v 0.0259291 0.00916134 0 
v 0.0271044 0.00464752 0 
v -0.0163524 0.0221099 0 
v 0.0275 -8.72561e-18 0 
v -0.0266127 0.0069294 0 
v -0.0250588 0.0113273 0 
v -0.0274009 -0.00233216 0 
v -0.0274009 0.00233216 0 
v -0.0163524 -0.0221099 0 
v -0.00349299 -0.0272773 0 
v -0.022784 0.0153993 0 
v 0.0284755 -1.99005e-18 9.60736e-05 
v 0.0280659 0.00481237 9.60736e-05 
v 0.0268489 0.00948631 9.60736e-05 
v 0.0248595 0.0138873 9.60736e-05 
v 0.0221549 0.0178888 9.60736e-05 
v 0.018813 0.0213757 9.60736e-05 
v 0.0149299 0.0242477 9.60736e-05 
v 0.0106173 0.0264221 9.60736e-05 
v 0.00599919 0.0278363 9.60736e-05 
v 0.00120853 0.0284498 9.60736e-05 
v -0.00361689 0.0282448 9.60736e-05 
v -0.00833826 0.0272273 9.60736e-05 
v -0.0128198 0.0254265 9.60736e-05 
v -0.0169324 0.0228942 9.60736e-05 
v -0.020558 0.0197033 9.60736e-05 
v -0.0235922 0.0159455 9.60736e-05 
v -0.0259476 0.0117291 9.60736e-05 
v -0.0275566 0.00717519 9.60736e-05 
v -0.0283729 0.00241489 9.60736e-05 
v -0.0283729 -0.00241489 9.60736e-05 
v -0.0275566 -0.00717519 9.60736e-05 
v -0.0259476 -0.0117291 9.60736e-05 
v -0.0235922 -0.0159455 9.60736e-05 
v -0.020558 -0.0197033 9.60736e-05 
v -0.0169324 -0.0228942 9.60736e-05 
v -0.0128198 -0.0254265 9.60736e-05 
v -0.00833826 -0.0272273 9.60736e-05 
v -0.00361689 -0.0282448 9.60736e-05 
v 0.00120853 -0.0284498 9.60736e-05 
v 0.00599919 -0.0278363 9.60736e-05 
v 0.0106173 -0.0264221 9.60736e-05 
v 0.0149299 -0.0242477 9.60736e-05 
v 0.018813 -0.0213757 9.60736e-05 
v 0.0221549 -0.0178888 9.60736e-05 
v 0.0248595 -0.0138873 9.60736e-05 
v 0.0268489 -0.00948631 9.60736e-05 
v 0.0280659 -0.00481237 9.60736e-05 
v 0.0294134 -1.99005e-18 0.000380602 
v 0.0289903 0.00497089 0.000380602 
v 0.0277332 0.00979878 0.000380602 
v 0.0256783 0.0143448 0.000380602 
v 0.0228847 0.0184781 0.000380602 
v 0.0194327 0.0220798 0.000380602 
v 0.0154217 0.0250464 0.000380602 
v 0.010967 0.0272924 0.000380602 
v 0.0061968 0.0287532 0.000380602 
v 0.00124834 0.0293869 0.000380602 
v -0.00373603 0.0291752 0.000380602 
v -0.00861292 0.0281241 0.000380602 
v -0.013242 0.026264 0.000380602 
v -0.0174902 0.0236483 0.000380602 
v -0.0212352 0.0203523 0.000380602 
v -0.0243693 0.0164708 0.000380602 
v -0.0268023 0.0121154 0.000380602 
v -0.0284643 0.00741154 0.000380602 
v -0.0293075 0.00249443 0.000380602 
v -0.0293075 -0.00249443 0.000380602 
v -0.0284643 -0.00741154 0.000380602 
v -0.0268023 -0.0121154 0.000380602 
v -0.0243693 -0.0164708 0.000380602 
v -0.0212352 -0.0203523 0.000380602 
v -0.0174902 -0.0236483 0.000380602 
v -0.013242 -0.026264 0.000380602 
v -0.00861292 -0.0281241 0.000380602 
v -0.00373603 -0.0291752 0.000380602 
v 0.00124834 -0.0293869 0.000380602 
v 0.0061968 -0.0287532 0.000380602 
v 0.010967 -0.0272924 0.000380602 
v 0.0154217 -0.0250464 0.000380602 
v 0.0194327 -0.0220798 0.000380602 
v 0.0228847 -0.0184781 0.000380602 
v 0.0256783 -0.0143448 0.000380602 
v 0.0277332 -0.00979878 0.000380602 
v 0.0289903 -0.00497089 0.000380602 
v 0.0302779 -1.99005e-18 0.000842652 
v 0.0298423 0.00511698 0.000842652 
v 0.0285483 0.0100868 0.000842652 
v 0.026433 0.0147664 0.000842652 
v 0.0235573 0.0190212 0.000842652 
v 0.0200038 0.0227287 0.000842652 
v 0.0158749 0.0257825 0.000842652 
v 0.0112893 0.0280945 0.000842652 
v 0.00637892 0.0295983 0.000842652 
v 0.00128503 0.0302506 0.000842652 
v -0.00384583 0.0300326 0.000842652 
v -0.00886604 0.0289507 0.000842652 
v -0.0136312 0.0270359 0.000842652 
v -0.0180042 0.0243433 0.000842652 
v -0.0218593 0.0209504 0.000842652 
v -0.0250855 0.0169548 0.000842652 
v -0.02759 0.0124715 0.000842652 
v -0.0293009 0.00762935 0.000842652 
v -0.0301688 0.00256774 0.000842652 
v -0.0301688 -0.00256774 0.000842652 
v -0.0293009 -0.00762935 0.000842652 
v -0.02759 -0.0124715 0.000842652 
v -0.0250855 -0.0169548 0.000842652 
v -0.0218593 -0.0209504 0.000842652 
v -0.0180042 -0.0243433 0.000842652 
v -0.0136312 -0.0270359 0.000842652 
v -0.00886604 -0.0289507 0.000842652 
v -0.00384583 -0.0300326 0.000842652 
v 0.00128503 -0.0302506 0.000842652 
v 0.00637892 -0.0295983 0.000842652 
v 0.0112893 -0.0280945 0.000842652 
v 0.0158749 -0.0257825 0.000842652 
v 0.0200038 -0.0227287 0.000842652 
v 0.0235573 -0.0190212 0.000842652 
v 0.026433 -0.0147664 0.000842652 
v 0.0285483 -0.0100868 0.000842652 
v 0.0298423 -0.00511698 0.000842652 
v 0.0310355 -1.99005e-18 0.00146447 
v 0.0305891 0.00524503 0.00146447 
v 0.0292627 0.0103392 0.00146447 
v 0.0270945 0.0151359 0.00146447 
v 0.0241468 0.0194971 0.00146447 
v 0.0205044 0.0232975 0.00146447 
v 0.0162722 0.0264277 0.00146447 
v 0.0115718 0.0287975 0.00146447 
v 0.00653854 0.0303389 0.00146447 
v 0.00131719 0.0310076 0.00146447 
v -0.00394207 0.0307842 0.00146447 
v -0.00908791 0.0296751 0.00146447 
v -0.0139723 0.0277124 0.00146447 
v -0.0184548 0.0249525 0.00146447 
v -0.0224063 0.0214747 0.00146447 
v -0.0257132 0.0173791 0.00146447 
v -0.0282805 0.0127836 0.00146447 
v -0.0300341 0.00782027 0.00146447 
v -0.0309237 0.002632 0.00146447 
v -0.0309237 -0.002632 0.00146447 
v -0.0300341 -0.00782027 0.00146447 
v -0.0282805 -0.0127836 0.00146447 
v -0.0257132 -0.0173791 0.00146447 
v -0.0224063 -0.0214747 0.00146447 
v -0.0184548 -0.0249525 0.00146447 
v -0.0139723 -0.0277124 0.00146447 
v -0.00908791 -0.0296751 0.00146447 
v -0.00394207 -0.0307842 0.00146447 
v 0.00131719 -0.0310076 0.00146447 
v 0.00653854 -0.0303389 0.00146447 
v 0.0115718 -0.0287975 0.00146447 
v 0.0162722 -0.0264277 0.00146447 
v 0.0205044 -0.0232975 0.00146447 
v 0.0241468 -0.0194971 0.00146447 
v 0.0270945 -0.0151359 0.00146447 
v 0.0292627 -0.0103392 0.00146447 
v 0.0305891 -0.00524503 0.00146447 
v 0.0316573 -1.99005e-18 0.00222215 
v 0.031202 0.00535012 0.00222215 
v 0.029849 0.0105463 0.00222215 
v 0.0276373 0.0154391 0.00222215 
v 0.0246305 0.0198878 0.00222215 
v 0.0209152 0.0237643 0.00222215 
v 0.0165982 0.0269572 0.00222215 
v 0.0118036 0.0293745 0.00222215 
v 0.00666955 0.0309468 0.00222215 
v 0.00134358 0.0316288 0.00222215 
v -0.00402105 0.0314009 0.00222215 
v -0.00926999 0.0302697 0.00222215 
v -0.0142523 0.0282677 0.00222215 
v -0.0188245 0.0254524 0.00222215 
v -0.0228552 0.0219049 0.00222215 
v -0.0262284 0.0177273 0.00222215 
v -0.0288471 0.0130397 0.00222215 
v -0.0306359 0.00797696 0.00222215 
v -0.0315433 0.00268473 0.00222215 
v -0.0315433 -0.00268473 0.00222215 
v -0.0306359 -0.00797696 0.00222215 
v -0.0288471 -0.0130397 0.00222215 
v -0.0262284 -0.0177273 0.00222215 
v -0.0228552 -0.0219049 0.00222215 
v -0.0188245 -0.0254524 0.00222215 
v -0.0142523 -0.0282677 0.00222215 
v -0.00926999 -0.0302697 0.00222215 
v -0.00402105 -0.0314009 0.00222215 
v 0.00134358 -0.0316288 0.00222215 
v 0.00666955 -0.0309468 0.00222215 
v 0.0118036 -0.0293745 0.00222215 
v 0.0165982 -0.0269572 0.00222215 
v 0.0209152 -0.0237643 0.00222215 
v 0.0246305 -0.0198878 0.00222215 
v 0.0276373 -0.0154391 0.00222215 
v 0.029849 -0.0105463 0.00222215 
v 0.031202 -0.00535012 0.00222215 
v 0.0321194 -1.99005e-18 0.00308658 
v 0.0316574 0.0054282 0.00308658 
v 0.0302847 0.0107002 0.00308658 
v 0.0280407 0.0156645 0.00308658 
v 0.02499 0.020178 0.00308658 
v 0.0212205 0.0241111 0.00308658 
v 0.0168404 0.0273506 0.00308658 
v 0.0119759 0.0298032 0.00308658 
v 0.00676689 0.0313985 0.00308658 
v 0.00136319 0.0320905 0.00308658 
v -0.00407974 0.0318592 0.00308658 
v -0.00940529 0.0307115 0.00308658 
v -0.0144603 0.0286802 0.00308658 
v -0.0190993 0.0258239 0.00308658 
v -0.0231888 0.0222247 0.00308658 
v -0.0266112 0.0179861 0.00308658 
v -0.0292681 0.01323 0.00308658 
v -0.031083 0.00809338 0.00308658 
v -0.0320037 0.00272392 0.00308658 
v -0.0320037 -0.00272392 0.00308658 
v -0.031083 -0.00809338 0.00308658 
v -0.0292681 -0.01323 0.00308658 
v -0.0266112 -0.0179861 0.00308658 
v -0.0231888 -0.0222247 0.00308658 
v -0.0190993 -0.0258239 0.00308658 
v -0.0144603 -0.0286802 0.00308658 
v -0.00940529 -0.0307115 0.00308658 
v -0.00407974 -0.0318592 0.00308658 
v 0.00136319 -0.0320905 0.00308658 
v 0.00676689 -0.0313985 0.00308658 
v 0.0119759 -0.0298032 0.00308658 
v 0.0168404 -0.0273506 0.00308658 
v 0.0212205 -0.0241111 0.00308658 
v 0.02499 -0.020178 0.00308658 
v 0.0280407 -0.0156645 0.00308658 
v 0.0302847 -0.0107002 0.00308658 
v 0.0316574 -0.0054282 0.00308658 
v 0.0324039 -1.99005e-18 0.00402455 
v 0.0319378 0.00547629 0.00402455 
v 0.0305529 0.010795 0.00402455 
v 0.0282891 0.0158032 0.00402455 
v 0.0252114 0.0203568 0.00402455 
v 0.0214085 0.0243247 0.00402455 
v 0.0169896 0.0275929 0.00402455 
v 0.012082 0.0300672 0.00402455 
v 0.00682684 0.0316766 0.00402455 
v 0.00137526 0.0323747 0.00402455 
v -0.00411588 0.0321415 0.00402455 
v -0.00948861 0.0309836 0.00402455 
v -0.0145884 0.0289343 0.00402455 
v -0.0192684 0.0260527 0.00402455 
v -0.0233942 0.0224215 0.00402455 
v -0.026847 0.0181454 0.00402455 
v -0.0295274 0.0133472 0.00402455 
v -0.0313583 0.00816508 0.00402455 
v -0.0322872 0.00274804 0.00402455 
v -0.0322872 -0.00274804 0.00402455 
v -0.0313583 -0.00816508 0.00402455 
v -0.0295274 -0.0133472 0.00402455 
v -0.026847 -0.0181454 0.00402455 
v -0.0233942 -0.0224215 0.00402455 
v -0.0192684 -0.0260527 0.00402455 
v -0.0145884 -0.0289343 0.00402455 
v -0.00948861 -0.0309836 0.00402455 
v -0.00411588 -0.0321415 0.00402455 
v 0.00137526 -0.0323747 0.00402455 
v 0.00682684 -0.0316766 0.00402455 
v 0.012082 -0.0300672 0.00402455 
v 0.0169896 -0.0275929 0.00402455 
v 0.0214085 -0.0243247 0.00402455 
v 0.0252114 -0.0203568 0.00402455 
v 0.0282891 -0.0158032 0.00402455 
v 0.0305529 -0.010795 0.00402455 
v 0.0319378 -0.00547629 0.00402455 
v 0.0221762 -0.02 0.103872 
v 0.0219719 -0.02 0.103762 
v 0.0222396 -0.02 0.10392 
v 0.0221575 -0.02 0.0961357 
v 0.0223255 -0.02 0.0959951 
v 0.0224025 -0.02 0.0959015 
v 0.0222112 -0.02 0.0961025 
v 0.0224445 -0.02 0.0958307 
v 0.0217247 -0.02 0.0963096 
v 0.0219245 -0.02 0.096257 
v 0.0219561 -0.02 0.103756 
v 0.0218319 -0.02 0.103713 
v 0.0223246 -0.02 0.104006 
v 0.0223036 -0.02 0.0960217 
v 0.0220469 -0.02 0.0962041 
v 0.0212342 -0.02 0.0963368 
v 0.0213697 -0.02 0.0963495 
v 0.0217235 -0.02 0.103694 
v 0.0214991 -0.02 0.103655 
v 0.0224445 -0.02 0.104169 
v 0.0223618 -0.02 0.104043 
v 0.0216655 -0.02 0.0963252 
v 0.0212877 -0.02 0.103652 
v -0.00417198 -0.02 0.0995946 
v 0.0165705 -0.02 0.0996088 
v 0.0167328 -0.02 0.0988435 
v -0.00417198 -0.02 0.100405 
v 0.0165705 -0.02 0.100391 
v 0.0209886 -0.02 0.0963138 
v 0.0212342 -0.02 0.103658 
v 0.0170504 -0.02 0.0981285 
v 0.0167328 -0.02 0.101156 
v 0.0202878 -0.02 0.09625 
v -0.0043463 -0.02 0.0988026 
v 0.01951 -0.02 0.0963342 
v 0.0180899 -0.02 0.0969705 
v -0.0043463 -0.02 0.101197 
v 0.0187666 -0.02 0.103422 
v 0.0180899 -0.02 0.10303 
v 0.01951 -0.02 0.103666 
v 0.0209886 -0.02 0.103686 
v 0.0187666 -0.02 0.0965779 
v 0.0202878 -0.02 0.10375 
v 0.0175094 -0.02 0.097495 
v 0.0212736 -0.02 0.0454354 
v 0.0218342 -0.02 0.0449119 
v 0.0218342 -0.02 0.0508881 
v -0.00651198 -0.02 0.0965163 
v -0.00579555 -0.02 0.0968962 
v -0.00468679 -0.02 0.101933 
v 0.0170504 -0.02 0.101871 
v 0.0175094 -0.02 0.102505 
v -0.00468679 -0.02 0.0980667 
v 0.0224445 -0.02 0.0512648 
v -0.00517752 -0.02 0.0974211 
v 0.0208313 -0.02 0.046062 
v 0.0203697 -0.02 0.0475165 
v 0.0205257 -0.02 0.0467655 
v 0.0203697 -0.02 0.0482835 
v 0.0208313 -0.02 0.049738 
v 0.0205257 -0.02 0.0490345 
v 0.0212736 -0.02 0.0503646 
v -0.0203697 -0.02 0.0495835 
v -0.0205257 -0.02 0.0503345 
v -0.00729332 -0.02 0.103701 
v -0.00810302 -0.02 0.103745 
v -0.0208313 -0.02 0.051038 
v -0.00890323 -0.02 0.103613 
v -0.00965653 -0.02 0.103313 
v -0.00651198 -0.02 0.103484 
v -0.0218342 -0.02 0.0521881 
v -0.00810302 -0.02 0.0962555 
v -0.00890323 -0.02 0.0963867 
v -0.0224445 -0.02 0.0525648 
v -0.0212736 -0.02 0.0516646 
v -0.0224445 -0.02 0.0458352 
v -0.0108853 -0.02 0.102269 
v -0.0113034 -0.02 0.101575 
v -0.00579555 -0.02 0.103104 
v 0.0224445 -0.02 0.0445352 
v -0.00729332 -0.02 0.0962994 
v -0.00965653 -0.02 0.0966868 
v -0.0115623 -0.02 0.0991939 
v -0.0113034 -0.02 0.0984254 
v -0.0203697 -0.02 0.0488165 
v -0.0208313 -0.02 0.047362 
v -0.0205257 -0.02 0.0480655 
v -0.0218342 -0.02 0.0462119 
v -0.0115623 -0.02 0.100806 
v -0.0103277 -0.02 0.102858 
v -0.00517752 -0.02 0.102579 
v -0.0103277 -0.02 0.0971419 
v -0.01165 -0.02 0.1 
v -0.0212736 -0.02 0.0467354 
v -0.0108853 -0.02 0.0977306 
v 0.0202877 -0.0208973 0.103745 
v 0.0201679 -0.0210461 0.103748 
v 0.0195131 -0.0218001 0.103647 
v 0.0193015 -0.0220437 0.103615 
v 0.0187665 -0.0226112 0.103422 
v 0.0187666 -0.0226111 0.103422 
v 0.0182362 -0.023897 0.103541 
v 0.0181116 -0.0232601 0.103045 
v 0.0177152 -0.0236302 0.102717 
v 0.018091 -0.0232794 0.103028 
v 0.0172667 -0.0240292 0.102205 
v 0.0175208 -0.0238031 0.102495 
v 0.0170539 -0.0242112 0.101869 
v 0.0170116 -0.0242474 0.101802 
v 0.0167523 -0.0244628 0.101215 
v 0.0166053 -0.0245821 0.100642 
v 0.016737 -0.0244752 0.101155 
v 0.01655 -0.0246264 0.100017 
v 0.016583 -0.0246 0.10039 
v 0.0165629 -0.0246161 0.0996888 
v 0.0166707 -0.0245293 0.0990564 
v 0.0165764 -0.0246053 0.0996098 
v 0.0168194 -0.0244077 0.0986043 
v 0.0167399 -0.0244727 0.0988459 
v 0.0170595 -0.0242062 0.0981332 
v 0.0171252 -0.0241511 0.0980042 
v 0.0173524 -0.0239546 0.0976818 
v 0.0178568 -0.0234999 0.0971552 
v 0.0175209 -0.0238027 0.0975059 
v 0.0180906 -0.0232798 0.0969715 
v 0.0181151 -0.0232568 0.0969523 
v 0.0187707 -0.0226041 0.0965854 
v 0.0188454 -0.0225296 0.0965436 
v 0.0193437 -0.0219975 0.096374 
v 0.0202881 -0.020898 0.0962529 
v 0.0195126 -0.0218008 0.0963523 
v 0.0203106 -0.0208718 0.09625 
v 0.0209327 -0.0200748 0.0963038 
v 0.0205795 -0.0205348 0.10374 
v 0.0213006 -0.0212064 0.104373 
v 0.0211641 -0.0213502 0.104397 
v 0.020157 -0.0223036 0.104336 
v 0.0207828 -0.0217112 0.104374 
v 0.0194593 -0.0229093 0.104149 
v 0.0192525 -0.0230888 0.104093 
v 0.0197016 -0.022699 0.104214 
v 0.0190404 -0.0232593 0.103987 
v 0.0184048 -0.0237701 0.10367 
v 0.0178122 -0.0242162 0.103215 
v 0.0177539 -0.0242601 0.103171 
v 0.0177475 -0.0242647 0.103163 
v 0.0171666 -0.0246792 0.102509 
v 0.0167791 -0.0249442 0.101863 
v 0.0169089 -0.0248555 0.102079 
v 0.0165635 -0.0250879 0.101333 
v 0.0163972 -0.025197 0.100641 
v 0.0164208 -0.0251815 0.100739 
v 0.0163484 -0.0252287 0.099999 
v 0.0163786 -0.025209 0.0996422 
v 0.0164086 -0.0251895 0.0992886 
v 0.0165216 -0.0251156 0.0988012 
v 0.0166824 -0.0250085 0.0983924 
v 0.0167976 -0.0249318 0.0980997 
v 0.0173193 -0.0245704 0.0973205 
v 0.0175043 -0.0244408 0.0970785 
v 0.0177651 -0.0242519 0.0968191 
v 0.0178115 -0.0242167 0.096785 
v 0.018244 -0.0238888 0.096467 
v 0.0185538 -0.0236539 0.0962393 
v 0.0191029 -0.0232128 0.0959665 
v 0.0191351 -0.0231852 0.0959568 
v 0.0194582 -0.022908 0.0958594 
v 0.0200329 -0.0224151 0.095686 
v 0.0197547 -0.0226537 0.0957699 
v 0.0209606 -0.0215356 0.0956319 
v 0.0213142 -0.0212004 0.0956113 
v 0.021742 -0.0207461 0.0956944 
v 0.0179258 -0.0241301 0.096701 
v 0.0169992 -0.0247948 0.0977394 
v 0.021179 -0.0211038 0.104104 
v 0.0212589 -0.0211717 0.104259 
v 0.0207558 -0.0216806 0.10429 
v 0.0210807 -0.0210159 0.103971 
v 0.0206926 -0.021609 0.104139 
v 0.0209675 -0.0209112 0.103865 
v 0.0206116 -0.0215195 0.104008 
v 0.0208433 -0.0207933 0.10379 
v 0.0205154 -0.021415 0.1039 
v 0.0207124 -0.0206663 0.103747 
v 0.0204071 -0.0212988 0.103819 
v 0.02029 -0.0211745 0.103768 
v 0.019694 -0.0226764 0.104171 
v 0.0196644 -0.0225982 0.104034 
v 0.0196186 -0.0225056 0.10391 
v 0.0195576 -0.022401 0.103804 
v 0.0194831 -0.0222872 0.103718 
v 0.019397 -0.0221671 0.103654 
v 0.0190374 -0.0232443 0.103965 
v 0.0190278 -0.0231626 0.103838 
v 0.0190028 -0.0230682 0.103723 
v 0.0189632 -0.0229634 0.103621 
v 0.0189097 -0.0228506 0.103536 
v 0.0188436 -0.0227323 0.103469 
v 0.0182475 -0.0238093 0.103432 
v 0.0182476 -0.0237129 0.103331 
v 0.0182337 -0.0236077 0.10324 
v 0.018206 -0.0234957 0.103161 
v 0.018165 -0.0233791 0.103096 
v 0.0177748 -0.0241788 0.10307 
v 0.0177898 -0.0240813 0.10298 
v 0.0177913 -0.0239757 0.102898 
v 0.0177792 -0.023864 0.102827 
v 0.0177536 -0.0237481 0.102766 
v 0.01724 -0.0245778 0.102497 
v 0.0172718 -0.024479 0.102425 
v 0.0172905 -0.024373 0.102359 
v 0.017296 -0.0242615 0.102299 
v 0.017288 -0.0241463 0.102248 
v 0.0169358 -0.0247961 0.102044 
v 0.016977 -0.0246966 0.101985 
v 0.0170055 -0.0245904 0.101931 
v 0.0170209 -0.024479 0.101882 
v 0.0170229 -0.0243641 0.101839 
v 0.0166267 -0.0250118 0.101379 
v 0.0166774 -0.0249117 0.10134 
v 0.0167157 -0.0248051 0.101303 
v 0.0167412 -0.0246938 0.10127 
v 0.0167534 -0.0245791 0.10124 
v 0.0164515 -0.0251314 0.100729 
v 0.0165076 -0.0250308 0.100708 
v 0.0165515 -0.0249241 0.100689 
v 0.0165827 -0.0248128 0.100671 
v 0.0166007 -0.0246982 0.100655 
v 0.0163856 -0.0251758 0.10002 
v 0.0164437 -0.0250751 0.100019 
v 0.0164898 -0.0249684 0.100019 
v 0.0165231 -0.024857 0.100018 
v 0.0165433 -0.0247425 0.100018 
v 0.016401 -0.0251654 0.0996463 
v 0.0164586 -0.0250648 0.0996564 
v 0.0165042 -0.0249581 0.0996659 
v 0.016537 -0.0248467 0.0996745 
v 0.0165567 -0.0247322 0.0996821 
v 0.0165294 -0.0250784 0.0989283 
v 0.0165831 -0.0249781 0.098959 
v 0.0166245 -0.0248714 0.0989875 
v 0.0166532 -0.0247601 0.0990135 
v 0.0166686 -0.0246455 0.0990366 
v 0.0167067 -0.0249566 0.0984158 
v 0.016755 -0.0248566 0.0984612 
v 0.0167908 -0.0247501 0.0985034 
v 0.0168136 -0.0246387 0.0985416 
v 0.0168232 -0.024524 0.0985754 
v 0.0170713 -0.0246996 0.0977379 
v 0.0171083 -0.0246005 0.0978032 
v 0.0171324 -0.0244943 0.0978633 
v 0.0171434 -0.0243829 0.0979174 
v 0.0171409 -0.0242679 0.0979646 
v 0.0173422 -0.0245031 0.0973755 
v 0.0173707 -0.0244045 0.0974516 
v 0.0173862 -0.0242986 0.0975213 
v 0.0173883 -0.0241871 0.0975836 
v 0.0173769 -0.0240718 0.0976374 
v 0.0179436 -0.0240487 0.0967885 
v 0.0179534 -0.0239515 0.0968826 
v 0.0179494 -0.0238461 0.0969679 
v 0.0179317 -0.0237343 0.0970426 
v 0.0179006 -0.0236182 0.0971054 
v 0.0182516 -0.023806 0.0965652 
v 0.0182516 -0.0237097 0.0966665 
v 0.0182376 -0.0236044 0.0967576 
v 0.0182097 -0.0234924 0.0968365 
v 0.0181686 -0.0233758 0.0969019 
v 0.0191343 -0.0231626 0.0959978 
v 0.0191218 -0.0230813 0.0961263 
v 0.0190938 -0.0229872 0.096243 
v 0.019051 -0.0228825 0.0963453 
v 0.0189945 -0.0227695 0.0964307 
v 0.0189254 -0.022651 0.0964973 
v 0.0197458 -0.0226301 0.0958169 
v 0.0197146 -0.0225522 0.0959552 
v 0.0196671 -0.0224597 0.0960792 
v 0.0196044 -0.0223552 0.0961855 
v 0.0195282 -0.0222413 0.0962715 
v 0.0194406 -0.022121 0.0963349 
v 0.0209303 -0.021507 0.0957148 
v 0.0208614 -0.0214366 0.095867 
v 0.0207744 -0.0213477 0.095999 
v 0.0206724 -0.0212431 0.0961063 
v 0.0205585 -0.0211263 0.0961855 
v 0.0204366 -0.0210012 0.0962339 
v 0.0216898 -0.020715 0.0958119 
v 0.021595 -0.0206505 0.0959699 
v 0.0214814 -0.0205641 0.096103 
v 0.0213534 -0.0204591 0.0962062 
v 0.0212157 -0.0203394 0.0962756 
v 0.0210737 -0.0202097 0.0963086 
v -0.0218342 -0.0206645 0.0462119 
v -0.0218251 -0.0206738 0.0462204 
v -0.0212736 -0.0212411 0.0467354 
v -0.021041 -0.0214716 0.0470309 
v -0.0208313 -0.0216751 0.047362 
v -0.0206632 -0.0218354 0.0476997 
v -0.0205257 -0.0219647 0.0480655 
v -0.0204294 -0.0220543 0.0484325 
v -0.02035 -0.0221276 0.0492 
v -0.0203697 -0.0221095 0.0488165 
v -0.0204296 -0.0220541 0.0499686 
v -0.0205257 -0.0219647 0.0503345 
v -0.0203697 -0.0221095 0.0495835 
v -0.0206622 -0.0218364 0.0506979 
v -0.0208313 -0.0216751 0.051038 
v -0.0210404 -0.0214722 0.0513683 
v -0.0212736 -0.0212411 0.0516646 
v -0.0218252 -0.020674 0.0521813 
v -0.0218348 -0.0206636 0.0521872 
v 0.0218342 -0.0206645 0.0508881 
v 0.0212736 -0.0212411 0.0503646 
v 0.021041 -0.0214716 0.0500691 
v 0.0208313 -0.0216751 0.049738 
v 0.0206632 -0.0218354 0.0494003 
v 0.0205257 -0.0219647 0.0490345 
v 0.0204294 -0.0220543 0.0486675 
v 0.02035 -0.0221276 0.0479 
v 0.0203697 -0.0221095 0.0482835 
v 0.0204296 -0.0220541 0.0471314 
v 0.0205257 -0.0219647 0.0467655 
v 0.0203697 -0.0221095 0.0475165 
v 0.0206622 -0.0218364 0.0464021 
v 0.0208313 -0.0216751 0.046062 
v 0.0210404 -0.0214722 0.0457317 
v 0.0212736 -0.0212411 0.0454354 
v 0.0218342 -0.0206645 0.0449119 
v -0.00437011 -0.0274358 0.0988108 
v -0.00423697 -0.0276385 0.0991971 
v -0.00419766 -0.0278484 0.0995971 
v -0.00415074 -0.0280988 0.100074 
v -0.00419609 -0.0282707 0.100402 
v -0.00427145 -0.0285564 0.100947 
v -0.00436066 -0.0286852 0.101192 
v -0.00450999 -0.0289009 0.101603 
v -0.00514912 -0.0287883 0.102549 
v -0.00517943 -0.0287821 0.102577 
v -0.00470495 -0.028869 0.101963 
v -0.00468832 -0.0288717 0.101932 
v -0.00555008 -0.0287058 0.102922 
v -0.00580511 -0.0286459 0.103089 
v -0.00616388 -0.0285616 0.103324 
v -0.00651597 -0.0284671 0.103474 
v -0.00669894 -0.0284179 0.103552 
v -0.00729568 -0.0282354 0.10369 
v -0.0079936 -0.0279994 0.103749 
v -0.00810185 -0.0279576 0.103735 
v -0.00742123 -0.028197 0.103719 
v -0.00874904 -0.0277075 0.103653 
v -0.00890084 -0.0276427 0.103606 
v -0.00926574 -0.0274869 0.103492 
v -0.00964731 -0.0273088 0.103295 
v -0.009958 -0.0271638 0.103135 
v -0.0103128 -0.0269821 0.10284 
v -0.0108718 -0.0266873 0.102287 
v -0.0108836 -0.0266806 0.102268 
v -0.0106032 -0.0268334 0.102599 
v -0.0112619 -0.0264658 0.101661 
v -0.0112994 -0.0264438 0.101573 
v -0.0114322 -0.0263656 0.101259 
v -0.0115488 -0.0262956 0.100803 
v -0.0116036 -0.0262626 0.100588 
v -0.0116495 -0.0262347 0.100062 
v -0.0116449 -0.0262375 0.1 
v -0.0116003 -0.0262647 0.0993913 
v -0.0115516 -0.026294 0.0991965 
v -0.0114515 -0.0263541 0.0987961 
v -0.0111681 -0.0265201 0.098161 
v -0.0109787 -0.0266277 0.0978589 
v -0.011289 -0.0264493 0.0984319 
v -0.0104943 -0.0266597 0.0972922 
v -0.0103183 -0.0265948 0.0971538 
v -0.0108809 -0.0266816 0.0977341 
v -0.0107166 -0.0267724 0.0975242 
v -0.00992105 -0.0264481 0.0968412 
v -0.00965322 -0.0263809 0.0966928 
v -0.00950687 -0.0263441 0.0966117 
v -0.00890124 -0.0262471 0.0963922 
v -0.0083464 -0.0261967 0.0962767 
v -0.00883736 -0.0262368 0.096369 
v -0.00810264 -0.0261941 0.0962705 
v -0.00764194 -0.026189 0.0962589 
v -0.00729453 -0.0262103 0.096308 
v -0.0071112 -0.0262215 0.0963339 
v -0.00651398 -0.0263045 0.0965227 
v -0.00643851 -0.026315 0.0965465 
v -0.00593751 -0.0264313 0.0968045 
v -0.00580296 -0.0264787 0.096906 
v -0.00536633 -0.0266325 0.0972354 
v -0.00518366 -0.0267256 0.097427 
v -0.00501794 -0.0268101 0.0976008 
v -0.00460442 -0.0271209 0.0982107 
v -0.00452028 -0.0272073 0.0983752 
v -0.00469727 -0.0270511 0.0980737 
v -0.00450937 -0.0289099 0.101602 
v -0.00450243 -0.0289775 0.101594 
v -0.00448576 -0.029052 0.101589 
v -0.00448403 -0.0290597 0.101589 
v -0.00445728 -0.0291791 0.101581 
v -0.00440824 -0.0293064 0.101583 
v -0.00438856 -0.0293412 0.101587 
v -0.00437808 -0.0293597 0.101588 
v -0.00430922 -0.0294814 0.1016 
v -0.00429646 -0.0294977 0.101604 
v -0.00431355 -0.0294738 0.1016 
v -0.00422827 -0.0295848 0.101621 
v -0.00419821 -0.0296131 0.10163 
v -0.00422086 -0.0295918 0.101623 
v -0.00408831 -0.0297162 0.101665 
v -0.00398472 -0.0297971 0.101755 
v -0.00399528 -0.0297774 0.101698 
v -0.00396275 -0.0297988 0.10171 
v -0.00428582 -0.0297549 0.102294 
v -0.00437767 -0.0297421 0.102458 
v -0.00467975 -0.029696 0.102845 
v -0.00486333 -0.029665 0.103017 
v -0.00482056 -0.0296723 0.102977 
v -0.00532461 -0.0295872 0.103449 
v -0.00579303 -0.0294991 0.103765 
v -0.0060478 -0.0294453 0.103882 
v -0.0066266 -0.0293231 0.104147 
v -0.00717174 -0.0291945 0.104299 
v -0.00757141 -0.0290894 0.104342 
v -0.00812032 -0.028945 0.104402 
v -0.00869777 -0.0287768 0.104371 
v -0.00826798 -0.028902 0.104394 
v -0.0091866 -0.0286201 0.104262 
v -0.00964998 -0.0284716 0.104159 
v -0.0102281 -0.0282691 0.103923 
v -0.00982254 -0.0284111 0.104089 
v -0.011127 -0.0279266 0.103335 
v -0.0106623 -0.0281049 0.103652 
v -0.0110293 -0.0279662 0.103424 
v -0.0115612 -0.0277505 0.102939 
v -0.011459 -0.027792 0.103032 
v -0.0117779 -0.0276579 0.102658 
v -0.0120817 -0.0275279 0.102264 
v -0.0122523 -0.0274517 0.101927 
v -0.0124406 -0.0273676 0.101555 
v -0.0126585 -0.0272675 0.100813 
v -0.0127367 -0.0272311 0.100099 
v -0.012685 -0.0272552 0.099336 
v -0.0126753 -0.0272597 0.0992931 
v -0.0125624 -0.0273119 0.0987978 
v -0.0124845 -0.0273472 0.0986053 
v -0.0122551 -0.0274512 0.0980391 
v -0.012149 -0.027498 0.097859 
v -0.0120241 -0.0275531 0.0976469 
v -0.0113423 -0.0277982 0.0969666 
v -0.0112962 -0.027787 0.0970073 
v -0.0119117 -0.0276007 0.0975115 
v -0.01141 -0.027813 0.096907 
v -0.0113981 -0.0278119 0.0969175 
v -0.0112583 -0.0277777 0.0970407 
v -0.0111634 -0.0277313 0.0971244 
v -0.0110378 -0.0276349 0.0972357 
v -0.011036 -0.0276329 0.0972373 
v -0.0110648 -0.0276556 0.0972118 
v -0.0109474 -0.0275288 0.0973161 
v -0.0109296 -0.0275015 0.097332 
v -0.0109635 -0.0275534 0.0973018 
v -0.0108637 -0.0274006 0.0973908 
v -0.0107798 -0.0271846 0.0974662 
v -0.0107746 -0.0271681 0.0974708 
v -0.0108095 -0.0272795 0.0974394 
v -0.0108497 -0.0273706 0.0974033 
v -0.0108139 -0.0272939 0.0974353 
v -0.010732 -0.0269842 0.0975095 
v -0.0107305 -0.0269755 0.0975109 
v -0.0107523 -0.0270969 0.0974909 
v -0.0107166 -0.0267802 0.0975242 
v -0.0107293 -0.0269689 0.097512 
v -0.0126728 -0.0272608 0.100682 
v -0.00396007 -0.0298005 0.101711 
v -0.0112067 -0.0267142 0.0981889 
v -0.0110955 -0.0270003 0.0978924 
v -0.011022 -0.0268177 0.0978873 
v -0.0111963 -0.0271684 0.0978741 
v -0.0112787 -0.0269007 0.098196 
v -0.0113205 -0.0273156 0.0978331 
v -0.011381 -0.0270719 0.0981822 
v -0.0114633 -0.0274361 0.097771 
v -0.0115097 -0.027221 0.0981479 
v -0.0116191 -0.0275253 0.0976901 
v -0.0116595 -0.0273421 0.0980945 
v -0.011782 -0.0275797 0.0975936 
v -0.0118245 -0.0274304 0.0980242 
v -0.0114811 -0.0265555 0.0988182 
v -0.0115492 -0.0267484 0.0988259 
v -0.0116528 -0.0269248 0.0988189 
v -0.0117877 -0.0270773 0.0987975 
v -0.0119482 -0.0271995 0.0987625 
v -0.0119982 -0.0274823 0.0979397 
v -0.0121276 -0.0272862 0.0987156 
v -0.0116241 -0.0264703 0.0994036 
v -0.0116893 -0.026667 0.0994084 
v -0.0117931 -0.0268465 0.0994055 
v -0.011931 -0.0270009 0.099395 
v -0.0120971 -0.0271237 0.0993773 
v -0.0123183 -0.0273339 0.0986585 
v -0.0122843 -0.0272096 0.0993533 
v -0.0116712 -0.0264418 0.100061 
v -0.0117353 -0.0266399 0.100061 
v -0.011839 -0.0268204 0.100061 
v -0.0119779 -0.0269756 0.100062 
v -0.0121459 -0.0270986 0.100064 
v -0.0124845 -0.0272549 0.0993239 
v -0.0123357 -0.0271842 0.100066 
v -0.0116273 -0.0264683 0.100576 
v -0.0116924 -0.0266652 0.100571 
v -0.0117962 -0.0268447 0.100574 
v -0.0119342 -0.0269992 0.100584 
v -0.0121005 -0.027122 0.100601 
v -0.0125392 -0.0272286 0.100069 
v -0.0122878 -0.0272079 0.100625 
v -0.0114625 -0.0265665 0.101237 
v -0.0115309 -0.0267589 0.101229 
v -0.0116345 -0.0269349 0.101236 
v -0.011769 -0.0270872 0.101259 
v -0.0119287 -0.0272093 0.101295 
v -0.0124882 -0.0272531 0.100653 
v -0.0121071 -0.0272961 0.101344 
v -0.0112978 -0.0266622 0.101634 
v -0.0113687 -0.0268507 0.101627 
v -0.0114716 -0.0270235 0.101638 
v -0.0116024 -0.0271737 0.101669 
v -0.0117558 -0.0272952 0.101717 
v -0.0122966 -0.0273441 0.101404 
v -0.0119255 -0.0273829 0.101781 
v -0.0109175 -0.026875 0.102259 
v -0.0109916 -0.0270556 0.102255 
v -0.0110913 -0.0272222 0.102276 
v -0.0112129 -0.0273684 0.10232 
v -0.0113517 -0.0274886 0.102387 
v -0.0121046 -0.0274335 0.101858 
v -0.0115025 -0.0275782 0.102473 
v -0.0106535 -0.0270161 0.102573 
v -0.0107282 -0.0271922 0.102574 
v -0.0108248 -0.0273551 0.1026 
v -0.0109396 -0.0274989 0.102652 
v -0.0110685 -0.0276184 0.102728 
v -0.0116594 -0.0276339 0.102575 
v -0.0112067 -0.0277092 0.102824 
v -0.0100139 -0.0273368 0.103118 
v -0.0100862 -0.027504 0.10313 
v -0.0101725 -0.0276598 0.103169 
v -0.01027 -0.0277992 0.103236 
v -0.0103754 -0.0279173 0.103327 
v -0.0113492 -0.0277679 0.102937 
v -0.0104851 -0.0280104 0.103439 
v -0.00932149 -0.0276521 0.103487 
v -0.00938662 -0.0278123 0.10351 
v -0.00945917 -0.0279626 0.103561 
v -0.00953691 -0.0280984 0.103638 
v -0.00961748 -0.0282156 0.103739 
v -0.0105956 -0.0280752 0.103569 
v -0.00969843 -0.0283106 0.103861 
v -0.0088017 -0.0278683 0.103655 
v -0.00885933 -0.0280245 0.103685 
v -0.0089203 -0.0281716 0.103743 
v -0.00898284 -0.0283055 0.103825 
v -0.00904517 -0.0284222 0.103931 
v -0.00977729 -0.0283806 0.104 
v -0.0091055 -0.0285184 0.104056 
v -0.00803856 -0.0281554 0.103761 
v -0.00808299 -0.0283072 0.103799 
v -0.00812572 -0.0284508 0.103863 
v -0.00816561 -0.0285825 0.10395 
v -0.0082016 -0.0286988 0.104058 
v -0.00916211 -0.0285914 0.104198 
v -0.00823274 -0.0287965 0.104184 
v -0.00745862 -0.0283503 0.103737 
v -0.00749186 -0.0284997 0.103779 
v -0.00752009 -0.0286415 0.103844 
v -0.00754262 -0.0287721 0.103932 
v -0.00755887 -0.0288882 0.104039 
v -0.00825821 -0.0288732 0.104325 
v -0.00756844 -0.0289868 0.104163 
v -0.00672551 -0.0285689 0.103574 
v -0.00674377 -0.0287162 0.103618 
v -0.00675328 -0.0288564 0.103683 
v -0.00675381 -0.0289861 0.103767 
v -0.00674535 -0.0291022 0.103869 
v -0.00757108 -0.0290656 0.104301 
v -0.0067281 -0.0292019 0.103987 
v -0.00618199 -0.0287115 0.103347 
v -0.00618889 -0.028858 0.103389 
v -0.00618441 -0.0289975 0.103451 
v -0.00616866 -0.0291268 0.103531 
v -0.006142 -0.029243 0.103626 
v -0.00670248 -0.0292828 0.104116 
v -0.00610505 -0.0293433 0.103735 
v -0.00555848 -0.0288552 0.102944 
v -0.00555238 -0.0290011 0.102983 
v -0.00553192 -0.0291403 0.103038 
v -0.00549757 -0.0292696 0.103108 
v -0.0054501 -0.029386 0.103192 
v -0.00605869 -0.0294253 0.103855 
v -0.00539061 -0.0294869 0.103287 
v -0.00515139 -0.0289377 0.102568 
v -0.00513697 -0.0290836 0.102602 
v -0.0051062 -0.0292229 0.10265 
v -0.00505977 -0.0293523 0.102711 
v -0.00499874 -0.0294689 0.102785 
v -0.00532045 -0.0295699 0.103392 
v -0.00492449 -0.0295701 0.102868 
v -0.00470078 -0.0290186 0.101978 
v -0.00467744 -0.0291649 0.102004 
v -0.00463544 -0.0293044 0.102042 
v -0.00457574 -0.0294341 0.102089 
v -0.00449969 -0.029551 0.102145 
v -0.0048387 -0.0296535 0.102959 
v -0.004409 -0.0296525 0.102209 
v -0.00422825 -0.0295915 0.101638 
v -0.00430574 -0.0297362 0.10228 
v -0.00412855 -0.0296932 0.101687 
v -0.00401567 -0.029777 0.101741 
v -0.00315094 -0.0290227 0.0997117 
v -0.00330384 -0.0294803 0.100816 
v -0.00326016 -0.0285623 0.0986002 
v -0.00361902 -0.0281311 0.0975592 
v -0.00461939 -0.027303 0.0981434 
v -0.00460051 -0.0274781 0.0980606 
v -0.00454848 -0.0276397 0.0979654 
v -0.00446528 -0.0277816 0.0978615 
v -0.00435407 -0.0278985 0.0977527 
v -0.00421904 -0.027986 0.0976431 
v -0.00406533 -0.0280407 0.097537 
v -0.00389874 -0.0280606 0.0974383 
v -0.0037256 -0.0280448 0.0973508 
v -0.00362695 -0.0298429 0.101692 
v -0.00371805 -0.0298317 0.101676 
v -0.00392416 -0.0298053 0.1017 
v -0.00378876 -0.0298228 0.101676 
v -0.00378678 -0.029823 0.101676 
v -0.00424319 -0.0287078 0.100891 
v -0.00413438 -0.0282585 0.100009 
v -0.00418979 -0.0288551 0.100844 
v -0.00411267 -0.0289944 0.100807 
v -0.00408843 -0.0284133 0.0999454 
v -0.00401391 -0.0291219 0.10078 
v -0.00401427 -0.0285587 0.0998867 
v -0.00389614 -0.0292344 0.100764 
v -0.00391413 -0.0286903 0.0998342 
v -0.00376252 -0.0293287 0.10076 
v -0.00379103 -0.0288041 0.0997895 
v -0.00361662 -0.0294023 0.100767 
v -0.00364866 -0.0288966 0.099754 
v -0.00346235 -0.0294533 0.100786 
v -0.00349131 -0.0289651 0.0997287 
v -0.00423521 -0.0278077 0.0991265 
v -0.00420066 -0.0279713 0.0990512 
v -0.00413448 -0.0281237 0.0989736 
v -0.00403889 -0.0282598 0.0988963 
v -0.00391711 -0.028375 0.0988219 
v -0.00377324 -0.0284654 0.0987529 
v -0.00332372 -0.0290076 0.0997145 
v -0.00361211 -0.028528 0.0986916 
v -0.00453261 -0.027387 0.0983067 
v -0.004511 -0.02756 0.0982246 
v -0.00445625 -0.02772 0.098132 
v -0.0043704 -0.0278609 0.0980324 
v -0.00425664 -0.0279775 0.0979294 
v -0.00411919 -0.0280655 0.0978269 
v -0.00343915 -0.0285607 0.0986402 
v -0.00396316 -0.0281216 0.0977286 
v -0.00379435 -0.0281438 0.0976383 
v -0.00424939 -0.0277416 0.0965971 
v -0.00469069 -0.0275683 0.0961456 
v -0.00541418 -0.027372 0.0956131 
v -0.00604878 -0.0272586 0.0952943 
v -0.00690085 -0.0271673 0.0950316 
v -0.00757312 -0.0271356 0.0949389 
v -0.00846544 -0.0271431 0.0949608 
v -0.00908732 -0.0271823 0.095075 
v -0.00993537 -0.0272869 0.0953749 
v -0.01046 -0.0273884 0.0956585 
v -0.0114549 -0.0277946 0.0967915 
v -0.0114684 -0.027789 0.0967565 
v -0.0115301 -0.0277635 0.0966575 
v -0.0115659 -0.0277486 0.0966151 
v -0.0115275 -0.0277646 0.0966616 
v -0.0111861 -0.0275948 0.0962158 
v -0.00503919 -0.027001 0.0975439 
v -0.00502875 -0.0271842 0.0974636 
v -0.00498703 -0.0273524 0.0973632 
v -0.00491573 -0.0274989 0.0972467 
v -0.00481769 -0.0276177 0.0971186 
v -0.00469685 -0.0277041 0.0969843 
v -0.00455806 -0.0277547 0.096849 
v -0.00440689 -0.0277673 0.0967182 
v -0.00538915 -0.0268286 0.0971864 
v -0.00538308 -0.0270166 0.097109 
v -0.00534836 -0.0271887 0.0970063 
v -0.00528644 -0.0273378 0.0968825 
v -0.00519986 -0.0274577 0.0967429 
v -0.00509223 -0.0275434 0.0965931 
v -0.00496798 -0.0275915 0.0964394 
v -0.00595882 -0.0266334 0.0967663 
v -0.00595685 -0.0268268 0.0966934 
v -0.00593169 -0.0270034 0.0965887 
v -0.0058844 -0.0271554 0.0964569 
v -0.00581702 -0.0272766 0.0963035 
v -0.00573242 -0.0273616 0.0961351 
v -0.00483226 -0.0275999 0.0962882 
v -0.00563421 -0.0274068 0.0959589 
v -0.00645594 -0.0265206 0.0965155 
v -0.00645564 -0.0267172 0.0964458 
v -0.00643764 -0.0268963 0.0963404 
v -0.00640272 -0.0270501 0.0962039 
v -0.0063524 -0.0271719 0.0960422 
v -0.00628887 -0.0272565 0.0958624 
v -0.0055266 -0.0274103 0.0957824 
v -0.00621489 -0.0273 0.0956723 
v -0.00712126 -0.0264299 0.0963092 
v -0.00712161 -0.026629 0.0962424 
v -0.00711221 -0.0268102 0.0961365 
v -0.00709349 -0.0269654 0.0959963 
v -0.00706628 -0.0270877 0.0958278 
v -0.00703176 -0.0271719 0.0956384 
v -0.00613368 -0.0273007 0.0954801 
v -0.00699147 -0.0272142 0.0954367 
v -0.00764531 -0.0263983 0.0962364 
v -0.00764548 -0.0265984 0.0961708 
v -0.00764244 -0.0267802 0.0960648 
v -0.00763633 -0.0269359 0.0959232 
v -0.00762742 -0.0270585 0.0957523 
v -0.0076161 -0.0271425 0.0955596 
v -0.00694718 -0.0272126 0.0952314 
v -0.00760288 -0.0271843 0.0953537 
v -0.00834061 -0.0264058 0.0962537 
v -0.00834034 -0.0266056 0.0961877 
v -0.0083456 -0.0267873 0.0960818 
v -0.00835618 -0.0269429 0.0959405 
v -0.00837159 -0.0270654 0.0957702 
v -0.00839116 -0.0271495 0.0955783 
v -0.00758834 -0.027182 0.0951437 
v -0.00841401 -0.0271914 0.0953733 
v -0.00843915 -0.0271892 0.0951645 
v -0.00882553 -0.0264447 0.0963433 
v -0.00882521 -0.0266434 0.096276 
v -0.00883644 -0.0268243 0.0961702 
v -0.00885871 -0.0269792 0.0960305 
v -0.00889104 -0.0271015 0.0958631 
v -0.00893201 -0.0271858 0.0956754 
v -0.00897982 -0.0272282 0.0954756 
v -0.00903236 -0.027227 0.0952725 
v -0.00948814 -0.0265488 0.0965789 
v -0.00948878 -0.0267446 0.0965083 
v -0.00950878 -0.0269231 0.096403 
v -0.00954725 -0.0270764 0.0962677 
v -0.00960254 -0.0271981 0.0961081 
v -0.00967225 -0.0272828 0.0959312 
v -0.00975335 -0.0273267 0.0957446 
v -0.00984235 -0.0273282 0.0955565 
v -0.00989941 -0.0266497 0.0968021 
v -0.00990167 -0.0268427 0.0967287 
v -0.00992774 -0.0270188 0.0966242 
v -0.00997649 -0.0271707 0.096493 
v -0.0100459 -0.0272917 0.0963408 
v -0.0101329 -0.0273767 0.096174 
v -0.0102339 -0.0274222 0.0959997 
v -0.0103445 -0.0274262 0.0958254 
v -0.0104716 -0.026855 0.0972419 
v -0.0104783 -0.0270422 0.097164 
v -0.0105141 -0.0272137 0.0970616 
v -0.0105777 -0.0273624 0.0969389 
v -0.0106662 -0.0274821 0.0968011 
v -0.0107762 -0.027568 0.0966538 
v -0.0109031 -0.0276165 0.096503 
v -0.0110416 -0.0276256 0.096355 
v -0.0108336 -0.0273634 0.0973867 
v -0.0109055 -0.0275096 0.0972706 
v -0.0110042 -0.0276284 0.0971434 
v -0.0111257 -0.0277148 0.09701 
v -0.0112653 -0.0277656 0.0968759 
v -0.0114173 -0.0277785 0.0967464 
v 0.00325033 -0.0298863 0.101797 
v 0.00162755 -0.0300184 0.102116 
v 0.00486357 -0.0296665 0.101266 
v 0.000312303 -0.0300609 0.102218 
v 0.00646255 -0.0293597 0.100525 
v -0.00100354 -0.0300457 0.102182 
v 0.00804257 -0.0289667 0.0995765 
v -0.00231747 -0.029973 0.102006 
v 0.0108278 -0.0280448 0.0973508 
v -0.0128199 -0.027192 0.0951031 
v -0.0138907 -0.0266609 0.0934501 
v -0.0154833 -0.0257686 0.0898471 
v 0.0154833 -0.0257686 0.0898471 
v 0.0126277 -0.0272818 0.0953602 
v 0.0140815 -0.0265606 0.0931075 
v -0.0163973 -0.0251968 0.0860069 
v 0.0163945 -0.0251987 0.0860255 
v 0.0166959 -0.025 0.0820435 
v -0.0166959 -0.025 0.0820435 
v -0.0166959 -0.025 0.0279565 
v 0.0166959 -0.025 0.0279565 
v 0.0163973 -0.0251968 0.0239931 
v -0.0163945 -0.0251987 0.0239745 
v -0.0154833 -0.0257686 0.0201529 
v 0.0154833 -0.0257686 0.0201529 
v -0.0111273 -0.0279274 0.0129359 
v 0.0126255 -0.0272828 0.0146369 
v 0.0140815 -0.0265606 0.0168925 
v -0.0108278 -0.0280448 0.0126492 
v 0.0108278 -0.0280448 0.0126492 
v -0.0137163 -0.026751 0.0162511 
v -0.0125294 -0.027327 0.0145122 
v -0.0147037 -0.0262213 0.0181477 
v 0.00162755 -0.0300184 0.00788448 
v -0.00325033 -0.0298863 0.0082035 
v -0.00162755 -0.0300184 0.00788448 
v -5.52239e-18 -0.0300625 0.00777804 
v 0.00486357 -0.0296665 0.00873414 
v -0.00788749 -0.0290093 0.0103206 
v 0.00325033 -0.0298863 0.0082035 
v -0.00486357 -0.0296665 0.00873414 
v 0.00646255 -0.0293597 0.00947486 
v 0.00804257 -0.0289667 0.0104235 
v 0.02375 0.0125 0.0662019 
v 0.0205892 0.0125 0.0700661 
v 0.0167083 0.0125 0.0733965 
v 0.0273405 0.0125 0.104 
v 0.0122987 0.0125 0.0759866 
v 0.0075 0.0125 0.0777545 
v 0.0075 0.0125 0.104 
v 0.0273405 0.0125 0.0315 
v 0.0210938 0.0125 0.0501417 
v 0.0216372 0.0125 0.050728 
v 0.0222926 0.0125 0.0511857 
v 0.02375 0.0125 0.0441664 
v 0.0230301 0.0125 0.0443059 
v 0.02035 0.0125 0.0479 
v 0.0204352 0.0125 0.0486948 
v 0.020687 0.0125 0.0494536 
v 0.0230301 0.0125 0.0514941 
v 0.02375 0.0125 0.0516336 
v 0.02375 0.0125 0.0337981 
v 0.0222926 0.0125 0.0446143 
v 0.0216372 0.0125 0.045072 
v 0.0210938 0.0125 0.0456583 
v 0.020687 0.0125 0.0463464 
v 0.0204352 0.0125 0.0471052 
v 0.0220071 0.0125 0.0315 
v 0.0235967 0.0125047 0.0338455 
v 0.0232642 0.0125598 0.0339489 
v 0.0237373 0.0125 0.0338021 
v 0.0232623 0.012548 0.0442448 
v 0.0235028 0.0125123 0.0441979 
v 0.0230903 0.0125886 0.034003 
v 0.0227935 0.0126908 0.0340961 
v 0.0232641 0.0125598 0.033949 
v 0.0227933 0.0126903 0.044385 
v 0.0230301 0.0126059 0.0443059 
v 0.0227852 0.0126937 0.0340987 
v 0.0223611 0.0129213 0.0445776 
v 0.0219899 0.0132394 0.0343508 
v 0.0222945 0.0129759 0.0446175 
v 0.0219822 0.0132322 0.0448052 
v 0.0223625 0.0129239 0.0342322 
v 0.0223625 0.0129239 0.0342322 
v 0.0223361 0.0129382 0.0342405 
v 0.022092 0.0131289 0.0343182 
v 0.0216755 0.0136138 0.0344515 
v 0.0216761 0.0136149 0.045042 
v 0.0219899 0.0132394 0.0343508 
v 0.021754 0.0134947 0.0344263 
v 0.02145 0.0140477 0.0345242 
v 0.0216372 0.0136635 0.045072 
v 0.0214403 0.0140433 0.0452564 
v 0.0215786 0.013761 0.0344827 
v 0.0212991 0.0145125 0.0345731 
v 0.0213587 0.014271 0.0453412 
v 0.021298 0.0145123 0.0454077 
v 0.0213807 0.0142022 0.0345466 
v 0.0212949 0.0145285 0.0345744 
v 0.0212623 0.0147522 0.0454485 
v 0.02125 0.015 0.0454628 
v 0.02125 0.015 0.034589 
v 0.0235967 0.0125047 0.0661545 
v 0.0237373 0.0125 0.0661979 
v 0.0235029 0.0125122 0.0516022 
v 0.0232642 0.0125598 0.0660511 
v 0.0232623 0.012548 0.0515552 
v 0.0230903 0.0125886 0.065997 
v 0.0232641 0.0125598 0.066051 
v 0.0230301 0.0126059 0.0514941 
v 0.0227935 0.0126908 0.0659039 
v 0.0223625 0.0129239 0.0657678 
v 0.0227852 0.0126937 0.0659013 
v 0.0227933 0.0126903 0.051415 
v 0.0223611 0.0129213 0.0512224 
v 0.022092 0.0131289 0.0656818 
v 0.0223361 0.0129382 0.0657595 
v 0.0219899 0.0132394 0.0656492 
v 0.0222945 0.0129759 0.0511825 
v 0.0219822 0.0132322 0.0509948 
v 0.021754 0.0134947 0.0655737 
v 0.0219899 0.0132394 0.0656492 
v 0.0216755 0.0136138 0.0655485 
v 0.0216713 0.0136111 0.0507573 
v 0.02145 0.0140477 0.0654758 
v 0.0215786 0.013761 0.0655173 
v 0.0216383 0.0136728 0.0507268 
v 0.0214403 0.0140433 0.0505436 
v 0.0212991 0.0145125 0.0654269 
v 0.0213807 0.0142022 0.0654534 
v 0.0213586 0.0142713 0.0504587 
v 0.021298 0.0145123 0.0503923 
v 0.02125 0.015 0.065411 
v 0.0212949 0.0145285 0.0654256 
v 0.0212623 0.0147525 0.0503515 
v 0.02125 0.015 0.0503372 
v 0.0216372 0.02 0.045072 
v 0.0222926 0.02 0.0446143 
v 0.0222926 0.0201691 0.0446143 
v 0.0210938 0.0214198 0.0456583 
v 0.0208763 0.0216317 0.0459841 
v 0.020687 0.0218129 0.0463464 
v 0.0205421 0.0219494 0.046715 
v 0.0204352 0.022049 0.0471052 
v 0.0203714 0.0221079 0.0475003 
v 0.0203715 0.0221078 0.0483012 
v 0.0204352 0.022049 0.0486948 
v 0.02035 0.0221276 0.0479 
v 0.0205421 0.0219494 0.0490849 
v 0.020687 0.0218129 0.0494536 
v 0.0208754 0.0216326 0.0498143 
v 0.0210938 0.0214198 0.0501417 
v 0.0216372 0.02 0.050728 
v 0.0216372 0.0208706 0.050728 
v 0.0222926 0.0201691 0.0511857 
v 0.02125 0.02 0.0503372 
v 0.0213561 0.0211583 0.050456 
v 0.02125 0.02 0.0454628 
v 0.0216372 0.0208706 0.045072 
v 0.0213568 0.0211575 0.0453431 
v 0.0222926 0.02 0.0511857 
v 0.0224445 0.02 0.0512648 
v 0.0224445 0.02 0.0445352 
v 0.02125 0.02 0.034589 
v 0.0200934 0.015 0.0331087 
v 0.0200934 0.02 0.0331087 
v 0.0224445 0.02 0.0315 
v 0.0198044 0.02 0.0326825 
v 0.0196089 0.02 0.0322061 
v 0.0195151 0.02 0.0316998 
v 0.0195071 0.02 0.0315 
v 0.019527 0.0199801 0.0311849 
v 0.0195551 0.019952 0.0310123 
v 0.0224872 0.019952 0.0310123 
v 0.0224553 0.0199878 0.0312532 
v 0.0196442 0.0198629 0.0306835 
v 0.0196974 0.0198097 0.0305433 
v 0.0226126 0.0198097 0.0305433 
v 0.0225406 0.0198916 0.0307717 
v 0.0198616 0.0196455 0.0302167 
v 0.0199363 0.0195708 0.0301169 
v 0.0228129 0.0195787 0.0301111 
v 0.022705 0.0197037 0.0303195 
v 0.0201701 0.019337 0.0298043 
v 0.0202458 0.0192613 0.0297396 
v 0.0230761 0.0192678 0.0297322 
v 0.0205614 0.0189457 0.0294698 
v 0.0206182 0.0188889 0.0294213 
v 0.0233872 0.0188889 0.0294213 
v 0.0210064 0.0185007 0.0292138 
v 0.0210504 0.0184567 0.0291903 
v 0.0237298 0.0184567 0.0291903 
v 0.0214955 0.0180116 0.0290553 
v 0.0215194 0.0179877 0.029048 
v 0.0240873 0.0179877 0.029048 
v 0.0239314 0.0181922 0.0291101 
v 0.0220071 0.0175 0.029 
v 0.0244439 0.0175 0.029 
v 0.0220071 0.015 0.029 
v 0.0260529 0.015 0.029 
v 0.0196089 0.015 0.0322061 
v 0.0195151 0.015 0.0316998 
v 0.0198044 0.015 0.0326825 
v 0.0214949 0.015 0.029053 
v 0.0210044 0.015 0.0292099 
v 0.0205565 0.015 0.0294639 
v 0.0201701 0.015 0.0298043 
v 0.0198616 0.015 0.0302167 
v 0.0196442 0.015 0.0306835 
v 0.019527 0.015 0.0311849 
v 0.0273185 0.012548 0.0310123 
v 0.0220071 0.012548 0.0310123 
v 0.0272839 0.0126229 0.0307656 
v 0.0272527 0.0126903 0.0305433 
v 0.0220071 0.0126903 0.0305433 
v 0.0271439 0.0129213 0.0301111 
v 0.0220071 0.0129213 0.0301111 
v 0.0269937 0.0132322 0.0297322 
v 0.0220071 0.0132322 0.0297322 
v 0.0268047 0.0136111 0.0294213 
v 0.0220071 0.0136111 0.0294213 
v 0.0265808 0.0140433 0.0291903 
v 0.0220071 0.0140433 0.0291903 
v 0.0263277 0.0145123 0.029048 
v 0.0220071 0.0145123 0.029048 
v 0.0201302 0.0145123 0.0330778 
v 0.0202391 0.0140433 0.0329862 
v 0.020416 0.0136111 0.0328376 
v 0.0206539 0.0132322 0.0326375 
v 0.0209439 0.0129213 0.0323937 
v 0.0212748 0.0126903 0.0321156 
v 0.0216338 0.012548 0.0318138 
v 0.0215774 0.012548 0.0317307 
v 0.0211642 0.0126903 0.0319525 
v 0.0215392 0.012548 0.0316378 
v 0.0210893 0.0126903 0.0317702 
v 0.0215209 0.012548 0.031539 
v 0.0210535 0.0126903 0.0315764 
v 0.0215233 0.012548 0.0314385 
v 0.021058 0.0126903 0.0313794 
v 0.0215461 0.012548 0.0313407 
v 0.0211029 0.0126903 0.0311875 
v 0.0215885 0.012548 0.0312496 
v 0.0211861 0.0126903 0.0310089 
v 0.0216487 0.012548 0.0311692 
v 0.0213041 0.0126903 0.0308511 
v 0.0217241 0.012548 0.0311028 
v 0.021452 0.0126903 0.0307208 
v 0.0218115 0.012548 0.0310532 
v 0.0216234 0.0126903 0.0306236 
v 0.0219072 0.012548 0.0310226 
v 0.0218111 0.0126903 0.0305636 
v 0.0207834 0.0129213 0.032157 
v 0.0206747 0.0129213 0.0318923 
v 0.0206226 0.0129213 0.031611 
v 0.0206292 0.0129213 0.031325 
v 0.0206943 0.0129213 0.0310464 
v 0.0208151 0.0129213 0.030787 
v 0.0209865 0.0129213 0.0305579 
v 0.0212012 0.0129213 0.0303688 
v 0.02145 0.0129213 0.0302277 
v 0.0217225 0.0129213 0.0301405 
v 0.0204496 0.0132322 0.0323361 
v 0.0203113 0.0132322 0.0319993 
v 0.020245 0.0132322 0.0316413 
v 0.0202534 0.0132322 0.0312772 
v 0.0203363 0.0132322 0.0309226 
v 0.02049 0.0132322 0.0305926 
v 0.0207081 0.0132322 0.030301 
v 0.0209813 0.0132322 0.0300603 
v 0.0212981 0.0132322 0.0298806 
v 0.0216449 0.0132322 0.0297697 
v 0.0201757 0.0136111 0.0324832 
v 0.0200131 0.0136111 0.0320871 
v 0.0199351 0.0136111 0.0316661 
v 0.019945 0.0136111 0.031238 
v 0.0200424 0.0136111 0.0308211 
v 0.0202232 0.0136111 0.030433 
v 0.0204797 0.0136111 0.0300901 
v 0.0208009 0.0136111 0.0298071 
v 0.0211734 0.0136111 0.0295958 
v 0.0215812 0.0136111 0.0294654 
v 0.0199721 0.0140433 0.0325925 
v 0.0197914 0.0140433 0.0321524 
v 0.0197048 0.0140433 0.0316846 
v 0.0197158 0.0140433 0.0312089 
v 0.0198241 0.0140433 0.0307456 
v 0.0200249 0.0140433 0.0303144 
v 0.0203099 0.0140433 0.0299334 
v 0.0206669 0.0140433 0.0296189 
v 0.0210807 0.0140433 0.0293842 
v 0.0215339 0.0140433 0.0292393 
v 0.0198468 0.0145123 0.0326598 
v 0.019655 0.0145123 0.0321925 
v 0.019563 0.0145123 0.0316959 
v 0.0195747 0.0145123 0.031191 
v 0.0196896 0.0145123 0.0306992 
v 0.0199028 0.0145123 0.0302413 
v 0.0202054 0.0145123 0.0298369 
v 0.0205843 0.0145123 0.029503 
v 0.0210237 0.0145123 0.0292539 
v 0.0215047 0.0145123 0.0291001 
v 0.02125 0.0190917 0.0663666 
v 0.02125 0.0188832 0.0661307 
v 0.02125 0.0187226 0.0659489 
v 0.02125 0.0185207 0.0657793 
v 0.02125 0.019322 0.0667183 
v 0.02125 0.0196806 0.0674982 
v 0.02125 0.0195653 0.0672474 
v 0.02125 0.0181997 0.0655806 
v 0.02125 0.0179877 0.0654928 
v 0.02125 0.0198921 0.0682687 
v 0.02125 0.0197961 0.0679192 
v 0.02125 0.0175 0.065411 
v 0.02125 0.0176927 0.0654237 
v 0.02125 0.0179865 0.0654923 
v 0.02125 0.02 0.0693649 
v 0.02125 0.0199279 0.0686331 
v 0.0183965 0.0175 0.0687252 
v 0.0187988 0.015 0.0683212 
v 0.0183067 0.015 0.0687435 
v 0.0183348 0.0175 0.0687762 
v 0.0149445 0.0175 0.0715807 
v 0.0152554 0.015 0.071362 
v 0.0148827 0.015 0.0715809 
v 0.0148982 0.0175 0.0716072 
v 0.0110572 0.0175 0.0738076 
v 0.0112293 0.015 0.0737269 
v 0.0110265 0.015 0.0738016 
v 0.0110321 0.0175 0.0738167 
v 0.00684783 0.0175 0.0753411 
v 0.00684783 0.015 0.0753411 
v 0.00686036 0.0179877 0.0753874 
v 0.00689747 0.0184567 0.0755248 
v 0.00695774 0.0188889 0.0757478 
v 0.00703884 0.0192678 0.0760479 
v 0.00713767 0.0195787 0.0764137 
v 0.00725042 0.0198097 0.0768309 
v 0.00737277 0.019952 0.0772837 
v 0.0121102 0.02 0.076075 
v 0.0163677 0.02 0.073636 
v 0.0201485 0.02 0.0705085 
v 0.0075 0.02 0.0777545 
v 0.0110774 0.0179877 0.0738512 
v 0.0149718 0.0179877 0.0716202 
v 0.0184301 0.0179877 0.0687594 
v 0.0111373 0.0184567 0.0739802 
v 0.0150528 0.0184567 0.0717371 
v 0.0185298 0.0184567 0.0688609 
v 0.0112346 0.0188889 0.0741897 
v 0.0151843 0.0188889 0.0719271 
v 0.0186917 0.0188889 0.0690257 
v 0.0113656 0.0192678 0.0744717 
v 0.0153613 0.0192678 0.0721827 
v 0.0189096 0.0192678 0.0692475 
v 0.0115252 0.0195787 0.0748153 
v 0.015577 0.0195787 0.0724941 
v 0.0191751 0.0195787 0.0695178 
v 0.0117073 0.0198097 0.0752073 
v 0.0158231 0.0198097 0.0728494 
v 0.019478 0.0198097 0.0698261 
v 0.0119048 0.019952 0.0756326 
v 0.0160901 0.019952 0.073235 
v 0.0198067 0.019952 0.0701606 
v 0.00686036 0.0145123 0.0753874 
v 0.00689747 0.0140433 0.0755248 
v 0.00695774 0.0136111 0.0757478 
v 0.00703884 0.0132322 0.0760479 
v 0.00713767 0.0129213 0.0764137 
v 0.00725042 0.0126903 0.0768309 
v 0.00737277 0.012548 0.0772837 
v 0.0152833 0.0145123 0.0714011 
v 0.0188332 0.0145123 0.0683547 
v 0.0112498 0.0145123 0.0737703 
v 0.015366 0.0140433 0.0715169 
v 0.0113107 0.0140433 0.0738989 
v 0.0189351 0.0140433 0.068454 
v 0.0155002 0.0136111 0.0717049 
v 0.0114095 0.0136111 0.0741077 
v 0.0191005 0.0136111 0.0686153 
v 0.0156809 0.0132322 0.0719579 
v 0.0115425 0.0132322 0.0743888 
v 0.0193232 0.0132322 0.0688323 
v 0.0159011 0.0129213 0.0722662 
v 0.0117046 0.0129213 0.0747312 
v 0.0195945 0.0129213 0.0690967 
v 0.0161523 0.0126903 0.0726179 
v 0.0118894 0.0126903 0.0751219 
v 0.019904 0.0126903 0.0693984 
v 0.0164248 0.012548 0.0729996 
v 0.0120901 0.012548 0.0755458 
v 0.0202399 0.012548 0.0697257 
v 0.00701227 0.012548 0.0777545 
v 0.00654329 0.0126903 0.0777545 
v 0.00611107 0.0129213 0.0777545 
v 0.00573223 0.0132322 0.0777545 
v 0.00542133 0.0136111 0.0777545 
v 0.0051903 0.0140433 0.0777545 
v 0.00504804 0.0145123 0.0777545 
v 0.00505907 0.015 0.0772143 
v 0.00523348 0.015 0.0766996 
v 0.005515 0.015 0.0762347 
v 0.00589032 0.015 0.0758417 
v 0.00634171 0.015 0.075539 
v 0.005 0.015 0.0777545 
v 0.0070238 0.012548 0.0776491 
v 0.0065659 0.0126903 0.0775478 
v 0.00705782 0.012548 0.0775487 
v 0.00663264 0.0126903 0.0773508 
v 0.00711275 0.012548 0.077458 
v 0.00674037 0.0126903 0.0771729 
v 0.00718597 0.012548 0.0773813 
v 0.006884 0.0126903 0.0770225 
v 0.00727403 0.012548 0.0773223 
v 0.00705674 0.0126903 0.0769067 
v 0.00614389 0.0129213 0.0774544 
v 0.00624079 0.0129213 0.0771684 
v 0.00639719 0.0129213 0.0769102 
v 0.00660571 0.0129213 0.0766918 
v 0.00685649 0.0129213 0.0765236 
v 0.005774 0.0132322 0.0773725 
v 0.00589733 0.0132322 0.0770085 
v 0.00609639 0.0132322 0.0766798 
v 0.00636179 0.0132322 0.0764019 
v 0.00668096 0.0132322 0.0761879 
v 0.00547044 0.0136111 0.0773053 
v 0.00561546 0.0136111 0.0768774 
v 0.00584953 0.0136111 0.0764908 
v 0.0061616 0.0136111 0.076164 
v 0.00653691 0.0136111 0.0759124 
v 0.00524487 0.0140433 0.0772554 
v 0.00540601 0.0140433 0.0767799 
v 0.0056661 0.0140433 0.0763504 
v 0.00601285 0.0140433 0.0759873 
v 0.00642988 0.0140433 0.0757077 
v 0.00510597 0.0145123 0.0772246 
v 0.00527703 0.0145123 0.0767198 
v 0.00555314 0.0145123 0.0762639 
v 0.00592125 0.0145123 0.0758784 
v 0.00636396 0.0145123 0.0755816 
v 0.00634171 0.0175 0.075539 
v 0.00589032 0.0175 0.0758417 
v 0.005515 0.0175 0.0762347 
v 0.00523348 0.0175 0.0766996 
v 0.00505907 0.0175 0.0772143 
v 0.005 0.0175 0.0777545 
v 0.005 0.015 0.1025 
v 0.00502879 0.0146217 0.102727 
v 0.00505359 0.0145135 0.102792 
v 0.00511087 0.0142637 0.102942 
v 0.00519533 0.0140452 0.103073 
v 0.00523684 0.0139379 0.103137 
v 0.00539551 0.0136505 0.10331 
v 0.0054233 0.0136125 0.103332 
v 0.00557618 0.0134035 0.103458 
v 0.00573402 0.0132339 0.10356 
v 0.00577003 0.0131952 0.103583 
v 0.00611595 0.0129277 0.103743 
v 0.00618802 0.0128719 0.103777 
v 0.00654549 0.0126948 0.103883 
v 0.0066012 0.0126672 0.1039 
v 0.00700055 0.0125504 0.10397 
v 0.00701239 0.0125489 0.103971 
v 0.00738937 0.0125024 0.103999 
v 0.0075 0.0133049 0.104981 
v 0.0075 0.0135 0.105 
v 0.0268608 0.0135 0.105 
v 0.0075 0.0131173 0.104924 
v 0.026958 0.0133049 0.104981 
v 0.0075 0.0129444 0.104831 
v 0.0270498 0.0131173 0.104924 
v 0.0075 0.0127929 0.104707 
v 0.0271329 0.0129444 0.104831 
v 0.0075 0.0126685 0.104556 
v 0.0272047 0.0127929 0.104707 
v 0.0075 0.0125761 0.104383 
v 0.0272628 0.0126685 0.104556 
v 0.0272839 0.0126229 0.10447 
v 0.0075 0.0125192 0.104195 
v 0.0273056 0.0125761 0.104383 
v 0.0273317 0.0125192 0.104195 
v 0.00701227 0.019952 0.0777545 
v 0.00654329 0.0198097 0.0777545 
v 0.00611107 0.0195787 0.0777545 
v 0.00573223 0.0192678 0.0777545 
v 0.00542133 0.0188889 0.0777545 
v 0.0051903 0.0184567 0.0777545 
v 0.00504804 0.0179877 0.0777545 
v 0.00727403 0.019952 0.0773223 
v 0.00705674 0.0198097 0.0769067 
v 0.00718597 0.019952 0.0773813 
v 0.006884 0.0198097 0.0770225 
v 0.00711275 0.019952 0.077458 
v 0.00674037 0.0198097 0.0771729 
v 0.00705782 0.019952 0.0775487 
v 0.00663264 0.0198097 0.0773508 
v 0.0070238 0.019952 0.0776491 
v 0.0065659 0.0198097 0.0775478 
v 0.00685649 0.0195787 0.0765236 
v 0.00660571 0.0195787 0.0766918 
v 0.00639719 0.0195787 0.0769102 
v 0.00624079 0.0195787 0.0771684 
v 0.00614389 0.0195787 0.0774544 
v 0.00668096 0.0192678 0.0761879 
v 0.00636179 0.0192678 0.0764019 
v 0.00609639 0.0192678 0.0766798 
v 0.00589733 0.0192678 0.0770085 
v 0.005774 0.0192678 0.0773725 
v 0.00653691 0.0188889 0.0759124 
v 0.0061616 0.0188889 0.076164 
v 0.00584953 0.0188889 0.0764908 
v 0.00561546 0.0188889 0.0768774 
v 0.00547044 0.0188889 0.0773053 
v 0.00642988 0.0184567 0.0757077 
v 0.00601285 0.0184567 0.0759873 
v 0.0056661 0.0184567 0.0763504 
v 0.00540601 0.0184567 0.0767799 
v 0.00524487 0.0184567 0.0772554 
v 0.00636396 0.0179877 0.0755816 
v 0.00592125 0.0179877 0.0758784 
v 0.00555314 0.0179877 0.0762639 
v 0.00527703 0.0179877 0.0767198 
v 0.00510597 0.0179877 0.0772246 
v 0.005 0.0175 0.1025 
v 0.00505359 0.0147081 0.102986 
v 0.00502879 0.014773 0.102878 
v 0.00511087 0.0145582 0.103236 
v 0.00519533 0.0144271 0.103455 
v 0.00523684 0.0143627 0.103562 
v 0.0054233 0.0141675 0.103887 
v 0.00539551 0.0141903 0.103849 
v 0.00557618 0.0140421 0.104097 
v 0.00573402 0.0139403 0.104266 
v 0.00577003 0.0139171 0.104305 
v 0.00611595 0.0137566 0.104572 
v 0.00618802 0.0137232 0.104628 
v 0.00654549 0.0136169 0.104805 
v 0.0066012 0.0136003 0.104833 
v 0.00701239 0.0135294 0.104951 
v 0.00700055 0.0135302 0.10495 
v 0.00738937 0.0135015 0.104998 
v 0.00510152 0.0145203 0.103201 
v 0.00502629 0.014754 0.10286 
v 0.00509482 0.0144826 0.103166 
v 0.00502451 0.0147349 0.102841 
v 0.0050908 0.014445 0.103129 
v 0.00502344 0.0147159 0.102822 
v 0.00508945 0.0144077 0.103092 
v 0.00502308 0.0146969 0.102803 
v 0.0050908 0.0143708 0.103055 
v 0.00502344 0.014678 0.102784 
v 0.00509482 0.0143345 0.103017 
v 0.00502451 0.0146591 0.102765 
v 0.00510152 0.0142988 0.10298 
v 0.00502629 0.0146404 0.102746 
v 0.00521774 0.0143062 0.103515 
v 0.00520402 0.0142501 0.103465 
v 0.00519576 0.0141945 0.103413 
v 0.005193 0.01414 0.10336 
v 0.00519576 0.0140868 0.103305 
v 0.00520402 0.0140351 0.10325 
v 0.00521774 0.0139854 0.103194 
v 0.00536556 0.0141155 0.103794 
v 0.00534396 0.0140415 0.103734 
v 0.00533091 0.0139688 0.103669 
v 0.00532655 0.0138983 0.103602 
v 0.00533091 0.0138306 0.103531 
v 0.00534396 0.0137663 0.103459 
v 0.00536556 0.0137061 0.103384 
v 0.00553594 0.0139495 0.104037 
v 0.0055068 0.0138581 0.10397 
v 0.00548915 0.0137693 0.103896 
v 0.00548324 0.0136842 0.103816 
v 0.00548915 0.013604 0.103731 
v 0.0055068 0.0135298 0.103642 
v 0.00553594 0.0134627 0.103551 
v 0.00572137 0.0138073 0.104246 
v 0.00568598 0.0136995 0.104175 
v 0.00566449 0.0135956 0.104093 
v 0.00565728 0.0134974 0.104003 
v 0.00566449 0.0134067 0.103904 
v 0.00568598 0.0133252 0.103801 
v 0.00572137 0.0132543 0.103693 
v 0.00613125 0.0135808 0.104578 
v 0.00608961 0.0134421 0.104507 
v 0.00606419 0.0133108 0.104417 
v 0.00605564 0.0131902 0.10431 
v 0.00606419 0.0130834 0.104189 
v 0.00608961 0.0129933 0.104058 
v 0.00613125 0.0129222 0.103919 
v 0.00655046 0.0134317 0.104796 
v 0.00651299 0.0132685 0.10473 
v 0.00649001 0.0131161 0.104637 
v 0.00648227 0.0129794 0.104521 
v 0.00649001 0.0128627 0.104384 
v 0.00651299 0.01277 0.104231 
v 0.00655046 0.012704 0.104068 
v 0.00696769 0.0133437 0.104924 
v 0.00694332 0.013164 0.104864 
v 0.00692833 0.0129977 0.104771 
v 0.00692328 0.0128508 0.104649 
v 0.00692833 0.0127287 0.104502 
v 0.00694332 0.0126359 0.104336 
v 0.00696769 0.0125757 0.104156 
v 0.00738161 0.0133068 0.104978 
v 0.00737585 0.0131196 0.104921 
v 0.0073723 0.0129471 0.104829 
v 0.0073711 0.0127957 0.104704 
v 0.0073723 0.0126715 0.104553 
v 0.00737585 0.0125791 0.10438 
v 0.00738161 0.012522 0.104193 
v 0.0075 0.019 0.105 
v 0.0232971 0.019 0.105 
v 0.0239325 0.018193 0.105 
v 0.00738937 0.0199976 0.103999 
v 0.00701239 0.0199511 0.103971 
v 0.0075 0.02 0.104 
v 0.0066012 0.0198328 0.1039 
v 0.00654549 0.0198052 0.103883 
v 0.00700055 0.0199496 0.10397 
v 0.00618802 0.0196281 0.103777 
v 0.00611595 0.0195723 0.103743 
v 0.00577003 0.0193048 0.103583 
v 0.00573402 0.0192661 0.10356 
v 0.00557618 0.0190965 0.103458 
v 0.0054233 0.0188875 0.103332 
v 0.00523684 0.0185621 0.103137 
v 0.00519533 0.0184548 0.103073 
v 0.00539551 0.0188495 0.10331 
v 0.00511087 0.0182363 0.102942 
v 0.00505359 0.0179865 0.102792 
v 0.00502879 0.0178783 0.102727 
v 0.00701239 0.0189706 0.104951 
v 0.00738937 0.0189985 0.104998 
v 0.00654549 0.0188831 0.104805 
v 0.0066012 0.0188997 0.104833 
v 0.00700055 0.0189698 0.10495 
v 0.00611595 0.0187434 0.104572 
v 0.00618802 0.0187768 0.104628 
v 0.00577003 0.0185829 0.104305 
v 0.00573402 0.0185597 0.104266 
v 0.0054233 0.0183325 0.103887 
v 0.00557618 0.0184579 0.104097 
v 0.00523684 0.0181373 0.103562 
v 0.00519533 0.0180729 0.103455 
v 0.00539551 0.0183097 0.103849 
v 0.00505359 0.0177919 0.102986 
v 0.00511087 0.0179418 0.103236 
v 0.00502879 0.017727 0.102878 
v 0.0075 0.0199808 0.104195 
v 0.0075 0.0199239 0.104383 
v 0.0075 0.0198315 0.104556 
v 0.0075 0.0197071 0.104707 
v 0.0075 0.0195556 0.104831 
v 0.0075 0.0193827 0.104924 
v 0.0075 0.0191951 0.104981 
v 0.00510152 0.0182012 0.10298 
v 0.00502629 0.0178596 0.102746 
v 0.00509482 0.0181655 0.103017 
v 0.00502451 0.0178409 0.102765 
v 0.0050908 0.0181292 0.103055 
v 0.00502344 0.017822 0.102784 
v 0.00508945 0.0180923 0.103092 
v 0.00502308 0.0178031 0.102803 
v 0.0050908 0.018055 0.103129 
v 0.00502344 0.0177841 0.102822 
v 0.00509482 0.0180174 0.103166 
v 0.00502451 0.0177651 0.102841 
v 0.00510152 0.0179797 0.103201 
v 0.00502629 0.017746 0.10286 
v 0.00521774 0.0185146 0.103194 
v 0.00520402 0.0184649 0.10325 
v 0.00519576 0.0184132 0.103305 
v 0.005193 0.01836 0.10336 
v 0.00519576 0.0183055 0.103413 
v 0.00520402 0.0182499 0.103465 
v 0.00521774 0.0181938 0.103515 
v 0.00536556 0.0187939 0.103384 
v 0.00534396 0.0187337 0.103459 
v 0.00533091 0.0186694 0.103531 
v 0.00532655 0.0186017 0.103602 
v 0.00533091 0.0185312 0.103669 
v 0.00534396 0.0184585 0.103734 
v 0.00536556 0.0183845 0.103794 
v 0.00553594 0.0190373 0.103551 
v 0.0055068 0.0189702 0.103642 
v 0.00548915 0.018896 0.103731 
v 0.00548324 0.0188158 0.103816 
v 0.00548915 0.0187307 0.103896 
v 0.0055068 0.0186419 0.10397 
v 0.00553594 0.0185505 0.104037 
v 0.00572137 0.0192457 0.103693 
v 0.00568598 0.0191748 0.103801 
v 0.00566449 0.0190933 0.103904 
v 0.00565728 0.0190026 0.104003 
v 0.00566449 0.0189044 0.104093 
v 0.00568598 0.0188005 0.104175 
v 0.00572137 0.0186927 0.104246 
v 0.00613125 0.0195778 0.103919 
v 0.00608961 0.0195067 0.104058 
v 0.00606419 0.0194166 0.104189 
v 0.00605564 0.0193098 0.10431 
v 0.00606419 0.0191892 0.104417 
v 0.00608961 0.0190579 0.104507 
v 0.00613125 0.0189192 0.104578 
v 0.00655046 0.019796 0.104068 
v 0.00651299 0.01973 0.104231 
v 0.00649001 0.0196373 0.104384 
v 0.00648227 0.0195206 0.104521 
v 0.00649001 0.0193839 0.104637 
v 0.00651299 0.0192315 0.10473 
v 0.00655046 0.0190683 0.104796 
v 0.00696769 0.0199243 0.104156 
v 0.00694332 0.0198641 0.104336 
v 0.00692833 0.0197713 0.104502 
v 0.00692328 0.0196492 0.104649 
v 0.00692833 0.0195023 0.104771 
v 0.00694332 0.019336 0.104864 
v 0.00696769 0.0191563 0.104924 
v 0.00738161 0.019978 0.104193 
v 0.00737585 0.0199209 0.10438 
v 0.0073723 0.0198285 0.104553 
v 0.0073711 0.0197043 0.104704 
v 0.0073723 0.0195529 0.104829 
v 0.00737585 0.0193804 0.104921 
v 0.00738161 0.0191932 0.104978 
v 0.0224629 0.0199793 0.104195 
v 0.0224831 0.0199565 0.104292 
v 0.0225121 0.0199239 0.104383 
v 0.0225497 0.0198813 0.104473 
v 0.0225935 0.0198315 0.104556 
v 0.0227021 0.0197071 0.104707 
v 0.0228327 0.0195556 0.104831 
v 0.0229797 0.0193827 0.104924 
v 0.0231366 0.0191951 0.104981 
v 0.0223277 0.0199997 0.104004 
v 0.0224567 0.0199862 0.104165 
v 0.0223245 0.02 0.104 
v 0.0217237 0.02 0.0963061 
v 0.0214991 0.02 0.0963449 
v 0.0212877 0.02 0.0963479 
v 0.0219563 0.02 0.0962438 
v 0.0219037 0.02 0.0962623 
v 0.0221762 0.02 0.0961279 
v 0.0219719 0.02 0.0962384 
v 0.0222396 0.02 0.0960799 
v 0.0224445 0.02 0.0958307 
v 0.0223248 0.02 0.095994 
v 0.0209886 0.02 0.103686 
v 0.0217249 0.02 0.103691 
v 0.021926 0.02 0.103744 
v 0.0214812 0.02 0.10366 
v 0.0212341 0.02 0.103663 
v 0.0167328 0.02 0.101156 
v 0.0170504 0.02 0.101871 
v 0.0212342 0.02 0.0963418 
v 0.0221583 0.02 0.103864 
v 0.0221994 0.02 0.103889 
v 0.022034 0.02 0.103789 
v 0.0216173 0.02 0.103671 
v 0.0213697 0.02 0.103651 
v 0.0165705 0.02 0.100391 
v 0.0167328 0.02 0.0988435 
v 0.0165705 0.02 0.0996088 
v 0.0218319 0.02 0.0962874 
v 0.0223618 0.02 0.0959567 
v 0.0170504 0.02 0.0981285 
v 0.0209886 0.02 0.0963138 
v 0.0202878 0.02 0.09625 
v 0.0216655 0.02 0.103675 
v 0.0180899 0.02 0.0969705 
v 0.0175094 0.02 0.097495 
v 0.0187666 0.02 0.0965779 
v 0.01951 0.02 0.0963342 
v 0.0202878 0.02 0.10375 
v 0.01951 0.02 0.103666 
v 0.0175094 0.02 0.102505 
v 0.0180899 0.02 0.10303 
v 0.0187666 0.02 0.103422 
v 0.0202879 0.0208993 0.103749 
v 0.0195128 0.0218002 0.103647 
v 0.0202946 0.0208915 0.10375 
v 0.0193327 0.0220095 0.103623 
v 0.0187726 0.0225986 0.103407 
v 0.0185835 0.0227974 0.103334 
v 0.0181426 0.0232305 0.103067 
v 0.0182773 0.0238636 0.103557 
v 0.0180935 0.0232761 0.103025 
v 0.0175144 0.0238103 0.102501 
v 0.0176038 0.0237312 0.102606 
v 0.0172847 0.0240137 0.102229 
v 0.0170614 0.024204 0.101865 
v 0.016943 0.024305 0.101671 
v 0.0167394 0.024473 0.101154 
v 0.0167044 0.0245019 0.101065 
v 0.0166239 0.0245671 0.100741 
v 0.0165723 0.0246086 0.100408 
v 0.0165719 0.024609 0.100391 
v 0.0165769 0.0246049 0.0996096 
v 0.0165566 0.0246212 0.0997779 
v 0.0166114 0.0245772 0.0993242 
v 0.0167425 0.0244706 0.0988462 
v 0.0167827 0.0244379 0.0986996 
v 0.0170618 0.0242036 0.0981356 
v 0.0169487 0.0243003 0.0983174 
v 0.0173111 0.0239907 0.0977353 
v 0.0175107 0.0238144 0.0974961 
v 0.0175374 0.0237908 0.0974642 
v 0.0180905 0.0232801 0.0969711 
v 0.0180969 0.0232741 0.0969654 
v 0.0182185 0.0239103 0.0964728 
v 0.0183664 0.0230134 0.0967869 
v 0.0187769 0.0225912 0.0966008 
v 0.0191571 0.0222003 0.0964284 
v 0.019512 0.0218066 0.0963426 
v 0.0196849 0.0216148 0.0963008 
v 0.0202886 0.0208818 0.096281 
v 0.020671 0.0204176 0.0962684 
v 0.0222577 0.020197 0.0957974 
v 0.0214127 0.0210881 0.0956467 
v 0.0211652 0.0213492 0.0956026 
v 0.0201579 0.0223028 0.0956635 
v 0.0192533 0.0230882 0.0959067 
v 0.0194593 0.0229093 0.0958514 
v 0.0195219 0.022855 0.0958345 
v 0.0185461 0.0236565 0.0962593 
v 0.0184055 0.0237696 0.0963294 
v 0.0178181 0.0242118 0.09678 
v 0.0177544 0.0242597 0.0968289 
v 0.0175429 0.0244107 0.097067 
v 0.017265 0.0246089 0.0973796 
v 0.0171669 0.024679 0.0974901 
v 0.0167794 0.0249441 0.0981366 
v 0.0165637 0.0250878 0.0986665 
v 0.0166318 0.0250424 0.0984993 
v 0.0163972 0.0251969 0.0993588 
v 0.0164301 0.0251754 0.099222 
v 0.0163484 0.0252287 0.100001 
v 0.0163678 0.025216 0.0997446 
v 0.0163881 0.0252028 0.10047 
v 0.0164085 0.0251896 0.100711 
v 0.0164417 0.0251678 0.100854 
v 0.0165215 0.0251156 0.101198 
v 0.0167974 0.024932 0.1019 
v 0.016999 0.0247949 0.10226 
v 0.0168171 0.0249185 0.101935 
v 0.0172387 0.0246269 0.102574 
v 0.017504 0.024441 0.102921 
v 0.0178179 0.0242119 0.10322 
v 0.0176137 0.0243616 0.10303 
v 0.0177647 0.0242522 0.103181 
v 0.0185534 0.0236543 0.10376 
v 0.0188129 0.0234458 0.103889 
v 0.0191024 0.0232132 0.104033 
v 0.0194582 0.022908 0.104141 
v 0.0200324 0.0224156 0.104314 
v 0.0197411 0.0226654 0.104226 
v 0.0213136 0.0212011 0.104389 
v 0.0209402 0.021555 0.104367 
v 0.0221288 0.0203347 0.104229 
v 0.0218251 0.0201596 0.103801 
v 0.0216841 0.0200542 0.103701 
v 0.0206548 0.0212627 0.103895 
v 0.0219523 0.0202447 0.103933 
v 0.0207563 0.0213672 0.104002 
v 0.0220604 0.0203059 0.104093 
v 0.0208425 0.0214562 0.104134 
v 0.0204201 0.0210208 0.103767 
v 0.0194293 0.022133 0.103662 
v 0.0205416 0.0211459 0.103815 
v 0.0195166 0.0222533 0.103726 
v 0.0195923 0.0223672 0.103812 
v 0.0196545 0.0224718 0.103918 
v 0.0209108 0.0215267 0.104286 
v 0.0197016 0.0225643 0.104042 
v 0.0186542 0.0229179 0.103383 
v 0.0187133 0.0230357 0.10345 
v 0.0187596 0.0231483 0.103534 
v 0.018792 0.0232532 0.103633 
v 0.0197324 0.0226423 0.10418 
v 0.0188098 0.0233481 0.103745 
v 0.0181971 0.0233496 0.103118 
v 0.0182393 0.0234663 0.103183 
v 0.0182682 0.0235784 0.103263 
v 0.0182833 0.0236836 0.103354 
v 0.0182844 0.0237799 0.103456 
v 0.0188127 0.0234311 0.103867 
v 0.0176381 0.0238489 0.102654 
v 0.0176592 0.0239646 0.102713 
v 0.017667 0.0240763 0.102783 
v 0.0176612 0.024182 0.102861 
v 0.0173066 0.0241308 0.102273 
v 0.0173153 0.024246 0.102325 
v 0.0173106 0.0243575 0.102385 
v 0.017642 0.0242798 0.102947 
v 0.0172925 0.0244635 0.102452 
v 0.0169516 0.0244216 0.101705 
v 0.0169469 0.0245365 0.101745 
v 0.0169288 0.0246479 0.101791 
v 0.0172614 0.0245623 0.102525 
v 0.0168977 0.0247542 0.101841 
v 0.0167037 0.0246181 0.101087 
v 0.0166896 0.0247328 0.101113 
v 0.0166622 0.0248442 0.101143 
v 0.0168539 0.0248539 0.101896 
v 0.016622 0.0249508 0.101175 
v 0.01662 0.0246833 0.100756 
v 0.0166027 0.0247979 0.100775 
v 0.0165723 0.0249093 0.100795 
v 0.0165695 0.0250511 0.10121 
v 0.016529 0.025016 0.100817 
v 0.0165664 0.0247247 0.100417 
v 0.0165471 0.0248393 0.100427 
v 0.0165146 0.0249507 0.100438 
v 0.0164736 0.0251165 0.100842 
v 0.0164694 0.0250574 0.100451 
v 0.0165501 0.0247373 0.0997731 
v 0.0165301 0.0248518 0.0997676 
v 0.0164971 0.0249632 0.0997615 
v 0.0164121 0.0251581 0.100464 
v 0.0164512 0.02507 0.0997548 
v 0.0166071 0.0246933 0.0993098 
v 0.0165893 0.0248079 0.0992932 
v 0.0165583 0.0249193 0.0992746 
v 0.0163933 0.0251707 0.0997476 
v 0.0165146 0.025026 0.0992541 
v 0.0167851 0.0245542 0.0986725 
v 0.016774 0.0246689 0.098641 
v 0.0167497 0.0247803 0.0986053 
v 0.0164587 0.0251266 0.0992322 
v 0.0167125 0.0248868 0.098566 
v 0.0169576 0.0244169 0.0982832 
v 0.016953 0.0245317 0.0982428 
v 0.0169352 0.0246431 0.0981969 
v 0.0166629 0.024987 0.0985236 
v 0.0169043 0.0247495 0.0981461 
v 0.0173341 0.0241078 0.0976916 
v 0.0173438 0.0242231 0.0976388 
v 0.0173401 0.0243346 0.0975778 
v 0.0168608 0.0248491 0.0980912 
v 0.017323 0.0244406 0.0975096 
v 0.0175691 0.0239084 0.097417 
v 0.0175877 0.024024 0.0973592 
v 0.0175928 0.0241357 0.0972915 
v 0.0172929 0.0245393 0.0974353 
v 0.0175845 0.0242414 0.0972153 
v 0.0181498 0.0233931 0.0969149 
v 0.0181902 0.0235097 0.0968497 
v 0.0182173 0.0236217 0.096771 
v 0.0175627 0.0243395 0.0971318 
v 0.0182307 0.023727 0.0966803 
v 0.0184292 0.0231331 0.096737 
v 0.01848 0.0232503 0.0966703 
v 0.0185178 0.0233627 0.0965883 
v 0.01823 0.0238234 0.0965794 
v 0.0185416 0.0234677 0.0964925 
v 0.0185512 0.0235633 0.0963851 
v 0.0185461 0.0236475 0.0962682 
v 0.0192478 0.022323 0.0963862 
v 0.0193286 0.0224426 0.0963212 
v 0.0193974 0.0225562 0.0962351 
v 0.0194526 0.0226608 0.0961299 
v 0.0194928 0.0227539 0.0960083 
v 0.0197928 0.0217401 0.0962685 
v 0.0198929 0.0218619 0.0962091 
v 0.0199824 0.0219767 0.0961243 
v 0.0200589 0.0220812 0.0960165 
v 0.0195169 0.0228331 0.0958734 
v 0.0201201 0.0221724 0.0958888 
v 0.0208061 0.02055 0.0962638 
v 0.02094 0.0206776 0.0962238 
v 0.0210677 0.020796 0.0961497 
v 0.0211848 0.0209008 0.0960442 
v 0.0201643 0.0222479 0.0957448 
v 0.0212871 0.0209883 0.0959111 
v 0.0219372 0.020024 0.0962375 
v 0.0213708 0.0210553 0.0957552 
v 0.0220689 0.0201086 0.0961053 
v 0.0221814 0.0201686 0.0959449 
v -0.0218252 0.020674 0.115 
v -0.0168707 0.0248824 0.115 
v -0.0251288 0.0163282 0.115 
v -0.0257593 0.0154988 0.115 
v 0.0194621 -0.0229125 0.115 
v 0.0140815 -0.0265606 0.115 
v 0.0239325 -0.018193 0.115 
v 0.027284 -0.0126229 0.115 
v 0.0264622 -0.0142655 0.112293 
v 0.0265835 -0.0140382 0.112075 
v 0.0266785 -0.0138569 0.111806 
v 0.0267436 -0.0137307 0.111499 
v 0.0258234 -0.0153918 0.112506 
v 0.0259925 -0.0151044 0.11256 
v 0.0253906 -0.0160956 0.111946 
v 0.0255144 -0.0158988 0.112191 
v 0.0256612 -0.0156606 0.11238 
v 0.0252969 -0.0162426 0.111656 
v 0.0252383 -0.0163334 0.111336 
v 0.0261604 -0.0148118 0.112542 
v 0.0263192 -0.0145276 0.112452 
v 0.0252184 -0.0163641 0.111 
v 0.0252383 -0.0163334 0.110664 
v 0.0256612 -0.0156606 0.10962 
v 0.0255144 -0.0158988 0.109809 
v 0.0258234 -0.0153918 0.109494 
v 0.0259925 -0.0151044 0.10944 
v 0.0253906 -0.0160956 0.110054 
v 0.0261604 -0.0148118 0.109458 
v 0.0252969 -0.0162426 0.110344 
v 0.0263192 -0.0145276 0.109548 
v 0.0264622 -0.0142655 0.109707 
v 0.0266785 -0.0138569 0.110194 
v 0.0265835 -0.0140382 0.109925 
v 0.0267436 -0.0137307 0.110501 
v 0.0267768 -0.0136659 0.110831 
v 0.0267768 -0.0136659 0.111169 
v 0.0293597 -0.00646255 0.115 
v 0.0276533 -0.0115269 0.115 
v 0.0297976 -0.00243563 0.115 
v 0.0300625 -5.52239e-18 0.115 
v 0.0293597 0.00646255 0.115 
v 0.0298042 0.00237541 0.115 
v 0.0128004 -0.0271924 0.115 
v -0.0168707 -0.0248824 0.115 
v -0.0128004 -0.0271716 0.115 
v 0.027284 0.0126229 0.115 
v 0.0239325 0.018193 0.115 
v 0.0257038 0.0152492 0.115 
v 0.0194621 0.0229125 0.115 
v 0.0140815 0.0265606 0.115 
v 0.0128004 0.027071 0.115 
v 0.00845345 0.028803 0.115 
v 0.00804257 0.0289667 0.115 
v -0.00113437 0.0300411 0.112075 
v -0.00486357 0.0296665 0.115 
v -0.00363999 0.0297328 0.115 
v -0.000578341 0.0300569 0.112452 
v -0.000876855 0.0300497 0.112293 
v 1.79978e-17 0.0299302 0.115 
v -0.000252784 0.0300614 0.112542 
v -0.00133884 0.0300327 0.111806 
v 8.4592e-05 0.0300624 0.11256 
v -0.00148071 0.030026 0.111499 
v 0.00162755 0.0300184 0.115 
v 0.000418013 0.0300596 0.112506 
v 0.000731888 0.0300536 0.11238 
v 0.0012439 0.0300368 0.111946 
v 0.00101154 0.0300455 0.112191 
v 0.00141809 0.030029 0.111656 
v 0.00152597 0.0300237 0.111336 
v 0.0015625 0.0300219 0.111 
v 0.00152597 0.0300237 0.110664 
v 0.000731888 0.0300536 0.10962 
v 0.00101154 0.0300455 0.109809 
v 0.0012439 0.0300368 0.110054 
v 0.00141809 0.030029 0.110344 
v 8.4592e-05 0.0300624 0.10944 
v -0.000252784 0.0300614 0.109458 
v -0.000578341 0.0300569 0.109548 
v -0.00133884 0.0300327 0.110194 
v -0.00113437 0.0300411 0.109925 
v -0.00148071 0.030026 0.110501 
v -0.000876855 0.0300497 0.109707 
v -0.00155334 0.0300223 0.110831 
v -0.00155334 0.0300223 0.111169 
v 0.000418013 0.0300596 0.109494 
v -0.0111273 0.0279274 0.115 
v -0.0128004 0.0270403 0.115 
v -0.0284888 0.009599 0.115 
v -0.0258748 0.0152492 0.115 
v -0.0298863 0.00325033 0.115 
v -0.0298863 -0.00243563 0.115 
v -0.0298863 0.00237541 0.115 
v -0.0298863 -0.00325033 0.115 
v -0.0218252 -0.020674 0.115 
v -0.0255854 -0.0157842 0.109707 
v -0.0257409 -0.0155293 0.109548 
v -0.0254492 -0.0160029 0.109925 
v -0.0253396 -0.0161758 0.110194 
v -0.0252629 -0.0162953 0.110501 
v -0.0252234 -0.0163564 0.110831 
v -0.0252234 -0.0163564 0.111169 
v -0.0251288 -0.0163282 0.115 
v -0.0255854 -0.0157842 0.112293 
v -0.0257409 -0.0155293 0.112452 
v -0.0254492 -0.0160029 0.112075 
v -0.0257593 -0.0154988 0.115 
v -0.0257591 -0.0154987 0.112461 
v -0.0253396 -0.0161758 0.111806 
v -0.0252629 -0.0162953 0.111499 
v -0.0257591 -0.0154987 0.109539 
v -0.0275969 -0.0115269 0.115 
v -0.0263931 -0.014393 0.11238 
v -0.0262414 -0.0146678 0.112506 
v -0.0266345 -0.0139411 0.111946 
v -0.0265259 -0.0141467 0.112191 
v -0.0284888 -0.009599 0.115 
v -0.026715 -0.0137864 0.111656 
v -0.0267643 -0.0136903 0.111336 
v -0.0260771 -0.0149579 0.11256 
v -0.0267809 -0.0136578 0.111 
v -0.0267643 -0.0136903 0.110664 
v -0.0263931 -0.014393 0.10962 
v -0.0265259 -0.0141467 0.109809 
v -0.0262414 -0.0146678 0.109494 
v -0.0266345 -0.0139411 0.110054 
v -0.0260771 -0.0149579 0.10944 
v -0.026715 -0.0137864 0.110344 
v -0.0259076 -0.0152496 0.109458 
v -0.0259076 -0.0152496 0.112542 
v 0.0172063 -0.0116961 0.110664 
v 0.0171881 -0.0117278 0.111 
v 0.0172603 -0.0116027 0.110344 
v 0.0173474 -0.0114518 0.110054 
v 0.0174636 -0.0112506 0.109809 
v 0.0176034 -0.0110084 0.10962 
v 0.0177603 -0.0107366 0.109494 
v 0.017927 -0.0104479 0.10944 
v 0.0180957 -0.0101557 0.109458 
v 0.0182585 -0.00987373 0.109548 
v 0.0184077 -0.00961521 0.109707 
v 0.0185365 -0.0093922 0.109925 
v 0.0186387 -0.00921512 0.110194 
v 0.0187097 -0.00909226 0.110501 
v 0.018746 -0.00902936 0.111169 
v 0.018746 -0.00902936 0.110831 
v 0.0187097 -0.00909226 0.111499 
v 0.0186387 -0.00921512 0.111806 
v 0.0185365 -0.0093922 0.112075 
v 0.0184077 -0.00961521 0.112293 
v 0.0182585 -0.00987373 0.112452 
v 0.0180957 -0.0101557 0.112542 
v 0.017927 -0.0104479 0.11256 
v 0.0177603 -0.0107366 0.112506 
v 0.0176034 -0.0110084 0.11238 
v 0.0174636 -0.0112506 0.112191 
v 0.0173474 -0.0114518 0.111946 
v 0.0172603 -0.0116027 0.111656 
v 0.0172063 -0.0116961 0.111336 
v 0.00152597 0.0207492 0.110664 
v 0.0015625 0.0207492 0.111 
v 0.00141809 0.0207492 0.110344 
v 0.0012439 0.0207492 0.110054 
v 0.00101154 0.0207492 0.109809 
v 0.000731888 0.0207492 0.10962 
v 0.000418013 0.0207492 0.109494 
v 8.4592e-05 0.0207492 0.10944 
v -0.000252784 0.0207492 0.109458 
v 6.22375e-19 0.0207492 0.109438 
v -0.000578341 0.0207492 0.109548 
v -0.000876855 0.0207492 0.109707 
v -0.00113437 0.0207492 0.109925 
v -0.00133884 0.0207492 0.110194 
v -0.00148071 0.0207492 0.110501 
v -0.00155334 0.0207492 0.111169 
v -0.00155334 0.0207492 0.110831 
v -0.00148071 0.0207492 0.111499 
v -0.00133884 0.0207492 0.111806 
v -0.00113437 0.0207492 0.112075 
v -0.000876855 0.0207492 0.112293 
v -0.000578341 0.0207492 0.112452 
v -0.000252784 0.0207492 0.112542 
v 8.4592e-05 0.0207492 0.11256 
v 0.000418013 0.0207492 0.112506 
v 0.000731888 0.0207492 0.11238 
v 0.00101154 0.0207492 0.112191 
v 0.0012439 0.0207492 0.111946 
v 0.00141809 0.0207492 0.111656 
v 0.00152597 0.0207492 0.111336 
v -0.0187323 -0.00905306 0.110664 
v -0.0187506 -0.00902143 0.111 
v -0.0186784 -0.00914649 0.110344 
v -0.0185913 -0.00929735 0.110054 
v -0.0184751 -0.00949857 0.109809 
v -0.0183353 -0.00974076 0.10962 
v -0.0181783 -0.0100126 0.109494 
v -0.0180116 -0.0103013 0.10944 
v -0.0178429 -0.0105935 0.109458 
v -0.0176802 -0.0108755 0.109548 
v -0.0175309 -0.011134 0.109707 
v -0.0174021 -0.011357 0.109925 
v -0.0172999 -0.0115341 0.110194 
v -0.017229 -0.0116569 0.110501 
v -0.0171927 -0.0117198 0.111169 
v -0.0171927 -0.0117198 0.110831 
v -0.017229 -0.0116569 0.111499 
v -0.0172999 -0.0115341 0.111806 
v -0.0174021 -0.011357 0.112075 
v -0.0175309 -0.011134 0.112293 
v -0.0176802 -0.0108755 0.112452 
v -0.0178429 -0.0105935 0.112542 
v -0.0180116 -0.0103013 0.11256 
v -0.0181783 -0.0100126 0.112506 
v -0.0183353 -0.00974076 0.11238 
v -0.0184751 -0.00949857 0.112191 
v -0.0185913 -0.00929735 0.111946 
v -0.0186784 -0.00914649 0.111656 
v -0.0187323 -0.00905306 0.111336 
v 0.0201951 -0.00651943 0.11 
v 0.0201951 -0.00651943 0.115 
v 0.0200442 -0.00678081 0.109104 
v 0.0198041 -0.00719662 0.108289 
v 0.0194852 -0.00774898 0.107591 
v 0.0157435 -0.0142298 0.115 
v 0.017304 -0.0115269 0.115 
v 0.0191012 -0.00841417 0.107039 
v 0.0177329 -0.0107841 0.106462 
v 0.0172702 -0.0115856 0.106657 
v 0.0168375 -0.012335 0.107039 
v 0.0161345 -0.0135526 0.108289 
v 0.0158944 -0.0139684 0.109104 
v 0.0157435 -0.0142298 0.11 
v 0.0164534 -0.0130002 0.107591 
v 0.0186685 -0.0091636 0.106657 
v 0.0182058 -0.00996506 0.106462 
v 0.017597 -0.00501943 0.11 
v 0.0174461 -0.00528081 0.109104 
v 0.0172061 -0.00569662 0.108289 
v 0.0168871 -0.00624898 0.107591 
v 0.0165031 -0.00691417 0.107039 
v 0.0160704 -0.0076636 0.106657 
v 0.0156077 -0.00846506 0.106462 
v 0.0151348 -0.00928412 0.106462 
v 0.0146721 -0.0100856 0.106657 
v 0.0142394 -0.010835 0.107039 
v 0.0138553 -0.0115002 0.107591 
v 0.0135364 -0.0120526 0.108289 
v 0.0132964 -0.0124684 0.109104 
v 0.0131455 -0.0127298 0.11 
v 0.0131455 -0.0127298 0.115 
v 0.017597 -0.00501943 0.115 
v 0.0146622 -0.0101027 0.110344 
v 0.0146083 -0.0101961 0.110664 
v 0.0147493 -0.00995184 0.110054 
v 0.0146083 -0.0101961 0.111336 
v 0.01459 -0.0102278 0.111 
v 0.0148655 -0.00975061 0.109809 
v 0.0138399 -0.0115269 0.115 
v 0.0150053 -0.00950843 0.11238 
v 0.0151622 -0.0092366 0.112506 
v 0.0147493 -0.00995184 0.111946 
v 0.0148655 -0.00975061 0.112191 
v 0.0151622 -0.0092366 0.109494 
v 0.0150053 -0.00950843 0.10962 
v 0.0153289 -0.00894785 0.10944 
v 0.0160407 -0.00771512 0.110194 
v 0.0159384 -0.0078922 0.109925 
v 0.0161116 -0.00759226 0.110501 
v 0.0153289 -0.00894785 0.11256 
v 0.0154976 -0.00865567 0.112542 
v 0.0146622 -0.0101027 0.111656 
v 0.0158097 -0.00811521 0.109707 
v 0.0161479 -0.00752936 0.110831 
v 0.0159384 -0.0078922 0.112075 
v 0.0160407 -0.00771512 0.111806 
v 0.0154976 -0.00865567 0.109458 
v 0.0156604 -0.00837373 0.109548 
v 0.0161479 -0.00752936 0.111169 
v 0.0161116 -0.00759226 0.111499 
v 0.0158097 -0.00811521 0.112293 
v 0.0156604 -0.00837373 0.112452 
v 0.0102781 -0.00769612 0.110664 
v 0.0102599 -0.00772776 0.111 
v 0.0103321 -0.00760269 0.110344 
v 0.0104192 -0.00745184 0.110054 
v 0.0105353 -0.00725061 0.109809 
v 0.0106752 -0.00700843 0.10962 
v 0.0108321 -0.0067366 0.109494 
v 0.0109988 -0.00644785 0.10944 
v 0.0111675 -0.00615567 0.109458 
v 0.0113303 -0.00587373 0.109548 
v 0.0114795 -0.00561521 0.109707 
v 0.0116083 -0.0053922 0.109925 
v 0.0117105 -0.00521512 0.110194 
v 0.0117815 -0.00509226 0.110501 
v 0.0118178 -0.00502936 0.110831 
v 0.0118178 -0.00502936 0.111169 
v 0.0117815 -0.00509226 0.111499 
v 0.0117105 -0.00521512 0.111806 
v 0.0116083 -0.0053922 0.112075 
v 0.0114795 -0.00561521 0.112293 
v 0.0113303 -0.00587373 0.112452 
v 0.0111675 -0.00615567 0.112542 
v 0.0109988 -0.00644785 0.11256 
v 0.0108321 -0.0067366 0.112506 
v 0.0106752 -0.00700843 0.11238 
v 0.0105353 -0.00725061 0.112191 
v 0.0104192 -0.00745184 0.111946 
v 0.0103321 -0.00760269 0.111656 
v 0.0102781 -0.00769612 0.111336 
v 0.0124553 -0.0039251 0.115 
v 0.0124553 -0.0039251 0.11 
v 0.0123238 -0.0041529 0.109445 
v 0.0121385 -0.00447389 0.108955 
v 0.0119071 -0.00487459 0.108551 
v 0.0096269 -0.00882408 0.11 
v 0.0096269 -0.00882408 0.115 
v 0.0107355 -0.00690388 0.108063 
v 0.0104428 -0.00741097 0.108249 
v 0.00975842 -0.00859628 0.109445 
v 0.0116395 -0.00533821 0.108249 
v 0.0113467 -0.0058453 0.108063 
v 0.0101751 -0.00787459 0.108551 
v 0.00994374 -0.0082753 0.108955 
v 0.0110411 -0.00637459 0.108 
v 0.0025718 -0.00475082 0.11 
v 0.0025718 -0.00475082 0.115 
v 0.00845345 -0.00814659 0.115 
v 0.00987549 -0.00243563 0.115 
v 0.00845345 -0.00161461 0.115 
v 0.00540023 0.000148164 0.11 
v 0.00540023 0.000148164 0.115 
v 0.00366961 0.0207492 0.108289 
v 0.00414974 0.0207492 0.109104 
v 0.00445156 0.0207492 0.11 
v 0.00445156 0.0207492 0.115 
v -0.00363999 0.0207492 0.115 
v -0.00445156 0.0207492 0.11 
v 0.000472886 0.0207492 0.106462 
v 0.00139834 0.0207492 0.106657 
v -0.00445156 0.0207492 0.115 
v -0.00414974 0.0207492 0.109104 
v -0.00366961 0.0207492 0.108289 
v -0.00303179 0.0207492 0.107591 
v -0.0022637 0.0207492 0.107039 
v 0.0022637 0.0207492 0.107039 
v 0.00303179 0.0207492 0.107591 
v 1.75099e-17 0.0207492 0.115 
v -0.00139834 0.0207492 0.106657 
v -0.000472886 0.0207492 0.106462 
v -0.00445156 0.0177492 0.11 
v -0.00414974 0.0177492 0.109104 
v -0.00366961 0.0177492 0.108289 
v -0.00303179 0.0177492 0.107591 
v -0.0022637 0.0177492 0.107039 
v -0.00139834 0.0177492 0.106657 
v -0.000472886 0.0177492 0.106462 
v 0.000472886 0.0177492 0.106462 
v 0.00139834 0.0177492 0.106657 
v 0.0022637 0.0177492 0.107039 
v 0.00303179 0.0177492 0.107591 
v 0.00366961 0.0177492 0.108289 
v 0.00414974 0.0177492 0.109104 
v 0.00445156 0.0177492 0.11 
v -0.00445156 0.0177492 0.115 
v 0.00445156 0.0177492 0.115 
v 0.00152597 0.0177492 0.111336 
v 4.8466e-19 0.0177492 0.109438 
v 0.00141809 0.0177492 0.111656 
v 8.4592e-05 0.0177492 0.10944 
v 0.000418013 0.0177492 0.109494 
v -0.000252784 0.0177492 0.109458 
v 0.0015625 0.0177492 0.111 
v 0.00141809 0.0177492 0.110344 
v 0.00152597 0.0177492 0.110664 
v 0.0012439 0.0177492 0.110054 
v -0.000578341 0.0177492 0.109548 
v 0.000731888 0.0177492 0.10962 
v -0.00155334 0.0177492 0.110831 
v -0.00148071 0.0177492 0.110501 
v -0.00113437 0.0177492 0.112075 
v -0.00363999 0.0177492 0.115 
v 0.00101154 0.0177492 0.109809 
v -0.00113437 0.0177492 0.109925 
v -0.000876855 0.0177492 0.109707 
v -0.00133884 0.0177492 0.110194 
v -0.00155334 0.0177492 0.111169 
v -0.00148071 0.0177492 0.111499 
v -0.000876855 0.0177492 0.112293 
v 1.75099e-17 0.0177492 0.115 
v 0.000731888 0.0177492 0.11238 
v 0.0012439 0.0177492 0.111946 
v -0.00133884 0.0177492 0.111806 
v -0.000252784 0.0177492 0.112542 
v -0.000578341 0.0177492 0.112452 
v 0.000418013 0.0177492 0.112506 
v 8.4592e-05 0.0177492 0.11256 
v 0.00101154 0.0177492 0.112191 
v 0.00152597 0.0127492 0.110664 
v 0.0015625 0.0127492 0.111 
v 0.00141809 0.0127492 0.110344 
v 0.0012439 0.0127492 0.110054 
v 0.00101154 0.0127492 0.109809 
v 0.000731888 0.0127492 0.10962 
v 0.000418013 0.0127492 0.109494 
v 8.4592e-05 0.0127492 0.10944 
v -0.000252784 0.0127492 0.109458 
v -0.000578341 0.0127492 0.109548 
v -0.000876855 0.0127492 0.109707 
v -0.00113437 0.0127492 0.109925 
v -0.00133884 0.0127492 0.110194 
v -0.00148071 0.0127492 0.110501 
v -0.00155334 0.0127492 0.110831 
v -0.00155334 0.0127492 0.111169 
v -0.00148071 0.0127492 0.111499 
v -0.00133884 0.0127492 0.111806 
v -0.00113437 0.0127492 0.112075 
v -0.000876855 0.0127492 0.112293 
v -0.000578341 0.0127492 0.112452 
v -0.000252784 0.0127492 0.112542 
v 8.4592e-05 0.0127492 0.11256 
v 0.000418013 0.0127492 0.112506 
v 0.000731888 0.0127492 0.11238 
v 0.00101154 0.0127492 0.112191 
v 0.0012439 0.0127492 0.111946 
v 0.00141809 0.0127492 0.111656 
v 0.00152597 0.0127492 0.111336 
v -0.00282843 0.0127492 0.11 
v -0.00282843 0.0127492 0.115 
v -0.00219475 0.0127492 0.108955 
v -0.00173205 0.0127492 0.108551 
v 0.00256539 0.0127492 0.109445 
v 0.00282843 0.0127492 0.11 
v 1.75099e-17 0.0127492 0.115 
v -0.00256539 0.0127492 0.109445 
v 0.00219475 0.0127492 0.108955 
v -0.000611171 0.0127492 0.108063 
v 5.51091e-19 0.0127492 0.108 
v 0.000611171 0.0127492 0.108063 
v 0.00119671 0.0127492 0.108249 
v 0.00282843 0.0127492 0.115 
v -0.00119671 0.0127492 0.108249 
v 0.00173205 0.0127492 0.108551 
v -0.00282843 0.00460265 0.115 
v -0.00282843 0.00460265 0.11 
v 0.00282843 0.00460265 0.11 
v 0.00282843 0.00460265 0.115 
v -0.0157435 -0.0142298 0.11 
v -0.0157435 -0.0142298 0.115 
v -0.0158944 -0.0139684 0.109104 
v -0.0161345 -0.0135526 0.108289 
v -0.0164534 -0.0130002 0.107591 
v -0.0168375 -0.012335 0.107039 
v -0.0201951 -0.00651943 0.115 
v -0.017304 -0.0115269 0.115 
v -0.0201951 -0.00651943 0.11 
v -0.0182058 -0.00996506 0.106462 
v -0.0186685 -0.0091636 0.106657 
v -0.0191012 -0.00841417 0.107039 
v -0.0172702 -0.0115856 0.106657 
v -0.0177329 -0.0107841 0.106462 
v -0.0194852 -0.00774898 0.107591 
v -0.0198041 -0.00719662 0.108289 
v -0.0200442 -0.00678081 0.109104 
v -0.0174461 -0.00528081 0.109104 
v -0.017597 -0.00501943 0.11 
v -0.0172061 -0.00569662 0.108289 
v -0.0168871 -0.00624898 0.107591 
v -0.0165031 -0.00691417 0.107039 
v -0.0160704 -0.0076636 0.106657 
v -0.0156077 -0.00846506 0.106462 
v -0.0151348 -0.00928412 0.106462 
v -0.0146721 -0.0100856 0.106657 
v -0.0142394 -0.010835 0.107039 
v -0.0138553 -0.0115002 0.107591 
v -0.0135364 -0.0120526 0.108289 
v -0.0132964 -0.0124684 0.109104 
v -0.0131455 -0.0127298 0.11 
v -0.0131455 -0.0127298 0.115 
v -0.017597 -0.00501943 0.115 
v -0.0159932 -0.00779735 0.110054 
v -0.0160803 -0.00764649 0.110344 
v -0.015877 -0.00799857 0.109809 
v -0.0161342 -0.00755306 0.111336 
v -0.0161342 -0.00755306 0.110664 
v -0.0155803 -0.00851258 0.112506 
v -0.0154135 -0.00880133 0.11256 
v -0.0160803 -0.00764649 0.111656 
v -0.0161525 -0.00752143 0.111 
v -0.0157372 -0.00824076 0.11238 
v -0.0159932 -0.00779735 0.111946 
v -0.0155803 -0.00851258 0.109494 
v -0.0157372 -0.00824076 0.10962 
v -0.0154135 -0.00880133 0.10944 
v -0.015877 -0.00799857 0.112191 
v -0.0146309 -0.0101569 0.111499 
v -0.0148041 -0.00985698 0.112075 
v -0.0147018 -0.0100341 0.111806 
v -0.0138399 -0.0115269 0.115 
v -0.0145946 -0.0102198 0.110831 
v -0.0146309 -0.0101569 0.110501 
v -0.0145946 -0.0102198 0.111169 
v -0.0149328 -0.00963397 0.112293 
v -0.0152449 -0.00909351 0.109458 
v -0.0148041 -0.00985698 0.109925 
v -0.0149328 -0.00963397 0.109707 
v -0.0147018 -0.0100341 0.110194 
v -0.01459 -0.0102278 0.111 
v -0.0152449 -0.00909351 0.112542 
v -0.0150821 -0.00937545 0.112452 
v -0.0150821 -0.00937545 0.109548 
v -0.0118041 -0.00505306 0.110664 
v -0.0118224 -0.00502143 0.111 
v -0.0117502 -0.00514649 0.110344 
v -0.0116631 -0.00529735 0.110054 
v -0.0115469 -0.00549857 0.109809 
v -0.0114071 -0.00574076 0.10962 
v -0.0112501 -0.00601258 0.109494 
v -0.0110834 -0.00630133 0.10944 
v -0.0109147 -0.00659351 0.109458 
v -0.0107519 -0.00687545 0.109548 
v -0.0106027 -0.00713397 0.109707 
v -0.0104739 -0.00735698 0.109925 
v -0.0103717 -0.00753406 0.110194 
v -0.0103008 -0.00765692 0.110501 
v -0.0102644 -0.00771982 0.110831 
v -0.0102644 -0.00771982 0.111169 
v -0.0103008 -0.00765692 0.111499 
v -0.0103717 -0.00753406 0.111806 
v -0.0104739 -0.00735698 0.112075 
v -0.0106027 -0.00713397 0.112293 
v -0.0107519 -0.00687545 0.112452 
v -0.0109147 -0.00659351 0.112542 
v -0.0110834 -0.00630133 0.11256 
v -0.0112501 -0.00601258 0.112506 
v -0.0114071 -0.00574076 0.11238 
v -0.0115469 -0.00549857 0.112191 
v -0.0116631 -0.00529735 0.111946 
v -0.0117502 -0.00514649 0.111656 
v -0.0118041 -0.00505306 0.111336 
v 1.75099e-17 0.00460265 0.115 
v 0.00390847 -0.00243563 0.115 
v -0.00363999 -0.00290065 0.115 
v -0.0025718 -0.00475082 0.115 
v -0.00363999 -0.00536754 0.115 
v -0.0096269 -0.00882408 0.115 
v -0.0124553 -0.0039251 0.115 
v -0.00987549 -0.00243563 0.115 
v -0.00540023 0.000148164 0.115 
v -0.00390847 -0.00243563 0.115 
v -0.0251288 0.00237541 0.115 
v -0.0251288 -0.00243563 0.115 
v -0.0128004 -0.00243563 0.115 
v -0.00363999 0.00237541 0.115 
v -0.00363999 -0.00243563 0.115 
v 1.64799e-17 -0.00243563 0.115 
v -0.0251288 0.0152492 0.115 
v -0.0128004 0.00237541 0.115 
v -0.0128004 0.0152492 0.115 
v 0.00845345 0.0152492 0.115 
v 0.00845345 0.00237541 0.115 
v 0.0128004 0.00237541 0.115 
v 1.64799e-17 0.0152492 0.115 
v -0.00363999 0.0152492 0.115 
v 1.64799e-17 0.00237541 0.115 
v 1.64799e-17 -0.0115269 0.115 
v 0.00845345 -0.0115269 0.115 
v 0.0128004 -0.0115269 0.115 
v 0.0128004 -0.00243563 0.115 
v -0.0128004 -0.0115269 0.115 
v -0.00363999 -0.0115269 0.115 
v -0.0251288 -0.0115269 0.115 
v 0.0128004 0.0152492 0.115 
v -0.0096269 -0.00882408 0.11 
v -0.00975842 -0.00859628 0.109445 
v -0.00994374 -0.0082753 0.108955 
v -0.0124553 -0.0039251 0.11 
v -0.0101751 -0.00787459 0.108551 
v -0.0113467 -0.0058453 0.108063 
v -0.0116395 -0.00533821 0.108249 
v -0.0123238 -0.0041529 0.109445 
v -0.0104428 -0.00741097 0.108249 
v -0.0107355 -0.00690388 0.108063 
v -0.0119071 -0.00487459 0.108551 
v -0.0121385 -0.00447389 0.108955 
v -0.0110411 -0.00637459 0.108 
v -0.0025718 -0.00475082 0.11 
v -0.00540023 0.000148164 0.11 
v 0.00526871 -7.96353e-05 0.109445 
v 0.00508339 -0.00040062 0.108955 
v 0.00485204 -0.000801325 0.108551 
v 0.00458437 -0.00126495 0.108249 
v 0.0042916 -0.00177204 0.108063 
v 0.00398601 -0.00230133 0.108 
v 0.00368043 -0.00283062 0.108063 
v 0.00338766 -0.0033377 0.108249 
v 0.00311999 -0.00380133 0.108551 
v 0.00288864 -0.00420203 0.108955 
v 0.00274288 -0.00475082 0.109785 
v 0.00270332 -0.00452302 0.109445 
v 0.00265734 -0.00460265 0.109608 
v 0.00548577 -1.17094e-17 0.109785 
v 0.00531468 -1.00598e-17 0.109608 
v 0.00540023 0.000148164 0.109455 
v 0.0025718 -0.00475082 0.109455 
v -0.00270332 -0.00452302 0.109445 
v -0.00288864 -0.00420203 0.108955 
v -0.00311999 -0.00380133 0.108551 
v -0.00338766 -0.0033377 0.108249 
v -0.00368043 -0.00283062 0.108063 
v -0.00398601 -0.00230133 0.108 
v -0.0042916 -0.00177204 0.108063 
v -0.00458437 -0.00126495 0.108249 
v -0.00485204 -0.000801325 0.108551 
v -0.00508339 -0.00040062 0.108955 
v -0.00548577 -1.04083e-17 0.109785 
v -0.00526871 -7.96353e-05 0.109445 
v -0.00531468 -9.88949e-18 0.109608 
v -0.00274288 -0.00475082 0.109785 
v -0.00265734 -0.00460265 0.109608 
v -0.0025718 -0.00475082 0.109455 
v -0.00540023 0.000148164 0.109455 
v -0.00256539 0.00460265 0.109445 
v -0.00219475 0.00460265 0.108955 
v -0.00173205 0.00460265 0.108551 
v -0.00119671 0.00460265 0.108249 
v -0.000611171 0.00460265 0.108063 
v -8.62107e-19 0.00460265 0.108 
v 0.000611171 0.00460265 0.108063 
v 0.00119671 0.00460265 0.108249 
v 0.00173205 0.00460265 0.108551 
v 0.00219475 0.00460265 0.108955 
v 0.00274288 0.00475082 0.109785 
v 0.00256539 0.00460265 0.109445 
v 0.00265734 0.00460265 0.109608 
v -0.00274288 0.00475082 0.109785 
v -0.00265734 0.00460265 0.109608 
v -0.00282843 0.00460265 0.109455 
v 0.00282843 0.00460265 0.109455 
vn 1.24707e-16 1 0 
vn 0.883512 0 -0.468408 
vn 0.762162 0 -0.647386 
vn 0.96355 0 -0.267528 
vn 0.883512 0 -0.468408 
vn 0.998533 0 -0.0541389 
vn 0.96355 0 -0.267528 
vn 0.986827 0 0.161782 
vn 0.998533 0 -0.0541389 
vn 0.928977 0 0.370138 
vn 0.986827 0 0.161782 
vn 0.827689 0 0.561187 
vn 0.928977 0 0.370138 
vn -0.928977 0 0.370138 
vn -0.827689 0 0.561187 
vn -0.986827 0 0.161782 
vn -0.928977 0 0.370138 
vn -0.998533 0 -0.0541389 
vn -0.986827 0 0.161782 
vn -0.96355 0 -0.267528 
vn -0.998533 0 -0.0541389 
vn -0.883512 0 -0.468408 
vn -0.96355 0 -0.267528 
vn -0.762162 0 -0.647386 
vn -0.883512 0 -0.468408 
vn 0.605174 0 -0.796093 
vn 0.707107 0 -0.707107 
vn 0.419889 0 -0.907575 
vn 0.21497 0 -0.976621 
vn 2.44929e-16 0 -1 
vn -0.21497 0 -0.976621 
vn -0.419889 0 -0.907575 
vn -0.605174 0 -0.796093 
vn -0.762162 0 -0.647386 
vn -0.707107 0 -0.707107 
vn -0.687699 0 0.725995 
vn -0.707107 0 0.707107 
vn -0.515554 0 0.856857 
vn -0.319302 0 0.947653 
vn -0.108119 0 0.994138 
vn 0.108119 0 0.994138 
vn 0.319302 0 0.947653 
vn 0.515554 0 0.856857 
vn 0.687699 0 0.725995 
vn 0.827689 0 0.561187 
vn 0.707107 0 0.707107 
vn -0.707107 0 -0.707107 
vn 1.24707e-16 1 0 
vn -0.707107 0 0.707107 
vn -0.573576 0 -0.819152 
vn -0.707107 0 -0.707107 
vn -0.422618 0 -0.906308 
vn -0.573576 0 -0.819152 
vn -0.258819 0 -0.965926 
vn -0.422618 0 -0.906308 
vn 1.24707e-16 1 0 
vn 0.965926 0 -0.258819 
vn 0.707107 -8.8181e-17 0.707107 
vn 0.55557 -6.92833e-17 -0.83147 
vn 0.707107 -8.8181e-17 -0.707107 
vn 0.382683 -4.77232e-17 -0.92388 
vn 0.55557 -6.92833e-17 -0.83147 
vn 0.19509 -2.43291e-17 -0.980785 
vn 0.235294 -2.93428e-17 -0.971924 
vn 0.382683 -4.77232e-17 -0.92388 
vn 1.60812e-16 -2.00544e-32 -1 
vn 0.19509 -2.43291e-17 -0.980785 
vn -0.19509 2.43291e-17 -0.980785 
vn 1.60812e-16 0 -1 
vn -0.382683 4.77232e-17 -0.92388 
vn -0.258819 3.22765e-17 -0.965926 
vn -0.19509 2.04085e-17 -0.980785 
vn -0.55557 6.92833e-17 -0.83147 
vn -0.707107 8.8181e-17 -0.707107 
vn -0.258819 3.22765e-17 -0.965926 
vn -0.052336 6.52664e-18 -0.99863 
vn 0.156434 -1.95084e-17 -0.987688 
vn -0.258819 3.22765e-17 -0.965926 
vn -0.052336 6.52664e-18 -0.99863 
vn 0.358368 -4.46909e-17 -0.93358 
vn 0.258819 -3.22765e-17 -0.965926 
vn 0.544639 0 -0.838671 
vn 0.707107 -8.8181e-17 -0.707107 
vn -0.258819 3.22765e-17 -0.965926 
vn 0 -1 0 
vn -0.965926 1.20457e-16 -0.258819 
vn -1 1.24707e-16 6.07153e-17 
vn 0.707107 0 -0.707107 
vn 0.573576 0 0.819152 
vn 0.707107 0 0.707107 
vn 0.422618 0 0.906308 
vn 0.573576 0 0.819152 
vn 0.258819 0 0.965926 
vn 0.422618 0 0.906308 
vn 1.24707e-16 1 0 
vn -0.965926 0 0.258819 
vn -0.707107 8.8181e-17 -0.707107 
vn -0.55557 6.92833e-17 0.83147 
vn -0.707107 8.8181e-17 0.707107 
vn -0.382683 4.77232e-17 0.92388 
vn -0.55557 6.92833e-17 0.83147 
vn -0.19509 2.43291e-17 0.980785 
vn -0.235294 2.93428e-17 0.971924 
vn -0.382683 4.77232e-17 0.92388 
vn -7.04481e-16 8.78535e-32 1 
vn -0.19509 2.43291e-17 0.980785 
vn 0.19509 -2.43291e-17 0.980785 
vn -7.04481e-16 0 1 
vn 0.382683 -4.77232e-17 0.92388 
vn 0.258819 -3.22765e-17 0.965926 
vn 0.19509 -2.04085e-17 0.980785 
vn 0.55557 -6.92833e-17 0.83147 
vn 0.707107 -8.8181e-17 0.707107 
vn 0.258819 -3.22765e-17 0.965926 
vn 0.052336 -6.52664e-18 0.99863 
vn -0.156434 1.95084e-17 0.987688 
vn 0.258819 -3.22765e-17 0.965926 
vn 0.052336 -6.52664e-18 0.99863 
vn -0.358368 4.46909e-17 0.93358 
vn -0.258819 3.22765e-17 0.965926 
vn -0.544639 0 0.838671 
vn -0.707107 8.8181e-17 0.707107 
vn 0.258819 -3.22765e-17 0.965926 
vn 0 -1 0 
vn 0.965926 -1.20457e-16 0.258819 
vn 1 -1.24707e-16 -6.07153e-17 
vn 0 1 0 
vn 0 0.980785 0.19509 
vn 0 0.927172 0.374636 
vn 0 0.941899 0.335898 
vn 0 0.956438 0.291935 
vn 0 0.969548 0.244903 
vn 0 0.942956 0.332918 
vn 0 0.92388 0.382683 
vn 0 0.960985 0.276599 
vn 0 0.995079 0.0990851 
vn 0 0.995033 0.0995492 
vn 0 1 -1.83697e-16 
vn 0 0.980785 0.19509 
vn 0 0.92388 0.382683 
vn 0 0.995079 -0.0990851 
vn 0 0.995033 -0.0995492 
vn 0 0.980785 -0.19509 
vn 0 1 -3.46945e-16 
vn 0 0.931461 -0.363841 
vn 0 0.94293 -0.33299 
vn 0 0.960985 -0.276599 
vn 0 0.92388 -0.382683 
vn 0 0.9407 -0.339241 
vn 0 0.935792 -0.352553 
vn 0 0.946609 -0.322384 
vn 0 0.945816 -0.324702 
vn 0 0.945443 -0.325787 
vn 0 0.946422 -0.322933 
vn 0 0.94029 -0.340375 
vn 0 0.942826 -0.333285 
vn 0 0.95827 -0.285865 
vn 0 0.935129 -0.354308 
vn 0 0.945092 -0.326805 
vn 0 0.931285 -0.364291 
vn 0 0.943536 -0.33127 
vn 0 1 -1.83697e-16 
vn 0 0.92388 -0.382683 
vn -0.966213 0.171485 0.19242 
vn -0.893791 0.182019 0.409886 
vn -0.908197 0.0036688 0.418527 
vn -0.878821 0 0.477152 
vn -0.874905 0.357144 0.327093 
vn -0.822878 0.518739 0.23191 
vn -0.934409 0.337071 0.11516 
vn -0.73968 0.660685 0.127942 
vn -0.870463 0.491062 0.0339392 
vn -0.628463 0.777605 0.0191272 
vn -0.776573 0.628161 -0.0484494 
vn -0.49344 0.865068 -0.0904118 
vn -0.65597 0.743652 -0.129171 
vn -0.339725 0.919763 -0.196526 
vn -0.512802 0.833562 -0.20545 
vn -0.173142 0.939618 -0.295196 
vn -0.351993 0.894797 -0.274661 
vn 0 0.92388 -0.382683 
vn -0.179077 0.925252 -0.334424 
vn -0.986178 0.161639 -0.0364075 
vn -0.976731 0.00157923 0.214461 
vn -0.964779 0 0.263061 
vn -0.942419 0.318292 -0.102651 
vn -0.869592 0.465129 -0.165728 
vn -0.769943 0.597619 -0.223694 
vn -0.646548 0.711676 -0.27476 
vn -0.50321 0.803783 -0.317352 
vn -0.344352 0.871099 -0.350155 
vn 0 0.92388 -0.382683 
vn -0.174873 0.911547 -0.372159 
vn -0.953052 0.153014 -0.2613 
vn -1 0 0.000255687 
vn -0.999521 0 0.0309588 
vn -0.900831 0.301827 -0.312096 
vn -0.82388 0.442354 -0.354324 
vn -0.72431 0.570738 -0.386824 
vn -0.604857 0.683453 -0.408706 
vn -0.468799 0.777405 -0.419367 
vn -0.31987 0.850016 -0.418516 
vn 0 0.92388 -0.382683 
vn -0.162161 0.899292 -0.406175 
vn -0.871643 0.145876 -0.467931 
vn -0.976698 -0.000454367 -0.214618 
vn -0.907619 -0.000317422 -0.419795 
vn -0.97911 0 -0.203331 
vn -0.816107 0.288189 -0.500915 
vn -0.740638 0.423463 -0.521664 
vn -0.647079 0.548394 -0.529672 
vn -0.537715 0.65993 -0.524742 
vn -0.415217 0.755348 -0.506996 
vn -0.282577 0.832316 -0.476866 
vn 0 0.92388 -0.382683 
vn -0.143035 0.888954 -0.435088 
vn -0.905888 0 -0.423517 
vn -0.902456 0.00822367 -0.430704 
vn -0.904003 -1.09219e-15 -0.427527 
vn -0.868351 0.138666 -0.47617 
vn -0.866061 0.145536 -0.478287 
vn -0.84925 0.191699 -0.491961 
vn -0.813414 0.274178 -0.513015 
vn -0.807088 0.287153 -0.5159 
vn -0.761304 0.370527 -0.532096 
vn -0.740389 0.404138 -0.537119 
vn -0.728966 0.421534 -0.539367 
vn -0.688333 0.478596 -0.545109 
vn -0.651337 0.525356 -0.547504 
vn -0.634144 0.545628 -0.547861 
vn -0.55573 0.627954 -0.544829 
vn -0.524924 0.65658 -0.541626 
vn -0.454978 0.714752 -0.531153 
vn -0.433044 0.731293 -0.526956 
vn -0.308521 0.811231 -0.496707 
vn -0.293558 0.819369 -0.4924 
vn -0.404144 0.751908 -0.520867 
vn -0.164428 0.879525 -0.446542 
vn -0.274413 0.829371 -0.486664 
vn -0.271539 0.830831 -0.485785 
vn 0 0.92388 -0.382683 
vn -0.0849144 0.905128 -0.416572 
vn -0.140743 0.887989 -0.437798 
vn -6.25337e-16 0.92388 -0.382683 
vn 0 0.931461 -0.363841 
vn -0.157493 0.957209 -0.24279 
vn -0.173142 0.939618 -0.295196 
vn -0.308668 0.944553 -0.111999 
vn -0.339725 0.919763 -0.196526 
vn -0.447459 0.894001 0.0232861 
vn -0.49344 0.865068 -0.0904118 
vn -0.568298 0.807582 0.157637 
vn -0.628463 0.777605 0.0191272 
vn -0.666336 0.688762 0.285663 
vn -0.73968 0.660685 0.127942 
vn -0.73764 0.542309 0.402228 
vn -0.822878 0.518739 0.23191 
vn -0.779351 0.374098 0.502656 
vn -0.874905 0.357144 0.327093 
vn -0.789793 0.190878 0.582917 
vn -0.893791 0.182019 0.409886 
vn -0.797128 0.00474831 0.603792 
vn -0.768549 0 0.639791 
vn 0 0.935792 -0.352553 
vn -0.141576 0.967401 -0.209981 
vn -0.277295 0.958989 -0.0587225 
vn -0.401543 0.910903 0.0949654 
vn -0.509179 0.825135 0.244725 
vn -0.59575 0.70523 0.38436 
vn -0.657675 0.556151 0.508094 
vn -0.692393 0.384064 0.610809 
vn -0.698467 0.196088 0.688254 
vn 0 0.9407 -0.339241 
vn -0.112417 0.979009 -0.170009 
vn -0.220029 0.975472 0.00648912 
vn -0.318236 0.930238 0.18271 
vn -0.402841 0.845241 0.351122 
vn -0.470225 0.724116 0.504524 
vn -0.517511 0.572038 0.636361 
vn -0.542675 0.395508 0.740997 
vn -0.544643 0.202073 0.81396 
vn -0.523331 0 0.85213 
vn -0.648495 0.00423025 0.761208 
vn 0 0.943536 -0.33127 
vn -0.0849014 0.985715 -0.145458 
vn -0.166108 0.985002 0.0466846 
vn -0.240088 0.941428 0.236795 
vn -0.30362 0.856888 0.416602 
vn -0.35394 0.735063 0.578281 
vn -0.388859 0.581252 0.714797 
vn -0.406857 0.402149 0.820209 
vn -0.407152 0.205546 0.889931 
vn -0.38973 0 0.920929 
vn -0.469239 0.00430274 0.883061 
vn 0 0.945816 -0.324702 
vn -0.0463328 0.991086 -0.124904 
vn -0.0906215 0.992634 0.0804048 
vn -0.130913 0.950392 0.282166 
vn -0.165428 0.866222 0.471479 
vn -0.192646 0.743839 0.639993 
vn -0.211365 0.588641 0.780273 
vn -0.22076 0.407475 0.886132 
vn -0.220416 0.208333 0.952898 
vn -0.268083 0.00609305 0.963376 
vn -0.210348 0 0.977627 
vn 0 0.946609 -0.322384 
vn -0.0152154 0.992946 -0.117587 
vn -0.0297564 0.995275 0.0924216 
vn -0.0429786 0.953493 0.298334 
vn -0.0542959 0.869452 0.491024 
vn -0.0632069 0.746876 0.661952 
vn -0.0693164 0.591199 0.803542 
vn -0.0723539 0.409319 0.909518 
vn -0.0721845 0.209297 0.975184 
vn 0 0.946422 -0.322933 
vn 0.0262967 0.992507 -0.119324 
vn 0.0514292 0.994652 0.0895686 
vn 0.0742848 0.952761 0.294496 
vn 0.0938516 0.86869 0.486384 
vn 0.109263 0.746159 0.65674 
vn 0.119838 0.590595 0.79802 
vn 0.125107 0.408883 0.90397 
vn 0.124837 0.20907 0.9699 
vn 0.119041 0 0.992889 
vn -0.0542875 0.00204106 0.998523 
vn 0 0.945443 -0.325787 
vn 0.0549601 0.990209 -0.12832 
vn 0.107501 0.991387 0.074796 
vn 0.15531 0.948927 0.274619 
vn 0.196282 0.864697 0.462355 
vn 0.228615 0.742405 0.629738 
vn 0.250884 0.587433 0.769402 
vn 0.26211 0.406604 0.875198 
vn 0.261799 0.207877 0.942469 
vn 0.249963 0 0.968255 
vn 0.161953 0.00312708 0.986794 
vn 0 0.942826 -0.333285 
vn 0.0930225 0.984039 -0.151704 
vn 0.182015 0.98262 0.0364496 
vn 0.263122 0.938631 0.223024 
vn 0.33283 0.853977 0.399936 
vn 0.388118 0.732325 0.559521 
vn 0.426592 0.578948 0.694866 
vn 0.446584 0.400488 0.800108 
vn 0.447229 0.204678 0.870685 
vn 0.371211 0.00628996 0.928527 
vn 0.428499 0 0.903542 
vn 0 0.94029 -0.340375 
vn 0.115535 0.978039 -0.173466 
vn 0.226144 0.974094 0.00083734 
vn 0.327112 0.92862 0.175105 
vn 0.414135 0.843558 0.341909 
vn 0.483503 0.722534 0.494135 
vn 0.532258 0.570707 0.625296 
vn 0.558322 0.394549 0.7298 
vn 0.538946 0 0.84234 
vn 0 0.935129 -0.354308 
vn 0.144472 0.965836 -0.215149 
vn 0.282995 0.956769 -0.0671305 
vn 0.409864 0.908303 0.0836526 
vn 0.519854 0.822432 0.230991 
vn 0.608437 0.702694 0.368817 
vn 0.671965 0.554018 0.491455 
vn 0.560583 0.201571 0.803191 
vn 0.70782 0.382528 0.593854 
vn 0.714528 0.195285 0.671799 
vn 0.691811 0 0.722079 
vn 0.561816 0.0035437 0.827254 
vn 0.158337 0.956531 -0.244905 
vn 0.310334 0.943594 -0.115423 
vn 0.449907 0.89288 0.0186793 
vn 0.571467 0.806419 0.152034 
vn 0.670148 0.687671 0.279302 
vn 0.0421629 0.941579 -0.334143 
vn 0 0.931285 -0.364291 
vn 0.0878045 0.949631 -0.300818 
vn 0.188066 0.955528 -0.227151 
vn 0.245851 0.951473 -0.185085 
vn 0.159625 0.955457 -0.248237 
vn 0.361297 0.928387 -0.0869648 
vn 0.315635 0.940359 -0.126882 
vn 0.359326 0.928983 -0.0887393 
vn 0.489523 0.871242 0.0361153 
vn 0.566968 0.814795 0.121059 
vn 0.603554 0.779932 0.165616 
vn 0.663635 0.706312 0.246397 
vn 0.579899 0.803172 0.136499 
vn 0.741999 0.541392 0.395387 
vn 0.712031 0.622815 0.324213 
vn 0.751528 0.520188 0.405721 
vn 0.764657 0.470486 0.440389 
vn 0.745015 0.540746 0.390573 
vn 0.7674 0.457797 0.448909 
vn 0.780501 0.373941 0.500985 
vn 0.781956 0.359091 0.509509 
vn 0.782224 0.191377 0.592875 
vn 0.781635 0.36272 0.507426 
vn 0.752773 0.00705158 0.658243 
vn 0.751081 -2.09125e-14 0.66021 
vn 0.726318 0.00131462 0.687358 
vn 0.781587 0.183552 0.596179 
vn 0.781045 0.177407 0.598745 
vn -0.0688159 0 0.997629 
vn -0.675645 0 0.737227 
vn -0.878821 0 0.477152 
vn 0 0.92388 -0.382683 
vn -0.868394 0.149786 -0.472711 
vn -0.873688 0 -0.486487 
vn -0.795787 -0.00301356 -0.60557 
vn -0.762627 0.149446 -0.629338 
vn -0.843429 0.296179 -0.448226 
vn -0.799356 0.435862 -0.413587 
vn -0.746016 0.295504 -0.596772 
vn -0.737175 0.565672 -0.369579 
vn -0.712494 0.434863 -0.550678 
vn -0.658295 0.682667 -0.317198 
vn -0.66282 0.564364 -0.492101 
vn -0.564501 0.784197 -0.257632 
vn -0.59812 0.681071 -0.422368 
vn -0.45792 0.867962 -0.192229 
vn -0.519862 0.782339 -0.34306 
vn -0.672281 0.149389 -0.725066 
vn -0.761949 0 -0.647637 
vn -0.663068 0.295375 -0.687819 
vn -0.638747 0.434631 -0.6349 
vn -0.599872 0.563984 -0.567517 
vn -0.54733 0.680488 -0.487202 
vn -0.429818 0.865871 -0.255975 
vn -0.482318 0.781487 -0.395788 
vn -0.523012 0.14978 -0.839061 
vn -0.647235 -0.00216587 -0.762287 
vn -0.666178 0 -0.745793 
vn -0.526344 0.296087 -0.797054 
vn -0.517474 0.435531 -0.736569 
vn -0.496608 0.564878 -0.659009 
vn -0.46423 0.681131 -0.566172 
vn -0.406317 0.86468 -0.295355 
vn -0.421091 0.781594 -0.460211 
vn -0.410478 0.150487 -0.899367 
vn -0.468033 -0.00209627 -0.883708 
vn -0.507556 0 -0.861618 
vn -0.423364 0.297413 -0.85575 
vn -0.426235 0.437304 -0.791889 
vn -0.419024 0.56685 -0.709295 
vn -0.401899 0.682987 -0.609922 
vn -0.368189 0.863938 -0.343581 
vn -0.375268 0.782967 -0.496121 
vn -0.387881 0 -0.921709 
vn -0.266163 -0.00449631 -0.963918 
vn -0.231018 0.152399 -0.96094 
vn -0.258921 0.301029 -0.917792 
vn -0.28042 0.442214 -0.851946 
vn -0.294984 0.572463 -0.76503 
vn -0.302252 0.688554 -0.659194 
vn -0.339759 0.864425 -0.370584 
vn -0.302046 0.787616 -0.537056 
vn -0.109836 0.154285 -0.981902 
vn -0.197403 0 -0.980323 
vn -0.147454 0.304606 -0.940995 
vn -0.181284 0.447104 -0.875919 
vn -0.210458 0.578118 -0.788344 
vn -0.234227 0.694283 -0.680521 
vn -0.294369 0.8672 -0.401635 
vn -0.251979 0.792615 -0.555219 
vn 0.101398 0.15888 -0.982077 
vn -0.0538232 -0.00133707 -0.99855 
vn -0.0693973 0 -0.997589 
vn 0.0483732 0.313343 -0.948407 
vn -0.00599653 0.459094 -0.888368 
vn -0.0601996 0.59208 -0.803628 
vn -0.112729 0.708604 -0.696544 
vn -0.263259 0.870589 -0.415655 
vn -0.162124 0.805425 -0.570093 
vn 0.29697 0.164896 -0.940541 
vn 0.161901 -0.00054242 -0.986807 
vn 0.151604 0 -0.988441 
vn 0.232364 0.324794 -0.916796 
vn 0.160716 0.47485 -0.865268 
vn 0.0841978 0.610515 -0.787517 
vn 0.00512758 0.727678 -0.6859 
vn -0.207011 0.879853 -0.427792 
vn -0.074098 0.822789 -0.563497 
vn 0.42806 0.170085 -0.887601 
vn 0.37014 -0.000152875 -0.928976 
vn 0.352577 0 -0.935783 
vn 0.357746 0.334679 -0.871784 
vn 0.275883 0.488467 -0.827821 
vn 0.185113 0.626486 -0.757132 
vn 0.0883665 0.744278 -0.661998 
vn -0.151078 0.892964 -0.424017 
vn -0.0112329 0.838041 -0.545492 
vn 0.599394 0.178599 -0.780275 
vn 0.560534 0.00176679 -0.82813 
vn 0.484553 0 -0.874762 
vn 0.524943 0.350902 -0.775437 
vn 0.431984 0.510834 -0.743262 
vn 0.323796 0.652756 -0.684883 
vn 0.204193 0.771666 -0.602359 
vn -0.11047 0.904747 -0.411374 
vn 0.0773912 0.863371 -0.498599 
vn 0.652715 0 -0.757604 
vn 0.7255 0.0021101 -0.688219 
vn 0.710282 0.185378 -0.679069 
vn 0.635661 0.36382 -0.68086 
vn 0.537258 0.52865 -0.657179 
vn 0.418754 0.673702 -0.60891 
vn 0.284583 0.793548 -0.53786 
vn -0.0521392 0.924638 -0.377261 
vn 0.139765 0.883706 -0.446687 
vn 0.75833 0 -0.651871 
vn 0.856491 0.00287459 -0.516155 
vn 0.830418 0.194093 -0.52224 
vn 0.758354 0.38043 -0.529314 
vn 0.655982 0.551562 -0.515234 
vn 0.527395 0.700652 -0.480563 
vn 0.377731 0.821741 -0.426687 
vn -0.0102818 0.940801 -0.338802 
vn 0.212971 0.909989 -0.355758 
vn 0.869294 0 -0.494295 
vn 0.938775 0 -0.344531 
vn 0.908028 0.200614 -0.36775 
vn 0.839388 0.392856 -0.375623 
vn 0.735719 0.568705 -0.36782 
vn 0.601349 0.720821 -0.344669 
vn 0.441884 0.842856 -0.307134 
vn 0.0396992 0.96187 -0.270611 
vn 0.26398 0.929719 -0.256783 
vn 0.961532 0.205574 -0.182194 
vn 0.947355 0.00407554 -0.320161 
vn 0.89617 0.402309 -0.187156 
vn 0.792271 0.581743 -0.18407 
vn 0.654303 0.736162 -0.173069 
vn 0.488199 0.858925 -0.154625 
vn 0.0750587 0.977784 -0.195715 
vn 0.301103 0.944753 -0.129533 
vn 0.978173 0.207201 -0.0156871 
vn 0.994066 0.00646206 -0.108588 
vn 0.985548 0 -0.169398 
vn 0.913993 0.405408 -0.0161439 
vn 0.810142 0.586018 -0.0158999 
vn 0.671126 0.741192 -0.0149658 
vn 0.50298 0.864195 -0.0133821 
vn 0.101058 0.989956 -0.0988698 
vn 0.313002 0.949686 -0.0112175 
vn 0.999894 0 -0.0145495 
vn 0.994037 0.00791686 0.108752 
vn 0.962289 0.205647 0.17807 
vn 0.896979 0.402448 0.182934 
vn 0.79308 0.581935 0.179929 
vn 0.655064 0.736388 0.169184 
vn 0.488868 0.859162 0.15116 
vn 0.109437 0.993957 -0.00856605 
vn 0.30164 0.944975 0.126633 
vn 0.956935 0 0.290303 
vn 0.928671 0.202481 0.31076 
vn 0.861202 0.396413 0.318099 
vn 0.757378 0.573611 0.312009 
vn 0.62158 0.726593 0.292747 
vn 0.459541 0.848902 0.261127 
vn 0.101436 0.990135 0.0966588 
vn 0.278103 0.935374 0.218483 
vn 0.847586 0.195471 0.493344 
vn 0.947412 0.00459336 0.319982 
vn 0.776152 0.383056 0.500856 
vn 0.673401 0.555185 0.48816 
vn 0.543481 0.704914 0.455768 
vn 0.391633 0.826201 0.404987 
vn 0.084924 0.982358 0.166615 
vn 0.223983 0.914154 0.337866 
vn 0.78498 0.190613 0.589469 
vn 0.856513 0.00223789 0.51612 
vn 0.884823 0 0.465927 
vn 0.711581 0.373796 0.594919 
vn 0.610449 0.542412 0.577184 
vn 0.485526 0.689888 0.536954 
vn 0.34168 0.810476 0.475797 
vn 0.0472969 0.965223 0.257113 
vn 0.184518 0.899478 0.396096 
vn 0.827786 0 0.561044 
vn 0.751081 -1.55818e-15 0.66021 
vn 0.749382 0.00707123 0.662101 
vn 0.69501 0.17799 0.696621 
vn 0.692557 0.184218 0.697444 
vn 0.689477 0.191896 0.698425 
vn 0.547081 0.459703 0.699554 
vn 0.538438 0.472435 0.697775 
vn 0.599609 0.375348 0.706812 
vn 0.608113 0.36043 0.707311 
vn 0.606022 0.364112 0.70722 
vn 0.502826 0.522571 0.688539 
vn 0.487306 0.542991 0.683881 
vn 0.418234 0.625633 0.658531 
vn 0.33592 0.709626 0.619346 
vn 0.217361 0.807098 0.548951 
vn 0.200658 0.818727 0.53798 
vn 0.24914 0.783616 0.569101 
vn 0.0201644 0.953424 0.300959 
vn 0.10722 0.87545 0.471265 
vn -0.122288 0.970143 0.209447 
vn -0.030609 0.93277 0.359169 
vn -0.0326318 0.933374 0.357419 
vn -0.0759467 0.944736 0.318914 
vn -0.121645 0.970638 0.207519 
vn -0.109758 0.979448 0.169219 
vn -0.0965492 0.989455 0.107967 
vn -0.097185 0.988909 0.112309 
vn -0.0890262 0.995221 0.0401128 
vn -0.090564 0.993785 0.0647231 
vn -0.0884256 0.995683 -0.0282171 
vn -0.0875152 0.996147 -0.00571556 
vn -0.0926367 0.992449 -0.0803914 
vn -0.0908959 0.993659 -0.0661813 
vn -0.103938 0.983835 -0.14583 
vn -0.100807 0.986031 -0.132591 
vn -0.132674 0.962701 -0.235806 
vn -0.112849 0.977136 -0.180195 
vn -0.143926 0.954909 -0.259679 
vn -0.134369 0.961484 -0.239778 
vn -0.137816 0.947087 -0.289886 
vn -0.169665 0.938585 -0.300454 
vn -0.151483 0.949768 -0.273851 
vn -0.184868 0.930089 -0.317425 
vn -0.1776 0.934019 -0.309946 
vn -0.197751 0.923592 -0.328438 
vn -0.215661 0.915643 -0.339246 
vn -0.237894 0.90739 -0.346482 
vn -0.229269 0.910403 -0.344388 
vn -0.273039 0.897579 -0.346123 
vn -0.266206 0.899252 -0.347103 
vn -0.301756 0.892085 -0.336346 
vn -0.288952 0.894346 -0.341544 
vn -0.324701 0.889218 -0.322273 
vn -0.337593 0.887942 -0.312395 
vn -0.36564 0.886575 -0.28336 
vn -0.348322 0.887312 -0.30224 
vn -0.397816 0.883007 -0.249082 
vn -0.39592 0.886801 -0.238395 
vn -0.380747 0.886581 -0.26269 
vn -0.401 0.887044 -0.228806 
vn -0.416327 0.887904 -0.195698 
vn -0.424965 0.888644 -0.172385 
vn -0.45601 0.877643 -0.14764 
vn -0.470052 0.869072 -0.154158 
vn -0.438045 0.88808 -0.139395 
vn -0.43534 0.889602 -0.138157 
vn -0.557593 0.806751 -0.195557 
vn -0.583223 0.785235 -0.207986 
vn -0.663251 0.706016 -0.248273 
vn -0.689141 0.675667 -0.261837 
vn -0.602778 0.767677 -0.217554 
vn -0.752507 0.587807 -0.297011 
vn -0.765711 0.566413 -0.304735 
vn -0.822866 0.455003 -0.340388 
vn -0.830676 0.436411 -0.345722 
vn -0.793787 0.516243 -0.321552 
vn -0.872405 0.310399 -0.377574 
vn -0.875867 0.296528 -0.380695 
vn -0.84463 0.400241 -0.355539 
vn -0.899712 0.157671 -0.407011 
vn -0.893442 0.207432 -0.398413 
vn -0.90046 0.149947 -0.408273 
vn -0.90438 0.00890782 -0.426635 
vn -0.904003 5.86788e-16 -0.427527 
vn -0.142591 0.955815 0.25707 
vn 0.986202 0 0.165545 
vn -0.796093 9.92781e-17 -0.605174 
vn -0.905888 0 -0.423517 
vn -0.907555 0 -0.419932 
vn -0.873688 0 -0.486487 
vn -0.904003 0 -0.427527 
vn -0.795991 0 -0.605309 
vn -0.907575 1.13181e-16 -0.419889 
vn -0.976648 0 -0.214846 
vn -0.976621 1.21791e-16 -0.21497 
vn -0.97911 0 -0.203331 
vn -1 0 0.000255831 
vn -1 1.24707e-16 2.44929e-16 
vn -0.999521 0 0.0309588 
vn -0.976558 0 0.215255 
vn -0.976621 1.21791e-16 0.21497 
vn -0.964779 0 0.263061 
vn -0.907467 0 0.420124 
vn -0.907575 1.13181e-16 0.419889 
vn -0.878821 0 0.477152 
vn -0.795988 0 0.605313 
vn -0.267528 3.33626e-17 -0.96355 
vn -0.172618 0 -0.984989 
vn -0.236711 0 -0.97158 
vn -0.106667 0 -0.994295 
vn -0.267528 0 -0.96355 
vn -0.361789 0 -0.93226 
vn -0.468408 5.84137e-17 -0.883512 
vn -0.468434 0 -0.883498 
vn -0.477047 0 -0.878878 
vn -0.647386 8.07334e-17 -0.762162 
vn -0.578071 0 -0.815986 
vn -0.666178 0 -0.745793 
vn -0.66098 0 -0.750404 
vn -0.647404 0 -0.762147 
vn -0.647505 0 -0.762061 
vn -0.761949 0 -0.647637 
vn -0.760524 0 -0.64931 
vn -0.744344 0 -0.667797 
vn -0.770054 0 -0.637978 
vn -0.773333 9.64398e-17 -0.634 
vn -0.770046 0 -0.637988 
vn -0.722586 0 -0.691281 
vn -0.74433 0 -0.667812 
vn -0.760524 0 -0.64931 
vn -0.66098 0 -0.750404 
vn -0.722586 0 -0.691281 
vn -0.647404 0 -0.762147 
vn -0.507556 0 -0.861618 
vn -0.476682 0 -0.879076 
vn -0.468408 0 -0.883512 
vn -0.468447 0 -0.883492 
vn -0.578071 0 -0.815986 
vn -0.387881 0 -0.921709 
vn -0.361789 0 -0.93226 
vn -0.267478 0 -0.963564 
vn -0.267408 0 -0.963583 
vn -0.106667 1.3302e-17 -0.994295 
vn -0.0541389 6.75148e-18 -0.998533 
vn -0.0542832 0 -0.998526 
vn -0.0693973 0 -0.997589 
vn -0.172603 0 -0.984991 
vn -0.197403 0 -0.980323 
vn -0.236727 0 -0.971576 
vn 0.161782 -2.01753e-17 -0.986827 
vn 0.161692 0 -0.986841 
vn 0.151604 0 -0.988441 
vn 0.370138 -4.61587e-17 -0.928977 
vn 0.370081 0 -0.928999 
vn 0.352577 0 -0.935783 
vn 0.561187 -6.99838e-17 -0.827689 
vn 0.561135 0 -0.827724 
vn 0.484553 0 -0.874762 
vn 0.725995 -9.05365e-17 -0.687699 
vn 0.726038 0 -0.687654 
vn 0.652715 0 -0.757604 
vn 0.856857 -1.06856e-16 -0.515554 
vn 0.856932 0 -0.51543 
vn 0.75833 0 -0.651871 
vn 0.938775 0 -0.344531 
vn 0.869294 0 -0.494295 
vn 0.947653 -1.18179e-16 -0.319302 
vn 0.947611 0 -0.319426 
vn 0.994138 -1.23976e-16 -0.108119 
vn 0.994133 0 -0.108165 
vn 0.985548 0 -0.169398 
vn 0.994138 -1.23976e-16 0.108119 
vn 0.994125 0 0.108234 
vn 0.999894 0 -0.0145495 
vn 0.947653 -1.18179e-16 0.319302 
vn 0.986202 0 0.165545 
vn 0.947703 0 0.319155 
vn 0.956935 0 0.290303 
vn 0.856857 -1.06856e-16 0.515554 
vn 0.884823 0 0.465927 
vn 0.856856 0 0.515556 
vn 0.725995 -9.05365e-17 0.687699 
vn 0.827786 0 0.561044 
vn 0.725999 0 0.687696 
vn 0.751081 0 0.66021 
vn 0.561187 -6.99838e-17 0.827689 
vn 0.561059 0 0.827776 
vn 0.691811 0 0.722079 
vn 0.370138 -4.61587e-17 0.928977 
vn 0.370255 0 0.92893 
vn 0.428499 0 0.903542 
vn 0.538946 0 0.84234 
vn 0.161782 -2.01753e-17 0.986827 
vn 0.161737 0 0.986834 
vn 0.249963 0 0.968255 
vn -0.0541389 6.75148e-18 0.998533 
vn -0.0542399 0 0.998528 
vn 0.119041 0 0.992889 
vn -0.267399 0 0.963586 
vn -0.172618 0 0.984989 
vn -0.236711 0 0.97158 
vn -0.106667 0 0.994295 
vn -0.0688159 0 0.997629 
vn -0.210348 0 0.977627 
vn -0.38973 0 0.920929 
vn -0.267528 0 0.96355 
vn -0.361789 0 0.93226 
vn -0.468437 0 0.883497 
vn -0.523331 0 0.85213 
vn -0.468434 0 0.883498 
vn -0.477047 0 0.878878 
vn -0.647511 0 0.762056 
vn -0.578071 0 0.815986 
vn -0.796093 9.92781e-17 0.605174 
vn -0.66098 0 0.750404 
vn -0.647404 0 0.762147 
vn -0.760524 0 0.64931 
vn -0.744344 0 0.667797 
vn -0.770054 0 0.637978 
vn -0.773333 9.64398e-17 0.634 
vn -0.770046 0 0.637988 
vn -0.722586 0 0.691281 
vn -0.74433 0 0.667812 
vn -0.760524 0 0.64931 
vn -0.66098 0 0.750404 
vn -0.722586 0 0.691281 
vn -0.675645 0 0.737227 
vn -0.647404 0 0.762147 
vn -0.768549 0 0.639791 
vn -0.647386 8.07334e-17 0.762162 
vn -0.476682 0 0.879076 
vn -0.468408 0 0.883512 
vn -0.578071 0 0.815986 
vn -0.267528 3.33626e-17 0.96355 
vn -0.468408 5.84137e-17 0.883512 
vn -0.361789 0 0.93226 
vn -0.236727 0 0.971576 
vn -0.172603 0 0.984991 
vn -0.267478 0 0.963564 
vn -0.106667 0 0.994295 
vn -1 1.24707e-16 6.07153e-17 
vn -0.995069 -0.0991867 0 
vn -0.980785 -0.19509 0 
vn -1 0 6.07153e-17 
vn -0.956495 -0.291749 0 
vn -0.92388 -0.382683 0 
vn -0.83147 -0.55557 0 
vn -0.812545 -0.582898 0 
vn -0.707107 -0.707107 4.29322e-17 
vn -0.55557 -0.83147 0 
vn -0.54299 -0.839739 0 
vn -0.382683 -0.92388 2.32347e-17 
vn -0.241293 -0.970452 0 
vn -0.195146 -0.980774 0 
vn -0.382683 -0.92388 0 
vn -0.19509 -0.980785 1.1845e-17 
vn -0.0989268 -0.995095 0 
vn -6.12323e-17 -1 3.71774e-33 
vn -0.19509 0.980785 1.1845e-17 
vn -1.83697e-16 1 1.87248e-32 
vn -0.0989049 0.995097 0 
vn -0.382683 0.92388 2.32347e-17 
vn -0.19509 0.980785 0 
vn -0.241437 0.970416 0 
vn -0.55557 0.83147 3.37316e-17 
vn -0.382683 0.92388 0 
vn -0.542613 0.839983 0 
vn -0.707107 0.707107 4.29322e-17 
vn -0.555463 0.831541 0 
vn -0.83147 0.55557 5.04829e-17 
vn -0.707107 0.707107 0 
vn -0.812545 0.582898 0 
vn -0.92388 0.382683 5.60936e-17 
vn -0.83147 0.55557 0 
vn -0.980785 0.19509 5.95487e-17 
vn -0.92388 0.382683 0 
vn -0.956515 0.291682 0 
vn -1 -1.22465e-16 6.07153e-17 
vn -0.980785 0.19509 0 
vn -0.995082 0.0990584 0 
vn -1 -1.22465e-16 6.07153e-17 
vn -0.976373 1.2176e-16 0.216094 
vn -0.906607 1.1306e-16 0.421977 
vn -0.793999 9.9017e-17 0.607919 
vn -0.643871 8.02951e-17 0.765134 
vn -0.463317 5.77788e-17 0.886192 
vn -0.26087 3.25322e-17 0.965374 
vn -0.0442519 -0.99902 0 
vn -1.7656e-15 -1 0 
vn -0.0989049 -0.995097 0 
vn -0.195117 -0.98078 0 
vn -6.12323e-17 -1 3.71774e-33 
vn -0.382683 -0.92388 0 
vn -0.382562 -0.92393 0 
vn -0.359518 -0.933138 0 
vn -0.199778 -0.979841 0 
vn -0.19509 -0.980785 0 
vn -0.241437 -0.970416 0 
vn -0.524793 -0.85123 0 
vn -0.542613 -0.839983 0 
vn -0.555393 -0.831588 0 
vn -0.555463 -0.831541 0 
vn -0.707107 -0.707107 0 
vn -0.691988 -0.721909 0 
vn -0.707083 -0.70713 0 
vn -0.812545 -0.582898 0 
vn -0.831491 -0.555538 8.67362e-17 
vn -0.769526 -0.638615 8.67362e-17 
vn -0.83147 -0.55557 0 
vn -0.92388 -0.382683 0 
vn -0.923861 -0.382727 8.67362e-17 
vn -0.905264 -0.42485 8.67362e-17 
vn -0.841798 -0.539793 8.67362e-17 
vn -0.956515 -0.291682 0 
vn -0.980785 -0.19509 0 
vn -0.980797 -0.195031 0 
vn -0.955651 -0.294503 0 
vn -0.995082 -0.0990584 0 
vn -1 0 0 
vn -0.988484 -0.151325 0 
vn -0.995069 0.0991867 0 
vn -0.988484 0.151325 0 
vn -1 -1.22465e-16 6.07153e-17 
vn -0.980785 0.19509 0 
vn -0.980797 0.195031 0 
vn -0.956495 0.291749 0 
vn -0.955651 0.294503 0 
vn -0.92388 0.382683 0 
vn -0.923861 0.382727 8.67362e-17 
vn -0.83147 0.55557 0 
vn -0.905264 0.42485 8.67362e-17 
vn -0.841798 0.539793 8.67362e-17 
vn -0.831491 0.555538 8.67362e-17 
vn -0.707107 0.707107 0 
vn -0.769526 0.638615 8.67362e-17 
vn -0.707083 0.70713 0 
vn -0.812545 0.582898 0 
vn -0.55557 0.83147 0 
vn -0.555393 0.831588 0 
vn -0.691988 0.721909 0 
vn -0.524793 0.85123 0 
vn -0.54299 0.839739 0 
vn -0.382683 0.92388 0 
vn -0.382562 0.92393 0 
vn -0.195146 0.980774 0 
vn -0.195117 0.98078 0 
vn -0.199778 0.979841 0 
vn -0.359518 0.933138 0 
vn -0.241293 0.970452 0 
vn -0.0442519 0.99902 0 
vn -0.0989268 0.995095 0 
vn -3.77822e-16 1 0 
vn -0.988484 0 -0.151325 
vn -1 1.24707e-16 0 
vn -0.980797 0 -0.195031 
vn -0.955651 0 -0.294503 
vn -0.923861 0 -0.382727 
vn -0.905264 0 -0.42485 
vn -0.841798 0 -0.539793 
vn -0.831491 0 -0.555538 
vn -0.769526 0 -0.638615 
vn -0.707083 0 -0.70713 
vn -0.691988 0 -0.721909 
vn -0.555393 0 -0.831588 
vn -0.707083 0 -0.70713 
vn -0.524793 0 -0.85123 
vn -0.382562 0 -0.92393 
vn -0.555393 0 -0.831588 
vn -0.359518 0 -0.933138 
vn -0.199778 0 -0.979841 
vn -0.382562 0 -0.92393 
vn -0.195117 0 -0.98078 
vn -0.0442519 0 -0.99902 
vn 9.47771e-16 0 -1 
vn -0.195117 0 -0.98078 
vn -0.19509 -0.980785 -2.38917e-17 
vn -0.190481 -0.980785 0.0421579 
vn -0.373642 -0.92388 0.0826956 
vn -0.17687 -0.980785 0.0823236 
vn -0.346943 -0.92388 0.161483 
vn -0.154902 -0.980785 0.118599 
vn -0.30385 -0.92388 0.23264 
vn -0.125613 -0.980785 0.14927 
vn -0.246399 -0.92388 0.292804 
vn -0.0903888 -0.980785 0.172888 
vn -0.177304 -0.92388 0.339131 
vn -0.0508931 -0.980785 0.188335 
vn -0.0998305 -0.92388 0.369433 
vn -0.382683 -0.92388 -4.68652e-17 
vn -0.542444 -0.83147 0.120055 
vn -0.503684 -0.83147 0.234438 
vn -0.441122 -0.83147 0.337742 
vn -0.357716 -0.83147 0.425086 
vn -0.257405 -0.83147 0.492342 
vn -0.144931 -0.83147 0.536333 
vn -0.55557 -0.83147 -6.80377e-17 
vn -0.6904 -0.707107 0.152802 
vn -0.641068 -0.707107 0.298383 
vn -0.561442 -0.707107 0.429863 
vn -0.455286 -0.707107 0.541031 
vn -0.327615 -0.707107 0.626633 
vn -0.184463 -0.707107 0.682623 
vn -0.707107 -0.707107 -8.65956e-17 
vn -0.811824 -0.55557 0.179676 
vn -0.753816 -0.55557 0.350861 
vn -0.660186 -0.55557 0.505466 
vn -0.53536 -0.55557 0.636185 
vn -0.385234 -0.55557 0.736842 
vn -0.216905 -0.55557 0.802679 
vn -0.83147 -0.55557 -1.01826e-16 
vn -0.902051 -0.382683 0.199645 
vn -0.837595 -0.382683 0.389856 
vn -0.73356 -0.382683 0.561644 
vn -0.59486 -0.382683 0.706891 
vn -0.42805 -0.382683 0.818735 
vn -0.241012 -0.382683 0.891889 
vn -0.92388 -0.382683 -1.13143e-16 
vn -0.957612 -0.19509 0.211942 
vn -0.889187 -0.19509 0.413868 
vn -0.778743 -0.19509 0.596238 
vn -0.6315 -0.19509 0.750432 
vn -0.454415 -0.19509 0.869164 
vn -0.255857 -0.19509 0.946825 
vn -0.980785 -0.19509 -1.20112e-16 
vn -0.976373 3.46945e-16 0.216094 
vn -0.906607 3.46945e-16 0.421977 
vn -0.793999 3.46945e-16 0.607919 
vn -0.643871 3.46945e-16 0.765134 
vn -0.463317 3.46945e-16 0.886192 
vn -0.26087 3.46945e-16 0.965374 
vn -1 4.93038e-32 -1.22465e-16 
vn 3.46945e-16 -1 0 
vn -0.558374 -0.19509 0.806324 
vn -0.687352 -0.19509 0.699634 
vn -0.698649 0 0.715465 
vn -0.700818 -1.22465e-16 0.71334 
vn -0.413132 -0.19509 0.889529 
vn -0.567648 -1.38778e-15 0.823271 
vn -0.569313 -1.22465e-16 0.822121 
vn -0.255857 -0.19509 0.946825 
vn -0.420308 0 0.907382 
vn -0.421226 -1.22465e-16 0.906956 
vn -0.525977 -0.382683 0.759541 
vn -0.389162 -0.382683 0.837918 
vn -0.241012 -0.382683 0.891889 
vn -0.647471 -0.382683 0.65904 
vn -0.473366 -0.55557 0.683569 
vn -0.350236 -0.55557 0.754106 
vn -0.216905 -0.55557 0.802679 
vn -0.582709 -0.55557 0.593121 
vn -0.402565 -0.707107 0.581327 
vn -0.297852 -0.707107 0.641315 
vn -0.184463 -0.707107 0.682623 
vn -0.495553 -0.707107 0.504408 
vn -0.316293 -0.83147 0.456746 
vn -0.23402 -0.83147 0.503878 
vn -0.144931 -0.83147 0.536333 
vn -0.389354 -0.83147 0.396311 
vn -0.217867 -0.92388 0.314612 
vn -0.161196 -0.92388 0.347077 
vn -0.0998305 -0.92388 0.369433 
vn -0.268191 -0.92388 0.272983 
vn -0.111067 -0.980785 0.160388 
vn -0.0821771 -0.980785 0.176938 
vn -0.0508931 -0.980785 0.188335 
vn -0.136723 -0.980785 0.139166 
vn 1.04616e-15 -1 -1.51072e-15 
vn -0.0511506 -0.997631 0.0459962 
vn -0.14779 -0.98049 0.129605 
vn -0.27213 -0.934198 0.230692 
vn -0.292705 -0.923809 0.246779 
vn -0.387497 -0.865214 0.318199 
vn -0.431573 -0.831283 0.350304 
vn -0.564085 -0.698429 0.44046 
vn -0.625835 -0.614841 0.479897 
vn -0.662271 -0.555498 0.502812 
vn -0.717912 -0.444767 0.535523 
vn -0.743642 -0.379567 0.550386 
vn -0.783926 -0.238877 0.573059 
vn -0.792396 -0.195109 0.577963 
vn -0.802754 -0.123388 0.583406 
vn -0.809524 1.22465e-16 0.587087 
vn -0.26087 -1.22465e-16 0.965374 
vn -0.420308 4.95635e-17 0.907382 
vn -0.567648 6.60847e-17 0.823271 
vn -0.567716 6.60847e-17 0.823225 
vn -0.427781 6.60847e-17 0.903882 
vn -0.421226 4.95635e-17 0.906956 
vn -0.420353 6.60847e-17 0.907361 
vn -0.569313 6.60847e-17 0.822121 
vn -0.698649 8.26059e-17 0.715465 
vn -0.698721 9.91271e-17 0.715394 
vn -0.581157 6.60847e-17 0.813791 
vn -0.809524 1.00953e-16 0.587087 
vn -0.716145 9.91271e-17 0.697951 
vn -0.700818 8.26059e-17 0.71334 
vn -0.0508931 0.980785 0.188335 
vn -0.0903888 0.980785 0.172888 
vn -0.177304 0.92388 0.339131 
vn -0.125613 0.980785 0.14927 
vn -0.246399 0.92388 0.292804 
vn -0.154902 0.980785 0.118599 
vn -0.30385 0.92388 0.23264 
vn -0.17687 0.980785 0.0823236 
vn -0.346943 0.92388 0.161483 
vn -0.190481 0.980785 0.0421579 
vn -0.373642 0.92388 0.0826956 
vn -0.19509 0.980785 -2.08167e-17 
vn -0.382683 0.92388 2.91434e-16 
vn -0.0998305 0.92388 0.369433 
vn -0.257405 0.83147 0.492342 
vn -0.357716 0.83147 0.425086 
vn -0.441122 0.83147 0.337742 
vn -0.503684 0.83147 0.234438 
vn -0.542444 0.83147 0.120055 
vn -0.55557 0.83147 8.32667e-17 
vn -0.144931 0.83147 0.536333 
vn -0.327615 0.707107 0.626633 
vn -0.455286 0.707107 0.541031 
vn -0.561442 0.707107 0.429863 
vn -0.641068 0.707107 0.298383 
vn -0.6904 0.707107 0.152802 
vn -0.707107 0.707107 4.16334e-16 
vn -0.184463 0.707107 0.682623 
vn -0.385234 0.55557 0.736842 
vn -0.53536 0.55557 0.636185 
vn -0.660186 0.55557 0.505466 
vn -0.753816 0.55557 0.350861 
vn -0.811824 0.55557 0.179676 
vn -0.83147 0.55557 0 
vn -0.216905 0.55557 0.802679 
vn -0.42805 0.382683 0.818735 
vn -0.59486 0.382683 0.706891 
vn -0.73356 0.382683 0.561644 
vn -0.837595 0.382683 0.389856 
vn -0.902051 0.382683 0.199645 
vn -0.92388 0.382683 -1.11022e-16 
vn -0.241012 0.382683 0.891889 
vn -0.454415 0.19509 0.869164 
vn -0.6315 0.19509 0.750432 
vn -0.778743 0.19509 0.596238 
vn -0.889187 0.19509 0.413868 
vn -0.957612 0.19509 0.211942 
vn -0.980785 0.19509 6.93889e-16 
vn -0.255857 0.19509 0.946825 
vn -0.463317 0 0.886192 
vn -0.643871 0 0.765134 
vn -0.793999 0 0.607919 
vn -0.906607 0 0.421977 
vn -0.976373 0 0.216094 
vn -1 0 4.44089e-16 
vn -0.26087 0 0.965374 
vn 0 1 0 
vn -0.255857 0.19509 0.946825 
vn -0.26087 -2.06545e-15 0.965374 
vn -0.420353 -9.10504e-17 0.907361 
vn -0.419561 0.19509 0.886515 
vn -0.427781 -2.07665e-15 0.903882 
vn -0.567716 1.20287e-16 0.823225 
vn -0.569991 0.19509 0.798154 
vn -0.581157 -2.056e-15 0.813791 
vn -0.698721 3.08165e-16 0.715394 
vn -0.702385 0.19509 0.68454 
vn -0.395218 0.382683 0.835078 
vn -0.536919 0.382683 0.751845 
vn -0.661632 0.382683 0.644823 
vn -0.241012 0.382683 0.891889 
vn -0.355687 0.55557 0.751551 
vn -0.483215 0.55557 0.676643 
vn -0.595453 0.55557 0.580325 
vn -0.216905 0.55557 0.802679 
vn -0.302487 0.707107 0.639141 
vn -0.41094 0.707107 0.575437 
vn -0.506391 0.707107 0.493526 
vn -0.184463 0.707107 0.682623 
vn -0.237662 0.83147 0.50217 
vn -0.322874 0.83147 0.452118 
vn -0.397869 0.83147 0.387761 
vn -0.144931 0.83147 0.536333 
vn -0.163705 0.92388 0.345901 
vn -0.222399 0.92388 0.311424 
vn -0.274057 0.92388 0.267094 
vn -0.0998305 0.92388 0.369433 
vn -0.083456 0.980785 0.176339 
vn -0.113378 0.980785 0.158763 
vn -0.139713 0.980785 0.136164 
vn -0.0508931 0.980785 0.188335 
vn 1.30466e-15 1 -2.49318e-15 
vn -0.716145 -2.03667e-15 0.697951 
vn -0.809524 -2.15116e-17 0.587087 
vn -0.795315 0.188599 0.576111 
vn -0.794322 0.195065 0.575328 
vn -0.768092 0.319119 0.555156 
vn -0.749274 0.382565 0.540586 
vn -0.705166 0.495583 0.507088 
vn -0.675618 0.555576 0.48464 
vn -0.649195 0.602117 0.464759 
vn -0.576033 0.707205 0.409936 
vn -0.576026 0.707213 0.40993 
vn -0.540792 0.748454 0.383877 
vn -0.462121 0.824702 0.326055 
vn -0.454124 0.831409 0.320204 
vn -0.316462 0.922538 0.220852 
vn -0.313852 0.923873 0.218987 
vn -0.21692 0.964552 0.150282 
vn -0.0506073 0.998118 0.0346462 
vn -0.00420555 0.999987 0.0028698 
vn -0.16076 0.980742 0.110916 
vn -0.160731 0.980748 0.110896 
vn 2.37643e-15 1 -1.53609e-15 
vn -1 1.24707e-16 0 
vn -0.0613307 0.998118 0 
vn -0.195237 0.980756 0 
vn 0 1 0 
vn -0.00509141 0.999987 0 
vn -0.19509 0.980785 0 
vn -0.0988813 0.995099 0 
vn -0.263892 0.964552 0 
vn -0.382695 0.923875 0 
vn -0.195272 0.980749 0 
vn -0.382683 0.92388 0 
vn -0.287952 0.957645 0 
vn -0.385907 0.922538 0 
vn -0.55557 0.83147 0 
vn -0.706991 0.707223 0 
vn -0.583807 0.811893 0 
vn -0.707107 0.707107 0 
vn -0.555656 0.831413 0 
vn -0.565568 0.824702 0 
vn -0.663187 0.748454 0 
vn -0.831462 0.555581 0 
vn -0.831579 0.555406 0 
vn -0.707 0.707214 0 
vn -0.798408 0.602117 0 
vn -0.923927 0.382569 0 
vn -0.845101 0.534607 0 
vn -0.92388 0.382683 0 
vn -0.86856 0.495583 0 
vn -0.98079 0.195065 0 
vn -0.95654 0.291602 0 
vn -0.980785 0.19509 0 
vn -0.947715 0.319119 0 
vn -0.982054 0.188599 0 
vn -0.995074 0.0991366 0 
vn -1 -1.22465e-16 0 
vn 0 -1 0 
vn 0 6.21725e-15 -1 
vn 0 -0.19509 -0.980785 
vn 0 -0.382683 -0.92388 
vn 0 -0.55557 -0.83147 
vn 0 -0.707107 -0.707107 
vn 0 -0.83147 -0.55557 
vn 0 -0.881443 -0.472291 
vn 0 -0.92388 -0.382683 
vn 0 -0.956609 -0.291374 
vn 0 -0.980785 -0.19509 
vn 0 -0.995116 -0.0987155 
vn 0 -1 -6.12323e-17 
vn -0.965003 -0.0378981 -0.259487 
vn -0.99098 -0.0190591 -0.132648 
vn -0.980748 0.000424507 -0.195276 
vn -0.988484 0 -0.151325 
vn -0.971701 -0.075692 -0.223757 
vn -0.992764 -0.0381044 -0.113876 
vn -0.975728 -0.113278 -0.187412 
vn -0.993835 -0.0571224 -0.0950217 
vn -0.977071 -0.150552 -0.150552 
vn -0.994192 -0.0760994 -0.0760994 
vn -0.975728 -0.187412 -0.113278 
vn -0.993835 -0.0950217 -0.0571224 
vn -0.971701 -0.223757 -0.075692 
vn -0.992764 -0.113876 -0.0381044 
vn -0.965003 -0.259487 -0.0378981 
vn -0.955651 -0.294503 0 
vn -0.980748 -0.195276 0.000424507 
vn -0.99098 -0.132648 -0.0190591 
vn -0.955651 0 -0.294503 
vn -0.923686 0.000823726 -0.38315 
vn -0.92436 -0.0564968 -0.377316 
vn -0.93808 -0.112665 -0.327587 
vn -0.946344 -0.168178 -0.275952 
vn -0.949104 -0.222713 -0.222713 
vn -0.946344 -0.275952 -0.168178 
vn -0.93808 -0.327587 -0.112665 
vn -0.92436 -0.377316 -0.0564968 
vn -0.923686 -0.38315 0.000823726 
vn -0.905264 -0.42485 0 
vn -0.871747 -0.0747814 -0.484216 
vn -0.905264 0 -0.42485 
vn -0.893346 -0.148846 -0.424001 
vn -0.906389 -0.221486 -0.359725 
vn -0.910751 -0.292004 -0.292004 
vn -0.906389 -0.359725 -0.221486 
vn -0.893346 -0.424001 -0.148846 
vn -0.871747 -0.484216 -0.0747814 
vn -0.841798 -0.539793 0 
vn -0.809768 -0.0926153 -0.579395 
vn -0.831331 0.000576096 -0.555777 
vn -0.841798 0 -0.539793 
vn -0.838912 -0.183961 -0.512235 
vn -0.85656 -0.272787 -0.438056 
vn -0.862469 -0.357873 -0.357873 
vn -0.85656 -0.438056 -0.272787 
vn -0.838912 -0.512235 -0.183961 
vn -0.809768 -0.579395 -0.0926153 
vn -0.769526 -0.638615 0 
vn -0.831331 -0.555777 0.000576096 
vn -0.769526 0 -0.638615 
vn -0.706842 0.000801161 -0.707371 
vn -0.740644 -0.109805 -0.662864 
vn -0.776035 -0.217644 -0.591946 
vn -0.797526 -0.321584 -0.510427 
vn -0.804733 -0.419765 -0.419765 
vn -0.797526 -0.510427 -0.321584 
vn -0.776035 -0.591946 -0.217644 
vn -0.740644 -0.662864 -0.109805 
vn -0.706842 -0.707371 0.000801161 
vn -0.691988 -0.721909 0 
vn -0.691988 0 -0.721909 
vn -0.554447 0.00338485 -0.832212 
vn -0.581561 -0.142359 -0.80095 
vn -0.623199 -0.281015 -0.729832 
vn -0.648623 -0.412359 -0.639725 
vn -0.657171 -0.532976 -0.532976 
vn -0.648623 -0.639725 -0.412359 
vn -0.623199 -0.729832 -0.281015 
vn -0.581561 -0.80095 -0.142359 
vn -0.554447 -0.832212 0.00338485 
vn -0.524793 -0.85123 0 
vn -0.524793 0 -0.85123 
vn -0.38202 0.00254271 -0.924151 
vn -0.410265 -0.168609 -0.896244 
vn -0.447734 -0.331761 -0.830343 
vn -0.470712 -0.484175 -0.737567 
vn -0.478454 -0.620919 -0.620919 
vn -0.470712 -0.737567 -0.484175 
vn -0.447734 -0.830343 -0.331761 
vn -0.410265 -0.896244 -0.168609 
vn -0.38202 -0.924151 0.00254271 
vn -0.359518 -0.933138 0 
vn -0.232641 -0.186508 -0.954512 
vn -0.359518 0 -0.933138 
vn -0.257011 -0.366207 -0.894337 
vn -0.271997 -0.532538 -0.801512 
vn -0.277055 -0.679426 -0.679426 
vn -0.271997 -0.801512 -0.532538 
vn -0.257011 -0.894337 -0.366207 
vn -0.232641 -0.954512 -0.186508 
vn -0.199778 -0.979841 0 
vn -0.0520093 -0.19466 -0.979491 
vn -0.195057 0.000521593 -0.980792 
vn -0.199778 0 -0.979841 
vn -0.0577731 -0.381857 -0.922414 
vn -0.0613221 -0.554417 -0.829977 
vn -0.0625204 -0.705723 -0.705723 
vn -0.0613221 -0.829977 -0.554417 
vn -0.0577731 -0.922414 -0.381857 
vn -0.0520093 -0.979491 -0.19466 
vn -0.0442519 -0.99902 0 
vn -0.195057 -0.980792 0.000521593 
vn 8.67362e-16 -0.19509 -0.980785 
vn -0.0442519 0 -0.99902 
vn 8.67362e-16 -0.382683 -0.92388 
vn 8.67362e-16 -0.55557 -0.83147 
vn 0 -0.707107 -0.707107 
vn 0 -0.83147 -0.55557 
vn -8.67362e-16 -0.92388 -0.382683 
vn -8.67362e-16 -0.980785 -0.19509 
vn -8.67362e-16 -1 0 
vn 8.67362e-16 0 -1 
vn -0.988484 -0.151325 0 
vn -1 0 0 
vn 0 0 -1 
vn 1.24707e-16 1 1.18679e-14 
vn 0 0.980785 -0.19509 
vn 0 0.92388 -0.382683 
vn 0 0.83147 -0.55557 
vn 0 0.707107 -0.707107 
vn 0 0.55557 -0.83147 
vn 0 0.382683 -0.92388 
vn 0 0.19509 -0.980785 
vn 4.90792e-31 3.93557e-15 -1 
vn -0.965003 0.259487 -0.0378981 
vn -0.99098 0.132648 -0.0190591 
vn -0.980748 0.195276 0.000424507 
vn -0.988484 0.151325 0 
vn -0.971701 0.223757 -0.075692 
vn -0.992764 0.113876 -0.0381044 
vn -0.975728 0.187412 -0.113278 
vn -0.993835 0.0950217 -0.0571224 
vn -0.977071 0.150552 -0.150552 
vn -0.994192 0.0760994 -0.0760994 
vn -0.975728 0.113278 -0.187412 
vn -0.993835 0.0571224 -0.0950217 
vn -0.971701 0.075692 -0.223757 
vn -0.992764 0.0381044 -0.113876 
vn -0.965003 0.0378981 -0.259487 
vn -0.955651 0 -0.294503 
vn -0.980748 -0.000424507 -0.195276 
vn -0.99098 0.0190591 -0.132648 
vn -0.955651 0.294503 0 
vn -0.923686 0.38315 0.000823726 
vn -0.92436 0.377316 -0.0564968 
vn -0.93808 0.327587 -0.112665 
vn -0.946344 0.275952 -0.168178 
vn -0.949104 0.222713 -0.222713 
vn -0.946344 0.168178 -0.275952 
vn -0.93808 0.112665 -0.327587 
vn -0.92436 0.0564968 -0.377316 
vn -0.923686 -0.000823726 -0.38315 
vn -0.905264 0 -0.42485 
vn -0.871747 0.484216 -0.0747814 
vn -0.905264 0.42485 0 
vn -0.893346 0.424001 -0.148846 
vn -0.906389 0.359725 -0.221486 
vn -0.910751 0.292004 -0.292004 
vn -0.906389 0.221486 -0.359725 
vn -0.893346 0.148846 -0.424001 
vn -0.871747 0.0747814 -0.484216 
vn -0.841798 0 -0.539793 
vn -0.809768 0.579395 -0.0926153 
vn -0.831331 0.555777 0.000576096 
vn -0.841798 0.539793 0 
vn -0.838912 0.512235 -0.183961 
vn -0.85656 0.438056 -0.272787 
vn -0.862469 0.357873 -0.357873 
vn -0.85656 0.272787 -0.438056 
vn -0.838912 0.183961 -0.512235 
vn -0.809768 0.0926153 -0.579395 
vn -0.769526 0 -0.638615 
vn -0.831331 -0.000576096 -0.555777 
vn -0.769526 0.638615 0 
vn -0.706842 0.707371 0.000801161 
vn -0.740644 0.662864 -0.109805 
vn -0.776035 0.591946 -0.217644 
vn -0.797526 0.510427 -0.321584 
vn -0.804733 0.419765 -0.419765 
vn -0.797526 0.321584 -0.510427 
vn -0.776035 0.217644 -0.591946 
vn -0.740644 0.109805 -0.662864 
vn -0.706842 -0.000801161 -0.707371 
vn -0.691988 0 -0.721909 
vn -0.691988 0.721909 0 
vn -0.554447 0.832212 0.00338485 
vn -0.581561 0.80095 -0.142359 
vn -0.623199 0.729832 -0.281015 
vn -0.648623 0.639725 -0.412359 
vn -0.657171 0.532976 -0.532976 
vn -0.648623 0.412359 -0.639725 
vn -0.623199 0.281015 -0.729832 
vn -0.581561 0.142359 -0.80095 
vn -0.554447 -0.00338485 -0.832212 
vn -0.524793 0 -0.85123 
vn -0.524793 0.85123 0 
vn -0.38202 0.924151 0.00254271 
vn -0.410265 0.896244 -0.168609 
vn -0.447734 0.830343 -0.331761 
vn -0.470712 0.737567 -0.484175 
vn -0.478454 0.620919 -0.620919 
vn -0.470712 0.484175 -0.737567 
vn -0.447734 0.331761 -0.830343 
vn -0.410265 0.168609 -0.896244 
vn -0.38202 -0.00254271 -0.924151 
vn -0.359518 0 -0.933138 
vn -0.232641 0.954512 -0.186508 
vn -0.359518 0.933138 0 
vn -0.257011 0.894337 -0.366207 
vn -0.271997 0.801512 -0.532538 
vn -0.277055 0.679426 -0.679426 
vn -0.271997 0.532538 -0.801512 
vn -0.257011 0.366207 -0.894337 
vn -0.232641 0.186508 -0.954512 
vn -0.199778 0 -0.979841 
vn -0.0520093 0.979491 -0.19466 
vn -0.195057 0.980792 0.000521593 
vn -0.199778 0.979841 0 
vn -0.0577731 0.922414 -0.381857 
vn -0.0613221 0.829977 -0.554417 
vn -0.0625204 0.705723 -0.705723 
vn -0.0613221 0.554417 -0.829977 
vn -0.0577731 0.381857 -0.922414 
vn -0.0520093 0.19466 -0.979491 
vn -0.0442519 0 -0.99902 
vn -0.195057 -0.000521593 -0.980792 
vn 0 0.980785 -0.19509 
vn -0.0442519 0.99902 0 
vn 0 0.92388 -0.382683 
vn 8.67362e-16 0.83147 -0.55557 
vn 8.67362e-16 0.707107 -0.707107 
vn 8.67362e-16 0.55557 -0.83147 
vn 8.67362e-16 0.382683 -0.92388 
vn 8.67362e-16 0.19509 -0.980785 
vn 8.67362e-16 0 -1 
vn 0 1 0 
vn -0.988484 0 -0.151325 
vn -1 0 0 
vn -0.656734 8.18991e-17 -0.754123 
vn -0.481968 0 -0.876189 
vn -0.481838 0 -0.87626 
vn -0.606603 0 -0.795005 
vn -0.910147 1.13501e-16 -0.414286 
vn -0.801655 9.99717e-17 -0.597787 
vn -0.859643 0 -0.510896 
vn -0.977279 1.21873e-16 -0.211959 
vn -0.910147 0 -0.414286 
vn -0.948761 0 -0.315996 
vn -1 1.24707e-16 2.44929e-16 
vn -0.977279 0 -0.211959 
vn -0.994303 0 -0.106593 
vn -0.994259 0 0.106999 
vn -0.977279 0 0.211959 
vn -1 0 0 
vn -0.948767 0 0.315978 
vn -0.910147 0 0.414286 
vn -0.859887 0 0.510485 
vn -0.801655 0 0.597787 
vn -0.489582 0 0.871957 
vn -0.606603 0 0.795005 
vn -0.481968 0 0.876189 
vn -0.656689 0 0.754161 
vn -0.481988 0 0.876178 
vn -0.582284 0 0.812985 
vn -0.801655 9.99717e-17 0.597787 
vn -0.709253 0 0.704954 
vn -0.656726 0 0.754129 
vn -0.74719 0 0.66461 
vn -0.731052 0 0.682321 
vn -0.756725 0 0.653734 
vn -0.76 9.47771e-17 0.649923 
vn -0.75706 0 0.653346 
vn -0.713983 0 0.700163 
vn -0.733752 0 0.679417 
vn -0.748395 0 0.663254 
vn -0.657962 0 0.753051 
vn -0.731717 0 0.681608 
vn -0.656736 0 0.754121 
vn -0.656734 8.18991e-17 0.754123 
vn -0.564738 0 0.82527 
vn -0.481938 0 0.876205 
vn -0.647646 0 0.761941 
vn -0.285301 3.5579e-17 0.958438 
vn -0.481968 6.01047e-17 0.876189 
vn -0.348456 0 0.937325 
vn -0.463713 0 0.885985 
vn -0.285301 0 0.958438 
vn -0.223394 0 0.974728 
vn -0.159217 0 0.987244 
vn -0.285301 3.5579e-17 -0.958438 
vn -0.159254 0 -0.987238 
vn -0.223394 0 -0.974728 
vn -0.0933333 0 -0.995635 
vn -0.285301 0 -0.958438 
vn -0.348456 0 -0.937325 
vn -0.481968 6.01047e-17 -0.876189 
vn -0.463713 0 -0.885985 
vn -0.656734 8.18991e-17 -0.754123 
vn -0.564738 0 -0.82527 
vn -0.646803 0 -0.762657 
vn -0.481938 0 -0.876205 
vn -0.76 9.47771e-17 -0.649923 
vn -0.656734 0 -0.754123 
vn -0.731513 0 -0.681827 
vn -0.76 9.47771e-17 -0.649923 
vn -0.756716 0 -0.653744 
vn -0.709253 0 -0.704954 
vn -0.731027 0 -0.682349 
vn -0.74719 0 -0.66461 
vn -0.656734 0 -0.754123 
vn -0.0933333 1.16393e-17 0.995635 
vn -0.383085 0 0.923713 
vn -0.441477 0 -0.897273 
vn -1 0 0 
vn -0.99559 -0.0938146 0 
vn -0.982592 -0.185776 0 
vn -1 0 0 
vn -0.982587 -0.185801 0 
vn -0.960629 -0.277836 0 
vn -0.930974 -0.365085 0 
vn -0.947715 -0.319119 0 
vn -0.98079 -0.195065 0 
vn -0.931036 -0.364927 0 
vn -0.982054 -0.188599 0 
vn -0.846944 -0.531683 0 
vn -0.86856 -0.495583 0 
vn -0.923928 -0.382567 0 
vn -0.846964 -0.53165 0 
vn -0.845272 -0.534336 0 
vn -0.798408 -0.602117 0 
vn -0.831464 -0.555579 0 
vn -0.733426 -0.679769 0 
vn -0.733421 -0.679775 0 
vn -0.594374 -0.804189 0 
vn -0.663187 -0.748454 0 
vn -0.707 -0.707214 0 
vn -0.594341 -0.804213 0 
vn -0.583329 -0.812236 0 
vn -0.565568 -0.824702 0 
vn -0.434627 -0.90061 0 
vn -0.555617 -0.831438 0 
vn -1 1.24707e-16 0 
vn -0.990835 0.135078 0 
vn -0.980785 0.19509 0 
vn -0.995087 0.0990059 0 
vn -1 -1.22465e-16 0 
vn -0.980811 0.194961 0 
vn -0.947715 0.319119 0 
vn -0.92388 0.382683 0 
vn -0.956578 0.291475 0 
vn -0.83147 0.55557 0 
vn -0.898934 0.438084 0 
vn -0.831389 0.555691 0 
vn -0.923877 0.38269 0 
vn -0.846658 0.532138 0 
vn -0.707107 0.707107 0 
vn -0.717042 0.69703 0 
vn -0.707187 0.707027 0 
vn -0.798408 0.602117 0 
vn -0.831386 0.555696 0 
vn -0.707184 0.70703 0 
vn -0.565568 0.824702 0 
vn -0.55557 0.83147 0 
vn -0.583807 0.811893 0 
vn -0.382683 0.92388 0 
vn -0.453912 0.891047 0 
vn -0.382818 0.923824 0 
vn -0.555601 0.831449 0 
vn -0.19509 0.980785 0 
vn -0.209133 0.977887 0 
vn -0.195216 0.98076 0 
vn -0.263892 0.964552 0 
vn -0.287952 0.957645 0 
vn -0.382788 0.923836 0 
vn -0.195206 0.980762 0 
vn -1.83697e-16 1 0 
vn -0.0988248 0.995105 0 
vn -0.00509141 0.999987 0 
vn -1.83697e-16 1 0 
vn -0.809524 1.00953e-16 -0.587087 
vn -0.765464 9.54585e-17 -0.643478 
vn -0.149335 0.980785 -0.125536 
vn -0.00420555 0.999987 -0.0028698 
vn -0.160681 0.98076 -0.110866 
vn 1.34786e-15 1 1.02823e-15 
vn -0.313964 0.923823 -0.21904 
vn -0.313988 0.92381 -0.219058 
vn -0.21692 0.964552 -0.150282 
vn -0.172088 0.977887 -0.118837 
vn -0.160689 0.980758 -0.110872 
vn -0.292931 0.92388 -0.246248 
vn -0.371727 0.891047 -0.26049 
vn -0.454078 0.831445 -0.320175 
vn -0.425269 0.83147 -0.357497 
vn -0.576151 0.707026 -0.410078 
vn -0.576154 0.707023 -0.41008 
vn -0.462121 0.824702 -0.326055 
vn -0.541265 0.707107 -0.455008 
vn -0.67558 0.555691 -0.484561 
vn -0.675582 0.555686 -0.484563 
vn -0.649195 0.602117 -0.464759 
vn -0.584047 0.69703 -0.41598 
vn -0.63646 0.55557 -0.535033 
vn -0.729341 0.438084 -0.525494 
vn -0.749199 0.382688 -0.540602 
vn -0.707197 0.382683 -0.594496 
vn -0.768092 0.319119 -0.555156 
vn -0.794399 0.19496 -0.575257 
vn -0.765464 2.46883e-16 -0.643478 
vn -0.750756 0.19509 -0.631114 
vn -0.802269 0.135078 -0.581479 
vn -0.809524 -2.15116e-17 -0.587087 
vn 6.69321e-15 0.980785 0.19509 
vn -0.0399715 0.980785 0.190952 
vn -0.0784068 0.92388 0.374565 
vn -0.078247 0.980785 0.178711 
vn -0.153487 0.92388 0.350554 
vn -0.113203 0.980785 0.158888 
vn -0.222055 0.92388 0.31167 
vn -0.143355 0.980785 0.132324 
vn -0.281201 0.92388 0.259562 
vn -0.167425 0.980785 0.100145 
vn -0.328417 0.92388 0.196441 
vn -0.184392 0.980785 0.0637171 
vn -0.361698 0.92388 0.124986 
vn -0.193535 0.980785 0.0245859 
vn -0.379632 0.92388 0.048227 
vn -0.194467 0.980785 -0.0155885 
vn -0.38146 0.92388 -0.0305779 
vn -0.187147 0.980785 -0.0551014 
vn -0.367102 0.92388 -0.108085 
vn -0.171887 0.980785 -0.0922765 
vn -0.337169 0.92388 -0.181007 
vn -0.149335 0.980785 -0.125536 
vn -0.292931 0.92388 -0.246248 
vn 7.5781e-15 0.92388 0.382683 
vn -0.113829 0.83147 0.543784 
vn -0.222829 0.83147 0.508926 
vn -0.322374 0.83147 0.452475 
vn -0.408241 0.83147 0.376826 
vn -0.476787 0.83147 0.285188 
vn -0.525104 0.83147 0.181451 
vn -0.551141 0.83147 0.0700147 
vn -0.553794 0.83147 -0.0443922 
vn -0.53295 0.83147 -0.156916 
vn -0.489494 0.83147 -0.262781 
vn -0.425269 0.83147 -0.357497 
vn 8.17176e-15 0.83147 0.55557 
vn -0.144877 0.707107 0.692106 
vn -0.283607 0.707107 0.64774 
vn -0.410304 0.707107 0.575891 
vn -0.519592 0.707107 0.479608 
vn -0.606835 0.707107 0.362976 
vn -0.66833 0.707107 0.230943 
vn -0.701469 0.707107 0.0891118 
vn -0.704846 0.707107 -0.0565005 
vn -0.678317 0.707107 -0.199716 
vn -0.623008 0.707107 -0.334457 
vn -0.541265 0.707107 -0.455008 
vn 8.45138e-15 0.707107 0.707107 
vn -0.170357 0.55557 0.813831 
vn -0.333486 0.55557 0.761662 
vn -0.482466 0.55557 0.677176 
vn -0.610976 0.55557 0.56396 
vn -0.713562 0.55557 0.426815 
vn -0.785873 0.55557 0.27156 
vn -0.824841 0.55557 0.104784 
vn -0.828811 0.55557 -0.0664376 
vn -0.797616 0.55557 -0.234841 
vn -0.732579 0.55557 -0.39328 
vn -0.63646 0.55557 -0.535033 
vn 8.40623e-15 0.55557 0.83147 
vn -0.189291 0.382683 0.90428 
vn -0.37055 0.382683 0.846313 
vn -0.536088 0.382683 0.752438 
vn -0.67888 0.382683 0.626638 
vn -0.792868 0.382683 0.474251 
vn -0.873215 0.382683 0.301742 
vn -0.916514 0.382683 0.11643 
vn -0.920925 0.382683 -0.0738215 
vn -0.886264 0.382683 -0.260941 
vn -0.813999 0.382683 -0.436989 
vn -0.707197 0.382683 -0.594496 
vn 8.03802e-15 0.382683 0.92388 
vn -0.20095 0.19509 0.959979 
vn -0.393374 0.19509 0.898441 
vn -0.569108 0.19509 0.798784 
vn -0.720695 0.19509 0.665236 
vn -0.841704 0.19509 0.503462 
vn -0.927001 0.19509 0.320327 
vn -0.972966 0.19509 0.123602 
vn -0.977649 0.19509 -0.0783685 
vn -0.940852 0.19509 -0.277014 
vn -0.864136 0.19509 -0.463905 
vn -0.750756 0.19509 -0.631114 
vn 7.36092e-15 0.19509 0.980785 
vn -0.204887 1.07847e-15 0.978786 
vn -0.401081 1.99342e-15 0.916043 
vn -0.580257 2.70602e-15 0.814433 
vn -0.734814 3.18605e-15 0.678268 
vn -0.858194 3.41314e-15 0.513326 
vn -0.945162 3.37765e-15 0.326603 
vn -0.992027 3.08108e-15 0.126023 
vn -0.996803 2.53603e-15 -0.0799038 
vn -0.959285 1.76561e-15 -0.282441 
vn -0.881066 8.02519e-16 -0.472994 
vn -0.765464 -3.12388e-16 -0.643478 
vn 6.40095e-15 -3.55324e-29 1 
vn 5.55112e-15 1 -2.77556e-15 
vn 2.43291e-17 0.19509 0.980785 
vn -2.29082e-32 -1.83697e-16 1 
vn 4.77232e-17 0.382683 0.92388 
vn 0 0.19509 0.980785 
vn 6.92833e-17 0.55557 0.83147 
vn 0 0.382683 0.92388 
vn 8.8181e-17 0.707107 0.707107 
vn 0 0.55557 0.83147 
vn 1.0369e-16 0.83147 0.55557 
vn 0 0.707107 0.707107 
vn 1.15214e-16 0.92388 0.382683 
vn 0 0.83147 0.55557 
vn 1.2231e-16 0.980785 0.19509 
vn 0 0.92388 0.382683 
vn 1.24707e-16 1 -5.08414e-15 
vn 0 0.980785 0.19509 
vn 0 0 1 
vn -0.881066 1.09875e-16 -0.472994 
vn -0.765464 9.54585e-17 -0.643478 
vn -0.959285 1.19629e-16 -0.282441 
vn -0.881066 1.09875e-16 -0.472994 
vn -0.996803 1.24308e-16 -0.0799038 
vn -0.959285 1.19629e-16 -0.282441 
vn -0.992027 1.23712e-16 0.126023 
vn -0.996803 1.24308e-16 -0.0799038 
vn -0.945162 1.17868e-16 0.326603 
vn -0.992027 1.23712e-16 0.126023 
vn -0.858194 1.07023e-16 0.513326 
vn -0.945162 1.17868e-16 0.326603 
vn -0.734814 9.16363e-17 0.678268 
vn -0.858194 1.07023e-16 0.513326 
vn -0.580257 7.2362e-17 0.814433 
vn -0.734814 9.16363e-17 0.678268 
vn -0.401081 5.00175e-17 0.916043 
vn -0.580257 7.2362e-17 0.814433 
vn -0.204887 2.55508e-17 0.978786 
vn -0.401081 5.00175e-17 0.916043 
vn -1.59266e-15 1.98615e-31 1 
vn -0.204887 2.55508e-17 0.978786 
vn -0.149335 -0.980785 -0.125536 
vn -0.171887 -0.980785 -0.0922765 
vn -0.337169 -0.92388 -0.181007 
vn -0.187147 -0.980785 -0.0551014 
vn -0.367102 -0.92388 -0.108085 
vn -0.194467 -0.980785 -0.0155885 
vn -0.38146 -0.92388 -0.0305779 
vn -0.193535 -0.980785 0.0245859 
vn -0.379632 -0.92388 0.048227 
vn -0.184392 -0.980785 0.0637171 
vn -0.361698 -0.92388 0.124986 
vn -0.167425 -0.980785 0.100145 
vn -0.328417 -0.92388 0.196441 
vn -0.143355 -0.980785 0.132324 
vn -0.281201 -0.92388 0.259562 
vn -0.113203 -0.980785 0.158888 
vn -0.222055 -0.92388 0.31167 
vn -0.078247 -0.980785 0.178711 
vn -0.153487 -0.92388 0.350554 
vn -0.0399715 -0.980785 0.190952 
vn -0.0784068 -0.92388 0.374565 
vn 6.51195e-15 -0.980785 0.19509 
vn 9.31427e-15 -0.92388 0.382683 
vn -0.292931 -0.92388 -0.246248 
vn -0.489494 -0.83147 -0.262781 
vn -0.53295 -0.83147 -0.156916 
vn -0.553794 -0.83147 -0.0443922 
vn -0.551141 -0.83147 0.0700147 
vn -0.525104 -0.83147 0.181451 
vn -0.476787 -0.83147 0.285188 
vn -0.408241 -0.83147 0.376826 
vn -0.322374 -0.83147 0.452475 
vn -0.222829 -0.83147 0.508926 
vn -0.113829 -0.83147 0.543784 
vn 1.12332e-14 -0.83147 0.55557 
vn -0.425269 -0.83147 -0.357497 
vn -0.623008 -0.707107 -0.334457 
vn -0.678317 -0.707107 -0.199716 
vn -0.704846 -0.707107 -0.0565005 
vn -0.701469 -0.707107 0.0891118 
vn -0.66833 -0.707107 0.230943 
vn -0.606835 -0.707107 0.362976 
vn -0.519592 -0.707107 0.479608 
vn -0.410304 -0.707107 0.575891 
vn -0.283607 -0.707107 0.64774 
vn -0.144877 -0.707107 0.692106 
vn 1.27694e-14 -0.707107 0.707107 
vn -0.541265 -0.707107 -0.455008 
vn -0.732579 -0.55557 -0.39328 
vn -0.797616 -0.55557 -0.234841 
vn -0.828811 -0.55557 -0.0664376 
vn -0.824841 -0.55557 0.104784 
vn -0.785873 -0.55557 0.27156 
vn -0.713562 -0.55557 0.426815 
vn -0.610976 -0.55557 0.56396 
vn -0.482466 -0.55557 0.677176 
vn -0.333486 -0.55557 0.761662 
vn -0.170357 -0.55557 0.813831 
vn 1.38593e-14 -0.55557 0.83147 
vn -0.63646 -0.55557 -0.535033 
vn -0.813999 -0.382683 -0.436989 
vn -0.886264 -0.382683 -0.260941 
vn -0.920925 -0.382683 -0.0738215 
vn -0.916514 -0.382683 0.11643 
vn -0.873215 -0.382683 0.301742 
vn -0.792868 -0.382683 0.474251 
vn -0.67888 -0.382683 0.626638 
vn -0.536088 -0.382683 0.752438 
vn -0.37055 -0.382683 0.846313 
vn -0.189291 -0.382683 0.90428 
vn 1.2751e-14 -0.382683 0.92388 
vn -0.707197 -0.382683 -0.594496 
vn -0.864136 -0.19509 -0.463905 
vn -0.940852 -0.19509 -0.277014 
vn -0.977649 -0.19509 -0.0783685 
vn -0.972966 -0.19509 0.123602 
vn -0.927001 -0.19509 0.320327 
vn -0.841704 -0.19509 0.503462 
vn -0.720695 -0.19509 0.665236 
vn -0.569108 -0.19509 0.798784 
vn -0.393374 -0.19509 0.898441 
vn -0.20095 -0.19509 0.959979 
vn 1.33577e-14 -0.19509 0.980785 
vn -0.750756 -0.19509 -0.631114 
vn -0.881066 4.33023e-16 -0.472994 
vn -0.959285 -4.22341e-16 -0.282441 
vn -0.996803 -1.14202e-15 -0.0799038 
vn -0.992027 -1.69549e-15 0.126023 
vn -0.945162 -2.05925e-15 0.326603 
vn -0.858194 -2.21788e-15 0.513326 
vn -0.734814 -2.16464e-15 0.678268 
vn -0.580257 -1.9018e-15 0.814433 
vn -0.401081 -1.4405e-15 0.916043 
vn -0.204887 -8.00326e-16 0.978786 
vn 1.32672e-14 -8.42697e-18 1 
vn -0.765464 1.37468e-15 -0.643478 
vn 4.16334e-15 -1 -2.77556e-15 
vn -0.292931 -0.92388 -0.246248 
vn -0.199874 -0.968327 -0.149644 
vn -0.156599 -0.980464 -0.119029 
vn -0.312565 -0.923317 -0.223132 
vn -0.149335 -0.980785 -0.125536 
vn 4.78027e-17 -1 3.82662e-17 
vn -0.750756 -0.19509 -0.631114 
vn -0.765464 -1.22465e-16 -0.643478 
vn -0.809524 -2.77556e-15 -0.587087 
vn -0.795742 -0.185801 -0.57643 
vn -0.795315 -0.188599 -0.576111 
vn -0.707197 -0.382683 -0.594496 
vn -0.768092 -0.319119 -0.555156 
vn -0.754909 -0.364925 -0.544924 
vn -0.794322 -0.195065 -0.575328 
vn -0.63646 -0.55557 -0.535033 
vn -0.705166 -0.495583 -0.507088 
vn -0.68798 -0.531647 -0.493999 
vn -0.749274 -0.382565 -0.540586 
vn -0.541265 -0.707107 -0.455008 
vn -0.649195 -0.602117 -0.464759 
vn -0.597236 -0.679764 -0.425711 
vn -0.675618 -0.555576 -0.48464 
vn -0.425269 -0.83147 -0.357497 
vn -0.540792 -0.748454 -0.383877 
vn -0.485358 -0.804209 -0.343038 
vn -0.462121 -0.824702 -0.326055 
vn -0.576033 -0.707205 -0.409936 
vn -0.454091 -0.831435 -0.320183 
vn -0.356071 -0.90061 -0.249228 
vn 7.35546e-15 -1 6.18328e-15 
vn 0 -0.995151 0.0983567 
vn 0 -0.980785 0.19509 
vn 0 -0.956671 0.291173 
vn 0 -0.92388 0.382683 
vn 0 -0.83147 0.55557 
vn 0 -0.881159 0.472821 
vn 0 -0.707107 0.707107 
vn 0 -0.83147 0.55557 
vn 0 -0.55557 0.83147 
vn 0 -0.707107 0.707107 
vn 0 -0.382683 0.92388 
vn 0 -0.55557 0.83147 
vn 0 -0.19509 0.980785 
vn 0 -0.382683 0.92388 
vn 0 0 1 
vn 0 -0.19509 0.980785 
vn 0 -1 0 
vn 1.24707e-16 1 0 
vn 0.21497 0 0.976621 
vn 2.44929e-16 0 1 
vn 0.419889 0 0.907575 
vn 0.21497 0 0.976621 
vn 0.605174 0 0.796093 
vn 0.419889 0 0.907575 
vn 0.762162 0 0.647386 
vn 0.605174 0 0.796093 
vn 0.883512 0 0.468408 
vn 0.762162 0 0.647386 
vn 0.96355 0 0.267528 
vn 0.883512 0 0.468408 
vn 0.998533 0 0.0541389 
vn 0.96355 0 0.267528 
vn 0.986827 0 -0.161782 
vn 0.998533 0 0.0541389 
vn 0.928977 0 -0.370138 
vn 0.986827 0 -0.161782 
vn 0.827689 0 -0.561187 
vn 0.928977 0 -0.370138 
vn 0.687699 0 -0.725995 
vn 0.827689 0 -0.561187 
vn 0.515554 0 -0.856857 
vn 0.687699 0 -0.725995 
vn 0.319302 0 -0.947653 
vn 0.515554 0 -0.856857 
vn 0.108119 0 -0.994138 
vn 0.319302 0 -0.947653 
vn -0.108119 0 -0.994138 
vn 0.108119 0 -0.994138 
vn -0.319302 0 -0.947653 
vn -0.108119 0 -0.994138 
vn -0.515554 0 -0.856857 
vn -0.319302 0 -0.947653 
vn -0.687699 0 -0.725995 
vn -0.515554 0 -0.856857 
vn -0.827689 0 -0.561187 
vn -0.687699 0 -0.725995 
vn -0.928977 0 -0.370138 
vn -0.827689 0 -0.561187 
vn -0.986827 0 -0.161782 
vn -0.928977 0 -0.370138 
vn -1 0 6.12323e-17 
vn -0.998533 0 0.0541389 
vn -0.96355 0 0.267528 
vn -0.883512 0 0.468408 
vn -0.762162 0 0.647386 
vn -0.605174 0 0.796093 
vn -0.419889 0 0.907575 
vn -0.21497 0 0.976621 
vn 0.21497 0 0.976621 
vn 2.44929e-16 0 1 
vn 0.419889 0 0.907575 
vn 0.21497 0 0.976621 
vn 0.605174 0 0.796093 
vn 0.419889 0 0.907575 
vn 0.762162 0 0.647386 
vn 0.605174 0 0.796093 
vn 0.883512 0 0.468408 
vn 0.762162 0 0.647386 
vn 0.96355 0 0.267528 
vn 0.883512 0 0.468408 
vn 0.998533 0 0.0541389 
vn 0.96355 0 0.267528 
vn 0.986827 0 -0.161782 
vn 0.998533 0 0.0541389 
vn 0.928977 0 -0.370138 
vn 0.986827 0 -0.161782 
vn 0.827689 0 -0.561187 
vn 0.928977 0 -0.370138 
vn 0.687699 0 -0.725995 
vn 0.827689 0 -0.561187 
vn 0.515554 0 -0.856857 
vn 0.687699 0 -0.725995 
vn 0.319302 0 -0.947653 
vn 0.515554 0 -0.856857 
vn 0.108119 0 -0.994138 
vn 0.319302 0 -0.947653 
vn -0.108119 0 -0.994138 
vn 0.108119 0 -0.994138 
vn -0.319302 0 -0.947653 
vn -0.108119 0 -0.994138 
vn -0.515554 0 -0.856857 
vn -0.319302 0 -0.947653 
vn -0.687699 0 -0.725995 
vn -0.515554 0 -0.856857 
vn -0.827689 0 -0.561187 
vn -0.687699 0 -0.725995 
vn -0.928977 0 -0.370138 
vn -0.827689 0 -0.561187 
vn -0.986827 0 -0.161782 
vn -0.928977 0 -0.370138 
vn -1 0 6.12323e-17 
vn -0.998533 0 0.0541389 
vn -0.96355 0 0.267528 
vn -0.883512 0 0.468408 
vn -0.762162 0 0.647386 
vn -0.605174 0 0.796093 
vn -0.419889 0 0.907575 
vn -0.21497 0 0.976621 
vn 0 -1 0 
vn 0.21497 0 0.976621 
vn 2.44929e-16 0 1 
vn 0.419889 0 0.907575 
vn 0.21497 0 0.976621 
vn 0.605174 0 0.796093 
vn 0.419889 0 0.907575 
vn 0.762162 0 0.647386 
vn 0.605174 0 0.796093 
vn 0.883512 0 0.468408 
vn 0.762162 0 0.647386 
vn 0.96355 0 0.267528 
vn 0.883512 0 0.468408 
vn 0.998533 0 0.0541389 
vn 0.96355 0 0.267528 
vn 0.986827 0 -0.161782 
vn 0.998533 0 0.0541389 
vn 0.928977 0 -0.370138 
vn 0.986827 0 -0.161782 
vn 0.827689 0 -0.561187 
vn 0.928977 0 -0.370138 
vn 0.687699 0 -0.725995 
vn 0.827689 0 -0.561187 
vn 0.515554 0 -0.856857 
vn 0.687699 0 -0.725995 
vn 0.319302 0 -0.947653 
vn 0.515554 0 -0.856857 
vn 0.108119 0 -0.994138 
vn 0.319302 0 -0.947653 
vn -0.108119 0 -0.994138 
vn 0.108119 0 -0.994138 
vn -0.319302 0 -0.947653 
vn -0.108119 0 -0.994138 
vn -0.515554 0 -0.856857 
vn -0.319302 0 -0.947653 
vn -0.687699 0 -0.725995 
vn -0.515554 0 -0.856857 
vn -0.827689 0 -0.561187 
vn -0.687699 0 -0.725995 
vn -0.928977 0 -0.370138 
vn -0.827689 0 -0.561187 
vn -0.986827 0 -0.161782 
vn -0.928977 0 -0.370138 
vn -1 0 6.12323e-17 
vn -0.998533 0 0.0541389 
vn -0.96355 0 0.267528 
vn -0.883512 0 0.468408 
vn -0.762162 0 0.647386 
vn -0.605174 0 0.796093 
vn -0.419889 0 0.907575 
vn -0.21497 0 0.976621 
vn 0.21497 0 0.976621 
vn 2.44929e-16 0 1 
vn 0.419889 0 0.907575 
vn 0.21497 0 0.976621 
vn 0.605174 0 0.796093 
vn 0.419889 0 0.907575 
vn 0.762162 0 0.647386 
vn 0.605174 0 0.796093 
vn 0.883512 0 0.468408 
vn 0.762162 0 0.647386 
vn 0.96355 0 0.267528 
vn 0.883512 0 0.468408 
vn 0.998533 0 0.0541389 
vn 0.96355 0 0.267528 
vn 0.986827 0 -0.161782 
vn 0.998533 0 0.0541389 
vn 0.928977 0 -0.370138 
vn 0.986827 0 -0.161782 
vn 0.827689 0 -0.561187 
vn 0.928977 0 -0.370138 
vn 0.687699 0 -0.725995 
vn 0.827689 0 -0.561187 
vn 0.515554 0 -0.856857 
vn 0.687699 0 -0.725995 
vn 0.319302 0 -0.947653 
vn 0.515554 0 -0.856857 
vn 0.108119 0 -0.994138 
vn 0.319302 0 -0.947653 
vn -0.108119 0 -0.994138 
vn 0.108119 0 -0.994138 
vn -0.319302 0 -0.947653 
vn -0.108119 0 -0.994138 
vn -0.515554 0 -0.856857 
vn -0.319302 0 -0.947653 
vn -0.687699 0 -0.725995 
vn -0.515554 0 -0.856857 
vn -0.827689 0 -0.561187 
vn -0.687699 0 -0.725995 
vn -0.928977 0 -0.370138 
vn -0.827689 0 -0.561187 
vn -0.986827 0 -0.161782 
vn -0.928977 0 -0.370138 
vn -1 0 6.12323e-17 
vn -0.998533 0 0.0541389 
vn -0.96355 0 0.267528 
vn -0.883512 0 0.468408 
vn -0.762162 0 0.647386 
vn -0.605174 0 0.796093 
vn -0.419889 0 0.907575 
vn -0.21497 0 0.976621 
vn 0 0 -1 
vn 0 -1 0 
vn -1 0 0 
vn 1 0 0 
vn 0 0 -1 
vn 0 1 0 
vn 0 -1 0 
vn 1 0 0 
vn -1 0 9.25186e-16 
vn 0 0 1 
vn 1 0 0 
vn -1 0 0 
vn 0 -1 0 
vn 0.21497 0 0.976621 
vn 2.44929e-16 0 1 
vn 0.419889 0 0.907575 
vn 0.21497 0 0.976621 
vn 0.605174 0 0.796093 
vn 0.419889 0 0.907575 
vn 0.762162 0 0.647386 
vn 0.605174 0 0.796093 
vn 0.883512 0 0.468408 
vn 0.762162 0 0.647386 
vn 0.96355 0 0.267528 
vn 0.883512 0 0.468408 
vn 0.998533 0 0.0541389 
vn 0.96355 0 0.267528 
vn 0.986827 0 -0.161782 
vn 0.998533 0 0.0541389 
vn 0.928977 0 -0.370138 
vn 0.986827 0 -0.161782 
vn 0.827689 0 -0.561187 
vn 0.928977 0 -0.370138 
vn 0.687699 0 -0.725995 
vn 0.827689 0 -0.561187 
vn 0.515554 0 -0.856857 
vn 0.687699 0 -0.725995 
vn 0.319302 0 -0.947653 
vn 0.515554 0 -0.856857 
vn 0.108119 0 -0.994138 
vn 0.319302 0 -0.947653 
vn -0.108119 0 -0.994138 
vn 0.108119 0 -0.994138 
vn -0.319302 0 -0.947653 
vn -0.108119 0 -0.994138 
vn -0.515554 0 -0.856857 
vn -0.319302 0 -0.947653 
vn -0.687699 0 -0.725995 
vn -0.515554 0 -0.856857 
vn -0.827689 0 -0.561187 
vn -0.687699 0 -0.725995 
vn -0.928977 0 -0.370138 
vn -0.827689 0 -0.561187 
vn -0.986827 0 -0.161782 
vn -0.928977 0 -0.370138 
vn -0.998533 0 0.0541389 
vn -0.986827 0 -0.161782 
vn -0.96355 0 0.267528 
vn -0.998533 0 0.0541389 
vn -0.883512 0 0.468408 
vn -0.96355 0 0.267528 
vn -0.762162 0 0.647386 
vn -0.883512 0 0.468408 
vn -0.605174 0 0.796093 
vn -0.762162 0 0.647386 
vn -0.419889 0 0.907575 
vn -0.605174 0 0.796093 
vn -0.21497 0 0.976621 
vn -0.419889 0 0.907575 
vn 0 -1 0 
vn 0.21497 0 0.976621 
vn 2.44929e-16 0 1 
vn 0.419889 0 0.907575 
vn 0.21497 0 0.976621 
vn 0.605174 0 0.796093 
vn 0.419889 0 0.907575 
vn 0.762162 0 0.647386 
vn 0.605174 0 0.796093 
vn 0.883512 0 0.468408 
vn 0.762162 0 0.647386 
vn 0.96355 0 0.267528 
vn 0.883512 0 0.468408 
vn 0.998533 0 0.0541389 
vn 0.96355 0 0.267528 
vn 0.986827 0 -0.161782 
vn 0.998533 0 0.0541389 
vn 0.928977 0 -0.370138 
vn 0.986827 0 -0.161782 
vn 0.827689 0 -0.561187 
vn 0.928977 0 -0.370138 
vn 0.687699 0 -0.725995 
vn 0.827689 0 -0.561187 
vn 0.515554 0 -0.856857 
vn 0.687699 0 -0.725995 
vn 0.319302 0 -0.947653 
vn 0.515554 0 -0.856857 
vn 0.108119 0 -0.994138 
vn 0.319302 0 -0.947653 
vn -0.108119 0 -0.994138 
vn 0.108119 0 -0.994138 
vn -0.319302 0 -0.947653 
vn -0.108119 0 -0.994138 
vn -0.515554 0 -0.856857 
vn -0.319302 0 -0.947653 
vn -0.687699 0 -0.725995 
vn -0.515554 0 -0.856857 
vn -0.827689 0 -0.561187 
vn -0.687699 0 -0.725995 
vn -0.928977 0 -0.370138 
vn -0.827689 0 -0.561187 
vn -0.986827 0 -0.161782 
vn -0.928977 0 -0.370138 
vn -0.998533 0 0.0541389 
vn -0.986827 0 -0.161782 
vn -0.96355 0 0.267528 
vn -0.998533 0 0.0541389 
vn -0.883512 0 0.468408 
vn -0.96355 0 0.267528 
vn -0.762162 0 0.647386 
vn -0.883512 0 0.468408 
vn -0.605174 0 0.796093 
vn -0.762162 0 0.647386 
vn -0.419889 0 0.907575 
vn -0.605174 0 0.796093 
vn -0.21497 0 0.976621 
vn -0.419889 0 0.907575 
vn 0 -1 0 
vn 0 0 1 
vn 0 1 0 
vn 0 -1 0 
vn -1 0 0 
vn 0 0 -1 
vn 1.24707e-16 1 0 
vn -1.24707e-16 -1 0 
vn -1 -2.66881e-16 0 
vn 0 0 1 
vn 1 2.60209e-16 0 
vn 0 0 -1 
vn 0 -1 0 
vn 0.19509 0 -0.980785 
vn 6.12323e-17 0 -1 
vn 0.192284 0.0329704 -0.980785 
vn 0.183946 0.0649923 -0.980785 
vn 5.34567e-17 2.98627e-17 -1 
vn 0.170317 0.0951446 -0.980785 
vn 0.151787 0.12256 -0.980785 
vn 4.04547e-17 4.59654e-17 -1 
vn 0.128891 0.146449 -0.980785 
vn 0.102287 0.166125 -0.980785 
vn 2.28309e-17 5.68168e-17 -1 
vn 0.0727407 0.181022 -0.980785 
vn 0.0411015 0.190712 -0.980785 
vn 2.59877e-18 6.11772e-17 -1 
vn 0.00827987 0.194915 -0.980785 
vn -0.0247799 0.19351 -0.980785 
vn -1.79302e-17 5.85483e-17 -1 
vn -0.0571269 0.186539 -0.980785 
vn -0.0878304 0.174201 -0.980785 
vn -3.64108e-17 4.92306e-17 -1 
vn -0.116007 0.156852 -0.980785 
vn -0.140847 0.134991 -0.980785 
vn -5.07316e-17 3.42886e-17 -1 
vn -0.161634 0.109246 -0.980785 
vn -0.177772 0.0803579 -0.980785 
vn -5.92566e-17 1.54292e-17 -1 
vn -0.188795 0.0491585 -0.980785 
vn -0.194388 0.0165448 -0.980785 
vn -6.10117e-17 -5.19287e-18 -1 
vn -0.194388 -0.0165448 -0.980785 
vn -0.188795 -0.0491585 -0.980785 
vn -5.57967e-17 -2.52217e-17 -1 
vn -0.177772 -0.0803579 -0.980785 
vn -0.161634 -0.109246 -0.980785 
vn -4.42071e-17 -4.2369e-17 -1 
vn -0.140847 -0.134991 -0.980785 
vn -0.116007 -0.156852 -0.980785 
vn -2.7567e-17 -5.46759e-17 -1 
vn -0.0878304 -0.174201 -0.980785 
vn -0.0571269 -0.186539 -0.980785 
vn -7.7776e-18 -6.07364e-17 -1 
vn -0.0247799 -0.19351 -0.980785 
vn 0.00827987 -0.194915 -0.980785 
vn 1.29004e-17 -5.9858e-17 -1 
vn 0.0411015 -0.190712 -0.980785 
vn 0.0727407 -0.181022 -0.980785 
vn 3.21046e-17 -5.21411e-17 -1 
vn 0.102287 -0.166125 -0.980785 
vn 0.128891 -0.146449 -0.980785 
vn 4.76409e-17 -3.84674e-17 -1 
vn 0.151787 -0.12256 -0.980785 
vn 0.170317 -0.0951446 -0.980785 
vn 5.77346e-17 -2.03989e-17 -1 
vn 0.183946 -0.0649923 -0.980785 
vn 0.192284 -0.0329704 -0.980785 
vn 0.382683 0 -0.92388 
vn 0.377179 0.0646738 -0.92388 
vn 0.360824 0.127487 -0.92388 
vn 0.334088 0.186633 -0.92388 
vn 0.297741 0.240409 -0.92388 
vn 0.252829 0.28727 -0.92388 
vn 0.200644 0.325866 -0.92388 
vn 0.142686 0.355088 -0.92388 
vn 0.0806235 0.374094 -0.92388 
vn 0.0162415 0.382339 -0.92388 
vn -0.0486076 0.379584 -0.92388 
vn -0.112058 0.365909 -0.92388 
vn -0.172286 0.341708 -0.92388 
vn -0.227556 0.307676 -0.92388 
vn -0.276281 0.264794 -0.92388 
vn -0.317057 0.214293 -0.92388 
vn -0.348712 0.157628 -0.92388 
vn -0.370335 0.0964278 -0.92388 
vn -0.381305 0.0324538 -0.92388 
vn -0.381305 -0.0324538 -0.92388 
vn -0.370335 -0.0964278 -0.92388 
vn -0.348712 -0.157628 -0.92388 
vn -0.317057 -0.214293 -0.92388 
vn -0.276281 -0.264794 -0.92388 
vn -0.227556 -0.307676 -0.92388 
vn -0.172286 -0.341708 -0.92388 
vn -0.112058 -0.365909 -0.92388 
vn -0.0486076 -0.379584 -0.92388 
vn 0.0162415 -0.382339 -0.92388 
vn 0.0806235 -0.374094 -0.92388 
vn 0.142686 -0.355088 -0.92388 
vn 0.200644 -0.325866 -0.92388 
vn 0.252829 -0.28727 -0.92388 
vn 0.297741 -0.240409 -0.92388 
vn 0.334088 -0.186633 -0.92388 
vn 0.360824 -0.127487 -0.92388 
vn 0.377179 -0.0646738 -0.92388 
vn 0.55557 0 -0.83147 
vn 0.547579 0.0938918 -0.83147 
vn 0.523835 0.185083 -0.83147 
vn 0.485021 0.270949 -0.83147 
vn 0.432254 0.34902 -0.83147 
vn 0.367051 0.417051 -0.83147 
vn 0.29129 0.473084 -0.83147 
vn 0.207148 0.515508 -0.83147 
vn 0.117047 0.543101 -0.83147 
vn 0.0235791 0.55507 -0.83147 
vn -0.0705673 0.55107 -0.83147 
vn -0.162684 0.531218 -0.83147 
vn -0.25012 0.496083 -0.83147 
vn -0.33036 0.446677 -0.83147 
vn -0.401097 0.384421 -0.83147 
vn -0.460295 0.311105 -0.83147 
vn -0.506251 0.22884 -0.83147 
vn -0.537644 0.139992 -0.83147 
vn -0.553569 0.0471156 -0.83147 
vn -0.553569 -0.0471156 -0.83147 
vn -0.537644 -0.139992 -0.83147 
vn -0.506251 -0.22884 -0.83147 
vn -0.460295 -0.311105 -0.83147 
vn -0.401097 -0.384421 -0.83147 
vn -0.33036 -0.446677 -0.83147 
vn -0.25012 -0.496083 -0.83147 
vn -0.162684 -0.531218 -0.83147 
vn -0.0705673 -0.55107 -0.83147 
vn 0.0235791 -0.55507 -0.83147 
vn 0.117047 -0.543101 -0.83147 
vn 0.207148 -0.515508 -0.83147 
vn 0.29129 -0.473084 -0.83147 
vn 0.367051 -0.417051 -0.83147 
vn 0.432254 -0.34902 -0.83147 
vn 0.485021 -0.270949 -0.83147 
vn 0.523835 -0.185083 -0.83147 
vn 0.547579 -0.0938918 -0.83147 
vn 0.707107 0 -0.707107 
vn 0.696936 0.119502 -0.707107 
vn 0.666715 0.235565 -0.707107 
vn 0.617314 0.344852 -0.707107 
vn 0.550154 0.444219 -0.707107 
vn 0.467168 0.530805 -0.707107 
vn 0.370741 0.602122 -0.707107 
vn 0.263649 0.656117 -0.707107 
vn 0.148973 0.691236 -0.707107 
vn 0.0300105 0.70647 -0.707107 
vn -0.0898152 0.70138 -0.707107 
vn -0.207057 0.676112 -0.707107 
vn -0.318342 0.631394 -0.707107 
vn -0.420469 0.568512 -0.707107 
vn -0.5105 0.489275 -0.707107 
vn -0.585845 0.395962 -0.707107 
vn -0.644336 0.291258 -0.707107 
vn -0.684291 0.178175 -0.707107 
vn -0.704559 0.0599668 -0.707107 
vn -0.704559 -0.0599668 -0.707107 
vn -0.684291 -0.178175 -0.707107 
vn -0.644336 -0.291258 -0.707107 
vn -0.585845 -0.395962 -0.707107 
vn -0.5105 -0.489275 -0.707107 
vn -0.420469 -0.568512 -0.707107 
vn -0.318342 -0.631394 -0.707107 
vn -0.207057 -0.676112 -0.707107 
vn -0.0898152 -0.70138 -0.707107 
vn 0.0300105 -0.70647 -0.707107 
vn 0.148973 -0.691236 -0.707107 
vn 0.263649 -0.656117 -0.707107 
vn 0.370741 -0.602122 -0.707107 
vn 0.467168 -0.530805 -0.707107 
vn 0.550154 -0.444219 -0.707107 
vn 0.617314 -0.344852 -0.707107 
vn 0.666715 -0.235565 -0.707107 
vn 0.696936 -0.119502 -0.707107 
vn 0.83147 0 -0.55557 
vn 0.81951 0.140519 -0.55557 
vn 0.783974 0.276996 -0.55557 
vn 0.725885 0.405504 -0.55557 
vn 0.646913 0.522346 -0.55557 
vn 0.549331 0.624161 -0.55557 
vn 0.435946 0.708021 -0.55557 
vn 0.310019 0.771512 -0.55557 
vn 0.175173 0.812807 -0.55557 
vn 0.0352886 0.83072 -0.55557 
vn -0.105611 0.824735 -0.55557 
vn -0.243473 0.795024 -0.55557 
vn -0.374331 0.742441 -0.55557 
vn -0.494419 0.668499 -0.55557 
vn -0.600285 0.575326 -0.55557 
vn -0.688881 0.465602 -0.55557 
vn -0.757659 0.342483 -0.55557 
vn -0.804641 0.209512 -0.55557 
vn -0.828474 0.0705135 -0.55557 
vn -0.828474 -0.0705135 -0.55557 
vn -0.804641 -0.209512 -0.55557 
vn -0.757659 -0.342483 -0.55557 
vn -0.688881 -0.465602 -0.55557 
vn -0.600285 -0.575326 -0.55557 
vn -0.494419 -0.668499 -0.55557 
vn -0.374331 -0.742441 -0.55557 
vn -0.243473 -0.795024 -0.55557 
vn -0.105611 -0.824735 -0.55557 
vn 0.0352886 -0.83072 -0.55557 
vn 0.175173 -0.812807 -0.55557 
vn 0.310019 -0.771512 -0.55557 
vn 0.435946 -0.708021 -0.55557 
vn 0.549331 -0.624161 -0.55557 
vn 0.646913 -0.522346 -0.55557 
vn 0.725885 -0.405504 -0.55557 
vn 0.783974 -0.276996 -0.55557 
vn 0.81951 -0.140519 -0.55557 
vn 0.92388 0 -0.382683 
vn 0.91059 0.156136 -0.382683 
vn 0.871105 0.307781 -0.382683 
vn 0.80656 0.450571 -0.382683 
vn 0.718811 0.5804 -0.382683 
vn 0.610384 0.693531 -0.382683 
vn 0.484397 0.78671 -0.382683 
vn 0.344474 0.857258 -0.382683 
vn 0.194642 0.903143 -0.382683 
vn 0.0392106 0.923047 -0.382683 
vn -0.117349 0.916397 -0.382683 
vn -0.270533 0.883383 -0.382683 
vn -0.415934 0.824956 -0.382683 
vn -0.549369 0.742796 -0.382683 
vn -0.667 0.639268 -0.382683 
vn -0.765443 0.517349 -0.382683 
vn -0.841865 0.380547 -0.382683 
vn -0.894069 0.232797 -0.382683 
vn -0.920551 0.0783505 -0.382683 
vn -0.920551 -0.0783505 -0.382683 
vn -0.894069 -0.232797 -0.382683 
vn -0.841865 -0.380547 -0.382683 
vn -0.765443 -0.517349 -0.382683 
vn -0.667 -0.639268 -0.382683 
vn -0.549369 -0.742796 -0.382683 
vn -0.415934 -0.824956 -0.382683 
vn -0.270533 -0.883383 -0.382683 
vn -0.117349 -0.916397 -0.382683 
vn 0.0392106 -0.923047 -0.382683 
vn 0.194642 -0.903143 -0.382683 
vn 0.344474 -0.857258 -0.382683 
vn 0.484397 -0.78671 -0.382683 
vn 0.610384 -0.693531 -0.382683 
vn 0.718811 -0.5804 -0.382683 
vn 0.80656 -0.450571 -0.382683 
vn 0.871105 -0.307781 -0.382683 
vn 0.91059 -0.156136 -0.382683 
vn 0.980785 0 -0.19509 
vn 0.966678 0.165754 -0.19509 
vn 0.92476 0.326739 -0.19509 
vn 0.856239 0.478324 -0.19509 
vn 0.763086 0.616149 -0.19509 
vn 0.64798 0.736248 -0.19509 
vn 0.514233 0.835167 -0.19509 
vn 0.365692 0.91006 -0.19509 
vn 0.206631 0.958772 -0.19509 
vn 0.0416257 0.979902 -0.19509 
vn -0.124577 0.972841 -0.19509 
vn -0.287196 0.937794 -0.19509 
vn -0.441553 0.875769 -0.19509 
vn -0.583207 0.788549 -0.19509 
vn -0.708084 0.678643 -0.19509 
vn -0.81259 0.549215 -0.19509 
vn -0.893719 0.403987 -0.19509 
vn -0.949138 0.247136 -0.19509 
vn -0.977252 0.0831764 -0.19509 
vn -0.977252 -0.0831764 -0.19509 
vn -0.949138 -0.247136 -0.19509 
vn -0.893719 -0.403987 -0.19509 
vn -0.81259 -0.549215 -0.19509 
vn -0.708084 -0.678643 -0.19509 
vn -0.583207 -0.788549 -0.19509 
vn -0.441553 -0.875769 -0.19509 
vn -0.287196 -0.937794 -0.19509 
vn -0.124577 -0.972841 -0.19509 
vn 0.0416257 -0.979902 -0.19509 
vn 0.206631 -0.958772 -0.19509 
vn 0.365692 -0.91006 -0.19509 
vn 0.514233 -0.835167 -0.19509 
vn 0.64798 -0.736248 -0.19509 
vn 0.763086 -0.616149 -0.19509 
vn 0.856239 -0.478324 -0.19509 
vn 0.92476 -0.326739 -0.19509 
vn 0.966678 -0.165754 -0.19509 
vn 1 0 0 
vn 0.985616 0.169001 0 
vn 0.942877 0.33314 0 
vn 0.873014 0.487695 0 
vn 0.778036 0.62822 0 
vn 0.660675 0.750672 0 
vn 0.524307 0.851529 0 
vn 0.372856 0.927889 0 
vn 0.210679 0.977555 0 
vn 0.0424412 0.999099 0 
vn -0.127018 0.9919 0 
vn -0.292823 0.956167 0 
vn -0.450204 0.892926 0 
vn -0.594633 0.803997 0 
vn -0.721956 0.691939 0 
vn -0.82851 0.559975 0 
vn -0.911228 0.411901 0 
vn -0.967733 0.251978 0 
vn -0.996397 -0.0848059 0 
vn -1 1.22465e-16 0 
vn -0.967733 -0.251978 0 
vn -0.911228 -0.411901 0 
vn -0.82851 -0.559975 0 
vn -0.721956 -0.691939 0 
vn -0.594633 -0.803997 0 
vn -0.450204 -0.892926 0 
vn -0.292823 -0.956167 0 
vn -0.127018 -0.9919 0 
vn 0.0424412 -0.999099 0 
vn 0.210679 -0.977555 0 
vn 0.372856 -0.927889 0 
vn 0.524307 -0.851529 0 
vn 0.660675 -0.750672 0 
vn 0.778036 -0.62822 0 
vn 0.873014 -0.487695 0 
vn 0.942877 -0.33314 0 
vn 0.985616 -0.169001 0 
vn -0.996397 0.0848059 0 
vn 1.50668e-16 1 0 
vn 0.525009 -0.569009 -0.632925 
vn 0.604917 -0.636936 -0.4779 
vn 0.623053 -0.634469 -0.457442 
vn 0.426709 -0.481149 -0.765778 
vn 0.559884 -0.562888 -0.608019 
vn 0.313461 -0.376432 -0.871803 
vn 0.478918 -0.473413 -0.739268 
vn 0.189231 -0.258529 -0.947288 
vn 0.382728 -0.36889 -0.847018 
vn 0.0583724 -0.131569 -0.989587 
vn 0.274372 -0.252641 -0.927843 
vn 0.157294 -0.12836 -0.979174 
vn 0.00179566 0.00120234 -0.999998 
vn 0.0352166 0 -0.99938 
vn 0.658775 -0.63264 -0.407163 
vn 0.629221 -0.554413 -0.544708 
vn 0.583363 -0.46182 -0.668139 
vn 0.522389 -0.357261 -0.774258 
vn 0.447879 -0.243445 -0.860314 
vn 0.361763 -0.12332 -0.924078 
vn 0.203435 0.00692875 -0.979064 
vn 0.266274 0 -0.963897 
vn 0.679856 -0.633109 -0.370093 
vn 0.670244 -0.551339 -0.496789 
vn 0.64533 -0.45698 -0.612142 
vn 0.605683 -0.352189 -0.71352 
vn 0.552207 -0.239357 -0.798608 
vn 0.486125 -0.121061 -0.865464 
vn 0.408944 0 -0.91256 
vn 0.408914 0 -0.912573 
vn 0.702778 -0.643658 -0.302998 
vn 0.719425 -0.549204 -0.42521 
vn 0.719566 -0.452825 -0.526473 
vn 0.705645 -0.347597 -0.617448 
vn 0.677933 -0.235575 -0.696355 
vn 0.636973 -0.11895 -0.761654 
vn 0.583563 0 -0.812068 
vn 0.748913 -0.54862 -0.37168 
vn 0.763974 -0.451084 -0.461374 
vn 0.765449 -0.345526 -0.542863 
vn 0.753309 -0.233822 -0.614697 
vn 0.727772 -0.11796 -0.675599 
vn 0.689291 0 -0.724485 
vn 0.588754 0.000946706 -0.808312 
vn 0.78219 -0.548504 -0.295502 
vn 0.813943 -0.449714 -0.367769 
vn 0.832681 -0.343732 -0.434154 
vn 0.838104 -0.232255 -0.493598 
vn 0.830126 -0.117063 -0.545149 
vn 0.808874 0 -0.587983 
vn 0.740216 0.00966046 -0.6723 
vn 0.801148 -0.54867 -0.239006 
vn 0.842324 -0.449189 -0.297858 
vn 0.870818 -0.342946 -0.352226 
vn 0.886202 -0.23154 -0.401291 
vn 0.888245 -0.116648 -0.444314 
vn 0.865937 0.00306507 -0.500143 
vn 0.876914 0 -0.480648 
vn 0.820466 -0.548997 -0.159495 
vn 0.871171 -0.448832 -0.199023 
vn 0.909536 -0.342309 -0.235731 
vn 0.935015 -0.230936 -0.2691 
vn 0.947249 -0.116292 -0.298657 
vn 0.946063 0 -0.323983 
vn 0.831449 -0.54925 -0.0837684 
vn 0.887538 -0.448704 -0.104601 
vn 0.931477 -0.342016 -0.124001 
vn 0.962664 -0.230645 -0.141704 
vn 0.980674 -0.116117 -0.157467 
vn 0.985258 0 -0.171074 
vn 0.950973 0.00329191 -0.309255 
vn 0.835584 -0.549358 -0.00227559 
vn 0.893693 -0.44867 -0.00284221 
vn 0.939724 -0.341918 -0.00337043 
vn 0.973054 -0.230545 -0.00385309 
vn 0.993233 -0.116057 -0.00428367 
vn 0.999989 0 -0.00465637 
vn 0.994403 0.00991498 -0.105191 
vn 0.834618 -0.549332 0.0405798 
vn 0.892256 -0.448677 0.0506813 
vn 0.937798 -0.34194 0.0600957 
vn 0.970628 -0.230568 0.0686956 
vn 0.990301 -0.116071 0.0763642 
vn 0.99655 0 0.0829977 
vn 0.826561 -0.549132 0.123499 
vn 0.880257 -0.448755 0.154165 
vn 0.921719 -0.34214 0.182689 
vn 0.950369 -0.23077 0.208673 
vn 0.96581 -0.116193 0.231757 
vn 0.967826 0 0.251619 
vn 0.994502 0.00478614 0.104608 
vn 0.815457 -0.548897 0.183691 
vn 0.863699 -0.448908 0.229141 
vn 0.899512 -0.342459 0.271294 
vn 0.92238 -0.231081 0.309543 
vn 0.931974 -0.116378 0.343337 
vn 0.928157 0 0.37219 
vn 0.950794 0.0057675 0.30977 
vn 0.792702 -0.548576 0.265873 
vn 0.829688 -0.449401 0.331145 
vn 0.853843 -0.343276 0.391296 
vn 0.864795 -0.231843 0.445396 
vn 0.862374 -0.116825 0.492609 
vn 0.864959 0.00715395 0.501792 
vn 0.846616 0 0.532204 
vn 0.775834 -0.548485 0.311843 
vn 0.804413 -0.44993 0.387921 
vn 0.819865 -0.344033 0.45767 
vn 0.821939 -0.232522 0.519951 
vn 0.810601 -0.117218 0.573747 
vn 0.786036 0 0.618181 
vn 0.738394 -0.548774 0.391946 
vn 0.748146 -0.451646 0.4861 
vn 0.744136 -0.34621 0.571314 
vn 0.726439 -0.234407 0.646019 
vn 0.695379 -0.118291 0.70884 
vn 0.651529 0 0.758624 
vn 0.740081 0.0102662 0.672439 
vn 0.719168 -0.549211 0.425634 
vn 0.71918 -0.452843 0.526986 
vn 0.705125 -0.347617 0.61803 
vn 0.677278 -0.235592 0.696987 
vn 0.636184 -0.11896 0.762311 
vn 0.588933 0.000678506 0.808182 
vn 0.582647 0 0.812725 
vn 0.676772 -0.63298 0.37592 
vn 0.664248 -0.551709 0.504373 
vn 0.636272 -0.457605 0.621093 
vn 0.593495 -0.352856 0.723365 
vn 0.536912 -0.239898 0.80881 
vn 0.46784 -0.121361 0.875441 
vn 0.405526 0.00375253 0.914076 
vn 0.387885 0 0.921708 
vn 0.657088 -0.632648 0.409869 
vn 0.625937 -0.554717 0.548172 
vn 0.578404 -0.462268 0.672129 
vn 0.515734 -0.357721 0.778495 
vn 0.439567 -0.243812 0.864486 
vn 0.351895 -0.123522 0.927853 
vn 0.255014 0 0.966937 
vn 0.616877 -0.635181 0.464765 
vn 0.547973 -0.564825 0.617008 
vn 0.461055 -0.475899 0.748965 
vn 0.358978 -0.371327 0.8563 
vn 0.245101 -0.254549 0.935484 
vn 0.123165 -0.129401 0.983913 
vn 0.00232886 0.000688089 0.999997 
vn 0.203689 0.00677641 0.979012 
vn -0.00281997 0 0.999996 
vn 0.588433 -0.64022 0.493827 
vn 0.493637 -0.575758 0.651786 
vn 0.380036 -0.489364 0.784917 
vn 0.251959 -0.384328 0.888149 
vn 0.114284 -0.264653 0.957548 
vn -0.0277443 -0.134896 0.990471 
vn -0.168716 0 0.985665 
vn -0.0745313 0 -0.997219 
vn -0.183639 4.02209e-16 -0.982994 
vn -0.0664494 -0.136582 -0.988398 
vn -0.0400146 -0.165862 -0.985337 
vn 0.0673355 -0.278262 -0.958142 
vn 0.190155 -0.39358 -0.899409 
vn 0.248694 -0.444155 -0.860742 
vn 0.32146 -0.501664 -0.803117 
vn 0.330567 -0.508522 -0.795067 
vn 0.458039 -0.594101 -0.661244 
vn 0.500202 -0.617932 -0.606595 
vn 0.651799 -0.673887 -0.347899 
vn 0.5618 -0.64784 -0.514475 
vn 0.586718 -0.658096 -0.471881 
vn 0.652426 -0.673324 -0.347816 
vn 0.660251 -0.666972 -0.345278 
vn 0.654327 -0.671179 -0.348389 
vn 0.669896 -0.652905 -0.353488 
vn 0.674914 -0.658095 -0.33377 
vn 0.666568 -0.662758 -0.34123 
vn 0.679693 -0.655397 -0.329352 
vn 0.697047 -0.646486 -0.310131 
vn 0.718537 -0.636178 -0.281037 
vn 0.720842 -0.635111 -0.277525 
vn 0.721127 -0.634986 -0.27707 
vn 0.748402 -0.622818 -0.228017 
vn 0.77023 -0.613577 -0.173978 
vn 0.763051 -0.616758 -0.193292 
vn 0.783772 -0.608026 -0.126516 
vn 0.794953 -0.603536 -0.0615991 
vn 0.793651 -0.604199 -0.0711429 
vn 0.798356 -0.602185 9.87132e-05 
vn 0.796933 -0.603075 0.0346107 
vn 0.794162 -0.603851 0.0683412 
vn 0.78653 -0.606911 0.11415 
vn 0.776798 -0.611146 0.151937 
vn 0.769122 -0.614037 0.177229 
vn 0.741092 -0.62617 0.242268 
vn 0.731789 -0.630133 0.259648 
vn 0.720378 -0.635326 0.278239 
vn 0.718553 -0.63618 0.280992 
vn 0.702632 -0.643737 0.303169 
vn 0.692482 -0.648778 0.315524 
vn 0.678175 -0.656291 0.330696 
vn 0.677454 -0.656667 0.331428 
vn 0.669453 -0.649534 0.360468 
vn 0.66179 -0.665948 0.344307 
vn 0.665737 -0.663308 0.341784 
vn 0.653171 -0.672136 0.348714 
vn 0.651888 -0.674009 0.347496 
vn 0.650844 -0.675586 0.346389 
vn 0.617736 -0.668899 0.413492 
vn 0.561776 -0.647848 0.514491 
vn 0.651858 -0.677785 0.340131 
vn 0.481125 -0.607456 0.632072 
vn 0.448011 -0.587946 0.673502 
vn 0.544471 -0.640111 0.542041 
vn 0.376143 -0.54128 0.752019 
vn 0.302434 -0.487184 0.819259 
vn 0.189985 -0.393607 0.899432 
vn 0.155916 -0.363165 0.918587 
vn 0.000990308 -0.21 0.977701 
vn -0.0663659 -0.136578 0.988404 
vn -0.183639 6.97407e-16 0.982994 
vn 0.714154 -0.638248 0.287445 
vn 0.757452 -0.61894 0.207799 
vn 0.651858 -0.677785 -0.340131 
vn -0.753696 1.13558e-16 0.657223 
vn -0.604211 9.1035e-17 0.796825 
vn -0.606838 0 0.794825 
vn -0.871652 1.3133e-16 0.490126 
vn -0.753696 0 0.657223 
vn -0.815743 0 0.578415 
vn -0.953141 1.43608e-16 0.302525 
vn -0.871652 0 0.490126 
vn -0.91648 0 0.400081 
vn -0.994757 1.49878e-16 0.102268 
vn -0.953141 0 0.302525 
vn -0.978831 0 0.204669 
vn -0.994757 1.49878e-16 -0.102268 
vn -1 0 9.46722e-06 
vn -0.994757 0 0.102268 
vn -0.978773 0 -0.20495 
vn -0.953141 0 -0.302525 
vn -0.994757 0 -0.102268 
vn -0.916759 0 -0.399441 
vn -0.871652 0 -0.490126 
vn -0.815887 0 -0.578212 
vn -0.753696 0 -0.657223 
vn -0.606603 0 -0.795005 
vn -0.604229 0 -0.796811 
vn -0.441477 6.65162e-17 -0.897273 
vn -0.604211 9.1035e-17 -0.796825 
vn -0.441477 6.65162e-17 0.897273 
vn 0.753696 -1.13558e-16 -0.657223 
vn 0.604211 -9.1035e-17 -0.796825 
vn 0.871652 -1.3133e-16 -0.490126 
vn 0.753696 0 -0.657223 
vn 0.815743 0 -0.578415 
vn 0.953141 -1.43608e-16 -0.302525 
vn 0.871652 0 -0.490126 
vn 0.91648 0 -0.400081 
vn 0.994757 -1.49878e-16 -0.102268 
vn 0.953141 0 -0.302525 
vn 0.978831 0 -0.204669 
vn 0.994757 -1.49878e-16 0.102268 
vn 1 0 -9.46722e-06 
vn 0.994757 0 -0.102268 
vn 0.978773 0 0.20495 
vn 0.953141 0 0.302525 
vn 0.994757 0 0.102268 
vn 0.916759 0 0.399441 
vn 0.871652 0 0.490126 
vn 0.815887 0 0.578212 
vn 0.753696 0 0.657223 
vn 0.604211 0 0.796825 
vn 0.441477 -6.65162e-17 0.897273 
vn 0.441477 -6.65162e-17 -0.897273 
vn 0.00325302 -4.90125e-19 -0.999995 
vn -0.183639 0 -0.982994 
vn -0.0745313 0 -0.997219 
vn 0.210669 -3.17409e-17 -0.977558 
vn 0.00327582 0 -0.999995 
vn 0.0352166 0 -0.99938 
vn 0.408915 -6.16102e-17 -0.912573 
vn 0.21091 0 -0.977505 
vn 0.266274 0 -0.963897 
vn 0.589363 -8.87979e-17 -0.807868 
vn 0.408915 0 -0.912573 
vn 0.408944 0 -0.91256 
vn 0.583563 0 -0.812068 
vn 0.74416 -1.12121e-16 -0.668002 
vn 0.589343 0 -0.807883 
vn 0.689291 0 -0.724485 
vn 0.866567 -1.30564e-16 -0.499061 
vn 0.74413 0 -0.668035 
vn 0.808874 0 -0.587983 
vn 0.951257 -1.43324e-16 -0.308398 
vn 0.876914 0 -0.480648 
vn 0.946063 0 -0.323983 
vn 0.866589 0 -0.499022 
vn 0.994545 -1.49846e-16 -0.104313 
vn 0.951235 0 -0.308466 
vn 0.985258 0 -0.171074 
vn 0.994545 -1.49846e-16 0.104313 
vn 0.999989 0 -0.00465637 
vn 0.99655 0 0.0829977 
vn 0.994539 0 -0.104367 
vn 0.967826 0 0.251619 
vn 0.95126 0 0.30839 
vn 0.994555 0 0.104211 
vn 0.951257 -1.43324e-16 0.308398 
vn 0.928157 0 0.37219 
vn 0.8665 0 0.499177 
vn 0.866567 -1.30564e-16 0.499061 
vn 0.786036 0 0.618181 
vn 0.744243 0 0.667909 
vn 0.846616 0 0.532204 
vn 0.74416 -1.12121e-16 0.668002 
vn 0.651529 0 0.758624 
vn 0.589355 0 0.807874 
vn 0.589363 -8.87979e-17 0.807868 
vn 0.582647 0 0.812725 
vn 0.408755 0 0.912644 
vn 0.408915 -6.16102e-17 0.912573 
vn 0.255014 0 0.966937 
vn 0.210998 0 0.977486 
vn 0.387885 0 0.921708 
vn 0.210669 -3.17409e-17 0.977558 
vn 0.00317552 0 0.999995 
vn 0.00325302 -4.90125e-19 0.999995 
vn -0.00281997 0 0.999996 
vn -0.168716 0 0.985665 
vn -0.183639 0 0.982994 
vn -0.994138 1.49784e-16 0.108119 
vn -0.947653 1.42781e-16 0.319302 
vn -0.947667 0 0.31926 
vn -0.976807 0 0.21412 
vn -0.994138 1.49784e-16 -0.108119 
vn -0.994131 0 0.108185 
vn -0.999803 0 -0.0198609 
vn -0.947653 1.42781e-16 -0.319302 
vn -0.994157 0 -0.107943 
vn -0.967613 0 -0.252438 
vn -0.856857 1.29101e-16 -0.515554 
vn -0.947682 0 -0.319216 
vn -0.904003 0 -0.427527 
vn -0.733567 0 -0.679617 
vn -0.726027 0 -0.687666 
vn -0.852014 0 -0.523519 
vn -0.856846 0 -0.515572 
vn -0.725995 1.09384e-16 -0.687699 
vn -0.626645 0 -0.779305 
vn -0.56125 0 -0.827646 
vn -0.561187 8.45527e-17 -0.827689 
vn -0.462965 0 -0.886377 
vn -0.370077 0 -0.929001 
vn -0.370138 5.57678e-17 -0.928977 
vn -0.320283 0 -0.947322 
vn -0.161607 0 -0.986855 
vn -0.161782 2.43753e-17 -0.986827 
vn 0.0249603 0 -0.999688 
vn 0.0539625 0 -0.998543 
vn -0.127672 0 -0.991816 
vn 0.0541389 -8.15698e-18 -0.998533 
vn 0.22641 0 -0.974032 
vn 0.267469 0 -0.963566 
vn 0.267528 -4.03079e-17 -0.96355 
vn 0.364197 0 -0.931322 
vn 0.468457 0 -0.883487 
vn 0.468408 -7.0574e-17 -0.883512 
vn 0.548799 0 -0.835955 
vn 0.647437 0 -0.762119 
vn 0.647386 -9.75401e-17 -0.762162 
vn 0.792488 0 -0.609888 
vn 0.796062 0 -0.605215 
vn 0.720862 0 -0.693079 
vn 0.796093 -1.19945e-16 -0.605174 
vn 0.896514 0 -0.443014 
vn 0.90756 0 -0.419923 
vn 0.907575 -1.36742e-16 -0.419889 
vn 0.941914 0 -0.335854 
vn 0.976647 0 -0.21485 
vn 0.976621 -1.47145e-16 -0.21497 
vn 0.987635 0 -0.15677 
vn 0.999862 0 -0.0166229 
vn 1 -1.50668e-16 2.44929e-16 
vn 0.976621 -1.47145e-16 0.21497 
vn 1 0 -9.90683e-05 
vn 0.98674 0 0.162311 
vn 0.907575 -1.36742e-16 0.419889 
vn 0.976638 0 0.214889 
vn 0.947067 0 0.321037 
vn 0.796093 -1.19945e-16 0.605174 
vn 0.871498 0 0.4904 
vn 0.820974 0 0.570965 
vn 0.907552 0 0.419941 
vn 0.691811 0 0.722079 
vn 0.647499 0 0.762066 
vn 0.796106 0 0.605158 
vn 0.751081 0 0.66021 
vn 0.647386 -9.75401e-17 0.762162 
vn 0.538946 0 0.84234 
vn 0.468379 0 0.883528 
vn 0.468408 -7.0574e-17 0.883512 
vn 0.428499 0 0.903542 
vn 0.267413 0 0.963582 
vn 0.0541389 -8.15698e-18 0.998533 
vn 0.267528 -4.03079e-17 0.96355 
vn 0.119041 0 0.992889 
vn 0.249963 0 0.968255 
vn 0.0542551 0 0.998527 
vn -0.0688159 0 0.997629 
vn -0.161782 2.43753e-17 0.986827 
vn -0.370138 5.57678e-17 0.928977 
vn -0.161832 0 0.986818 
vn -0.210348 0 0.977627 
vn -0.561187 8.45527e-17 0.827689 
vn -0.370258 0 0.928929 
vn -0.38973 0 0.920929 
vn -0.523331 0 0.85213 
vn -0.725995 1.09384e-16 0.687699 
vn -0.561053 0 0.82778 
vn -0.675645 0 0.737227 
vn -0.856857 1.29101e-16 0.515554 
vn -0.726 0 0.687694 
vn -0.768549 0 0.639791 
vn -0.878821 0 0.477152 
vn -0.90126 0 0.433279 
vn -0.856947 0 0.515405 
vn 0.820974 0 0.570965 
vn 0.871498 0 0.4904 
vn 0.832877 -0.194184 0.518274 
vn 0.704104 -0.37257 0.604507 
vn 0.777615 -0.189968 0.599356 
vn 0.603293 -0.540726 0.586219 
vn 0.760962 -0.380605 0.52543 
vn 0.47909 -0.687916 0.545201 
vn 0.658627 -0.551812 0.511581 
vn 0.33631 -0.808433 0.483044 
vn 0.529962 -0.700959 0.477281 
vn 0.180491 -0.897604 0.402157 
vn 0.380112 -0.822084 0.423901 
vn 0.0176728 -0.951971 0.305677 
vn 0.215066 -0.910346 0.353576 
vn 0.91746 -0.201352 0.343111 
vn 0.906781 -0.0071969 0.421541 
vn 0.849405 -0.394265 0.350807 
vn 0.745755 -0.570657 0.343802 
vn 0.610854 -0.723134 0.32239 
vn 0.450353 -0.845307 0.287467 
vn 0.0414226 -0.962217 0.269116 
vn 0.27098 -0.932057 0.240498 
vn 0.947067 0 0.321037 
vn 0.976446 -0.00619097 0.215673 
vn 0.962934 -0.205599 0.174603 
vn 0.897734 -0.40236 0.179389 
vn 0.79394 -0.581824 0.176463 
vn 0.656016 -0.736276 0.165951 
vn 0.489891 -0.859077 0.148305 
vn 0.0802516 -0.979748 0.18345 
vn 0.302706 -0.944946 0.124284 
vn 0.98674 0 0.162311 
vn 0.999995 -0.00306781 -9.92538e-05 
vn 0.978158 -0.207088 -0.0179221 
vn 0.914043 -0.405197 -0.0184442 
vn 0.810297 -0.585738 -0.0181666 
vn 0.671417 -0.740882 -0.0171014 
vn 0.503427 -0.863903 -0.0152946 
vn 0.102507 -0.990193 0.0949195 
vn 0.313608 -0.949466 -0.0128247 
vn 0.987635 0 -0.15677 
vn 0.96397 -0.2057 -0.168668 
vn 0.898841 -0.402551 -0.173311 
vn 0.79505 -0.582088 -0.170499 
vn 0.65706 -0.736586 -0.160353 
vn 0.490807 -0.859401 -0.14331 
vn 0.110192 -0.993862 -0.00979879 
vn 0.303443 -0.94525 -0.120102 
vn 0.911611 -0.200826 -0.358656 
vn 0.976399 -0.00777756 -0.215834 
vn 0.843231 -0.393264 -0.366478 
vn 0.739629 -0.569275 -0.358992 
vn 0.605134 -0.721508 -0.336511 
vn 0.445362 -0.843604 -0.299974 
vn 0.103026 -0.99044 -0.0917285 
vn 0.266988 -0.930464 -0.250908 
vn 0.941914 0 -0.335854 
vn 0.907349 -0.00202531 -0.420374 
vn 0.860606 -0.196434 -0.469863 
vn 0.789759 -0.384894 -0.477637 
vn 0.686851 -0.557728 -0.466021 
vn 0.556058 -0.70792 -0.435486 
vn 0.402692 -0.829373 -0.387271 
vn 0.0774625 -0.978458 -0.191361 
vn 0.232978 -0.917157 -0.323334 
vn 0.896514 0 -0.443014 
vn 0.795918 -0.000708312 -0.605404 
vn 0.746854 -0.187767 -0.637928 
vn 0.672747 -0.368376 -0.641647 
vn 0.572992 -0.53494 -0.620903 
vn 0.451391 -0.681109 -0.576487 
vn 0.31258 -0.801311 -0.510092 
vn 0.0538053 -0.967706 -0.246271 
vn 0.161853 -0.890963 -0.42425 
vn 0.720862 0 -0.693079 
vn 0.670635 -0.182727 -0.718929 
vn 0.595876 -0.35877 -0.718481 
vn 0.49932 -0.521689 -0.691751 
vn 0.384499 -0.665525 -0.639717 
vn 0.255612 -0.785015 -0.564281 
vn 0.00495459 -0.946647 -0.322234 
vn 0.117376 -0.87579 -0.468204 
vn 0.492904 -0.172963 -0.852719 
vn 0.646332 -0.00365332 -0.763048 
vn 0.420584 -0.340162 -0.84107 
vn 0.33425 -0.496027 -0.801395 
vn 0.236779 -0.635364 -0.735016 
vn 0.131417 -0.753529 -0.644146 
vn -0.0251546 -0.934528 -0.355 
vn 0.0216767 -0.846585 -0.531811 
vn 0.308447 -0.165221 -0.936783 
vn 0.46831 -0.000396345 -0.883564 
vn 0.548799 0 -0.835955 
vn 0.24331 -0.325414 -0.913732 
vn 0.170768 -0.475703 -0.86287 
vn 0.0930279 -0.611513 -0.785747 
vn 0.0124566 -0.728711 -0.684708 
vn -0.088786 -0.911432 -0.401756 
vn -0.0684939 -0.82373 -0.56283 
vn 0.364197 0 -0.931322 
vn 0.267771 0.000772256 -0.963482 
vn 0.173748 -0.160802 -0.971573 
vn 0.116112 -0.317 -0.941291 
vn 0.0551497 -0.46412 -0.884054 
vn -0.00739146 -0.597949 -0.8015 
vn -0.0697209 -0.714654 -0.695994 
vn -0.14736 -0.893678 -0.423822 
vn -0.130054 -0.810895 -0.570557 
vn 0.22641 0 -0.974032 
vn 0.0546256 0.00179529 -0.998505 
vn -0.020001 -0.15594 -0.987564 
vn -0.0644325 -0.30775 -0.949283 
vn -0.107158 -0.451409 -0.88586 
vn -0.147044 -0.583112 -0.798974 
vn -0.183037 -0.69937 -0.690926 
vn -0.186662 -0.883914 -0.428782 
vn -0.214181 -0.797106 -0.564579 
vn 0.0249603 0 -0.999688 
vn -0.127672 0 -0.991816 
vn -0.165065 -0.153281 -0.974299 
vn -0.198299 -0.302699 -0.932229 
vn -0.226536 -0.444489 -0.866667 
vn -0.249063 -0.575078 -0.779264 
vn -0.265315 -0.691175 -0.672224 
vn -0.239653 -0.873729 -0.423278 
vn -0.27488 -0.789854 -0.548244 
vn -0.346856 -0.150971 -0.925688 
vn -0.160805 0.00256596 -0.986983 
vn -0.365116 -0.298323 -0.88187 
vn -0.374625 -0.438526 -0.816916 
vn -0.375156 -0.568219 -0.732384 
vn -0.366696 -0.684293 -0.630299 
vn -0.277518 -0.868629 -0.410447 
vn -0.349447 -0.783968 -0.513108 
vn -0.481078 -0.149921 -0.863764 
vn -0.369424 0.00275578 -0.929257 
vn -0.320283 0 -0.947322 
vn -0.487975 -0.296347 -0.821011 
vn -0.483494 -0.435863 -0.759116 
vn -0.46774 -0.565217 -0.679522 
vn -0.44108 -0.681392 -0.584084 
vn -0.323824 -0.864855 -0.383621 
vn -0.404136 -0.78168 -0.475027 
vn -0.462965 0 -0.886377 
vn -0.560495 0.00469963 -0.828144 
vn -0.635048 -0.149351 -0.757898 
vn -0.628949 -0.295291 -0.719185 
vn -0.608488 -0.434489 -0.664049 
vn -0.574133 -0.563765 -0.593751 
vn -0.526668 -0.680168 -0.509894 
vn -0.357769 -0.863742 -0.354895 
vn -0.467177 -0.78104 -0.414394 
vn -0.626645 0 -0.779305 
vn -0.725961 0.000707689 -0.687735 
vn -0.735831 -0.149327 -0.660495 
vn -0.721414 -0.29527 -0.6264 
vn -0.690643 -0.434518 -0.578105 
vn -0.644216 -0.563916 -0.516705 
vn -0.583185 -0.680531 -0.443591 
vn -0.397018 -0.864077 -0.309432 
vn -0.508933 -0.781719 -0.360421 
vn -0.733567 0 -0.679617 
vn -0.852014 0 -0.523519 
vn -0.847849 -0.149618 -0.508691 
vn -0.824504 -0.295851 -0.482354 
vn -0.782506 -0.435391 -0.445106 
vn -0.722806 -0.565081 -0.397788 
vn -0.646754 -0.681988 -0.34147 
vn -0.423144 -0.865185 -0.269081 
vn -0.556071 -0.783466 -0.277428 
vn -0.681964 -0.68325 -0.260951 
vn -0.452808 -0.86722 -0.20711 
vn -0.582272 -0.784861 -0.212021 
vn -0.856831 0.000332315 -0.515597 
vn -0.904003 -2.15373e-16 -0.427527 
vn -0.90438 -0.00890782 -0.426635 
vn -0.904867 -0.0755907 -0.418929 
vn -0.900455 -0.149868 -0.408314 
vn -0.899737 -0.157379 -0.407069 
vn -0.881034 -0.274468 -0.385288 
vn -0.84463 -0.400241 -0.355539 
vn -0.830745 -0.436194 -0.345829 
vn -0.822919 -0.454837 -0.340481 
vn -0.761589 -0.573317 -0.302144 
vn -0.751032 -0.590166 -0.296065 
vn -0.765913 -0.56615 -0.304716 
vn -0.689141 -0.675667 -0.261837 
vn -0.663332 -0.705912 -0.248351 
vn -0.682849 -0.683285 -0.258531 
vn -0.469388 -0.868689 -0.158287 
vn -0.558647 -0.805922 -0.195969 
vn -0.434335 -0.889507 -0.141881 
vn -0.470492 -0.868794 -0.154382 
vn -0.438029 -0.888088 -0.139391 
vn -0.420295 -0.888243 -0.185408 
vn -0.415389 -0.887837 -0.197982 
vn -0.401148 -0.887012 -0.228671 
vn -0.403777 -0.878747 -0.254496 
vn -0.394941 -0.886838 -0.239876 
vn -0.371373 -0.886485 -0.276091 
vn -0.350363 -0.887125 -0.300425 
vn -0.339409 -0.887912 -0.310506 
vn -0.314475 -0.890289 -0.32938 
vn -0.292149 -0.893693 -0.340531 
vn -0.27643 -0.896915 -0.345153 
vn -0.25555 -0.902001 -0.347977 
vn -0.234608 -0.908503 -0.345806 
vn -0.250086 -0.903584 -0.34784 
vn -0.21737 -0.914974 -0.339961 
vn -0.201856 -0.921668 -0.331336 
vn -0.182627 -0.931284 -0.315209 
vn -0.195967 -0.92445 -0.327092 
vn -0.146733 -0.948433 -0.280969 
vn -0.167708 -0.939663 -0.298172 
vn -0.155838 -0.947071 -0.280662 
vn -0.137153 -0.959558 -0.245839 
vn -0.140559 -0.957143 -0.253219 
vn -0.128298 -0.965626 -0.226068 
vn -0.117242 -0.973874 -0.194481 
vn -0.109195 -0.979646 -0.168435 
vn -0.101947 -0.985344 -0.13676 
vn -0.091759 -0.993123 -0.0727186 
vn -0.0878968 -0.99609 -0.0089068 
vn -0.0904612 -0.994119 0.059539 
vn -0.0907586 -0.993852 0.0634171 
vn -0.096348 -0.989609 0.106731 
vn -0.0990519 -0.987341 0.123881 
vn -0.110052 -0.979228 0.170299 
vn -0.114197 -0.976065 0.185085 
vn -0.119557 -0.972169 0.20148 
vn -0.0760057 -0.944765 0.318813 
vn -0.0300221 -0.932636 0.359567 
vn -0.123347 -0.969251 0.212926 
vn -0.142591 -0.955815 0.25707 
vn -0.131146 -0.954467 0.267944 
vn 0.00787858 -0.919919 0.39203 
vn 0.10722 -0.87545 0.471265 
vn 0.247126 -0.784986 0.56809 
vn 0.24934 -0.783291 0.56946 
vn 0.217633 -0.806945 0.549069 
vn 0.357784 -0.688848 0.630459 
vn 0.381762 -0.664913 0.641988 
vn 0.33592 -0.709626 0.619346 
vn 0.466087 -0.569562 0.677024 
vn 0.599756 -0.375306 0.706709 
vn 0.608361 -0.360267 0.707181 
vn 0.546834 -0.4601 0.699486 
vn 0.487109 -0.543078 0.683953 
vn 0.538438 -0.472435 0.697775 
vn 0.689437 -0.191975 0.698443 
vn 0.69259 -0.184121 0.697437 
vn 0.643418 -0.293861 0.706866 
vn 0.749382 -0.00707123 0.662101 
vn 0.751081 1.62254e-15 0.66021 
vn 0.795749 -0.00174767 0.605624 
vn 0.69501 -0.17799 0.696621 
vn -0.0904104 -0.994016 -0.0612959 
vn -0.43534 -0.889602 -0.138157 
vn 0.792488 0 -0.609888 
vn 0.999862 0 -0.0166229 
vn -0.939351 -0.151347 -0.307755 
vn -0.967613 0 -0.252438 
vn -0.994219 0.00110577 -0.107366 
vn -0.983447 -0.159666 -0.0856719 
vn -0.885948 -0.298644 -0.354835 
vn -0.808833 -0.437948 -0.392418 
vn -0.937496 -0.314528 -0.148905 
vn -0.710069 -0.56553 -0.419498 
vn -0.863335 -0.459925 -0.207657 
vn -0.5923 -0.677976 -0.43535 
vn -0.763195 -0.591481 -0.26016 
vn -0.458679 -0.772275 -0.43955 
vn -0.640088 -0.705239 -0.304835 
vn -0.312781 -0.845905 -0.431986 
vn -0.497721 -0.797775 -0.340336 
vn -0.158512 -0.896895 -0.41286 
vn -0.340375 -0.866305 -0.365597 
vn 0 -0.92388 -0.382683 
vn -0.999803 0 -0.0198609 
vn -0.994197 -0.00117367 0.107572 
vn -0.975047 -0.169285 0.143614 
vn -0.940495 -0.332877 0.0682778 
vn -0.874312 -0.485274 -0.00935463 
vn -0.778724 -0.62135 -0.0866724 
vn -0.656947 -0.736529 -0.161075 
vn -0.513075 -0.826938 -0.230061 
vn -0.172787 -0.908765 -0.379855 
vn -0.351948 -0.889535 -0.291309 
vn 0 -0.92388 -0.382683 
vn -0.976807 0 0.21412 
vn -0.94821 -0.00343889 0.317626 
vn -0.91359 -0.179729 0.364761 
vn -0.891981 -0.352782 0.282692 
vn -0.837236 -0.512729 0.190121 
vn -0.751387 -0.653628 0.0904867 
vn -0.637625 -0.770245 -0.0125087 
vn -0.500175 -0.858249 -0.11504 
vn -0.178984 -0.922215 -0.34276 
vn -0.344145 -0.914368 -0.213297 
vn 0 -0.92388 -0.382683 
vn -0.893791 -0.182019 0.409886 
vn -0.90126 0 0.433279 
vn -0.874905 -0.357144 0.327093 
vn -0.822878 -0.518739 0.23191 
vn -0.73968 -0.660685 0.127942 
vn -0.628463 -0.777605 0.0191272 
vn -0.49344 -0.865068 -0.0904118 
vn -0.339725 -0.919763 -0.196526 
vn -0.173142 -0.939618 -0.295196 
vn -0.175329 -0.936519 -0.30363 
vn 0 -0.92388 -0.382683 
vn -0.0828695 -0.905681 -0.415782 
vn -0.246167 -0.844007 -0.476501 
vn -0.271539 -0.830831 -0.485785 
vn -0.142442 -0.887433 -0.438376 
vn -0.140777 -0.888003 -0.437758 
vn -0.309037 -0.810953 -0.496842 
vn -0.405371 -0.751005 -0.521216 
vn -0.274415 -0.829371 -0.486662 
vn -0.524946 -0.656585 -0.541598 
vn -0.632275 -0.547676 -0.547978 
vn -0.645756 -0.531939 -0.547758 
vn -0.548275 -0.635066 -0.544137 
vn -0.55573 -0.627954 -0.544829 
vn -0.651339 -0.525291 -0.547565 
vn -0.729004 -0.42154 -0.539312 
vn -0.761304 -0.370527 -0.532096 
vn -0.822961 -0.253782 -0.508261 
vn -0.740613 -0.403817 -0.537051 
vn -0.866077 -0.145537 -0.478256 
vn -0.902456 -0.00822367 -0.430704 
vn -0.904003 9.28365e-16 -0.427527 
vn -0.948015 0.00210544 -0.318219 
vn -0.888597 -0.0698033 -0.453346 
vn -0.86847 -0.138317 -0.476056 
vn -0.878821 0 0.477152 
vn -0.789793 -0.190878 0.582917 
vn -0.893791 -0.182019 0.409886 
vn -0.85791 -0.00423747 0.513783 
vn -0.878821 0 0.477152 
vn -0.779351 -0.374098 0.502656 
vn -0.874905 -0.357144 0.327093 
vn -0.73764 -0.542309 0.402228 
vn -0.822878 -0.518739 0.23191 
vn -0.666336 -0.688762 0.285663 
vn -0.73968 -0.660685 0.127942 
vn -0.568298 -0.807582 0.157637 
vn -0.628463 -0.777605 0.0191272 
vn -0.447459 -0.894001 0.0232861 
vn -0.49344 -0.865068 -0.0904118 
vn -0.308668 -0.944553 -0.111999 
vn -0.339725 -0.919763 -0.196526 
vn -0.157493 -0.957209 -0.24279 
vn -0.173142 -0.939618 -0.295196 
vn 0 -0.931461 -0.363841 
vn 0 -0.92388 -0.382683 
vn -0.768549 0 0.639791 
vn -0.726795 -0.00328369 0.686847 
vn -0.698467 -0.196088 0.688254 
vn -0.692393 -0.384064 0.610809 
vn -0.657675 -0.556151 0.508094 
vn -0.59575 -0.70523 0.38436 
vn -0.509179 -0.825135 0.244725 
vn -0.401543 -0.910903 0.0949654 
vn -0.277295 -0.958989 -0.0587225 
vn 0 -0.935792 -0.352553 
vn -0.675645 0 0.737227 
vn -0.562152 -0.00515209 0.827018 
vn -0.544643 -0.202073 0.81396 
vn -0.542675 -0.395508 0.740997 
vn -0.517511 -0.572038 0.636361 
vn -0.470225 -0.724116 0.504524 
vn -0.402841 -0.845241 0.351122 
vn -0.318236 -0.930238 0.18271 
vn -0.141576 -0.967401 -0.209981 
vn -0.220029 -0.975472 0.00648912 
vn 0 -0.9407 -0.339241 
vn -0.523331 0 0.85213 
vn -0.38973 0 0.920929 
vn -0.407152 -0.205546 0.889931 
vn -0.406857 -0.402149 0.820209 
vn -0.388859 -0.581252 0.714797 
vn -0.35394 -0.735063 0.578281 
vn -0.30362 -0.856888 0.416602 
vn -0.240088 -0.941428 0.236795 
vn -0.112417 -0.979009 -0.170009 
vn -0.166108 -0.985002 0.0466846 
vn 0 -0.943536 -0.33127 
vn -0.220416 -0.208333 0.952898 
vn -0.370677 -0.00275268 0.928758 
vn -0.22076 -0.407475 0.886132 
vn -0.211365 -0.588641 0.780273 
vn -0.192646 -0.743839 0.639993 
vn -0.165428 -0.866222 0.471479 
vn -0.130913 -0.950392 0.282166 
vn -0.0849014 -0.985715 -0.145458 
vn -0.0906215 -0.992634 0.0804048 
vn 0 -0.945816 -0.324702 
vn -0.0721845 -0.209297 0.975184 
vn -0.162088 -0.0036922 0.986769 
vn -0.210348 0 0.977627 
vn -0.0723539 -0.409319 0.909518 
vn -0.0693164 -0.591199 0.803542 
vn -0.0632069 -0.746876 0.661952 
vn -0.0542959 -0.869452 0.491024 
vn -0.0429786 -0.953493 0.298334 
vn -0.0463328 -0.991086 -0.124904 
vn -0.0297564 -0.995275 0.0924216 
vn 0 -0.946609 -0.322384 
vn -0.0688159 0 0.997629 
vn 0.0544036 -0.00637275 0.998499 
vn 0.124837 -0.20907 0.9699 
vn 0.125107 -0.408883 0.90397 
vn 0.119838 -0.590595 0.79802 
vn 0.109263 -0.746159 0.65674 
vn 0.0938516 -0.86869 0.486384 
vn 0.0742848 -0.952761 0.294496 
vn -0.0152154 -0.992946 -0.117587 
vn 0.0514292 -0.994652 0.0895686 
vn 0.0262967 -0.992507 -0.119324 
vn 0.249963 0 0.968255 
vn 0.261799 -0.207877 0.942469 
vn 0.26211 -0.406604 0.875198 
vn 0.250884 -0.587433 0.769402 
vn 0.228615 -0.742405 0.629738 
vn 0.196282 -0.864697 0.462355 
vn 0.15531 -0.948927 0.274619 
vn 0.107501 -0.991387 0.074796 
vn 0 -0.946422 -0.322933 
vn 0.0549601 -0.990209 -0.12832 
vn 0.447229 -0.204678 0.870685 
vn 0.267699 -0.00253724 0.963499 
vn 0.446584 -0.400488 0.800108 
vn 0.426592 -0.578948 0.694866 
vn 0.388118 -0.732325 0.559521 
vn 0.33283 -0.853977 0.399936 
vn 0.263122 -0.938631 0.223024 
vn 0.182015 -0.98262 0.0364496 
vn 0 -0.945443 -0.325787 
vn 0.0930225 -0.984039 -0.151704 
vn 0.560583 -0.201571 0.803191 
vn 0.468917 -0.00288644 0.883237 
vn 0.428499 0 0.903542 
vn 0.558322 -0.394549 0.7298 
vn 0.532258 -0.570707 0.625296 
vn 0.483503 -0.722534 0.494135 
vn 0.414135 -0.843558 0.341909 
vn 0.327112 -0.92862 0.175105 
vn 0.226144 -0.974094 0.00083734 
vn 0 -0.942826 -0.333285 
vn 0.115535 -0.978039 -0.173466 
vn 0.538946 0 0.84234 
vn 0.648879 -0.00594012 0.760869 
vn 0.714528 -0.195285 0.671799 
vn 0.70782 -0.382528 0.593854 
vn 0.671965 -0.554018 0.491455 
vn 0.608437 -0.702694 0.368817 
vn 0.519854 -0.822432 0.230991 
vn 0.409864 -0.908303 0.0836526 
vn 0.282995 -0.956769 -0.0671305 
vn 0 -0.94029 -0.340375 
vn 0.144472 -0.965836 -0.215149 
vn 0.741999 -0.541392 0.395387 
vn 0.670148 -0.687671 0.279302 
vn 0.571467 -0.806419 0.152034 
vn 0.449907 -0.89288 0.0186793 
vn 0.310334 -0.943594 -0.115423 
vn 0.752773 -0.00705158 0.658243 
vn 0.781045 -0.177407 0.598745 
vn 0.691811 0 0.722079 
vn 0.751081 2.14623e-14 0.66021 
vn 0.781585 -0.183494 0.5962 
vn 0.782235 -0.191376 0.592861 
vn 0.785468 -0.292798 0.545262 
vn 0.781894 -0.358739 0.509851 
vn 0.780389 -0.373956 0.501148 
vn 0.767317 -0.458129 0.448712 
vn 0.764657 -0.470486 0.440389 
vn 0.735856 -0.56707 0.370065 
vn 0.745121 -0.540723 0.390401 
vn 0.691388 -0.661931 0.289534 
vn 0.603978 -0.779559 0.165827 
vn 0.602363 -0.781238 0.163787 
vn 0.663635 -0.706312 0.246397 
vn 0.677246 -0.685567 0.267088 
vn 0.579866 -0.803185 0.136562 
vn 0.489523 -0.871242 0.0361153 
vn 0.398712 -0.915552 -0.0528448 
vn 0.361877 -0.928223 -0.0862934 
vn 0.245851 -0.951473 -0.185085 
vn 0.159632 -0.955452 -0.248254 
vn 0.258103 -0.950112 -0.175131 
vn 0.315613 -0.940373 -0.126834 
vn 0.158337 -0.956531 -0.244905 
vn 0.133541 -0.954336 -0.267224 
vn 0.0444374 -0.942087 -0.332412 
vn 1.97908e-15 -0.931285 -0.364291 
vn 0.0481524 -0.942844 -0.329736 
vn 0 -0.935129 -0.354308 
vn 0.119041 0 0.992889 
vn -1.83463e-16 -0.92388 -0.382683 
vn -1.73472e-16 -0.935129 -0.354308 
vn -1.73472e-16 -0.931285 -0.364291 
vn -1.73472e-16 -0.945201 -0.32649 
vn -1.73472e-16 -0.94029 -0.340375 
vn -1.73472e-16 -0.958479 -0.285165 
vn -1.73472e-16 -0.980785 -0.19509 
vn -1.73472e-16 -0.945443 -0.325787 
vn -1.73472e-16 -0.942826 -0.333285 
vn -1.95156e-16 -0.946609 -0.322384 
vn -1.73472e-16 -0.946422 -0.322933 
vn -1.73472e-16 -0.980785 -0.19509 
vn -1.95156e-16 -0.945816 -0.324702 
vn -1.95156e-16 -0.943536 -0.33127 
vn -1.95156e-16 -0.9407 -0.339241 
vn -1.95156e-16 -0.931461 -0.363841 
vn -1.95156e-16 -0.935792 -0.352553 
vn -1.73472e-16 -0.942956 -0.332918 
vn -1.83463e-16 -0.92388 -0.382683 
vn -1.73472e-16 -0.960985 -0.276599 
vn -1.73472e-16 -0.995079 -0.0990851 
vn -1.73472e-16 -0.995033 -0.0995492 
vn -1.98579e-16 -1 0 
vn -1.73472e-16 -0.995079 0.0990851 
vn -1.73472e-16 -0.995033 0.0995492 
vn -1.73472e-16 -0.980785 0.19509 
vn -1.73472e-16 -1 -8.67362e-17 
vn -1.73472e-16 -0.926816 0.375516 
vn -1.73472e-16 -0.94293 0.33299 
vn -1.73472e-16 -0.960985 0.276599 
vn -1.83463e-16 -0.92388 0.382683 
vn -1.73472e-16 -0.956225 0.292634 
vn -1.73472e-16 -0.941824 0.336106 
vn -1.73472e-16 -0.969468 0.24522 
vn -1.98579e-16 -1 -5.83826e-48 
vn -1.83463e-16 -0.92388 0.382683 
vn 1.24707e-16 1 0 
vn 0.0613307 0.998118 0 
vn 0.195237 0.980756 0 
vn 0 1 0 
vn 0.00509141 0.999987 0 
vn 0.19509 0.980785 0 
vn 0.0988813 0.995099 0 
vn 0.263892 0.964552 0 
vn 0.382695 0.923875 0 
vn 0.195272 0.980749 0 
vn 0.382683 0.92388 0 
vn 0.287952 0.957645 0 
vn 0.385907 0.922538 0 
vn 0.55557 0.83147 0 
vn 0.706991 0.707223 0 
vn 0.583807 0.811893 0 
vn 0.707107 0.707107 0 
vn 0.555656 0.831413 0 
vn 0.555661 0.831409 0 
vn 0.565568 0.824702 0 
vn 0.663187 0.748454 0 
vn 0.831462 0.555581 0 
vn 0.831579 0.555406 0 
vn 0.707 0.707214 0 
vn 0.798408 0.602117 0 
vn 0.923927 0.382569 0 
vn 0.845101 0.534607 0 
vn 0.92388 0.382683 0 
vn 0.86856 0.495583 0 
vn 0.98079 0.195065 0 
vn 0.95654 0.291602 0 
vn 0.980785 0.19509 0 
vn 0.947715 0.319119 0 
vn 0.982054 0.188599 0 
vn 0.995074 0.0991366 0 
vn 1 -1.22465e-16 0 
vn 0 1 0 
vn 0.0613307 0.998118 0 
vn 0.00509141 0.999987 0 
vn 0.0988248 0.995105 0 
vn 0.195237 0.980756 0 
vn 1.83697e-16 1 0 
vn 0.19509 0.980785 0 
vn 0.263892 0.964552 0 
vn 0.195272 0.980749 0 
vn 0.287952 0.957645 0 
vn 0.382695 0.923875 0 
vn 0.555656 0.831413 0 
vn 0.385907 0.922538 0 
vn 0.382683 0.92388 0 
vn 0.55557 0.83147 0 
vn 0.663187 0.748454 0 
vn 0.565568 0.824702 0 
vn 0.706991 0.707223 0 
vn 0.583807 0.811893 0 
vn 0.707107 0.707107 0 
vn 0.798408 0.602117 0 
vn 0.707 0.707214 0 
vn 0.831462 0.555581 0 
vn 0.83147 0.55557 0 
vn 0.923927 0.382569 0 
vn 0.86856 0.495583 0 
vn 0.846658 0.532138 0 
vn 0.92388 0.382683 0 
vn 0.98079 0.195065 0 
vn 0.947715 0.319119 0 
vn 0.956578 0.291475 0 
vn 0.980785 0.19509 0 
vn 1 -1.22465e-16 0 
vn 0.982054 0.188599 0 
vn 0.995087 0.0990059 0 
vn 1 -1.22465e-16 0 
vn 0.656734 -8.18991e-17 0.754123 
vn 0.481968 0 0.876189 
vn 0.910147 -1.13501e-16 0.414286 
vn 0.801655 -9.99717e-17 0.597787 
vn 0.859643 0 0.510896 
vn 0.977279 -1.21873e-16 0.211959 
vn 0.910147 0 0.414286 
vn 0.948761 0 0.315996 
vn 1 -1.24707e-16 -1.22465e-16 
vn 0.977279 0 0.211959 
vn 0.994303 0 0.106593 
vn 0.994259 0 -0.106999 
vn 0.977279 0 -0.211959 
vn 1 0 -1.85037e-15 
vn 0.948767 0 -0.315978 
vn 0.910147 0 -0.414286 
vn 0.859887 0 -0.510485 
vn 0.801655 0 -0.597787 
vn 0.656734 0 -0.754123 
vn 0.481968 0 -0.876189 
vn 0.801655 -9.99717e-17 -0.597787 
vn 0.709253 0 -0.704954 
vn 0.656726 0 -0.754129 
vn 0.74719 0 -0.66461 
vn 0.731052 0 -0.682321 
vn 0.756725 0 -0.653734 
vn 0.76 -9.47771e-17 -0.649923 
vn 0.731717 0 -0.681608 
vn 0.656734 -8.18991e-17 -0.754123 
vn 0.564738 0 -0.82527 
vn 0.481938 0 -0.876205 
vn 0.647646 0 -0.761941 
vn 0.285301 -3.5579e-17 -0.958438 
vn 0.481968 -6.01047e-17 -0.876189 
vn 0.348456 0 -0.937325 
vn 0.463713 0 -0.885985 
vn 0.285301 0 -0.958438 
vn 0.223394 0 -0.974728 
vn 0.159217 0 -0.987244 
vn 0.285301 -3.5579e-17 0.958438 
vn 0.159254 0 0.987238 
vn 0.223394 0 0.974728 
vn 0.0933333 0 0.995635 
vn 0.285301 0 0.958438 
vn 0.348456 0 0.937325 
vn 0.481968 -6.01047e-17 0.876189 
vn 0.463713 0 0.885985 
vn 0.656734 -8.18991e-17 0.754123 
vn 0.564738 0 0.82527 
vn 0.646803 0 0.762657 
vn 0.481938 0 0.876205 
vn 0.76 -9.47771e-17 0.649923 
vn 0.656734 0 0.754123 
vn 0.731513 0 0.681827 
vn 0.76 -9.47771e-17 0.649923 
vn 0.756716 0 0.653744 
vn 0.709253 0 0.704954 
vn 0.731027 0 0.682349 
vn 0.74719 0 0.66461 
vn 0.656734 0 0.754123 
vn 0.0933333 -1.16393e-17 -0.995635 
vn 0.481968 -6.01047e-17 -0.876189 
vn 0.441477 -5.50551e-17 -0.897273 
vn 0.441477 0 0.897273 
vn 1 -1.24707e-16 0 
vn 0.765464 -9.54585e-17 -0.643478 
vn 0.809524 -1.00953e-16 -0.587087 
vn 0 -1 0 
vn 0 -0.992027 0.126023 
vn 0 -0.980785 0.19509 
vn 0 -1 0 
vn 0 -0.995115 0.0987188 
vn 0 -0.945162 0.326603 
vn 0 -0.92388 0.382683 
vn 0 -0.956621 0.291336 
vn 0 -0.858194 0.513326 
vn 0 -0.831575 0.555412 
vn 0 -0.83147 0.55557 
vn 0 -0.881482 0.472217 
vn 0 -0.734814 0.678268 
vn 0 -0.707298 0.706916 
vn 0 -0.707107 0.707107 
vn 0 -0.580062 0.814572 
vn 0 -0.55557 0.83147 
vn 0 -0.400973 0.91609 
vn 0 -0.382683 0.92388 
vn 0 -0.204819 0.9788 
vn 0 -0.19509 0.980785 
vn 0 -0.278193 0.960525 
vn 0 0 1 
vn 0.959285 -1.19629e-16 -0.282441 
vn 0.996803 -1.24308e-16 -0.0799038 
vn 0.881066 -1.09875e-16 -0.472994 
vn 0.959285 -1.19629e-16 -0.282441 
vn 0.765464 -9.54585e-17 -0.643478 
vn 0.881066 -1.09875e-16 -0.472994 
vn 0.204887 -2.55508e-17 0.978786 
vn -1.59266e-15 1.98615e-31 1 
vn 0.19509 0 0.980785 
vn 0.401081 -5.00175e-17 0.916043 
vn 0.204819 0 0.9788 
vn 0.382683 -8.67362e-17 0.92388 
vn 0.580257 -7.2362e-17 0.814433 
vn 0.400973 -8.67362e-17 0.91609 
vn 0.55557 -8.67362e-17 0.83147 
vn 0.734814 -9.16363e-17 0.678268 
vn 0.580062 -8.67362e-17 0.814572 
vn 0.707298 -8.67362e-17 0.706916 
vn 0.858194 -1.07023e-16 0.513326 
vn 0.734814 -8.67362e-17 0.678268 
vn 0.831575 -8.67362e-17 0.555412 
vn 0.945162 -1.17868e-16 0.326603 
vn 0.858194 -8.67362e-17 0.513326 
vn 0.92388 -1.0842e-16 0.382683 
vn 0.992027 -1.23712e-16 0.126023 
vn 0.945162 -1.0842e-16 0.326603 
vn 0.980785 -1.30104e-16 0.19509 
vn 0.992027 -1.30104e-16 0.126023 
vn 1 -1.24707e-16 -1.22465e-16 
vn 0.765464 -9.54585e-17 -0.643478 
vn 1.24707e-16 1 -2.41961e-15 
vn 0 0.980785 0.19509 
vn 0 0.955439 0.295189 
vn 0 0.92388 0.382683 
vn 0 0.83147 0.55557 
vn 0 0.707107 0.707107 
vn 0 0.55557 0.83147 
vn 0 0.382683 0.92388 
vn 0 0.19509 0.980785 
vn -2.29082e-32 -1.83697e-16 1 
vn 0.750756 0.19509 -0.631114 
vn 0.765464 -8.61172e-16 -0.643478 
vn 0.809524 -2.23418e-16 -0.587087 
vn 0.795315 0.188599 -0.576111 
vn 0.707197 0.382683 -0.594496 
vn 0.794322 0.195065 -0.575328 
vn 0.768092 0.319119 -0.555156 
vn 0.63646 0.55557 -0.535033 
vn 0.749274 0.382565 -0.540586 
vn 0.705166 0.495583 -0.507088 
vn 0.541265 0.707107 -0.455008 
vn 0.675618 0.555576 -0.48464 
vn 0.649195 0.602117 -0.464759 
vn 0.425269 0.83147 -0.357497 
vn 0.576033 0.707205 -0.409936 
vn 0.576026 0.707213 -0.40993 
vn 0.540792 0.748454 -0.383877 
vn 0.462121 0.824702 -0.326055 
vn 0.292931 0.92388 -0.246248 
vn 0.454129 0.831405 -0.320207 
vn 0.454124 0.831409 -0.320204 
vn 0.316462 0.922538 -0.220852 
vn 0.149335 0.980785 -0.125536 
vn 0.313852 0.923873 -0.218987 
vn 0.21692 0.964552 -0.150282 
vn -6.21095e-15 1 5.32599e-15 
vn 0.0506073 0.998118 -0.0346462 
vn 0.00420555 0.999987 -0.0028698 
vn 0.16076 0.980742 -0.110916 
vn 0.160731 0.980748 -0.110896 
vn 7.41235e-17 1 3.4507e-17 
vn 0.149335 0.980785 -0.125536 
vn 0.171887 0.980785 -0.0922765 
vn 0.337169 0.92388 -0.181007 
vn 0.187147 0.980785 -0.0551014 
vn 0.367102 0.92388 -0.108085 
vn 0.194467 0.980785 -0.0155885 
vn 0.38146 0.92388 -0.0305779 
vn 0.193535 0.980785 0.0245859 
vn 0.379632 0.92388 0.048227 
vn 0.184392 0.980785 0.0637171 
vn 0.361698 0.92388 0.124986 
vn 0.167425 0.980785 0.100145 
vn 0.328417 0.92388 0.196441 
vn 0.143355 0.980785 0.132324 
vn 0.281201 0.92388 0.259562 
vn 0.113203 0.980785 0.158888 
vn 0.222055 0.92388 0.31167 
vn 0.078247 0.980785 0.178711 
vn 0.153487 0.92388 0.350554 
vn 0.0399715 0.980785 0.190952 
vn 0.0784068 0.92388 0.374565 
vn -7.69265e-15 0.980785 0.19509 
vn -1.02356e-14 0.92388 0.382683 
vn 0.292931 0.92388 -0.246248 
vn 0.489494 0.83147 -0.262781 
vn 0.53295 0.83147 -0.156916 
vn 0.553794 0.83147 -0.0443922 
vn 0.551141 0.83147 0.0700147 
vn 0.525104 0.83147 0.181451 
vn 0.476787 0.83147 0.285188 
vn 0.408241 0.83147 0.376826 
vn 0.322374 0.83147 0.452475 
vn 0.222829 0.83147 0.508926 
vn 0.113829 0.83147 0.543784 
vn -1.18875e-14 0.83147 0.55557 
vn 0.425269 0.83147 -0.357497 
vn 0.623008 0.707107 -0.334457 
vn 0.678317 0.707107 -0.199716 
vn 0.704846 0.707107 -0.0565005 
vn 0.701469 0.707107 0.0891118 
vn 0.66833 0.707107 0.230943 
vn 0.606835 0.707107 0.362976 
vn 0.519592 0.707107 0.479608 
vn 0.410304 0.707107 0.575891 
vn 0.283607 0.707107 0.64774 
vn 0.144877 0.707107 0.692106 
vn -1.40283e-14 0.707107 0.707107 
vn 0.541265 0.707107 -0.455008 
vn 0.732579 0.55557 -0.39328 
vn 0.797616 0.55557 -0.234841 
vn 0.828811 0.55557 -0.0664376 
vn 0.824841 0.55557 0.104784 
vn 0.785873 0.55557 0.27156 
vn 0.713562 0.55557 0.426815 
vn 0.610976 0.55557 0.56396 
vn 0.482466 0.55557 0.677176 
vn 0.333486 0.55557 0.761662 
vn 0.170357 0.55557 0.813831 
vn -1.39642e-14 0.55557 0.83147 
vn 0.63646 0.55557 -0.535033 
vn 0.813999 0.382683 -0.436989 
vn 0.886264 0.382683 -0.260941 
vn 0.920925 0.382683 -0.0738215 
vn 0.916514 0.382683 0.11643 
vn 0.873215 0.382683 0.301742 
vn 0.792868 0.382683 0.474251 
vn 0.67888 0.382683 0.626638 
vn 0.536088 0.382683 0.752438 
vn 0.37055 0.382683 0.846313 
vn 0.189291 0.382683 0.90428 
vn -1.25049e-14 0.382683 0.92388 
vn 0.707197 0.382683 -0.594496 
vn 0.864136 0.19509 -0.463905 
vn 0.940852 0.19509 -0.277014 
vn 0.977649 0.19509 -0.0783685 
vn 0.972966 0.19509 0.123602 
vn 0.927001 0.19509 0.320327 
vn 0.841704 0.19509 0.503462 
vn 0.720695 0.19509 0.665236 
vn 0.569108 0.19509 0.798784 
vn 0.393374 0.19509 0.898441 
vn 0.20095 0.19509 0.959979 
vn -1.17966e-14 0.19509 0.980785 
vn 0.750756 0.19509 -0.631114 
vn 0.881066 1.42067e-15 -0.472994 
vn 0.959285 2.36416e-15 -0.282441 
vn 0.996803 3.10284e-15 -0.0799038 
vn 0.992027 3.60535e-15 0.126023 
vn 0.945162 3.85039e-15 0.326603 
vn 0.858194 3.82755e-15 0.513326 
vn 0.734814 3.53781e-15 0.678268 
vn 0.580257 2.99345e-15 0.814433 
vn 0.401081 2.21757e-15 0.916043 
vn 0.204887 1.2431e-15 0.978786 
vn -1.2379e-14 1.11373e-16 1 
vn 0.765464 -2.40741e-29 -0.643478 
vn -5.55112e-15 1 -2.77556e-15 
vn 1 -1.24707e-16 0 
vn 0.809524 -1.00953e-16 0.587087 
vn 0.700818 -8.26059e-17 0.71334 
vn 0.716145 -9.91271e-17 0.697951 
vn 0.698721 -9.91271e-17 0.715394 
vn 0.698649 -8.26059e-17 0.715465 
vn 0.569313 -6.60847e-17 0.822121 
vn 0.581157 -6.60847e-17 0.813791 
vn 0.567716 -6.60847e-17 0.823225 
vn 0.567648 -6.60847e-17 0.823271 
vn 0.421226 -4.95635e-17 0.906956 
vn 0.427781 -6.60847e-17 0.903882 
vn 0.420353 -6.60847e-17 0.907361 
vn 0.420308 -4.95635e-17 0.907382 
vn 0.26087 -3.25322e-17 0.965374 
vn 0.809524 -1.00953e-16 0.587087 
vn 0.255857 -0.19509 0.946825 
vn 0.26087 2.98616e-15 0.965374 
vn 0.420308 0 0.907382 
vn 0.413132 -0.19509 0.889529 
vn 0.421226 2.98616e-15 0.906956 
vn 0.567648 1.38778e-15 0.823271 
vn 0.558374 -0.19509 0.806324 
vn 0.569313 2.98616e-15 0.822121 
vn 0.698649 0 0.715465 
vn 0.687352 -0.19509 0.699634 
vn 0.389162 -0.382683 0.837918 
vn 0.525977 -0.382683 0.759541 
vn 0.647471 -0.382683 0.65904 
vn 0.241012 -0.382683 0.891889 
vn 0.350236 -0.55557 0.754106 
vn 0.473366 -0.55557 0.683569 
vn 0.582709 -0.55557 0.593121 
vn 0.216905 -0.55557 0.802679 
vn 0.297852 -0.707107 0.641315 
vn 0.402565 -0.707107 0.581327 
vn 0.495553 -0.707107 0.504408 
vn 0.184463 -0.707107 0.682623 
vn 0.23402 -0.83147 0.503878 
vn 0.316293 -0.83147 0.456746 
vn 0.389354 -0.83147 0.396311 
vn 0.144931 -0.83147 0.536333 
vn 0.161196 -0.92388 0.347077 
vn 0.217867 -0.92388 0.314612 
vn 0.268191 -0.92388 0.272983 
vn 0.0998305 -0.92388 0.369433 
vn 0.0821771 -0.980785 0.176938 
vn 0.111067 -0.980785 0.160388 
vn 0.136723 -0.980785 0.139166 
vn 0.0508931 -0.980785 0.188335 
vn -7.04061e-15 -1 -1.51594e-14 
vn 0.700818 2.98616e-15 0.71334 
vn 0.792607 -0.194588 0.577849 
vn 0.792517 -0.195089 0.577803 
vn 0.806887 -0.0770833 0.585655 
vn 0.809524 1.22465e-16 0.587087 
vn 0.774229 -0.279863 0.567668 
vn 0.732892 -0.408292 0.544212 
vn 0.697626 -0.489048 0.523594 
vn 0.662375 -0.555381 0.502803 
vn 0.610938 -0.636668 0.47054 
vn 0.538144 -0.7288 0.423381 
vn 0.431691 -0.831191 0.350379 
vn 0.37757 -0.872225 0.310908 
vn 0.29311 -0.923577 0.247167 
vn 0.220415 -0.956823 0.189491 
vn 0.148089 -0.980412 0.129852 
vn -2.0147e-15 -1 -1.83597e-15 
vn 0.569991 0.19509 0.798154 
vn 0.702385 0.19509 0.68454 
vn 0.698721 -3.08165e-16 0.715394 
vn 0.716145 4.75988e-18 0.697951 
vn 0.419561 0.19509 0.886515 
vn 0.567716 -1.20287e-16 0.823225 
vn 0.581157 2.29487e-17 0.813791 
vn 0.255857 0.19509 0.946825 
vn 0.420353 9.10504e-17 0.907361 
vn 0.427781 4.42864e-17 0.903882 
vn 0.536919 0.382683 0.751845 
vn 0.395218 0.382683 0.835078 
vn 0.241012 0.382683 0.891889 
vn 0.661632 0.382683 0.644823 
vn 0.483215 0.55557 0.676643 
vn 0.355687 0.55557 0.751551 
vn 0.216905 0.55557 0.802679 
vn 0.595453 0.55557 0.580325 
vn 0.41094 0.707107 0.575437 
vn 0.302487 0.707107 0.639141 
vn 0.184463 0.707107 0.682623 
vn 0.506391 0.707107 0.493526 
vn 0.322874 0.83147 0.452118 
vn 0.237662 0.83147 0.50217 
vn 0.144931 0.83147 0.536333 
vn 0.397869 0.83147 0.387761 
vn 0.222399 0.92388 0.311424 
vn 0.163705 0.92388 0.345901 
vn 0.0998305 0.92388 0.369433 
vn 0.274057 0.92388 0.267094 
vn 0.113378 0.980785 0.158763 
vn 0.083456 0.980785 0.176339 
vn 0.0508931 0.980785 0.188335 
vn 0.139713 0.980785 0.136164 
vn -9.59918e-15 1 -1.36163e-14 
vn 0.160731 0.980748 0.110896 
vn 0.16076 0.980742 0.110916 
vn 0.0506073 0.998118 0.0346462 
vn 0 1 0 
vn 0.00420555 0.999987 0.0028698 
vn 0.21692 0.964552 0.150282 
vn 0.313852 0.923873 0.218987 
vn 0.316462 0.922538 0.220852 
vn 0.454124 0.831409 0.320204 
vn 0.576026 0.707213 0.40993 
vn 0.576033 0.707205 0.409936 
vn 0.540792 0.748454 0.383877 
vn 0.462121 0.824702 0.326055 
vn 0.649195 0.602117 0.464759 
vn 0.675618 0.555576 0.48464 
vn 0.705166 0.495583 0.507088 
vn 0.749274 0.382565 0.540586 
vn 0.768092 0.319119 0.555156 
vn 0.794322 0.195065 0.575328 
vn 0.795315 0.188599 0.576111 
vn 0.809524 -2.23418e-16 0.587087 
vn 0.26087 6.80976e-17 0.965374 
vn 0.19509 0.980785 -3.58375e-17 
vn 0.190481 0.980785 0.0421579 
vn 0.373642 0.92388 0.0826956 
vn 0.17687 0.980785 0.0823236 
vn 0.346943 0.92388 0.161483 
vn 0.154902 0.980785 0.118599 
vn 0.30385 0.92388 0.23264 
vn 0.125613 0.980785 0.14927 
vn 0.246399 0.92388 0.292804 
vn 0.0903888 0.980785 0.172888 
vn 0.177304 0.92388 0.339131 
vn 0.0508931 0.980785 0.188335 
vn 0.0998305 0.92388 0.369433 
vn 0.382683 0.92388 -7.02978e-17 
vn 0.542444 0.83147 0.120055 
vn 0.503684 0.83147 0.234438 
vn 0.441122 0.83147 0.337742 
vn 0.357716 0.83147 0.425086 
vn 0.257405 0.83147 0.492342 
vn 0.144931 0.83147 0.536333 
vn 0.55557 0.83147 -1.02057e-16 
vn 0.6904 0.707107 0.152802 
vn 0.641068 0.707107 0.298383 
vn 0.561442 0.707107 0.429863 
vn 0.455286 0.707107 0.541031 
vn 0.327615 0.707107 0.626633 
vn 0.184463 0.707107 0.682623 
vn 0.707107 0.707107 -1.29893e-16 
vn 0.811824 0.55557 0.179676 
vn 0.753816 0.55557 0.350861 
vn 0.660186 0.55557 0.505466 
vn 0.53536 0.55557 0.636185 
vn 0.385234 0.55557 0.736842 
vn 0.216905 0.55557 0.802679 
vn 0.83147 0.55557 -1.52738e-16 
vn 0.902051 0.382683 0.199645 
vn 0.837595 0.382683 0.389856 
vn 0.73356 0.382683 0.561644 
vn 0.59486 0.382683 0.706891 
vn 0.42805 0.382683 0.818735 
vn 0.241012 0.382683 0.891889 
vn 0.92388 0.382683 -1.69714e-16 
vn 0.957612 0.19509 0.211942 
vn 0.889187 0.19509 0.413868 
vn 0.778743 0.19509 0.596238 
vn 0.6315 0.19509 0.750432 
vn 0.454415 0.19509 0.869164 
vn 0.255857 0.19509 0.946825 
vn 0.980785 0.19509 -1.80167e-16 
vn 0.976373 0 0.216094 
vn 0.906607 0 0.421977 
vn 0.793999 0 0.607919 
vn 0.643871 0 0.765134 
vn 0.463317 0 0.886192 
vn 0.26087 0 0.965374 
vn 1 0 -1.83697e-16 
vn 0 1 0 
vn 0.463317 -5.77788e-17 0.886192 
vn 0.26087 -3.25322e-17 0.965374 
vn 0.643871 -8.02951e-17 0.765134 
vn 0.463317 -5.77788e-17 0.886192 
vn 0.793999 -9.9017e-17 0.607919 
vn 0.643871 -8.02951e-17 0.765134 
vn 0.906607 -1.1306e-16 0.421977 
vn 0.793999 -9.9017e-17 0.607919 
vn 0.976373 -1.2176e-16 0.216094 
vn 0.906607 -1.1306e-16 0.421977 
vn 1 -1.24707e-16 -1.22465e-16 
vn 0.976373 -1.2176e-16 0.216094 
vn 0.980785 0.19509 -5.95487e-17 
vn 1 -1.22465e-16 -6.07153e-17 
vn 0.988484 0.151325 0 
vn 0.92388 0.382683 -5.60936e-17 
vn 0.980797 0.195031 0 
vn 0.955651 0.294503 0 
vn 0.83147 0.55557 -5.04829e-17 
vn 0.923861 0.382727 0 
vn 0.905264 0.42485 0 
vn 0.841798 0.539793 0 
vn 0.707107 0.707107 -4.29322e-17 
vn 0.831491 0.555538 0 
vn 0.769526 0.638615 0 
vn 0.55557 0.83147 -3.37316e-17 
vn 0.707083 0.70713 0 
vn 0.691988 0.721909 0 
vn 0.382683 0.92388 -2.32347e-17 
vn 0.555393 0.831588 0 
vn 0.524793 0.85123 0 
vn 0.19509 0.980785 -1.1845e-17 
vn 0.382562 0.92393 0 
vn 0.359518 0.933138 0 
vn 0.199778 0.979841 0 
vn 1.83697e-16 1 -3.58162e-33 
vn 0.195117 0.98078 0 
vn 0.0442519 0.99902 0 
vn 1.07188e-15 1 -5.75077e-32 
vn 2.43291e-17 0.19509 -0.980785 
vn -2.01469e-31 -1.61554e-15 -1 
vn 4.77232e-17 0.382683 -0.92388 
vn 0 0.19509 -0.980785 
vn 6.92833e-17 0.55557 -0.83147 
vn 0 0.382683 -0.92388 
vn 8.8181e-17 0.707107 -0.707107 
vn 0 0.55557 -0.83147 
vn 1.0369e-16 0.83147 -0.55557 
vn 0 0.707107 -0.707107 
vn 1.15214e-16 0.92388 -0.382683 
vn 0 0.83147 -0.55557 
vn 0 0.881345 -0.472473 
vn 1.2231e-16 0.980785 -0.19509 
vn 0 0.92388 -0.382683 
vn 1.24707e-16 1 2.09798e-15 
vn 0 0.980785 -0.19509 
vn 0.0508931 -0.980785 0.188335 
vn 0.0903888 -0.980785 0.172888 
vn 0.177304 -0.92388 0.339131 
vn 0.125613 -0.980785 0.14927 
vn 0.246399 -0.92388 0.292804 
vn 0.154902 -0.980785 0.118599 
vn 0.30385 -0.92388 0.23264 
vn 0.17687 -0.980785 0.0823236 
vn 0.346943 -0.92388 0.161483 
vn 0.190481 -0.980785 0.0421579 
vn 0.373642 -0.92388 0.0826956 
vn 0.19509 -0.980785 1.31839e-16 
vn 0.382683 -0.92388 4.16334e-17 
vn 0.0998305 -0.92388 0.369433 
vn 0.257405 -0.83147 0.492342 
vn 0.357716 -0.83147 0.425086 
vn 0.441122 -0.83147 0.337742 
vn 0.503684 -0.83147 0.234438 
vn 0.542444 -0.83147 0.120055 
vn 0.55557 -0.83147 -8.32667e-17 
vn 0.144931 -0.83147 0.536333 
vn 0.327615 -0.707107 0.626633 
vn 0.455286 -0.707107 0.541031 
vn 0.561442 -0.707107 0.429863 
vn 0.641068 -0.707107 0.298383 
vn 0.6904 -0.707107 0.152802 
vn 0.707107 -0.707107 -2.77556e-17 
vn 0.184463 -0.707107 0.682623 
vn 0.385234 -0.55557 0.736842 
vn 0.53536 -0.55557 0.636185 
vn 0.660186 -0.55557 0.505466 
vn 0.753816 -0.55557 0.350861 
vn 0.811824 -0.55557 0.179676 
vn 0.83147 -0.55557 3.88578e-16 
vn 0.216905 -0.55557 0.802679 
vn 0.42805 -0.382683 0.818735 
vn 0.59486 -0.382683 0.706891 
vn 0.73356 -0.382683 0.561644 
vn 0.837595 -0.382683 0.389856 
vn 0.902051 -0.382683 0.199645 
vn 0.92388 -0.382683 8.32667e-17 
vn 0.241012 -0.382683 0.891889 
vn 0.454415 -0.19509 0.869164 
vn 0.6315 -0.19509 0.750432 
vn 0.778743 -0.19509 0.596238 
vn 0.889187 -0.19509 0.413868 
vn 0.957612 -0.19509 0.211942 
vn 0.980785 -0.19509 -5.82867e-16 
vn 0.255857 -0.19509 0.946825 
vn 0.463317 -1.81306e-17 0.886192 
vn 0.643871 5.08259e-17 0.765134 
vn 0.793999 1.13104e-16 0.607919 
vn 0.906607 1.6576e-16 0.421977 
vn 0.976373 2.06306e-16 0.216094 
vn 1 2.32827e-16 6.66134e-16 
vn 0.26087 7.22224e-31 0.965374 
vn 3.46945e-16 -1 0 
vn 1 -1.24707e-16 -6.07153e-17 
vn 0.965003 0.0378981 -0.259487 
vn 0.99098 0.0190591 -0.132648 
vn 0.980748 -0.000424507 -0.195276 
vn 0.988484 0 -0.151325 
vn 0.971701 0.075692 -0.223757 
vn 0.992764 0.0381044 -0.113876 
vn 0.975728 0.113278 -0.187412 
vn 0.993835 0.0571224 -0.0950217 
vn 0.977071 0.150552 -0.150552 
vn 0.994192 0.0760994 -0.0760994 
vn 0.975728 0.187412 -0.113278 
vn 0.993835 0.0950217 -0.0571224 
vn 0.971701 0.223757 -0.075692 
vn 0.992764 0.113876 -0.0381044 
vn 0.965003 0.259487 -0.0378981 
vn 0.955651 0.294503 0 
vn 0.980748 0.195276 0.000424507 
vn 0.99098 0.132648 -0.0190591 
vn 0.955651 0 -0.294503 
vn 0.923686 -0.000823726 -0.38315 
vn 0.92436 0.0564968 -0.377316 
vn 0.93808 0.112665 -0.327587 
vn 0.946344 0.168178 -0.275952 
vn 0.949104 0.222713 -0.222713 
vn 0.946344 0.275952 -0.168178 
vn 0.93808 0.327587 -0.112665 
vn 0.92436 0.377316 -0.0564968 
vn 0.923686 0.38315 0.000823726 
vn 0.905264 0.42485 0 
vn 0.871747 0.0747814 -0.484216 
vn 0.905264 0 -0.42485 
vn 0.893346 0.148846 -0.424001 
vn 0.906389 0.221486 -0.359725 
vn 0.910751 0.292004 -0.292004 
vn 0.906389 0.359725 -0.221486 
vn 0.893346 0.424001 -0.148846 
vn 0.871747 0.484216 -0.0747814 
vn 0.841798 0.539793 0 
vn 0.809768 0.0926153 -0.579395 
vn 0.831331 -0.000576096 -0.555777 
vn 0.841798 0 -0.539793 
vn 0.838912 0.183961 -0.512235 
vn 0.85656 0.272787 -0.438056 
vn 0.862469 0.357873 -0.357873 
vn 0.85656 0.438056 -0.272787 
vn 0.838912 0.512235 -0.183961 
vn 0.809768 0.579395 -0.0926153 
vn 0.769526 0.638615 0 
vn 0.831331 0.555777 0.000576096 
vn 0.769526 0 -0.638615 
vn 0.706842 -0.000801161 -0.707371 
vn 0.740644 0.109805 -0.662864 
vn 0.776035 0.217644 -0.591946 
vn 0.797526 0.321584 -0.510427 
vn 0.804733 0.419765 -0.419765 
vn 0.797526 0.510427 -0.321584 
vn 0.776035 0.591946 -0.217644 
vn 0.740644 0.662864 -0.109805 
vn 0.706842 0.707371 0.000801161 
vn 0.691988 0.721909 0 
vn 0.691988 0 -0.721909 
vn 0.554447 -0.00338485 -0.832212 
vn 0.581561 0.142359 -0.80095 
vn 0.623199 0.281015 -0.729832 
vn 0.648623 0.412359 -0.639725 
vn 0.657171 0.532976 -0.532976 
vn 0.648623 0.639725 -0.412359 
vn 0.623199 0.729832 -0.281015 
vn 0.581561 0.80095 -0.142359 
vn 0.554447 0.832212 0.00338485 
vn 0.524793 0.85123 0 
vn 0.524793 0 -0.85123 
vn 0.38202 -0.00254271 -0.924151 
vn 0.410265 0.168609 -0.896244 
vn 0.447734 0.331761 -0.830343 
vn 0.470712 0.484175 -0.737567 
vn 0.478454 0.620919 -0.620919 
vn 0.470712 0.737567 -0.484175 
vn 0.447734 0.830343 -0.331761 
vn 0.410265 0.896244 -0.168609 
vn 0.38202 0.924151 0.00254271 
vn 0.359518 0.933138 0 
vn 0.232641 0.186508 -0.954512 
vn 0.359518 0 -0.933138 
vn 0.257011 0.366207 -0.894337 
vn 0.271997 0.532538 -0.801512 
vn 0.277055 0.679426 -0.679426 
vn 0.271997 0.801512 -0.532538 
vn 0.257011 0.894337 -0.366207 
vn 0.232641 0.954512 -0.186508 
vn 0.199778 0.979841 0 
vn 0.0520093 0.19466 -0.979491 
vn 0.195057 -0.000521593 -0.980792 
vn 0.199778 0 -0.979841 
vn 0.0577731 0.381857 -0.922414 
vn 0.0613221 0.554417 -0.829977 
vn 0.0625204 0.705723 -0.705723 
vn 0.0613221 0.829977 -0.554417 
vn 0.0577731 0.922414 -0.381857 
vn 0.0520093 0.979491 -0.19466 
vn 0.0442519 0.99902 0 
vn 0.195057 0.980792 0.000521593 
vn -8.67362e-16 0.19509 -0.980785 
vn 0.0442519 0 -0.99902 
vn 0 0.382683 -0.92388 
vn 0 0.55557 -0.83147 
vn 8.67362e-16 0.707107 -0.707107 
vn 1.73472e-15 0.83147 -0.55557 
vn 1.73472e-15 0.92388 -0.382683 
vn 1.73472e-15 0.980785 -0.19509 
vn 1.73472e-15 1 0 
vn -8.67362e-16 0 -1 
vn 0.988484 0.151325 0 
vn 1 0 0 
vn 0 0 -1 
vn 5.05322e-16 -1 -3.06808e-32 
vn 0.0442519 -0.99902 0 
vn 0.195117 -0.98078 0 
vn 1.82319e-15 -1 0 
vn 0.19509 -0.980785 -1.1845e-17 
vn 0.359518 -0.933138 0 
vn 0.382562 -0.92393 0 
vn 0.199778 -0.979841 0 
vn 0.382683 -0.92388 -2.32347e-17 
vn 0.524793 -0.85123 0 
vn 0.555393 -0.831588 0 
vn 0.55557 -0.83147 -3.37316e-17 
vn 0.691988 -0.721909 0 
vn 0.707083 -0.70713 0 
vn 0.707107 -0.707107 -4.29322e-17 
vn 0.769526 -0.638615 0 
vn 0.831491 -0.555538 0 
vn 0.83147 -0.55557 -5.04829e-17 
vn 0.905264 -0.42485 0 
vn 0.923861 -0.382727 0 
vn 0.841798 -0.539793 0 
vn 0.92388 -0.382683 -5.60936e-17 
vn 0.955651 -0.294503 0 
vn 0.980797 -0.195031 0 
vn 0.980785 -0.19509 -5.95487e-17 
vn 0.988484 -0.151325 0 
vn 1 0 -6.07153e-17 
vn 0.0442519 0 -0.99902 
vn 0.195117 0 -0.98078 
vn 6.12323e-17 -7.63608e-33 -1 
vn 0.359518 0 -0.933138 
vn 0.382562 0 -0.92393 
vn 0.199778 0 -0.979841 
vn 0.524793 0 -0.85123 
vn 0.555393 0 -0.831588 
vn 0.691988 0 -0.721909 
vn 0.707083 0 -0.70713 
vn 0.769526 0 -0.638615 
vn 0.831491 0 -0.555538 
vn 0.905264 0 -0.42485 
vn 0.923861 0 -0.382727 
vn 0.841798 0 -0.539793 
vn 0.955651 0 -0.294503 
vn 0.980797 0 -0.195031 
vn 0.988484 0 -0.151325 
vn 1 0 0 
vn 0.965003 -0.259487 -0.0378981 
vn 0.99098 -0.132648 -0.0190591 
vn 0.980748 -0.195276 0.000424507 
vn 0.988484 -0.151325 0 
vn 0.971701 -0.223757 -0.075692 
vn 0.992764 -0.113876 -0.0381044 
vn 0.975728 -0.187412 -0.113278 
vn 0.993835 -0.0950217 -0.0571224 
vn 0.977071 -0.150552 -0.150552 
vn 0.994192 -0.0760994 -0.0760994 
vn 0.975728 -0.113278 -0.187412 
vn 0.993835 -0.0571224 -0.0950217 
vn 0.971701 -0.075692 -0.223757 
vn 0.992764 -0.0381044 -0.113876 
vn 0.965003 -0.0378981 -0.259487 
vn 0.955651 0 -0.294503 
vn 0.980748 0.000424507 -0.195276 
vn 0.99098 -0.0190591 -0.132648 
vn 0.955651 -0.294503 0 
vn 0.923686 -0.38315 0.000823726 
vn 0.92436 -0.377316 -0.0564968 
vn 0.93808 -0.327587 -0.112665 
vn 0.946344 -0.275952 -0.168178 
vn 0.949104 -0.222713 -0.222713 
vn 0.946344 -0.168178 -0.275952 
vn 0.93808 -0.112665 -0.327587 
vn 0.92436 -0.0564968 -0.377316 
vn 0.923686 0.000823726 -0.38315 
vn 0.905264 0 -0.42485 
vn 0.871747 -0.484216 -0.0747814 
vn 0.905264 -0.42485 0 
vn 0.893346 -0.424001 -0.148846 
vn 0.906389 -0.359725 -0.221486 
vn 0.910751 -0.292004 -0.292004 
vn 0.906389 -0.221486 -0.359725 
vn 0.893346 -0.148846 -0.424001 
vn 0.871747 -0.0747814 -0.484216 
vn 0.841798 0 -0.539793 
vn 0.809768 -0.579395 -0.0926153 
vn 0.831331 -0.555777 0.000576096 
vn 0.841798 -0.539793 0 
vn 0.838912 -0.512235 -0.183961 
vn 0.85656 -0.438056 -0.272787 
vn 0.862469 -0.357873 -0.357873 
vn 0.85656 -0.272787 -0.438056 
vn 0.838912 -0.183961 -0.512235 
vn 0.809768 -0.0926153 -0.579395 
vn 0.769526 0 -0.638615 
vn 0.831331 0.000576096 -0.555777 
vn 0.769526 -0.638615 0 
vn 0.706842 -0.707371 0.000801161 
vn 0.740644 -0.662864 -0.109805 
vn 0.776035 -0.591946 -0.217644 
vn 0.797526 -0.510427 -0.321584 
vn 0.804733 -0.419765 -0.419765 
vn 0.797526 -0.321584 -0.510427 
vn 0.776035 -0.217644 -0.591946 
vn 0.740644 -0.109805 -0.662864 
vn 0.706842 0.000801161 -0.707371 
vn 0.691988 0 -0.721909 
vn 0.691988 -0.721909 0 
vn 0.554447 -0.832212 0.00338485 
vn 0.581561 -0.80095 -0.142359 
vn 0.623199 -0.729832 -0.281015 
vn 0.648623 -0.639725 -0.412359 
vn 0.657171 -0.532976 -0.532976 
vn 0.648623 -0.412359 -0.639725 
vn 0.623199 -0.281015 -0.729832 
vn 0.581561 -0.142359 -0.80095 
vn 0.554447 0.00338485 -0.832212 
vn 0.524793 0 -0.85123 
vn 0.524793 -0.85123 0 
vn 0.38202 -0.924151 0.00254271 
vn 0.410265 -0.896244 -0.168609 
vn 0.447734 -0.830343 -0.331761 
vn 0.470712 -0.737567 -0.484175 
vn 0.478454 -0.620919 -0.620919 
vn 0.470712 -0.484175 -0.737567 
vn 0.447734 -0.331761 -0.830343 
vn 0.410265 -0.168609 -0.896244 
vn 0.38202 0.00254271 -0.924151 
vn 0.359518 0 -0.933138 
vn 0.232641 -0.954512 -0.186508 
vn 0.359518 -0.933138 0 
vn 0.257011 -0.894337 -0.366207 
vn 0.271997 -0.801512 -0.532538 
vn 0.277055 -0.679426 -0.679426 
vn 0.271997 -0.532538 -0.801512 
vn 0.257011 -0.366207 -0.894337 
vn 0.232641 -0.186508 -0.954512 
vn 0.199778 0 -0.979841 
vn 0.0520093 -0.979491 -0.19466 
vn 0.195057 -0.980792 0.000521593 
vn 0.199778 -0.979841 0 
vn 0.0577731 -0.922414 -0.381857 
vn 0.0613221 -0.829977 -0.554417 
vn 0.0625204 -0.705723 -0.705723 
vn 0.0613221 -0.554417 -0.829977 
vn 0.0577731 -0.381857 -0.922414 
vn 0.0520093 -0.19466 -0.979491 
vn 0.0442519 0 -0.99902 
vn 0.195057 0.000521593 -0.980792 
vn 1.73472e-15 -0.980785 -0.19509 
vn 0.0442519 -0.99902 0 
vn 1.73472e-15 -0.92388 -0.382683 
vn 1.73472e-15 -0.83147 -0.55557 
vn 1.73472e-15 -0.707107 -0.707107 
vn 8.67362e-16 -0.55557 -0.83147 
vn 8.67362e-16 -0.382683 -0.92388 
vn 0 -0.19509 -0.980785 
vn 0 0 -1 
vn 1.73472e-15 -1 0 
vn 0.988484 0 -0.151325 
vn 1 0 0 
vn 0 -0.92388 -0.382683 
vn 0 -0.980785 -0.19509 
vn 0 -0.980795 -0.19504 
vn 0 -0.956544 -0.291587 
vn 0 -0.83147 -0.55557 
vn 0 -0.92388 -0.382683 
vn 0 -0.881273 -0.472608 
vn 0 -0.707107 -0.707107 
vn 0 -0.83147 -0.55557 
vn 0 -0.55557 -0.83147 
vn 0 -0.707107 -0.707107 
vn 0 -0.382683 -0.92388 
vn 0 -0.55557 -0.83147 
vn 0 -0.19509 -0.980785 
vn 0 -0.382683 -0.92388 
vn 0 0 -1 
vn 0 -0.19509 -0.980785 
vn 0 -0.999992 -0.00405385 
vn 0 -0.986239 -0.165326 
vn 0 -1 -6.12323e-17 
vn 0 0 -1 
vn 0.338224 0.498042 -0.798472 
vn 0.197191 0.392571 -0.898334 
vn 0.361751 0.371139 -0.855214 
vn 0.465395 0.583101 -0.665884 
vn 0.46318 0.47572 -0.747766 
vn 0.57349 0.644259 -0.506003 
vn 0.54943 0.564711 -0.615814 
vn 0.127042 0.129317 -0.983431 
vn 0.00297538 -0.000206335 -0.999996 
vn 0.203375 -0.00706532 -0.979075 
vn 0.354485 0.123504 -0.92687 
vn 0.00145328 0 -0.999999 
vn 0.248468 0.254397 -0.934637 
vn 0.441773 0.243783 -0.863369 
vn 0.517523 0.357694 -0.777319 
vn 0.579755 0.462263 -0.670967 
vn 0.617676 0.635197 -0.463682 
vn 0.626846 0.554758 -0.54709 
vn 0.257938 0 -0.966161 
vn 0.402492 -0.0076386 -0.915392 
vn 0.528428 0.120439 -0.840392 
vn 0.587558 0.238243 -0.773315 
vn 0.633835 0.350836 -0.689323 
vn 0.666249 0.455755 -0.590254 
vn 0.657564 0.632764 -0.408924 
vn 0.684089 0.550706 -0.478273 
vn 0.45774 0 -0.889086 
vn 0.575317 0 -0.81793 
vn 0.62989 0.119069 -0.767503 
vn 0.672054 0.235793 -0.701958 
vn 0.70098 0.347872 -0.622585 
vn 0.716098 0.453099 -0.530947 
vn 0.71711 0.5494 -0.428851 
vn 0.701489 0.644301 -0.304614 
vn 0.686966 0.63361 -0.355831 
vn 0.753222 0.11775 -0.647141 
vn 0.587424 -0.0029743 -0.809274 
vn 0.774409 0.233459 -0.588038 
vn 0.782175 0.345122 -0.518743 
vn 0.776385 0.450803 -0.440457 
vn 0.826038 0.117128 -0.551309 
vn 0.742453 -0.00417852 -0.669885 
vn 0.718981 0 -0.69503 
vn 0.834718 0.232374 -0.499247 
vn 0.829986 0.343887 -0.439164 
vn 0.75714 0.548672 -0.354539 
vn 0.811918 0.449874 -0.372025 
vn 0.804087 0 -0.594512 
vn 0.86459 -0.00932813 -0.502391 
vn 0.903863 0.116581 -0.411633 
vn 0.899117 0.231433 -0.37152 
vn 0.881044 0.342855 -0.3259 
vn 0.780805 0.548632 -0.298908 
vn 0.849912 0.449195 -0.27545 
vn 0.89521 0 -0.445644 
vn 0.950847 -0.0055214 -0.309612 
vn 0.95813 0.116266 -0.261668 
vn 0.944006 0.230902 -0.235664 
vn 0.91665 0.342301 -0.206357 
vn 0.806182 0.548877 -0.220917 
vn 0.876445 0.448902 -0.174157 
vn 0.958823 0 -0.284004 
vn 0.980297 0 -0.197528 
vn 0.976441 0.116171 -0.181845 
vn 0.959152 0.230744 -0.163661 
vn 0.928668 0.342143 -0.143225 
vn 0.823955 0.549211 -0.139516 
vn 0.885409 0.448835 -0.120819 
vn 0.994057 0 -0.108858 
vn 0.988172 0.116114 -0.100165 
vn 0.968856 0.230649 -0.0901092 
vn 0.93637 0.34205 -0.078829 
vn 0.82997 0.549353 -0.0967512 
vn 0.891156 0.448801 -0.0664773 
vn 0.991742 0.116097 0.0545003 
vn 0.994531 -0.00110724 -0.104434 
vn 0.971808 0.230621 0.0490227 
vn 0.938713 0.342022 0.0428811 
vn 0.833829 0.549451 -0.053222 
vn 0.892905 0.448791 0.0361589 
vn 0.979278 0.116157 0.165895 
vn 0.994489 -0.00515614 0.104714 
vn 0.998244 0 0.0592398 
vn 0.961499 0.230721 0.14929 
vn 0.930531 0.34212 0.130637 
vn 0.835004 0.549482 0.0289469 
vn 0.886799 0.448826 0.110193 
vn 0.983625 0 0.180225 
vn 0.950598 -0.00759988 0.310333 
vn 0.940323 0.116363 0.319768 
vn 0.929277 0.231065 0.288188 
vn 0.904965 0.342468 0.252494 
vn 0.830903 0.549376 0.0882364 
vn 0.867734 0.448983 0.213195 
vn 0.902561 0.116589 0.414476 
vn 0.937945 0 0.346783 
vn 0.898041 0.231447 0.374106 
vn 0.880191 0.34287 0.328183 
vn 0.818115 0.549087 0.170852 
vn 0.849277 0.449204 0.27739 
vn 0.820016 0.117175 0.560218 
vn 0.864515 -0.00973212 0.502513 
vn 0.893686 0 0.448694 
vn 0.829732 0.232456 0.507453 
vn 0.826033 0.343979 0.446484 
vn 0.805757 0.548871 0.222479 
vn 0.808979 0.449939 0.378295 
vn 0.797041 0 0.603925 
vn 0.74371 -0.00110164 0.668501 
vn 0.768395 0.117611 0.629076 
vn 0.786982 0.233216 0.5712 
vn 0.792143 0.344842 0.503581 
vn 0.778845 0.548626 0.303991 
vn 0.78379 0.450585 0.427371 
vn 0.640361 0.118943 0.758809 
vn 0.736701 0 0.676219 
vn 0.589063 -0.000456032 0.808087 
vn 0.680758 0.235569 0.693597 
vn 0.707889 0.347604 0.61487 
vn 0.762067 0.548642 0.34387 
vn 0.721227 0.452866 0.524161 
vn 0.578448 0.119729 0.806885 
vn 0.587486 0 0.809234 
vn 0.629254 0.236971 0.740192 
vn 0.666987 0.34929 0.658123 
vn 0.72051 0.549303 0.423239 
vn 0.690864 0.454352 0.56238 
vn 0.700388 0.549975 0.454955 
vn 0.695362 0.634173 0.338078 
vn 0.70339 0.643379 0.302168 
vn 0.515625 0 0.856815 
vn 0.399048 -0.0113368 0.91686 
vn 0.395461 0.12269 0.910251 
vn 0.476244 0.242307 0.845268 
vn 0.545094 0.355851 0.759106 
vn 0.600286 0.46048 0.653923 
vn 0.640437 0.55357 0.532354 
vn 0.304769 0 0.952426 
vn 0.207324 -0.00306841 0.978267 
vn 0.271842 0.125343 0.954144 
vn 0.371955 0.247129 0.894749 
vn 0.461511 0.361901 0.80996 
vn 0.537969 0.466401 0.702182 
vn 0.66454 0.63279 0.397447 
vn 0.599158 0.557664 0.574475 
vn 0.164014 0 0.986458 
vn -0.00629123 -0.00753257 0.999952 
vn 0.0362238 0.132412 0.990533 
vn 0.170076 0.26008 0.950491 
vn 0.297837 0.378433 0.876403 
vn 0.414929 0.483231 0.770923 
vn 0.643341 0.633099 0.430463 
vn 0.517159 0.570719 0.637829 
vn 0.324073 0.501209 0.802351 
vn 0.600865 0.637765 0.481889 
vn 0.455767 0.585815 0.670147 
vn -0.0989262 0 0.995095 
vn -0.183639 -3.01051e-15 0.982994 
vn -0.0664098 0.13662 0.988395 
vn -0.0400146 0.165862 0.985337 
vn 0.0673355 0.278262 0.958142 
vn 0.248694 0.444155 0.860742 
vn 0.291056 0.47821 0.828615 
vn 0.190272 0.393679 0.899341 
vn 0.321606 0.501776 0.802988 
vn 0.330567 0.508522 0.795067 
vn 0.568329 0.645829 0.509811 
vn 0.458039 0.594101 0.661244 
vn 0.500202 0.617932 0.606595 
vn 0.651273 0.677236 0.342339 
vn 0.561978 0.647917 0.514183 
vn 0.586718 0.658096 0.471881 
vn 0.651412 0.674345 0.347736 
vn 0.652421 0.673329 0.347815 
vn 0.66024 0.666979 0.345285 
vn 0.674897 0.658104 0.333785 
vn 0.669899 0.652925 0.353447 
vn 0.669655 0.660974 0.338636 
vn 0.692801 0.648554 0.315285 
vn 0.697027 0.646496 0.310156 
vn 0.718298 0.636298 0.281377 
vn 0.720821 0.635121 0.277557 
vn 0.730476 0.630858 0.261578 
vn 0.743632 0.624991 0.237479 
vn 0.748384 0.622826 0.228055 
vn 0.770216 0.613583 0.174022 
vn 0.783761 0.60803 0.126562 
vn 0.779692 0.60983 0.142085 
vn 0.794947 0.603538 0.0616482 
vn 0.793106 0.604462 0.0748932 
vn 0.798356 0.602185 -5.53652e-05 
vn 0.797533 0.602768 0.024725 
vn 0.796197 0.603335 -0.0453655 
vn 0.794167 0.603849 -0.0682984 
vn 0.792162 0.604774 -0.0820219 
vn 0.786537 0.606908 -0.114113 
vn 0.769133 0.614033 -0.177195 
vn 0.757464 0.618935 -0.20777 
vn 0.768009 0.614525 -0.180336 
vn 0.745195 0.62439 -0.234138 
vn 0.731803 0.630127 -0.259624 
vn 0.718304 0.636299 -0.28136 
vn 0.726934 0.63234 -0.267792 
vn 0.720391 0.635319 -0.278219 
vn 0.692494 0.648772 -0.31551 
vn 0.685311 0.652428 -0.323555 
vn 0.678186 0.656285 -0.330686 
vn 0.669453 0.64953 -0.360478 
vn 0.661797 0.665943 -0.344302 
vn 0.665951 0.663169 -0.341638 
vn 0.65189 0.674007 -0.347498 
vn 0.65327 0.672013 -0.348766 
vn 0.65102 0.676849 -0.343582 
vn 0.65189 0.677818 -0.340003 
vn 0.561903 0.647943 -0.514233 
vn 0.473291 0.603005 -0.642168 
vn 0.448159 0.588058 -0.673307 
vn 0.55935 0.646831 -0.518398 
vn 0.368158 0.535707 -0.75992 
vn 0.303296 0.48785 -0.818544 
vn 0.190098 0.393707 -0.899365 
vn 0.155916 0.363165 -0.918587 
vn 0.130669 0.339527 -0.931476 
vn 0.0592992 0.269882 -0.961066 
vn 0.000990308 0.21 -0.977701 
vn -0.0662963 0.136615 -0.988403 
vn -0.183639 -8.04389e-16 -0.982994 
vn 0.651858 0.677785 0.340131 
vn 0.00325302 -4.05674e-19 0.999995 
vn -0.183639 0 0.982994 
vn -0.0989262 0 0.995095 
vn 0.210669 -2.62718e-17 0.977558 
vn 0.0030558 0 0.999995 
vn 0.164014 0 0.986458 
vn 0.408915 -5.09944e-17 0.912573 
vn 0.210622 0 0.977568 
vn 0.304769 0 0.952426 
vn 0.589363 -7.34975e-17 0.807868 
vn 0.408892 0 0.912583 
vn 0.515625 0 0.856815 
vn 0.587486 0 0.809234 
vn 0.74416 -9.28017e-17 0.668002 
vn 0.589347 0 0.80788 
vn 0.736701 0 0.676219 
vn 0.866567 -1.08067e-16 0.499061 
vn 0.74415 0 0.668013 
vn 0.797041 0 0.603925 
vn 0.951257 -1.18628e-16 0.308398 
vn 0.866625 0 0.498959 
vn 0.893686 0 0.448694 
vn 0.937945 0 0.346783 
vn 0.994545 -1.24026e-16 0.104313 
vn 0.95122 0 0.308514 
vn 0.983625 0 0.180225 
vn 0.998244 0 0.0592398 
vn 0.994541 0 -0.104342 
vn 0.994547 0 0.104286 
vn 0.994545 -1.24026e-16 -0.104313 
vn 0.958823 0 -0.284004 
vn 0.951292 0 -0.30829 
vn 0.980297 0 -0.197528 
vn 0.994057 0 -0.108858 
vn 0.951257 -1.18628e-16 -0.308398 
vn 0.89521 0 -0.445644 
vn 0.866611 0 -0.498985 
vn 0.866567 -1.08067e-16 -0.499061 
vn 0.804087 0 -0.594512 
vn 0.744129 0 -0.668036 
vn 0.74416 -9.28017e-17 -0.668002 
vn 0.718981 0 -0.69503 
vn 0.589281 0 -0.807928 
vn 0.589363 -7.34975e-17 -0.807868 
vn 0.45774 0 -0.889086 
vn 0.409091 0 -0.912493 
vn 0.575317 0 -0.81793 
vn 0.408915 -5.09944e-17 -0.912573 
vn 0.257938 0 -0.966161 
vn 0.210998 0 -0.977486 
vn 0.210669 -2.62718e-17 -0.977558 
vn 0.00322911 0 -0.999995 
vn 0.00325302 -4.05674e-19 -0.999995 
vn 0.00145328 0 -0.999999 
vn -0.183639 0 -0.982994 
vn -0.725995 0.687699 0 
vn -0.710414 0.703784 0 
vn -0.719742 0.694241 0 
vn -0.701665 0.712507 0 
vn -0.688131 0.725586 0 
vn -0.694431 0.719559 0 
vn -0.679757 0.733437 0 
vn -0.683315 0.730124 0 
vn -0.561187 0.827689 0 
vn -0.677634 0.7354 0 
vn -0.676923 0.736054 0 
vn -0.710389 0.70381 0 
vn -0.701665 0.712507 0 
vn -0.694401 0.719588 0 
vn -0.688131 0.725586 0 
vn -0.683314 0.730125 0 
vn -0.725995 0.687699 0 
vn -0.720067 0.693905 0 
vn -0.679757 0.733437 0 
vn -0.677639 0.735395 0 
vn -0.838528 0.544859 0 
vn -0.774955 0.632017 0 
vn -0.856857 0.515554 0 
vn -0.769617 0.638506 0 
vn -0.764397 0.644746 0 
vn -0.759509 0.650497 0 
vn -0.755162 0.655538 0 
vn -0.747877 0.663837 0 
vn -0.748842 0.662749 0 
vn -0.750089 0.661337 0 
vn -0.746738 0.665118 0 
vn -0.747162 0.664642 0 
vn -0.741824 0.670594 0 
vn -0.746593 0.665281 0 
vn -0.725995 0.687699 0 
vn -0.751551 0.659675 0 
vn -0.741542 0.670906 0 
vn -0.752461 0.658637 0 
vn -0.753877 0.657015 0 
vn -0.748932 0.662647 0 
vn -0.746593 0.665281 0 
vn -0.748417 0.663228 0 
vn -0.746952 0.664877 0 
vn -0.746593 0.665281 0 
vn -0.75885 0.651266 0 
vn -0.755284 0.655398 0 
vn -0.752186 0.65895 0 
vn -0.749789 0.661677 0 
vn -0.748014 0.663683 0 
vn -0.767605 0.640924 0 
vn -0.856857 0.515554 0 
vn -0.813102 0.582121 0 
vn -0.801239 0.598344 0 
vn -0.789349 0.613945 0 
vn -0.777954 0.628322 0 
vn 0.468408 -0.883512 0 
vn 0.360178 -0.932884 0 
vn 0.267528 -0.96355 0 
vn 0.419975 -0.907536 0 
vn 0.468408 -0.883512 0 
vn 0.267528 -0.96355 0 
vn 0.161782 -0.986827 0 
vn 0.108119 -0.994138 0 
vn 0.21497 -0.976621 0 
vn 0.0541389 -0.998533 0 
vn -0.161782 -0.986827 0 
vn -0.0541389 -0.998533 0 
vn -0.108119 -0.994138 0 
vn -1.83697e-16 -1 0 
vn 0.0541389 -0.998533 0 
vn -0.370138 -0.928977 0 
vn -0.26237 -0.964967 0 
vn -0.360178 -0.932884 0 
vn -0.161782 -0.986827 0 
vn 0.647386 -0.762162 0 
vn 0.468408 -0.883512 0 
vn 0.640417 -0.768027 0 
vn 0.612219 -0.790688 0 
vn 0.633438 -0.773793 0 
vn 0.592523 -0.805554 0 
vn 0.606652 -0.794967 0 
vn 0.590567 -0.806989 0 
vn 0.571029 -0.82093 0 
vn 0.590356 -0.807143 0 
vn 0.558142 -0.829746 0 
vn 0.562474 -0.826815 0 
vn 0.55097 -0.834525 0 
vn 0.545435 -0.838153 0 
vn 0.546223 -0.83764 0 
vn 0.468408 -0.883512 0 
vn 0.543812 -0.839207 0 
vn 0.647386 -0.762162 0 
vn 0.515038 -0.857167 0 
vn 0.647386 -0.762163 0 
vn 0.555374 -0.831601 0 
vn 0.545347 -0.83821 0 
vn 0.545442 -0.838149 0 
vn 0.545816 -0.837905 0 
vn 0.544819 -0.838554 0 
vn 0.549575 -0.835445 0 
vn 0.558754 -0.829333 0 
vn 0.554932 -0.831895 0 
vn 0.565462 -0.824774 0 
vn 0.582265 -0.812999 0 
vn 0.576139 -0.817352 0 
vn 0.590937 -0.806717 0 
vn 0.515038 -0.857167 0 
vn 0.617175 -0.786826 0 
vn 0.606949 -0.794741 0 
vn 0.596336 -0.802735 0 
vn 0.5925 -0.805571 0 
vn 0.636528 -0.771254 0 
vn 0.63544 -0.77215 0 
vn 0.796093 -0.605174 0 
vn 0.746593 -0.665281 0 
vn 0.708673 -0.705538 0 
vn 0.704005 -0.710195 0 
vn 0.670502 -0.741908 0 
vn 0.691492 -0.722384 0 
vn 0.647385 -0.762163 0 
vn 0.655483 -0.75521 0 
vn 0.907575 -0.419889 0 
vn 0.880241 -0.474527 0 
vn 0.884275 -0.466966 0 
vn 0.887434 -0.460935 0 
vn 0.889601 -0.456738 0 
vn 0.858989 -0.511994 0 
vn 0.864615 -0.502435 0 
vn 0.844595 -0.535405 0 
vn 0.848711 -0.528857 0 
vn 0.853596 -0.520936 0 
vn 0.841476 -0.540295 0 
vn 0.839529 -0.543315 0 
vn 0.870199 -0.4927 0 
vn 0.875484 -0.483247 0 
vn 0.838867 -0.544336 0 
vn 0.796093 -0.605174 0 
vn 0.839529 -0.543315 0 
vn 0.853596 -0.520936 0 
vn 0.848711 -0.528857 0 
vn 0.858989 -0.511994 0 
vn 0.907575 -0.419889 0 
vn 0.864615 -0.502435 0 
vn 0.844595 -0.535405 0 
vn 0.870199 -0.4927 0 
vn 0.841476 -0.540295 0 
vn 0.875484 -0.483247 0 
vn 0.880241 -0.474527 0 
vn 0.887434 -0.460935 0 
vn 0.884275 -0.466966 0 
vn 0.889601 -0.456738 0 
vn 0.890704 -0.454584 0 
vn 0.976621 -0.21497 0 
vn 0.923021 -0.38475 0 
vn 1 -2.44929e-16 0 
vn 0.996676 -0.0814674 0 
vn 0.976621 0.21497 0 
vn 0.996839 0.0794486 0 
vn 1 -2.44929e-16 0 
vn 0.976621 0.21497 0 
vn 0.976621 -0.21497 0 
vn 0.907575 -0.419889 0 
vn 0.796093 -0.605174 0 
vn 0.666376 -0.745616 0 
vn 0.657236 -0.753685 0 
vn 0.697475 -0.716609 0 
vn 0.726294 -0.687384 0 
vn 0.746593 -0.665281 0 
vn 0.708997 -0.705212 0 
vn 0.723481 -0.690344 0 
vn 0.692933 -0.721002 0 
vn 0.699907 -0.714234 0 
vn 0.682768 -0.730635 0 
vn 0.687341 -0.726335 0 
vn 0.677577 -0.735452 0 
vn 0.679564 -0.733617 0 
vn 0.676923 -0.736054 0 
vn 0.677577 -0.735452 0 
vn 0.707647 -0.706566 0 
vn 0.699889 -0.714251 0 
vn 0.692933 -0.721002 0 
vn 0.687307 -0.726367 0 
vn 0.682768 -0.730635 0 
vn 0.679571 -0.73361 0 
vn 0.707647 -0.706566 0 
vn 0.726294 -0.687384 0 
vn 0.746593 -0.665281 0 
vn 0.4158 -0.909456 0 
vn 0.267528 -0.96355 0 
vn 0.360178 -0.932884 0 
vn 0.420048 -0.907502 0 
vn 0.425906 -0.904768 0 
vn 0.4158 -0.909456 0 
vn 0.161782 -0.986827 0 
vn 0.21497 -0.976621 0 
vn 0.108119 -0.994138 0 
vn 0.0541389 -0.998533 0 
vn -0.125963 -0.992035 0 
vn -0.123677 -0.992322 0 
vn -0.120647 -0.992695 0 
vn -0.130533 -0.991444 0 
vn -0.12603 -0.992026 0 
vn -0.132548 -0.991177 0 
vn -0.131728 -0.991286 0 
vn -0.142566 -0.989785 0 
vn -0.145619 -0.989341 0 
vn -0.0770883 -0.997024 0 
vn -0.0333819 -0.999443 0 
vn 0.0103885 -0.999946 0 
vn -0.155667 -0.98781 0 
vn -0.161782 -0.986827 0 
vn -0.161782 -0.986827 0 
vn -0.160358 -0.987059 0 
vn -0.192699 -0.981258 0 
vn -0.177118 -0.98419 0 
vn -0.220427 -0.975403 0 
vn -0.201191 -0.979552 0 
vn -0.270115 -0.962828 0 
vn -0.251888 -0.967756 0 
vn -0.370138 -0.928977 0 
vn -0.275037 -0.961434 0 
vn -0.289323 -0.957232 0 
vn -0.320997 -0.94708 0 
vn -0.305626 -0.952152 0 
vn -0.238561 -0.971128 0 
vn -0.340229 -0.940343 0 
vn -0.326752 -0.94511 0 
vn -0.36688 -0.930268 0 
vn -0.354707 -0.934978 0 
vn -0.370138 -0.928977 0 
vn -0.561187 -0.827689 0 
vn -0.545442 -0.838149 0 
vn -0.4158 -0.909456 0 
vn -0.426172 -0.904642 0 
vn -0.561187 -0.827689 0 
vn -0.555374 -0.831601 0 
vn -0.545347 -0.83821 0 
vn -0.45626 -0.889847 0 
vn -0.489103 -0.872226 0 
vn -0.41678 -0.909008 0 
vn -0.370138 -0.928977 0 
vn -0.515038 -0.857167 0 
vn -0.381185 -0.924499 0 
vn -0.384572 -0.923095 0 
vn -0.401885 -0.91569 0 
vn -0.391797 -0.920052 0 
vn -0.413824 -0.910357 0 
vn -0.407569 -0.913174 0 
vn -0.515038 -0.857167 0 
vn -0.421549 -0.906806 0 
vn -0.421072 -0.907027 0 
vn -0.423673 -0.905815 0 
vn -0.417878 -0.908503 0 
vn -0.421631 -0.906768 0 
vn -0.421955 -0.906617 0 
vn -0.407654 -0.913137 0 
vn -0.415289 -0.90969 0 
vn -0.399971 -0.916528 0 
vn -0.404129 -0.914702 0 
vn -0.396247 -0.918144 0 
vn -0.383451 -0.923561 0 
vn -0.381486 -0.924375 0 
vn -0.381035 -0.924561 0 
vn -0.384728 -0.92303 0 
vn -0.383536 -0.923526 0 
vn -0.426442 -0.904515 0 
vn -0.462062 -0.886848 0 
vn -0.379543 -0.925174 0 
vn 0.907575 0.419889 0 
vn 0.96838 0.24948 0 
vn 0.908294 0.418332 0 
vn 0.907575 0.419889 0 
vn 0.909163 0.41644 0 
vn 0.909456 0.4158 0 
vn 0.908724 0.417398 0 
vn 0.907575 0.419889 0 
vn 0.907575 0.419889 0 
vn 0.796093 0.605174 0 
vn 0.896732 0.442575 0 
vn 0.893499 0.449064 0 
vn 0.899784 0.436335 0 
vn 0.902551 0.430584 0 
vn 0.906872 0.421406 0 
vn 0.904938 0.425543 0 
vn 0.860038 0.510231 0 
vn 0.647386 0.762162 0 
vn 0.666358 0.745632 0 
vn 0.656785 0.754078 0 
vn 0.708976 0.705233 0 
vn 0.696805 0.71726 0 
vn 0.736325 0.676628 0 
vn 0.747879 0.663835 0 
vn 0.747206 0.664593 0 
vn 0.747001 0.664823 0 
vn 0.750094 0.661331 0 
vn 0.751551 0.659675 0 
vn 0.748842 0.662749 0 
vn 0.755162 0.655538 0 
vn 0.769617 0.638506 0 
vn 0.796093 0.605174 0 
vn 0.774955 0.632017 0 
vn 0.764397 0.644746 0 
vn 0.759509 0.650497 0 
vn 0.647386 0.762162 0 
vn 0.789349 0.613945 0 
vn 0.796093 0.605174 0 
vn 0.777954 0.628322 0 
vn 0.767605 0.640924 0 
vn 0.752186 0.65895 0 
vn 0.755261 0.655425 0 
vn 0.749792 0.661673 0 
vn 0.746955 0.664874 0 
vn 0.748014 0.663683 0 
vn 0.741542 0.670906 0 
vn 0.746593 0.665281 0 
vn 0.719742 0.694241 0 
vn 0.701665 0.712507 0 
vn 0.710414 0.703784 0 
vn 0.694431 0.719559 0 
vn 0.688131 0.725586 0 
vn 0.679757 0.733437 0 
vn 0.683315 0.730124 0 
vn 0.70404 0.710161 0 
vn 0.676923 0.736054 0 
vn 0.677634 0.7354 0 
vn 0.719742 0.694241 0 
vn 0.710389 0.70381 0 
vn 0.701665 0.712507 0 
vn 0.694401 0.719588 0 
vn 0.688131 0.725586 0 
vn 0.683314 0.730125 0 
vn 0.679757 0.733437 0 
vn 0.677639 0.735395 0 
vn 0.712487 0.701686 0 
vn 0.746593 0.665281 0 
vn 0.741542 0.670906 0 
vn 0.740556 0.671994 0 
vn 0.746593 0.665281 0 
vn 0.75885 0.651266 0 
vn 0.647385 0.762163 0 
vn 0.649484 0.760375 0 
vn 0.670532 0.74188 0 
vn 0.796093 0.605174 0 
vn 0.813102 0.582121 0 
vn 0.866625 0.49896 0 
vn 0.801239 0.598344 0 
vn 0.875765 0.482737 0 
vn 0.884185 0.467137 0 
vn 0.891633 0.452759 0 
vn 0.897921 0.440157 0 
vn 0.902917 0.429815 0 
vn 0.906535 0.422131 0 
vn 0.0541389 0.998533 0 
vn -0.161782 0.986827 0 
vn -0.0541389 0.998533 0 
vn -0.108119 0.994138 0 
vn 6.12323e-17 1 0 
vn 0.267528 0.96355 0 
vn 0.161782 0.986827 0 
vn 0.21497 0.976621 0 
vn 0.108119 0.994138 0 
vn 0.0541389 0.998533 0 
vn 0.468408 0.883512 0 
vn 0.267528 0.96355 0 
vn 0.360178 0.932884 0 
vn 0.420048 0.907502 0 
vn 0.515038 0.857167 0 
vn 0.612241 0.790672 0 
vn 0.616976 0.786982 0 
vn 0.640443 0.768005 0 
vn 0.592722 0.805407 0 
vn 0.606068 0.795413 0 
vn 0.468408 0.883512 0 
vn 0.590583 0.806977 0 
vn 0.555374 0.831601 0 
vn 0.545347 0.83821 0 
vn 0.545442 0.838149 0 
vn 0.515038 0.857167 0 
vn 0.468408 0.883512 0 
vn 0.574328 0.818625 0 
vn 0.583586 0.812051 0 
vn 0.57104 0.820922 0 
vn 0.550976 0.834521 0 
vn 0.553245 0.833019 0 
vn 0.55815 0.82974 0 
vn 0.545438 0.838151 0 
vn 0.546534 0.837437 0 
vn 0.543812 0.839207 0 
vn 0.544461 0.838786 0 
vn 0.468408 0.883512 0 
vn 0.545814 0.837907 0 
vn 0.545135 0.838348 0 
vn 0.549571 0.835447 0 
vn 0.546919 0.837185 0 
vn 0.565455 0.824779 0 
vn 0.559408 0.828893 0 
vn 0.558748 0.829338 0 
vn 0.582255 0.813006 0 
vn 0.573459 0.819234 0 
vn 0.590927 0.806725 0 
vn 0.585911 0.810376 0 
vn 0.617161 0.786837 0 
vn 0.60805 0.793898 0 
vn 0.592714 0.805413 0 
vn 0.635424 0.772163 0 
vn 0.625835 0.779956 0 
vn 0.647386 0.762163 0 
vn 0.427467 0.904031 0 
vn 0.360178 0.932884 0 
vn 0.267528 0.96355 0 
vn 0.281614 0.959528 0 
vn 0.419975 0.907536 0 
vn 0.108119 0.994138 0 
vn 0.0541389 0.998533 0 
vn 0.21497 0.976621 0 
vn 0.161782 0.986827 0 
vn -0.0377337 0.999288 0 
vn -0.161782 0.986827 0 
vn -0.121516 0.992589 0 
vn -0.0192379 0.999815 0 
vn -0.0291677 0.999575 0 
vn 5.05322e-16 1 0 
vn -0.00840863 0.999965 0 
vn -0.0445352 0.999008 0 
vn 0.00281387 0.999996 0 
vn -0.0492543 0.998786 0 
vn 0.0541389 0.998533 0 
vn 0.0139048 0.999903 0 
vn 0.0243456 0.999704 0 
vn 0.041377 0.999144 0 
vn 0.0336479 0.999434 0 
vn 0.0471713 0.998887 0 
vn 0.0507599 0.998711 0 
vn 0.0519751 0.998648 0 
vn 0.0243456 0.999704 0 
vn 0.0336479 0.999434 0 
vn 0.041377 0.999144 0 
vn 0.0471713 0.998887 0 
vn 0.0103885 0.999946 0 
vn 0.00281387 0.999996 0 
vn -0.0333819 0.999443 0 
vn -0.00840863 0.999965 0 
vn -0.0192379 0.999815 0 
vn -0.0770883 0.997024 0 
vn -0.120647 0.992695 0 
vn -0.159388 0.987216 0 
vn -0.161782 0.986827 0 
vn -0.144961 0.989437 0 
vn -0.155987 0.987759 0 
vn -0.126938 0.991911 0 
vn -0.131728 0.991286 0 
vn -0.125984 0.992032 0 
vn -0.123756 0.992313 0 
vn -0.139427 0.990232 0 
vn -0.0445352 0.999008 0 
vn -0.0377337 0.999288 0 
vn -0.0492543 0.998786 0 
vn -0.0291677 0.999575 0 
vn -0.0516704 0.998664 0 
vn 0.0139048 0.999903 0 
vn -0.370138 0.928977 0 
vn -0.337978 0.941154 0 
vn -0.345154 0.938546 0 
vn -0.307428 0.951571 0 
vn -0.324832 0.945772 0 
vn -0.353222 0.93554 0 
vn -0.286252 0.958154 0 
vn -0.294315 0.955709 0 
vn -0.260677 0.965426 0 
vn -0.254731 0.967012 0 
vn -0.230665 0.973033 0 
vn -0.24129 0.970453 0 
vn -0.202389 0.979305 0 
vn -0.212535 0.977153 0 
vn -0.181329 0.983422 0 
vn -0.194414 0.98092 0 
vn -0.170659 0.98533 0 
vn -0.397583 0.917566 0 
vn -0.383648 0.923479 0 
vn -0.384728 0.92303 0 
vn -0.381029 0.924563 0 
vn -0.382482 0.923963 0 
vn -0.379543 0.925174 0 
vn -0.380454 0.9248 0 
vn -0.426135 0.904659 0 
vn -0.39822 0.91729 0 
vn -0.407884 0.913034 0 
vn -0.461528 0.887125 0 
vn -0.515038 0.857167 0 
vn -0.417735 0.908569 0 
vn -0.417087 0.908866 0 
vn -0.422921 0.906167 0 
vn -0.421095 0.907017 0 
vn -0.416996 0.908908 0 
vn -0.370134 0.928978 0 
vn -0.515038 0.857167 0 
vn -0.489293 0.87212 0 
vn -0.456814 0.889562 0 
vn -0.545442 0.838149 0 
vn -0.555374 0.831601 0 
vn -0.545347 0.83821 0 
vn -0.423322 0.905979 0 
vn -0.42319 0.906041 0 
vn -0.42047 0.907306 0 
vn -0.421263 0.906939 0 
vn -0.412341 0.911029 0 
vn -0.414087 0.910237 0 
vn -0.405442 0.914121 0 
vn -0.378292 0.925686 0 
vn -0.387011 0.922075 0 
vn -0.388625 0.921396 0 
vn -0.427863 0.903844 0 
vn -0.370138 0.928977 0 
vn -0.370581 0.9288 0 
vn -0.370138 0.928977 0 
vn -0.26237 0.964967 0 
vn -0.360178 0.932884 0 
vn -0.909456 0.4158 0 
vn -0.875765 0.482737 0 
vn -0.866625 0.49896 0 
vn -0.884185 0.467137 0 
vn -0.891633 0.452759 0 
vn -0.947653 0.319302 0 
vn -0.897921 0.440157 0 
vn -0.902917 0.429815 0 
vn -0.906535 0.422131 0 
vn -0.908724 0.417398 0 
vn -0.947653 0.319302 0 
vn -0.909456 0.4158 0 
vn -0.909163 0.41644 0 
vn -0.861516 0.507731 0 
vn -0.893499 0.449064 0 
vn -0.896732 0.442575 0 
vn -0.899784 0.436335 0 
vn -0.902551 0.430584 0 
vn -0.904938 0.425543 0 
vn -0.906872 0.421406 0 
vn -0.908294 0.418332 0 
vn -0.909456 0.4158 0 
vn -0.994138 0.108119 0 
vn -0.96838 0.24948 0 
vn -0.986072 0.16632 0 
vn -0.994138 -0.108119 0 
vn -0.996696 -0.0812274 0 
vn -0.996856 0.0792317 0 
vn -0.994138 0.108119 0 
vn -0.994138 -0.108119 0 
vn -0.947653 -0.319302 0 
vn -0.707647 -0.706566 0 
vn -0.725996 -0.687699 0 
vn -0.692933 -0.721002 0 
vn -0.699907 -0.714234 0 
vn -0.687341 -0.726335 0 
vn -0.682768 -0.730635 0 
vn -0.677577 -0.735452 0 
vn -0.679564 -0.733617 0 
vn -0.676923 -0.736054 0 
vn -0.677577 -0.735452 0 
vn -0.707647 -0.706566 0 
vn -0.699889 -0.714251 0 
vn -0.692933 -0.721002 0 
vn -0.687307 -0.726367 0 
vn -0.682768 -0.730635 0 
vn -0.679571 -0.73361 0 
vn -0.725995 -0.687699 0 
vn -0.856857 -0.515554 0 
vn -0.746593 -0.665281 0 
vn -0.726294 -0.687384 0 
vn -0.986072 -0.16632 0 
vn -0.947653 -0.319302 0 
vn -0.856857 -0.515554 0 
vn -0.909456 -0.4158 0 
vn -0.947653 -0.319302 0 
vn -0.726318 -0.687358 0 
vn -0.746593 -0.665281 0 
vn -0.851073 -0.525047 0 
vn -0.856246 -0.516568 0 
vn -0.846542 -0.532322 0 
vn -0.842899 -0.538073 0 
vn -0.856857 -0.515554 0 
vn -0.840347 -0.542049 0 
vn -0.839033 -0.54408 0 
vn -0.838528 -0.544859 0 
vn -0.851073 -0.525047 0 
vn -0.856246 -0.516568 0 
vn -0.846542 -0.532322 0 
vn -0.856857 -0.515554 0 
vn -0.856857 -0.515554 0 
vn -0.842899 -0.538073 0 
vn -0.840347 -0.542049 0 
vn -0.856857 -0.515554 0 
vn -0.922742 -0.385419 0 
vn -0.877941 -0.478768 0 
vn -0.872894 -0.48791 0 
vn -0.885972 -0.463738 0 
vn -0.882359 -0.470577 0 
vn -0.947653 -0.319302 0 
vn -0.888647 -0.458592 0 
vn -0.890289 -0.455396 0 
vn -0.867429 -0.497561 0 
vn -0.890842 -0.454312 0 
vn -0.890289 -0.455396 0 
vn -0.877941 -0.478768 0 
vn -0.882359 -0.470577 0 
vn -0.872894 -0.48791 0 
vn -0.885972 -0.463738 0 
vn -0.867429 -0.497561 0 
vn -0.888647 -0.458592 0 
vn -0.86179 -0.507264 0 
vn -0.909456 -0.4158 0 
vn 0.976621 0.21497 0 
vn 0.48831 0.845778 0.21497 
vn 0.5 0.866025 2.44929e-16 
vn 0.453788 0.785983 0.419889 
vn 0.48831 0.845778 0.21497 
vn 0.398047 0.689437 0.605174 
vn 0.453788 0.785983 0.419889 
vn 0.323693 0.560653 0.762162 
vn 0.398047 0.689437 0.605174 
vn 0.234204 0.405654 0.883512 
vn 0.323693 0.560653 0.762162 
vn 0.133764 0.231686 0.96355 
vn 0.234204 0.405654 0.883512 
vn 0.0270695 0.0468857 0.998533 
vn 0.133764 0.231686 0.96355 
vn -0.080891 -0.140107 0.986827 
vn -0.185069 -0.320549 0.928977 
vn -0.280594 -0.486002 0.827689 
vn -0.362998 -0.628731 0.687699 
vn -0.428429 -0.74206 0.515554 
vn -0.473827 -0.820692 0.319302 
vn -0.497069 -0.860949 0.108119 
vn -0.497069 -0.860949 -0.108119 
vn -0.473827 -0.820692 -0.319302 
vn -0.428429 -0.74206 -0.515554 
vn -0.362998 -0.628731 -0.687699 
vn -0.280594 -0.486002 -0.827689 
vn -0.185069 -0.320549 -0.928977 
vn -0.080891 -0.140107 -0.986827 
vn 0.0270695 0.0468857 -0.998533 
vn 0.133764 0.231686 -0.96355 
vn 0.234204 0.405654 -0.883512 
vn 0.323693 0.560653 -0.762162 
vn 0.398047 0.689437 -0.605174 
vn 0.453788 0.785983 -0.419889 
vn 0.48831 0.845778 -0.21497 
vn -0.976621 1.69417e-16 0.21497 
vn -1 1.73472e-16 2.44929e-16 
vn -0.907575 1.57439e-16 0.419889 
vn -0.976621 0 0.21497 
vn -0.796093 1.381e-16 0.605174 
vn -0.907575 0 0.419889 
vn -0.647386 1.12304e-16 0.762162 
vn -0.796093 0 0.605174 
vn -0.468408 8.12559e-17 0.883512 
vn -0.647386 0 0.762162 
vn -0.267528 4.64088e-17 0.96355 
vn -0.468408 0 0.883512 
vn -0.0541389 9.3916e-18 0.998533 
vn -0.267528 0 0.96355 
vn 0.161782 0 0.986827 
vn 4.28626e-16 -7.43548e-32 1 
vn -0.0541389 0 0.998533 
vn 0.370138 0 0.928977 
vn 0.561187 0 0.827689 
vn 0.725995 0 0.687699 
vn 0.856857 0 0.515554 
vn 0.947653 0 0.319302 
vn 0.994138 0 0.108119 
vn 0.994138 -1.72455e-16 -0.108119 
vn 0.947653 -1.64392e-16 -0.319302 
vn 0.856857 -1.48641e-16 -0.515554 
vn 0.725995 -1.2594e-16 -0.687699 
vn 0.561187 -9.73504e-17 -0.827689 
vn 0.370138 -6.42087e-17 -0.928977 
vn 0.161782 -2.80647e-17 -0.986827 
vn -0.0541389 9.3916e-18 -0.998533 
vn -0.267528 0 -0.96355 
vn -0.468408 0 -0.883512 
vn -0.647386 0 -0.762162 
vn -0.796093 0 -0.605174 
vn -0.907575 0 -0.419889 
vn -0.976621 0 -0.21497 
vn 0.48831 -0.845778 0.21497 
vn 0.5 -0.866025 2.44929e-16 
vn 0.453788 -0.785983 0.419889 
vn 0.48831 -0.845778 0.21497 
vn 0.398047 -0.689437 0.605174 
vn 0.453788 -0.785983 0.419889 
vn 0.323693 -0.560653 0.762162 
vn 0.398047 -0.689437 0.605174 
vn 0.234204 -0.405654 0.883512 
vn 0.323693 -0.560653 0.762162 
vn 0.133764 -0.231686 0.96355 
vn 0.234204 -0.405654 0.883512 
vn 0.0270695 -0.0468857 0.998533 
vn 0.133764 -0.231686 0.96355 
vn -0.080891 0.140107 0.986827 
vn -0.174077 0.30151 0.937437 
vn -0.185069 0.320549 0.928977 
vn -0.280594 0.486002 0.827689 
vn -0.362998 0.628731 0.687699 
vn -0.428429 0.74206 0.515554 
vn -0.473827 0.820692 0.319302 
vn -0.497069 0.860949 0.108119 
vn -0.497069 0.860949 -0.108119 
vn -0.473827 0.820692 -0.319302 
vn -0.428429 0.74206 -0.515554 
vn -0.362998 0.628731 -0.687699 
vn -0.280594 0.486002 -0.827689 
vn -0.185069 0.320549 -0.928977 
vn -0.174077 0.30151 -0.937437 
vn -0.080891 0.140107 -0.986827 
vn 0.0270695 -0.0468857 -0.998533 
vn 0.133764 -0.231686 -0.96355 
vn 0.234204 -0.405654 -0.883512 
vn 0.323693 -0.560653 -0.762162 
vn 0.398047 -0.689437 -0.605174 
vn 0.453788 -0.785983 -0.419889 
vn 0.48831 -0.845778 -0.21497 
vn -0.866025 0.5 0 
vn -0.454766 -0.787679 0.415632 
vn -0.487842 -0.844968 0.219178 
vn -0.402149 -0.696543 0.594226 
vn -0.454766 -0.787679 0.415632 
vn -0.332251 -0.575476 0.747286 
vn -0.402149 -0.696543 0.594226 
vn -0.248077 -0.429682 0.868235 
vn -0.332251 -0.575476 0.747286 
vn -0.153242 -0.265424 0.951876 
vn -0.248077 -0.429682 0.868235 
vn -0.0518231 -0.0897602 0.994614 
vn -0.153242 -0.265424 0.951876 
vn 0.0518231 0.0897602 0.994614 
vn -0.0518231 -0.0897602 0.994614 
vn 0.153242 0.265424 0.951876 
vn 0.0518231 0.0897602 0.994614 
vn 0.248077 0.429682 0.868235 
vn 0.153242 0.265424 0.951876 
vn 0.332251 0.575476 0.747286 
vn 0.248077 0.429682 0.868235 
vn 0.402149 0.696543 0.594226 
vn 0.332251 0.575476 0.747286 
vn 0.454766 0.787679 0.415632 
vn 0.402149 0.696543 0.594226 
vn 0.487842 0.844968 0.219178 
vn 0.454766 0.787679 0.415632 
vn 0.5 0.866025 0 
vn -0.5 -0.866025 0 
vn 0.866025 -0.5 0 
vn 0.48831 0.845778 0.21497 
vn 0.5 0.866025 2.44929e-16 
vn 0.453788 0.785983 0.419889 
vn 0.48831 0.845778 0.21497 
vn 0.398047 0.689437 0.605174 
vn 0.453788 0.785983 0.419889 
vn 0.323693 0.560653 0.762162 
vn 0.398047 0.689437 0.605174 
vn 0.234204 0.405654 0.883512 
vn 0.323693 0.560653 0.762162 
vn 0.133764 0.231686 0.96355 
vn 0.234204 0.405654 0.883512 
vn 0.0270695 0.0468857 0.998533 
vn 0.133764 0.231686 0.96355 
vn -0.080891 -0.140107 0.986827 
vn 0.0270695 0.0468857 0.998533 
vn -0.185069 -0.320549 0.928977 
vn -0.080891 -0.140107 0.986827 
vn -0.280594 -0.486002 0.827689 
vn -0.185069 -0.320549 0.928977 
vn -0.362998 -0.628731 0.687699 
vn -0.280594 -0.486002 0.827689 
vn -0.428429 -0.74206 0.515554 
vn -0.362998 -0.628731 0.687699 
vn -0.473827 -0.820692 0.319302 
vn -0.428429 -0.74206 0.515554 
vn -0.497069 -0.860949 0.108119 
vn -0.473827 -0.820692 0.319302 
vn -0.497069 -0.860949 -0.108119 
vn -0.497069 -0.860949 0.108119 
vn -0.473827 -0.820692 -0.319302 
vn -0.497069 -0.860949 -0.108119 
vn -0.428429 -0.74206 -0.515554 
vn -0.473827 -0.820692 -0.319302 
vn -0.362998 -0.628731 -0.687699 
vn -0.428429 -0.74206 -0.515554 
vn -0.280594 -0.486002 -0.827689 
vn -0.362998 -0.628731 -0.687699 
vn -0.185069 -0.320549 -0.928977 
vn -0.280594 -0.486002 -0.827689 
vn -0.080891 -0.140107 -0.986827 
vn -0.185069 -0.320549 -0.928977 
vn 0.0270695 0.0468857 -0.998533 
vn -0.080891 -0.140107 -0.986827 
vn 0.133764 0.231686 -0.96355 
vn 0.0270695 0.0468857 -0.998533 
vn 0.234204 0.405654 -0.883512 
vn 0.133764 0.231686 -0.96355 
vn 0.323693 0.560653 -0.762162 
vn 0.234204 0.405654 -0.883512 
vn 0.398047 0.689437 -0.605174 
vn 0.323693 0.560653 -0.762162 
vn 0.453788 0.785983 -0.419889 
vn 0.398047 0.689437 -0.605174 
vn 0.48831 0.845778 -0.21497 
vn 0.453788 0.785983 -0.419889 
vn -0.866025 0.5 0 
vn 0.5 0.866025 0 
vn -0.5 -0.866025 0 
vn 0 -1 0 
vn 0.909533 0 0.415632 
vn 0.975685 0 0.219178 
vn 0.804298 0 0.594226 
vn 0.909533 0 0.415632 
vn 0.664503 0 0.747286 
vn 0.804298 0 0.594226 
vn 0.496154 0 0.868235 
vn 0.664503 0 0.747286 
vn 0.306485 0 0.951876 
vn 0.496154 0 0.868235 
vn 0.103646 0 0.994614 
vn 0.306485 0 0.951876 
vn -0.103646 0 0.994614 
vn 0.103646 0 0.994614 
vn -0.306485 0 0.951876 
vn -0.103646 0 0.994614 
vn -0.496154 0 0.868235 
vn -0.306485 0 0.951876 
vn -0.664503 0 0.747286 
vn -0.496154 0 0.868235 
vn -0.804298 0 0.594226 
vn -0.664503 0 0.747286 
vn -0.909533 0 0.415632 
vn -0.804298 0 0.594226 
vn -0.975685 0 0.219178 
vn -0.909533 0 0.415632 
vn 1 0 0 
vn -1 0 0 
vn 0 1 0 
vn -0.976621 1.69417e-16 0.21497 
vn -1 1.73472e-16 2.44929e-16 
vn -0.907575 1.57439e-16 0.419889 
vn -0.976621 1.69417e-16 0.21497 
vn -0.796093 1.381e-16 0.605174 
vn -0.907575 1.57439e-16 0.419889 
vn -0.647386 1.12304e-16 0.762162 
vn -0.796093 1.381e-16 0.605174 
vn -0.468408 8.12559e-17 0.883512 
vn -0.647386 1.12304e-16 0.762162 
vn -0.267528 4.64088e-17 0.96355 
vn -0.468408 8.12559e-17 0.883512 
vn -0.0541389 9.3916e-18 0.998533 
vn -0.267528 4.64088e-17 0.96355 
vn 0.161782 -2.80647e-17 0.986827 
vn 1.83697e-16 -3.18664e-32 1 
vn -0.0541389 9.3916e-18 0.998533 
vn 0.370138 -6.42087e-17 0.928977 
vn 0.161782 -2.80647e-17 0.986827 
vn 0.561187 -9.73504e-17 0.827689 
vn 0.370138 -6.42087e-17 0.928977 
vn 0.725995 -1.2594e-16 0.687699 
vn 0.561187 -9.73504e-17 0.827689 
vn 0.856857 -1.48641e-16 0.515554 
vn 0.725995 -1.2594e-16 0.687699 
vn 0.947653 -1.64392e-16 0.319302 
vn 0.856857 -1.48641e-16 0.515554 
vn 0.994138 -1.72455e-16 0.108119 
vn 0.947653 -1.64392e-16 0.319302 
vn 0.994138 -1.72455e-16 -0.108119 
vn 0.994138 -1.72455e-16 0.108119 
vn 0.947653 -1.64392e-16 -0.319302 
vn 0.994138 -1.72455e-16 -0.108119 
vn 0.856857 -1.48641e-16 -0.515554 
vn 0.947653 -1.64392e-16 -0.319302 
vn 0.725995 -1.2594e-16 -0.687699 
vn 0.856857 -1.48641e-16 -0.515554 
vn 0.561187 -9.73504e-17 -0.827689 
vn 0.725995 -1.2594e-16 -0.687699 
vn 0.370138 -6.42087e-17 -0.928977 
vn 0.561187 -9.73504e-17 -0.827689 
vn 0.161782 -2.80647e-17 -0.986827 
vn 0.370138 -6.42087e-17 -0.928977 
vn -0.0541389 9.3916e-18 -0.998533 
vn 0.161782 -2.80647e-17 -0.986827 
vn -0.267528 4.64088e-17 -0.96355 
vn -0.0541389 9.3916e-18 -0.998533 
vn -0.468408 8.12559e-17 -0.883512 
vn -0.267528 4.64088e-17 -0.96355 
vn -0.647386 1.12304e-16 -0.762162 
vn -0.468408 8.12559e-17 -0.883512 
vn -0.796093 1.381e-16 -0.605174 
vn -0.647386 1.12304e-16 -0.762162 
vn -0.907575 1.57439e-16 -0.419889 
vn -0.796093 1.381e-16 -0.605174 
vn -0.976621 1.69417e-16 -0.21497 
vn -0.907575 1.57439e-16 -0.419889 
vn -1.73472e-16 -1 0 
vn 1 -1.73472e-16 0 
vn -1 1.73472e-16 0 
vn 0.866025 0.5 0 
vn 0.454766 -0.787679 0.415632 
vn 0.487842 -0.844968 0.219178 
vn 0.402149 -0.696543 0.594226 
vn 0.454766 -0.787679 0.415632 
vn 0.332251 -0.575476 0.747286 
vn 0.402149 -0.696543 0.594226 
vn 0.248077 -0.429682 0.868235 
vn 0.332251 -0.575476 0.747286 
vn 0.153242 -0.265424 0.951876 
vn 0.248077 -0.429682 0.868235 
vn 0.0518231 -0.0897602 0.994614 
vn 0.153242 -0.265424 0.951876 
vn -0.0518231 0.0897602 0.994614 
vn 0.0518231 -0.0897602 0.994614 
vn -0.153242 0.265424 0.951876 
vn -0.0518231 0.0897602 0.994614 
vn -0.248077 0.429682 0.868235 
vn -0.153242 0.265424 0.951876 
vn -0.332251 0.575476 0.747286 
vn -0.248077 0.429682 0.868235 
vn -0.402149 0.696543 0.594226 
vn -0.332251 0.575476 0.747286 
vn -0.454766 0.787679 0.415632 
vn -0.402149 0.696543 0.594226 
vn -0.487842 0.844968 0.219178 
vn -0.454766 0.787679 0.415632 
vn -0.5 0.866025 0 
vn 0.5 -0.866025 0 
vn -0.866025 -0.5 0 
vn 0.48831 -0.845778 0.21497 
vn 0.5 -0.866025 2.44929e-16 
vn 0.453788 -0.785983 0.419889 
vn 0.48831 -0.845778 0.21497 
vn 0.398047 -0.689437 0.605174 
vn 0.453788 -0.785983 0.419889 
vn 0.323693 -0.560653 0.762162 
vn 0.398047 -0.689437 0.605174 
vn 0.234204 -0.405654 0.883512 
vn 0.323693 -0.560653 0.762162 
vn 0.133764 -0.231686 0.96355 
vn 0.234204 -0.405654 0.883512 
vn 0.0270695 -0.0468857 0.998533 
vn 0.133764 -0.231686 0.96355 
vn -0.080891 0.140107 0.986827 
vn 0.0270695 -0.0468857 0.998533 
vn -0.185069 0.320549 0.928977 
vn -0.080891 0.140107 0.986827 
vn -0.280594 0.486002 0.827689 
vn -0.185069 0.320549 0.928977 
vn -0.362998 0.628731 0.687699 
vn -0.280594 0.486002 0.827689 
vn -0.428429 0.74206 0.515554 
vn -0.362998 0.628731 0.687699 
vn -0.473827 0.820692 0.319302 
vn -0.428429 0.74206 0.515554 
vn -0.497069 0.860949 0.108119 
vn -0.473827 0.820692 0.319302 
vn -0.497069 0.860949 -0.108119 
vn -0.5 0.866025 -1.22465e-16 
vn -0.497069 0.860949 0.108119 
vn -0.473827 0.820692 -0.319302 
vn -0.497069 0.860949 -0.108119 
vn -0.428429 0.74206 -0.515554 
vn -0.473827 0.820692 -0.319302 
vn -0.362998 0.628731 -0.687699 
vn -0.428429 0.74206 -0.515554 
vn -0.280594 0.486002 -0.827689 
vn -0.362998 0.628731 -0.687699 
vn -0.185069 0.320549 -0.928977 
vn -0.280594 0.486002 -0.827689 
vn -0.080891 0.140107 -0.986827 
vn -0.185069 0.320549 -0.928977 
vn 0.0270695 -0.0468857 -0.998533 
vn -0.080891 0.140107 -0.986827 
vn 0.133764 -0.231686 -0.96355 
vn 0.0270695 -0.0468857 -0.998533 
vn 0.234204 -0.405654 -0.883512 
vn 0.133764 -0.231686 -0.96355 
vn 0.323693 -0.560653 -0.762162 
vn 0.234204 -0.405654 -0.883512 
vn 0.398047 -0.689437 -0.605174 
vn 0.323693 -0.560653 -0.762162 
vn 0.453788 -0.785983 -0.419889 
vn 0.398047 -0.689437 -0.605174 
vn 0.48831 -0.845778 -0.21497 
vn 0.453788 -0.785983 -0.419889 
vn 0 0 1 
vn 0.866025 0.5 0 
vn -0.5 0.866025 0 
vn 0.5 -0.866025 0 
vn -0.365791 -0.633569 0.681753 
vn -0.427564 -0.740563 0.518415 
vn -0.288675 -0.5 0.816497 
vn -0.365791 -0.633569 0.681753 
vn -0.199451 -0.34546 0.916993 
vn -0.288675 -0.5 0.816497 
vn -0.101862 -0.17643 0.979028 
vn -0.199451 -0.34546 0.916993 
vn 5.35938e-16 9.28271e-16 1 
vn -0.101862 -0.17643 0.979028 
vn 0.101862 0.17643 0.979028 
vn 5.35938e-16 9.28271e-16 1 
vn 0.199451 0.34546 0.916993 
vn 0.101862 0.17643 0.979028 
vn 0.288675 0.5 0.816497 
vn 0.199451 0.34546 0.916993 
vn 0.365791 0.633569 0.681753 
vn 0.288675 0.5 0.816497 
vn 0.427564 0.740563 0.518415 
vn 0.365791 0.633569 0.681753 
vn 0.471405 0.816497 0.333333 
vn 0.457147 0.791803 0.405049 
vn 0.427564 0.740563 0.518415 
vn 0.44289 0.767108 0.464104 
vn -0.457147 -0.791803 0.405049 
vn -0.44289 -0.767108 0.464104 
vn -0.471405 -0.816497 0.333333 
vn 0.471405 0.816497 0.333333 
vn 0.866025 -0.5 0 
vn -0.457147 0.791803 0.405049 
vn -0.428633 0.742414 0.514873 
vn -0.44289 0.767108 0.464104 
vn -0.866025 -0.5 0 
vn -0.857266 1.48712e-16 0.514873 
vn -0.914295 1.58605e-16 0.405049 
vn -0.885781 1.53595e-16 0.464104 
vn 1.73472e-16 1 0 
vn -0.365791 0.633569 0.681753 
vn -0.427564 0.740563 0.518415 
vn -0.288675 0.5 0.816497 
vn -0.365791 0.633569 0.681753 
vn -0.199451 0.34546 0.916993 
vn -0.288675 0.5 0.816497 
vn -0.101862 0.17643 0.979028 
vn -0.199451 0.34546 0.916993 
vn 5.35938e-16 -9.28271e-16 1 
vn -0.101862 0.17643 0.979028 
vn 0.101862 -0.17643 0.979028 
vn 5.35938e-16 -9.28271e-16 1 
vn 0.199451 -0.34546 0.916993 
vn 0.101862 -0.17643 0.979028 
vn 0.288675 -0.5 0.816497 
vn 0.199451 -0.34546 0.916993 
vn 0.365791 -0.633569 0.681753 
vn 0.288675 -0.5 0.816497 
vn 0.427564 -0.740563 0.518415 
vn 0.365791 -0.633569 0.681753 
vn 0.471405 -0.816497 0.333333 
vn 0.457147 -0.791803 0.405049 
vn 0.427564 -0.740563 0.518415 
vn 0.44289 -0.767108 0.464104 
vn -0.457147 0.791803 0.405049 
vn -0.44289 0.767108 0.464104 
vn -0.471405 0.816497 0.333333 
vn 0.471405 -0.816497 0.333333 
vn -0.866025 -0.5 0 
vn 0.428633 0.742414 0.514873 
vn 0.457147 0.791803 0.405049 
vn 0.44289 0.767108 0.464104 
vn 0.914295 -1.58605e-16 0.405049 
vn 0.857266 -1.48712e-16 0.514873 
vn 0.885781 -1.53595e-16 0.464104 
vn 1.73472e-16 1 0 
vn 0.866025 -0.5 0 
vn 0.731582 -1.26909e-16 0.681753 
vn 0.855129 -1.48341e-16 0.518415 
vn 0.57735 -1.00154e-16 0.816497 
vn 0.731582 -1.26909e-16 0.681753 
vn 0.398903 -6.91986e-17 0.916993 
vn 0.57735 -1.00154e-16 0.816497 
vn 0.203724 -3.53404e-17 0.979028 
vn 0.398903 -6.91986e-17 0.916993 
vn -1.83697e-16 3.18664e-32 1 
vn 0.203724 -3.53404e-17 0.979028 
vn -0.203724 3.53404e-17 0.979028 
vn -1.83697e-16 3.18664e-32 1 
vn -0.398903 6.91986e-17 0.916993 
vn -0.203724 3.53404e-17 0.979028 
vn -0.57735 1.00154e-16 0.816497 
vn -0.398903 6.91986e-17 0.916993 
vn -0.731582 1.26909e-16 0.681753 
vn -0.57735 1.00154e-16 0.816497 
vn -0.855129 1.48341e-16 0.518415 
vn -0.731582 1.26909e-16 0.681753 
vn -0.942809 1.63551e-16 0.333333 
vn -0.914295 1.4456e-16 0.405049 
vn -0.855129 1.48341e-16 0.518415 
vn -0.885781 1.4456e-16 0.464104 
vn 0.914295 -1.4456e-16 0.405049 
vn 0.885781 -1.53658e-16 0.464104 
vn 0.942809 -1.63551e-16 0.333333 
vn -0.942809 1.63551e-16 0.333333 
vn 1.53329e-15 1 0 
vn -0.457147 -0.791803 0.405049 
vn -0.428633 -0.742414 0.514873 
vn -0.44289 -0.767108 0.464104 
vn 0.428633 -0.742414 0.514873 
vn 0.457147 -0.791803 0.405049 
vn 0.44289 -0.767108 0.464104 
vn 0.866025 -0.5 0 
vn -0.866025 -0.5 0 
usemtl 0.917647_0.917647_0.917647_0.000000_0.000000
o mesh0
f 30//1 1//1 2//1 
f 2//1 3//1 30//1 
f 3//1 4//1 30//1 
f 4//1 5//1 30//1 
f 5//1 6//1 30//1 
f 6//1 7//1 30//1 
f 7//1 8//1 30//1 
f 8//1 9//1 30//1 
f 9//1 10//1 30//1 
f 10//1 11//1 30//1 
f 11//1 12//1 30//1 
f 12//1 13//1 30//1 
f 13//1 14//1 30//1 
f 14//1 15//1 30//1 
f 15//1 16//1 30//1 
f 16//1 17//1 30//1 
f 17//1 18//1 30//1 
f 18//1 19//1 30//1 
f 19//1 20//1 30//1 
f 20//1 21//1 30//1 
f 21//1 22//1 30//1 
f 22//1 23//1 30//1 
f 23//1 24//1 30//1 
f 24//1 25//1 30//1 
f 25//1 26//1 30//1 
f 26//1 27//1 30//1 
f 27//1 28//1 30//1 
f 28//1 29//1 30//1 
f 29//1 1//1 30//1 
o mesh1
f 31//2 32//3 25//3 
f 33//4 31//2 24//5 
f 34//6 33//4 23//7 
f 35//8 34//6 22//9 
f 36//10 35//8 21//11 
f 37//12 36//10 20//13 
f 38//14 39//15 10//15 
f 40//16 38//14 9//17 
f 41//18 40//16 8//19 
f 42//20 41//18 7//21 
f 43//22 42//20 6//23 
f 44//24 43//22 5//25 
f 26//26 25//3 45//27 
f 32//3 46//27 45//27 
f 45//27 25//3 32//3 
f 47//26 48//28 27//28 
f 48//28 49//29 28//29 
f 49//29 50//30 29//30 
f 50//30 51//31 1//31 
f 51//31 52//32 2//32 
f 52//32 53//33 3//33 
f 44//24 4//34 54//35 
f 3//33 53//33 54//35 
f 54//35 4//34 3//33 
f 11//36 10//15 55//37 
f 39//15 56//37 55//37 
f 55//37 10//15 39//15 
f 57//36 58//38 12//38 
f 58//38 59//39 13//39 
f 59//39 60//40 14//40 
f 60//40 61//41 15//41 
f 61//41 62//42 16//42 
f 62//42 63//43 17//43 
f 63//43 64//44 18//44 
f 37//12 19//45 65//46 
f 18//44 64//44 65//46 
f 65//46 19//45 18//44 
f 65//46 66//46 37//12 
f 18//44 17//43 63//43 
f 17//43 16//42 62//42 
f 16//42 15//41 61//41 
f 15//41 14//40 60//40 
f 14//40 13//39 59//39 
f 13//39 12//38 58//38 
f 12//38 11//36 57//36 
f 55//37 57//36 11//36 
f 54//35 67//47 44//24 
f 3//33 2//32 52//32 
f 2//32 1//31 51//31 
f 1//31 29//30 50//30 
f 29//30 28//29 49//29 
f 28//29 27//28 48//28 
f 27//28 26//26 47//26 
f 45//27 47//26 26//26 
f 5//25 4//34 44//24 
f 6//23 5//25 43//22 
f 7//21 6//23 42//20 
f 8//19 7//21 41//18 
f 9//17 8//19 40//16 
f 10//15 9//17 38//14 
f 20//13 19//45 37//12 
f 21//11 20//13 36//10 
f 22//9 21//11 35//8 
f 23//7 22//9 34//6 
f 24//5 23//7 33//4 
f 25//3 24//5 31//2 
o mesh2
f 68//48 69//48 47//48 
f 69//48 70//48 48//48 
f 70//48 71//48 49//48 
f 71//48 72//48 50//48 
f 73//48 51//48 50//48 
f 74//48 52//48 51//48 
f 75//48 53//48 52//48 
f 76//48 54//48 53//48 
f 48//48 47//48 69//48 
f 50//48 49//48 71//48 
f 51//48 73//48 74//48 
f 53//48 75//48 76//48 
f 49//48 48//48 70//48 
f 52//48 74//48 75//48 
f 50//48 72//48 73//48 
f 47//48 45//48 68//48 
o mesh3
f 77//48 78//48 61//48 
f 79//48 60//48 59//48 
f 60//48 79//48 77//48 
f 61//48 60//48 77//48 
f 78//48 80//48 62//48 
f 81//48 59//48 58//48 
f 62//48 61//48 78//48 
f 82//48 58//48 57//48 
f 59//48 81//48 79//48 
f 80//48 83//48 63//48 
f 57//48 84//48 82//48 
f 63//48 62//48 80//48 
f 83//48 85//48 64//48 
f 58//48 82//48 81//48 
f 85//48 65//48 64//48 
f 64//48 63//48 83//48 
f 57//48 55//48 84//48 
o mesh4
f 86//49 67//49 87//49 
f 54//49 76//49 87//49 
f 87//49 67//49 54//49 
f 87//49 88//49 86//49 
o mesh5
f 89//50 86//51 88//51 
f 90//52 89//50 91//53 
f 92//54 90//52 93//55 
f 93//55 94//54 92//54 
f 91//53 93//55 90//52 
f 88//51 91//53 89//50 
o mesh6
f 94//56 93//56 95//56 
f 93//56 91//56 96//56 
f 96//56 95//56 93//56 
f 87//56 96//56 91//56 
f 91//56 88//56 87//56 
f 95//56 97//56 94//56 
o mesh7
f 98//57 99//57 97//57 
f 92//57 94//57 97//57 
f 97//57 99//57 92//57 
f 97//57 100//57 98//57 
o mesh8
f 68//58 45//58 101//58 
f 46//58 102//58 101//58 
f 101//58 45//58 46//58 
f 101//58 103//58 68//58 
o mesh9
f 69//59 68//60 103//60 
f 70//61 69//59 104//62 
f 71//63 70//61 105//64 
f 106//65 107//64 105//64 
f 105//64 70//61 106//65 
f 72//66 71//63 108//67 
f 73//68 72//66 109//69 
f 95//70 74//70 100//71 
f 73//68 110//72 100//71 
f 100//71 74//70 73//68 
f 75//73 74//70 95//70 
f 76//74 75//73 96//73 
f 96//73 87//74 76//74 
f 95//70 96//73 75//73 
f 100//71 97//75 95//70 
f 109//69 110//72 73//68 
f 108//67 109//69 72//66 
f 105//64 108//67 71//63 
f 104//62 106//65 70//61 
f 103//60 104//62 69//59 
o mesh10
f 111//76 112//77 113//77 
f 98//78 111//76 114//79 
f 115//80 113//77 116//81 
f 112//77 117//81 116//81 
f 116//81 113//77 112//77 
f 118//80 119//82 120//82 
f 119//82 101//83 102//83 
f 102//83 120//82 119//82 
f 120//82 115//80 118//80 
f 116//81 118//80 115//80 
f 114//79 99//84 98//78 
f 113//77 114//79 111//76 
o mesh11
f 121//85 112//85 108//85 
f 110//85 109//85 111//85 
f 109//85 108//85 112//85 
f 108//85 105//85 121//85 
f 98//85 100//85 110//85 
f 121//85 117//85 112//85 
f 112//85 111//85 109//85 
f 111//85 98//85 110//85 
o mesh12
f 122//85 104//85 118//85 
f 104//85 119//85 118//85 
f 104//85 103//85 101//85 
f 122//85 107//85 106//85 
f 101//85 119//85 104//85 
f 118//85 116//85 122//85 
f 106//85 104//85 122//85 
o mesh13
f 122//86 116//86 117//86 
f 117//86 121//86 122//86 
o mesh14
f 122//87 121//87 105//87 
f 105//87 107//87 122//87 
o mesh15
f 123//88 66//88 124//88 
f 65//88 85//88 124//88 
f 124//88 66//88 65//88 
f 124//88 125//88 123//88 
o mesh16
f 126//89 123//90 125//90 
f 127//91 126//89 128//92 
f 129//93 127//91 130//94 
f 130//94 131//93 129//93 
f 128//92 130//94 127//91 
f 125//90 128//92 126//89 
o mesh17
f 131//95 130//95 132//95 
f 130//95 128//95 133//95 
f 133//95 132//95 130//95 
f 124//95 133//95 128//95 
f 128//95 125//95 124//95 
f 132//95 134//95 131//95 
o mesh18
f 135//96 136//96 134//96 
f 129//96 131//96 134//96 
f 134//96 136//96 129//96 
f 134//96 137//96 135//96 
o mesh19
f 84//97 55//97 138//97 
f 56//97 139//97 138//97 
f 138//97 55//97 56//97 
f 138//97 140//97 84//97 
o mesh20
f 82//98 84//99 140//99 
f 81//100 82//98 141//101 
f 79//102 81//100 142//103 
f 143//104 144//103 142//103 
f 142//103 81//100 143//104 
f 77//105 79//102 145//106 
f 78//107 77//105 146//108 
f 132//109 80//109 137//110 
f 78//107 147//111 137//110 
f 137//110 80//109 78//107 
f 83//112 80//109 132//109 
f 85//113 83//112 133//112 
f 133//112 124//113 85//113 
f 132//109 133//112 83//112 
f 137//110 134//114 132//109 
f 146//108 147//111 78//107 
f 145//106 146//108 77//105 
f 142//103 145//106 79//102 
f 141//101 143//104 81//100 
f 140//99 141//101 82//98 
o mesh21
f 148//115 149//116 150//116 
f 135//117 148//115 151//118 
f 152//119 150//116 153//120 
f 149//116 154//120 153//120 
f 153//120 150//116 149//116 
f 155//119 156//121 157//121 
f 156//121 138//122 139//122 
f 139//122 157//121 156//121 
f 157//121 152//119 155//119 
f 153//120 155//119 152//119 
f 151//118 136//123 135//117 
f 150//116 151//118 148//115 
o mesh22
f 158//124 149//124 145//124 
f 147//124 146//124 148//124 
f 146//124 145//124 149//124 
f 145//124 142//124 158//124 
f 135//124 137//124 147//124 
f 158//124 154//124 149//124 
f 149//124 148//124 146//124 
f 148//124 135//124 147//124 
o mesh23
f 159//124 141//124 155//124 
f 141//124 156//124 155//124 
f 141//124 140//124 138//124 
f 159//124 144//124 143//124 
f 138//124 156//124 141//124 
f 155//124 153//124 159//124 
f 143//124 141//124 159//124 
o mesh24
f 159//125 153//125 154//125 
f 154//125 158//125 159//125 
o mesh25
f 159//126 158//126 142//126 
f 142//126 144//126 159//126 
o mesh26
f 160//127 34//127 35//127 
f 160//127 161//127 34//127 
f 161//127 102//127 33//127 
f 123//127 36//127 37//127 
f 162//127 40//127 41//127 
f 160//127 123//127 126//127 
f 102//127 46//127 32//127 
f 33//127 34//127 161//127 
f 123//127 35//127 36//127 
f 139//127 56//127 39//127 
f 41//127 163//127 162//127 
f 86//127 43//127 44//127 
f 162//127 152//127 157//127 
f 129//127 151//127 150//127 
f 126//127 127//127 160//127 
f 32//127 31//127 102//127 
f 37//127 66//127 123//127 
f 92//127 99//127 114//127 
f 39//127 38//127 139//127 
f 162//127 139//127 40//127 
f 86//127 42//127 43//127 
f 162//127 150//127 152//127 
f 129//127 136//127 151//127 
f 127//127 129//127 160//127 
f 35//127 123//127 160//127 
f 114//127 161//127 92//127 
f 163//127 90//127 92//127 
f 163//127 86//127 89//127 
f 41//127 86//127 163//127 
f 86//127 41//127 42//127 
f 150//127 162//127 129//127 
f 31//127 33//127 102//127 
f 161//127 115//127 120//127 
f 114//127 113//127 161//127 
f 89//127 90//127 163//127 
f 44//127 67//127 86//127 
f 129//127 162//127 160//127 
f 113//127 115//127 161//127 
f 38//127 40//127 139//127 
f 120//127 102//127 161//127 
f 157//127 139//127 162//127 
f 92//127 161//127 163//127 
o mesh27
f 164//128 165//129 166//130 
f 166//130 167//131 164//128 
f 167//131 168//132 164//128 
f 169//133 170//134 171//134 
f 165//129 164//128 172//135 
f 172//135 169//133 165//129 
f 171//134 165//129 169//133 
f 173//136 174//137 164//128 
f 173//136 162//138 174//137 
f 164//128 175//139 173//136 
f 173//136 160//138 162//138 
f 168//132 175//139 164//128 
o mesh28
f 171//140 176//140 177//140 
f 171//140 178//140 176//140 
f 171//140 179//140 180//140 
f 177//140 181//140 171//140 
f 181//140 179//140 171//140 
f 171//140 182//140 178//140 
f 171//140 183//140 182//140 
f 171//140 170//140 184//140 
f 184//140 183//140 171//140 
f 180//140 185//140 171//140 
o mesh29
f 186//141 187//142 188//143 
f 186//141 161//144 187//142 
f 188//143 189//143 186//141 
f 190//145 191//146 192//147 
f 190//145 193//148 194//148 
f 194//148 191//146 190//145 
f 189//143 195//149 196//150 
f 196//150 190//145 189//143 
f 188//143 197//151 198//152 
f 188//143 199//153 200//154 
f 188//143 201//155 202//156 
f 201//155 188//143 203//157 
f 204//158 203//157 205//159 
f 205//159 206//160 204//158 
f 203//157 204//158 201//155 
f 202//156 199//153 188//143 
f 200//154 197//151 188//143 
f 198//152 189//143 188//143 
f 198//152 207//161 189//143 
f 207//161 195//149 189//143 
f 192//147 189//143 190//145 
f 186//141 163//162 161//144 
o mesh30
f 208//163 209//163 210//163 
f 211//163 208//163 212//163 
f 208//163 213//163 209//163 
f 208//163 214//163 215//163 
f 212//163 216//163 211//163 
f 215//163 213//163 208//163 
f 216//163 217//163 211//163 
f 218//163 211//163 219//163 
f 210//163 212//163 208//163 
f 219//163 194//163 218//163 
f 217//163 219//163 211//163 
f 194//163 193//163 218//163 
f 214//163 220//163 215//163 
o mesh31
f 264//164 221//165 222//166 
f 221//165 223//167 222//166 
f 224//168 221//165 264//164 
f 225//169 224//168 265//170 
f 226//171 225//169 266//172 
f 227//173 226//171 267//174 
f 228//175 227//173 268//176 
f 229//177 228//175 269//178 
f 230//179 229//177 270//180 
f 193//181 230//179 271//182 
f 272//183 264//164 231//184 
f 264//164 232//185 231//184 
f 265//170 264//164 272//183 
f 266//172 265//170 273//186 
f 267//174 266//172 274//187 
f 268//176 267//174 275//188 
f 269//178 268//176 276//189 
f 270//180 269//178 277//190 
f 271//182 270//180 278//191 
f 218//192 271//182 279//193 
f 280//194 272//183 233//195 
f 272//183 234//196 233//195 
f 273//186 272//183 280//194 
f 274//187 273//186 281//197 
f 275//188 274//187 282//198 
f 276//189 275//188 283//199 
f 277//190 276//189 284//200 
f 278//191 277//190 285//201 
f 279//193 278//191 286//202 
f 211//203 279//193 287//204 
f 288//205 280//194 235//206 
f 235//206 236//207 288//205 
f 280//194 237//208 235//206 
f 281//197 280//194 288//205 
f 282//198 281//197 289//209 
f 283//199 282//198 290//210 
f 284//200 283//199 291//211 
f 285//201 284//200 292//212 
f 286//202 285//201 293//213 
f 287//204 286//202 294//214 
f 208//215 287//204 295//216 
f 288//205 238//217 239//218 
f 238//217 240//219 239//218 
f 239//218 241//220 288//205 
f 288//205 242//221 243//222 
f 243//222 289//209 288//205 
f 243//222 244//223 289//209 
f 289//209 245//224 246//225 
f 246//225 290//210 289//209 
f 246//225 247//226 290//210 
f 290//210 248//227 249//228 
f 249//228 291//211 290//210 
f 249//228 250//229 291//211 
f 292//212 291//211 251//230 
f 251//230 252//231 292//212 
f 292//212 253//232 254//233 
f 254//233 293//213 292//212 
f 254//233 255//234 293//213 
f 294//214 256//235 257//236 
f 294//214 293//213 258//237 
f 258//237 256//235 294//214 
f 295//216 294//214 259//238 
f 294//214 260//239 261//240 
f 261//240 259//238 294//214 
f 214//241 295//216 262//242 
f 295//216 263//243 262//242 
f 262//242 220//244 214//241 
f 259//238 263//243 295//216 
f 257//236 260//239 294//214 
f 255//234 258//237 293//213 
f 252//231 253//232 292//212 
f 250//229 251//230 291//211 
f 247//226 248//227 290//210 
f 244//223 245//224 289//209 
f 241//220 242//221 288//205 
f 295//216 214//241 208//215 
f 294//214 295//216 287//204 
f 293//213 294//214 286//202 
f 292//212 293//213 285//201 
f 291//211 292//212 284//200 
f 290//210 291//211 283//199 
f 289//209 290//210 282//198 
f 288//205 289//209 281//197 
f 236//207 238//217 288//205 
f 287//204 208//215 211//203 
f 286//202 287//204 279//193 
f 285//201 286//202 278//191 
f 284//200 285//201 277//190 
f 283//199 284//200 276//189 
f 282//198 283//199 275//188 
f 281//197 282//198 274//187 
f 280//194 281//197 273//186 
f 233//195 237//208 280//194 
f 279//193 211//203 218//192 
f 278//191 279//193 271//182 
f 277//190 278//191 270//180 
f 276//189 277//190 269//178 
f 275//188 276//189 268//176 
f 274//187 275//188 267//174 
f 273//186 274//187 266//172 
f 272//183 273//186 265//170 
f 231//184 234//196 272//183 
f 271//182 218//192 193//181 
f 270//180 271//182 230//179 
f 269//178 270//180 229//177 
f 268//176 269//178 228//175 
f 267//174 268//176 227//173 
f 266//172 267//174 226//171 
f 265//170 266//172 225//169 
f 264//164 265//170 224//168 
f 222//166 232//185 264//164 
o mesh32
f 190//245 342//246 230//247 
f 342//246 343//248 229//249 
f 343//248 344//250 228//251 
f 344//250 345//252 227//253 
f 345//252 346//254 226//255 
f 346//254 347//256 225//257 
f 347//256 348//258 224//259 
f 348//258 349//260 221//261 
f 221//261 349//260 296//262 
f 349//260 297//263 296//262 
f 196//264 350//265 342//246 
f 343//248 342//246 350//265 
f 344//250 343//248 351//266 
f 345//252 344//250 352//267 
f 346//254 345//252 353//268 
f 347//256 346//254 354//269 
f 348//258 347//256 355//270 
f 349//260 348//258 356//271 
f 297//263 349//260 357//272 
f 195//273 358//274 350//265 
f 351//266 350//265 358//274 
f 352//267 351//266 359//275 
f 353//268 352//267 360//276 
f 354//269 353//268 361//277 
f 355//270 354//269 362//278 
f 356//271 355//270 363//279 
f 357//272 356//271 364//280 
f 365//281 298//282 299//283 
f 299//283 357//272 365//281 
f 207//284 366//285 358//274 
f 359//275 358//274 366//285 
f 360//276 359//275 367//286 
f 361//277 360//276 368//287 
f 362//278 361//277 369//288 
f 363//279 362//278 370//289 
f 364//280 363//279 371//290 
f 365//281 364//280 372//291 
f 373//292 300//293 301//294 
f 301//294 365//281 373//292 
f 198//295 374//296 366//285 
f 367//286 366//285 374//296 
f 368//287 367//286 375//297 
f 369//288 368//287 376//298 
f 370//289 369//288 377//299 
f 371//290 370//289 378//300 
f 372//291 371//290 379//301 
f 373//292 372//291 380//302 
f 373//292 381//303 302//304 
f 381//303 303//305 302//304 
f 197//306 382//307 374//296 
f 375//297 374//296 382//307 
f 376//298 375//297 383//308 
f 377//299 376//298 384//309 
f 378//300 377//299 385//310 
f 379//301 378//300 386//311 
f 380//302 379//301 387//312 
f 381//303 380//302 388//313 
f 303//305 381//303 389//314 
f 197//306 200//315 390//316 
f 383//308 382//307 390//316 
f 384//309 383//308 391//317 
f 385//310 384//309 392//318 
f 386//311 385//310 393//319 
f 387//312 386//311 394//320 
f 388//313 387//312 395//321 
f 389//314 388//313 396//322 
f 397//323 304//324 305//325 
f 305//325 389//314 397//323 
f 200//315 199//326 398//327 
f 391//317 390//316 398//327 
f 392//318 391//317 399//328 
f 393//319 392//318 400//329 
f 394//320 393//319 401//330 
f 395//321 394//320 402//331 
f 396//322 395//321 403//332 
f 397//323 396//322 404//333 
f 405//334 306//335 307//336 
f 307//336 397//323 405//334 
f 199//326 202//337 406//338 
f 399//328 398//327 406//338 
f 400//329 399//328 407//339 
f 401//330 400//329 408//340 
f 402//331 401//330 409//341 
f 403//332 402//331 410//342 
f 404//333 403//332 411//343 
f 405//334 404//333 412//344 
f 405//334 413//345 308//346 
f 413//345 309//347 308//346 
f 202//337 201//348 414//349 
f 407//339 406//338 414//349 
f 408//340 407//339 415//350 
f 409//341 408//340 416//351 
f 410//342 409//341 417//352 
f 411//343 410//342 418//353 
f 412//344 411//343 419//354 
f 413//345 412//344 420//355 
f 310//356 309//347 413//345 
f 201//348 204//357 421//358 
f 415//350 414//349 421//358 
f 416//351 415//350 422//359 
f 417//352 416//351 423//360 
f 418//353 417//352 424//361 
f 419//354 418//353 425//362 
f 420//355 419//354 426//363 
f 427//364 420//355 428//365 
f 429//366 311//367 312//368 
f 312//368 427//364 429//366 
f 422//359 421//358 430//369 
f 423//360 422//359 431//370 
f 424//361 423//360 432//371 
f 425//362 424//361 433//372 
f 426//363 425//362 434//373 
f 204//357 313//374 430//369 
f 204//357 206//375 313//374 
f 430//369 313//374 314//376 
f 431//370 315//377 316//378 
f 430//369 317//379 315//377 
f 315//377 431//370 430//369 
f 432//371 431//370 318//380 
f 431//370 319//381 320//382 
f 320//382 318//380 431//370 
f 432//371 321//383 322//384 
f 322//384 433//372 432//371 
f 433//372 323//385 324//386 
f 433//372 325//387 323//385 
f 435//388 434//373 326//389 
f 434//373 324//386 326//389 
f 435//388 327//390 328//391 
f 435//388 329//392 327//390 
f 426//363 330//393 331//394 
f 426//363 435//388 330//393 
f 428//365 332//395 333//396 
f 428//365 331//394 334//397 
f 334//397 332//395 428//365 
f 335//398 336//399 337//400 
f 429//366 338//401 339//402 
f 339//402 335//398 429//366 
f 337//400 429//366 335//398 
f 429//366 333//396 338//401 
f 337//400 311//367 429//366 
f 333//396 429//366 428//365 
f 331//394 428//365 426//363 
f 328//391 330//393 435//388 
f 326//389 329//392 435//388 
f 324//386 434//373 433//372 
f 322//384 325//387 433//372 
f 318//380 321//383 432//371 
f 316//378 319//381 431//370 
f 314//376 317//379 430//369 
f 430//369 421//358 204//357 
f 434//373 435//388 426//363 
f 433//372 434//373 425//362 
f 432//371 433//372 424//361 
f 431//370 432//371 423//360 
f 430//369 431//370 422//359 
f 312//368 310//356 427//364 
f 428//365 429//366 427//364 
f 426//363 428//365 420//355 
f 425//362 426//363 419//354 
f 424//361 425//362 418//353 
f 423//360 424//361 417//352 
f 422//359 423//360 416//351 
f 421//358 422//359 415//350 
f 421//358 414//349 201//348 
f 413//345 427//364 310//356 
f 420//355 427//364 413//345 
f 419//354 420//355 412//344 
f 418//353 419//354 411//343 
f 417//352 418//353 410//342 
f 416//351 417//352 409//341 
f 415//350 416//351 408//340 
f 414//349 415//350 407//339 
f 414//349 406//338 202//337 
f 308//346 306//335 405//334 
f 412//344 413//345 405//334 
f 411//343 412//344 404//333 
f 410//342 411//343 403//332 
f 409//341 410//342 402//331 
f 408//340 409//341 401//330 
f 407//339 408//340 400//329 
f 406//338 407//339 399//328 
f 406//338 398//327 199//326 
f 307//336 304//324 397//323 
f 404//333 405//334 397//323 
f 403//332 404//333 396//322 
f 402//331 403//332 395//321 
f 401//330 402//331 394//320 
f 400//329 401//330 393//319 
f 399//328 400//329 392//318 
f 398//327 399//328 391//317 
f 398//327 390//316 200//315 
f 305//325 340//403 389//314 
f 396//322 397//323 389//314 
f 395//321 396//322 388//313 
f 394//320 395//321 387//312 
f 393//319 394//320 386//311 
f 392//318 393//319 385//310 
f 391//317 392//318 384//309 
f 390//316 391//317 383//308 
f 390//316 382//307 197//306 
f 389//314 340//403 303//305 
f 388//313 389//314 381//303 
f 387//312 388//313 380//302 
f 386//311 387//312 379//301 
f 385//310 386//311 378//300 
f 384//309 385//310 377//299 
f 383//308 384//309 376//298 
f 382//307 383//308 375//297 
f 374//296 198//295 197//306 
f 302//304 300//293 373//292 
f 380//302 381//303 373//292 
f 379//301 380//302 372//291 
f 378//300 379//301 371//290 
f 377//299 378//300 370//289 
f 376//298 377//299 369//288 
f 375//297 376//298 368//287 
f 374//296 375//297 367//286 
f 366//285 207//284 198//295 
f 301//294 298//282 365//281 
f 372//291 373//292 365//281 
f 371//290 372//291 364//280 
f 370//289 371//290 363//279 
f 369//288 370//289 362//278 
f 368//287 369//288 361//277 
f 367//286 368//287 360//276 
f 366//285 367//286 359//275 
f 358//274 195//273 207//284 
f 299//283 341//404 357//272 
f 364//280 365//281 357//272 
f 363//279 364//280 356//271 
f 362//278 363//279 355//270 
f 361//277 362//278 354//269 
f 360//276 361//277 353//268 
f 359//275 360//276 352//267 
f 358//274 359//275 351//266 
f 350//265 196//264 195//273 
f 357//272 341//404 297//263 
f 356//271 357//272 349//260 
f 355//270 356//271 348//258 
f 354//269 355//270 347//256 
f 353//268 354//269 346//254 
f 352//267 353//268 345//252 
f 351//266 352//267 344//250 
f 350//265 351//266 343//248 
f 342//246 190//245 196//264 
f 296//262 223//405 221//261 
f 221//261 224//259 348//258 
f 224//259 225//257 347//256 
f 225//257 226//255 346//254 
f 226//255 227//253 345//252 
f 227//253 228//251 344//250 
f 228//251 229//249 343//248 
f 229//249 230//247 342//246 
f 230//247 193//406 190//245 
o mesh33
f 511//407 436//408 437//409 
f 437//409 512//410 511//407 
f 513//411 511//407 512//410 
f 514//412 513//411 515//413 
f 516//414 514//412 517//415 
f 518//416 516//414 519//417 
f 520//418 518//416 521//419 
f 522//420 520//418 523//421 
f 524//422 512//410 438//423 
f 515//413 512//410 524//422 
f 517//415 515//413 525//424 
f 519//417 517//415 526//425 
f 521//419 519//417 527//426 
f 523//421 521//419 528//427 
f 529//428 523//421 530//429 
f 531//430 524//422 439//431 
f 524//422 440//432 439//431 
f 525//424 524//422 531//430 
f 526//425 525//424 532//433 
f 527//426 526//425 533//434 
f 528//427 527//426 534//435 
f 530//429 528//427 535//436 
f 536//437 530//429 537//438 
f 538//439 531//430 441//440 
f 531//430 442//441 441//440 
f 532//433 531//430 538//439 
f 533//434 532//433 539//442 
f 534//435 533//434 540//443 
f 535//436 534//435 541//444 
f 537//438 535//436 542//445 
f 543//446 537//438 544//447 
f 538//439 443//448 444//449 
f 444//449 545//450 538//439 
f 539//442 538//439 545//450 
f 540//443 539//442 546//451 
f 541//444 540//443 547//452 
f 542//445 541//444 548//453 
f 544//447 542//445 549//454 
f 550//455 544//447 551//456 
f 552//457 545//450 445//458 
f 546//451 545//450 552//457 
f 547//452 546//451 553//459 
f 548//453 547//452 554//460 
f 549//454 548//453 555//461 
f 551//456 549//454 556//462 
f 557//463 551//456 558//464 
f 559//465 552//457 446//466 
f 552//457 447//467 446//466 
f 553//459 552//457 559//465 
f 554//460 553//459 560//468 
f 555//461 554//460 561//469 
f 556//462 555//461 562//470 
f 558//464 556//462 563//471 
f 564//472 558//464 565//473 
f 566//474 559//465 448//475 
f 559//465 449//476 448//475 
f 560//468 559//465 566//474 
f 561//469 560//468 567//477 
f 562//470 561//469 568//478 
f 563//471 562//470 569//479 
f 565//473 563//471 570//480 
f 571//481 565//473 572//482 
f 573//483 566//474 450//484 
f 566//474 451//485 450//484 
f 567//477 566//474 573//483 
f 568//478 567//477 574//486 
f 569//479 568//478 575//487 
f 570//480 569//479 576//488 
f 572//482 570//480 577//489 
f 578//490 572//482 579//491 
f 580//492 573//483 452//493 
f 573//483 453//494 452//493 
f 574//486 573//483 580//492 
f 575//487 574//486 581//495 
f 576//488 575//487 582//496 
f 577//489 576//488 583//497 
f 579//491 577//489 584//498 
f 585//499 579//491 586//500 
f 580//492 454//501 455//502 
f 455//502 587//503 580//492 
f 581//495 580//492 587//503 
f 582//496 581//495 588//504 
f 583//497 582//496 589//505 
f 584//498 583//497 590//506 
f 586//500 584//498 591//507 
f 592//508 586//500 593//509 
f 587//503 456//510 457//511 
f 457//511 594//512 587//503 
f 588//504 587//503 594//512 
f 589//505 588//504 595//513 
f 590//506 589//505 596//514 
f 591//507 590//506 597//515 
f 593//509 591//507 598//516 
f 599//517 593//509 600//518 
f 458//519 459//520 601//521 
f 595//513 594//512 601//521 
f 596//514 595//513 602//522 
f 597//515 596//514 603//523 
f 598//516 597//515 604//524 
f 600//518 598//516 605//525 
f 606//526 600//518 607//527 
f 608//528 601//521 460//529 
f 601//521 459//520 460//529 
f 602//522 601//521 608//528 
f 603//523 602//522 609//530 
f 604//524 603//523 610//531 
f 605//525 604//524 611//532 
f 607//527 605//525 612//533 
f 613//534 607//527 614//535 
f 615//536 608//528 461//537 
f 608//528 462//538 461//537 
f 609//530 608//528 615//536 
f 610//531 609//530 616//539 
f 611//532 610//531 617//540 
f 612//533 611//532 618//541 
f 614//535 612//533 619//542 
f 620//543 614//535 621//544 
f 615//536 463//545 464//546 
f 464//546 622//547 615//536 
f 616//539 615//536 622//547 
f 617//540 616//539 623//548 
f 618//541 617//540 624//549 
f 619//542 618//541 625//550 
f 621//544 619//542 626//551 
f 627//552 621//544 628//553 
f 465//554 629//555 622//547 
f 623//548 622//547 629//555 
f 624//549 623//548 630//556 
f 625//550 624//549 631//557 
f 626//551 625//550 632//558 
f 628//553 626//551 633//559 
f 634//560 628//553 635//561 
f 636//562 629//555 466//563 
f 629//555 465//554 466//563 
f 630//556 629//555 636//562 
f 631//557 630//556 637//564 
f 632//558 631//557 638//565 
f 633//559 632//558 639//566 
f 635//561 633//559 640//567 
f 641//568 635//561 642//569 
f 643//570 636//562 467//571 
f 636//562 468//572 467//571 
f 637//564 636//562 643//570 
f 638//565 637//564 644//573 
f 639//566 638//565 645//574 
f 640//567 639//566 646//575 
f 642//569 640//567 647//576 
f 648//577 642//569 649//578 
f 643//570 469//579 336//580 
f 336//580 335//581 643//570 
f 335//581 339//582 643//570 
f 644//573 643//570 338//583 
f 338//583 333//584 644//573 
f 645//574 330//585 328//586 
f 645//574 331//587 330//585 
f 645//574 644//573 332//588 
f 332//588 334//589 645//574 
f 334//589 331//587 645//574 
f 646//575 645//574 327//590 
f 327//590 329//591 646//575 
f 647//576 646//575 326//592 
f 326//592 324//593 647//576 
f 649//578 325//594 322//595 
f 649//578 647//576 323//596 
f 323//596 325//594 649//578 
f 650//597 649//578 321//598 
f 470//599 650//597 318//600 
f 318//600 320//601 470//599 
f 320//601 319//602 470//599 
f 471//603 472//604 648//577 
f 650//597 470//599 471//603 
f 641//568 648//577 472//604 
f 634//560 641//568 473//605 
f 641//568 474//606 473//605 
f 627//552 634//560 475//607 
f 634//560 476//608 475//607 
f 620//543 627//552 477//609 
f 627//552 478//610 477//609 
f 613//534 620//543 479//611 
f 620//543 480//612 479//611 
f 606//526 613//534 481//613 
f 613//534 482//614 481//613 
f 483//615 599//517 606//526 
f 606//526 484//616 483//615 
f 592//508 599//517 485//617 
f 599//517 486//618 485//617 
f 592//508 487//619 488//620 
f 488//620 585//499 592//508 
f 592//508 489//621 487//619 
f 578//490 585//499 490//622 
f 585//499 491//623 490//622 
f 578//490 492//624 493//625 
f 493//625 571//481 578//490 
f 564//472 571//481 494//626 
f 571//481 495//627 494//626 
f 557//463 564//472 496//628 
f 564//472 497//629 496//628 
f 550//455 557//463 498//630 
f 557//463 499//631 498//630 
f 550//455 500//632 501//633 
f 501//633 543//446 550//455 
f 536//437 543//446 502//634 
f 543//446 503//635 502//634 
f 529//428 504//636 505//637 
f 536//437 506//638 504//636 
f 504//636 529//428 536//437 
f 529//428 507//639 508//640 
f 508//640 522//420 529//428 
f 509//641 257//642 256//643 
f 509//641 260//644 257//642 
f 509//641 261//645 260//644 
f 522//420 258//646 255//647 
f 522//420 256//643 258//646 
f 520//418 253//648 252//649 
f 520//418 255//647 254//650 
f 254//650 253//648 520//418 
f 518//416 251//651 250//652 
f 518//416 252//649 251//651 
f 516//414 248//653 247//654 
f 516//414 250//652 249//655 
f 249//655 248//653 516//414 
f 514//412 245//656 244//657 
f 514//412 247//654 246//658 
f 246//658 245//656 514//412 
f 511//407 513//411 242//659 
f 513//411 244//657 243//660 
f 243//660 242//659 513//411 
f 511//407 241//661 239//662 
f 239//662 436//408 511//407 
f 239//662 240//663 436//408 
f 242//659 241//661 511//407 
f 244//657 513//411 514//412 
f 247//654 514//412 516//414 
f 250//652 516//414 518//416 
f 252//649 518//416 520//418 
f 255//647 520//418 522//420 
f 256//643 522//420 509//641 
f 508//640 509//641 522//420 
f 505//637 507//639 529//428 
f 502//634 506//638 536//437 
f 501//633 503//635 543//446 
f 498//630 500//632 550//455 
f 496//628 499//631 557//463 
f 494//626 497//629 564//472 
f 493//625 495//627 571//481 
f 490//622 492//624 578//490 
f 488//620 491//623 585//499 
f 485//617 489//621 592//508 
f 483//615 486//618 599//517 
f 481//613 484//616 606//526 
f 479//611 482//614 613//534 
f 477//609 480//612 620//543 
f 475//607 478//610 627//552 
f 473//605 476//608 634//560 
f 472//604 474//606 641//568 
f 648//577 650//597 471//603 
f 319//602 316//664 470//599 
f 321//598 318//600 650//597 
f 322//595 321//598 649//578 
f 324//593 323//596 647//576 
f 329//591 326//592 646//575 
f 328//586 327//590 645//574 
f 333//584 332//588 644//573 
f 339//582 338//583 643//570 
f 649//578 650//597 648//577 
f 647//576 649//578 642//569 
f 646//575 647//576 640//567 
f 645//574 646//575 639//566 
f 644//573 645//574 638//565 
f 643//570 644//573 637//564 
f 467//571 469//579 643//570 
f 642//569 648//577 641//568 
f 640//567 642//569 635//561 
f 639//566 640//567 633//559 
f 638//565 639//566 632//558 
f 637//564 638//565 631//557 
f 636//562 637//564 630//556 
f 466//563 468//572 636//562 
f 635//561 641//568 634//560 
f 633//559 635//561 628//553 
f 632//558 633//559 626//551 
f 631//557 632//558 625//550 
f 630//556 631//557 624//549 
f 629//555 630//556 623//548 
f 622//547 510//665 465//554 
f 628//553 634//560 627//552 
f 626//551 628//553 621//544 
f 625//550 626//551 619//542 
f 624//549 625//550 618//541 
f 623//548 624//549 617//540 
f 622//547 623//548 616//539 
f 464//546 510//665 622//547 
f 621//544 627//552 620//543 
f 619//542 621//544 614//535 
f 618//541 619//542 612//533 
f 617//540 618//541 611//532 
f 616//539 617//540 610//531 
f 615//536 616//539 609//530 
f 461//537 463//545 615//536 
f 614//535 620//543 613//534 
f 612//533 614//535 607//527 
f 611//532 612//533 605//525 
f 610//531 611//532 604//524 
f 609//530 610//531 603//523 
f 608//528 609//530 602//522 
f 460//529 462//538 608//528 
f 607//527 613//534 606//526 
f 605//525 607//527 600//518 
f 604//524 605//525 598//516 
f 603//523 604//524 597//515 
f 602//522 603//523 596//514 
f 601//521 602//522 595//513 
f 601//521 594//512 458//519 
f 600//518 606//526 599//517 
f 598//516 600//518 593//509 
f 597//515 598//516 591//507 
f 596//514 597//515 590//506 
f 595//513 596//514 589//505 
f 594//512 595//513 588//504 
f 457//511 458//519 594//512 
f 593//509 599//517 592//508 
f 591//507 593//509 586//500 
f 590//506 591//507 584//498 
f 589//505 590//506 583//497 
f 588//504 589//505 582//496 
f 587//503 588//504 581//495 
f 455//502 456//510 587//503 
f 586//500 592//508 585//499 
f 584//498 586//500 579//491 
f 583//497 584//498 577//489 
f 582//496 583//497 576//488 
f 581//495 582//496 575//487 
f 580//492 581//495 574//486 
f 452//493 454//501 580//492 
f 579//491 585//499 578//490 
f 577//489 579//491 572//482 
f 576//488 577//489 570//480 
f 575//487 576//488 569//479 
f 574//486 575//487 568//478 
f 573//483 574//486 567//477 
f 450//484 453//494 573//483 
f 572//482 578//490 571//481 
f 570//480 572//482 565//473 
f 569//479 570//480 563//471 
f 568//478 569//479 562//470 
f 567//477 568//478 561//469 
f 566//474 567//477 560//468 
f 448//475 451//485 566//474 
f 565//473 571//481 564//472 
f 563//471 565//473 558//464 
f 562//470 563//471 556//462 
f 561//469 562//470 555//461 
f 560//468 561//469 554//460 
f 559//465 560//468 553//459 
f 446//466 449//476 559//465 
f 558//464 564//472 557//463 
f 556//462 558//464 551//456 
f 555//461 556//462 549//454 
f 554//460 555//461 548//453 
f 553//459 554//460 547//452 
f 552//457 553//459 546//451 
f 445//458 447//467 552//457 
f 551//456 557//463 550//455 
f 549//454 551//456 544//447 
f 548//453 549//454 542//445 
f 547//452 548//453 541//444 
f 546//451 547//452 540//443 
f 545//450 546//451 539//442 
f 444//449 445//458 545//450 
f 544//447 550//455 543//446 
f 542//445 544//447 537//438 
f 541//444 542//445 535//436 
f 540//443 541//444 534//435 
f 539//442 540//443 533//434 
f 538//439 539//442 532//433 
f 441//440 443//448 538//439 
f 537//438 543//446 536//437 
f 535//436 537//438 530//429 
f 534//435 535//436 528//427 
f 533//434 534//435 527//426 
f 532//433 533//434 526//425 
f 531//430 532//433 525//424 
f 439//431 442//441 531//430 
f 530//429 536//437 529//428 
f 528//427 530//429 523//421 
f 527//426 528//427 521//419 
f 526//425 527//426 519//417 
f 525//424 526//425 517//415 
f 524//422 525//424 515//413 
f 438//423 440//432 524//422 
f 523//421 529//428 522//420 
f 521//419 523//421 520//418 
f 519//417 521//419 518//416 
f 517//415 519//417 516//414 
f 515//413 517//415 514//412 
f 512//410 515//413 513//411 
f 437//409 438//423 512//410 
o mesh34
f 651//666 238//667 236//668 
f 651//666 436//669 240//670 
f 651//666 437//671 436//669 
f 240//670 238//667 651//666 
f 652//672 236//668 235//673 
f 653//674 237//675 233//676 
f 653//674 235//673 237//675 
f 654//677 234//678 231//679 
f 654//677 233//676 234//678 
f 655//680 232//681 222//682 
f 655//680 231//679 232//681 
f 656//683 223//684 296//685 
f 656//683 222//682 223//684 
f 657//686 658//687 659//688 
f 657//686 660//689 658//687 
f 657//686 661//690 662//691 
f 662//691 663//692 657//686 
f 663//692 664//693 665//694 
f 665//694 666//695 663//692 
f 665//694 667//696 666//695 
f 440//697 668//698 669//699 
f 669//699 439//700 440//697 
f 440//697 438//701 668//698 
f 437//671 670//702 671//703 
f 437//671 672//704 670//702 
f 651//666 673//705 674//705 
f 674//705 437//671 651//666 
f 651//666 675//706 673//705 
f 651//666 676//707 677//708 
f 677//708 678//709 651//666 
f 678//709 675//706 651//666 
f 674//705 672//704 437//671 
f 651//666 679//710 676//707 
f 671//703 680//711 437//671 
f 651//666 666//695 681//712 
f 681//712 679//710 651//666 
f 680//711 668//698 437//671 
f 442//713 682//714 683//715 
f 683//715 441//716 442//713 
f 439//700 684//717 682//714 
f 439//700 669//699 684//717 
f 443//718 685//719 686//720 
f 686//720 444//721 443//718 
f 441//716 683//715 685//719 
f 687//722 688//723 446//724 
f 446//724 447//725 687//722 
f 689//726 687//722 445//727 
f 445//727 444//721 689//726 
f 444//721 690//728 689//726 
f 444//721 686//720 690//728 
f 688//723 691//729 448//730 
f 448//730 449//731 688//723 
f 691//729 692//732 450//733 
f 450//733 451//734 691//729 
f 692//732 693//735 452//736 
f 452//736 453//737 692//732 
f 693//735 694//738 455//739 
f 455//739 454//740 693//735 
f 694//738 695//741 457//742 
f 457//742 456//743 694//738 
f 695//741 459//744 458//745 
f 695//741 696//746 460//747 
f 460//747 459//744 695//741 
f 696//746 697//748 461//749 
f 461//749 462//750 696//746 
f 698//751 464//752 463//753 
f 463//753 697//748 698//751 
f 698//751 699//754 510//755 
f 699//754 466//756 465//757 
f 465//757 510//755 699//754 
f 700//758 468//759 466//756 
f 700//758 467//760 468//759 
f 701//761 469//762 467//760 
f 701//761 337//763 336//764 
f 336//764 469//762 701//761 
f 701//761 702//765 312//766 
f 312//766 311//767 701//761 
f 702//765 703//768 308//769 
f 308//769 309//770 702//765 
f 309//770 310//771 702//765 
f 703//768 704//772 307//773 
f 307//773 306//774 703//768 
f 705//775 305//776 304//777 
f 304//777 704//772 705//775 
f 302//778 706//779 707//780 
f 705//775 708//781 340//782 
f 303//783 340//782 708//781 
f 708//781 706//779 303//783 
f 706//779 302//778 303//783 
f 340//782 305//776 705//775 
f 300//784 302//778 709//785 
f 710//786 301//787 300//784 
f 709//785 710//786 300//784 
f 298//788 301//787 711//789 
f 712//790 299//791 298//788 
f 711//789 712//790 298//788 
f 712//790 713//792 299//791 
f 714//793 715//794 716//795 
f 714//793 717//796 718//797 
f 714//793 719//798 717//796 
f 714//793 720//799 721//799 
f 296//685 722//800 720//799 
f 720//799 714//793 296//685 
f 296//685 723//801 724//802 
f 724//802 725//803 296//685 
f 725//803 722//800 296//685 
f 721//799 719//798 714//793 
f 296//685 726//804 723//801 
f 718//797 727//805 714//793 
f 341//806 299//791 728//807 
f 726//804 297//808 341//806 
f 726//804 296//685 297//808 
f 728//807 726//804 341//806 
f 727//805 715//794 714//793 
f 729//809 730//810 731//811 
f 729//809 732//812 730//810 
f 729//809 716//795 732//812 
f 733//813 734//814 735//815 
f 734//814 731//811 735//815 
f 733//813 736//816 737//817 
f 733//813 738//818 736//816 
f 737//817 739//819 733//813 
f 735//815 738//818 733//813 
f 731//811 734//814 729//809 
f 716//795 729//809 714//793 
f 713//792 728//807 299//791 
f 710//786 711//789 301//787 
f 707//780 709//785 302//778 
f 304//777 307//773 704//772 
f 306//774 308//769 703//768 
f 310//771 312//766 702//765 
f 311//767 337//763 701//761 
f 467//760 700//758 701//761 
f 466//756 699//754 700//758 
f 510//755 464//752 698//751 
f 463//753 461//749 697//748 
f 462//750 460//747 696//746 
f 458//745 457//742 695//741 
f 456//743 455//739 694//738 
f 454//740 452//736 693//735 
f 453//737 450//733 692//732 
f 451//734 448//730 691//729 
f 449//731 446//724 688//723 
f 447//725 445//727 687//722 
f 443//718 441//716 685//719 
f 442//713 439//700 682//714 
f 438//701 437//671 668//698 
f 667//696 681//712 666//695 
f 662//691 664//693 663//692 
f 659//688 661//690 657//686 
f 296//685 714//793 656//683 
f 222//682 656//683 655//680 
f 231//679 655//680 654//677 
f 233//676 654//677 653//674 
f 235//673 653//674 652//672 
f 236//668 652//672 651//666 
o mesh35
f 740//820 721//820 720//820 
f 720//820 741//820 740//820 
o mesh36
f 742//820 674//820 673//820 
f 673//820 743//820 742//820 
o mesh37
f 741//820 722//821 725//822 
f 741//820 720//823 722//821 
f 744//822 724//824 723//825 
f 744//822 725//822 724//824 
f 745//825 723//825 726//826 
f 746//826 726//826 728//827 
f 728//827 747//828 746//826 
f 747//828 713//828 712//829 
f 748//829 712//829 711//830 
f 711//830 749//831 748//829 
f 749//831 709//832 707//833 
f 749//831 710//834 709//832 
f 750//835 706//836 708//837 
f 750//835 707//833 706//836 
f 708//837 751//837 750//835 
f 707//833 750//835 749//831 
f 711//830 710//834 749//831 
f 712//829 748//829 747//828 
f 728//827 713//828 747//828 
f 726//826 746//826 745//825 
f 723//825 745//825 744//822 
f 725//822 744//822 741//820 
o mesh38
f 752//838 753//839 739//839 
f 739//839 737//840 752//838 
f 754//841 752//838 736//842 
f 736//842 738//843 754//841 
f 755//844 754//841 735//845 
f 735//845 731//846 755//844 
f 756//847 755//844 730//848 
f 757//849 756//847 732//850 
f 732//850 716//851 757//849 
f 758//852 757//849 715//853 
f 759//854 758//852 727//855 
f 727//855 718//856 759//854 
f 740//857 759//854 717//858 
f 717//858 719//859 740//857 
f 719//859 721//860 740//857 
f 718//856 717//858 759//854 
f 715//853 727//855 758//852 
f 716//851 715//853 757//849 
f 730//848 732//850 756//847 
f 731//846 730//848 755//844 
f 738//843 735//845 754//841 
f 737//840 736//842 752//838 
o mesh39
f 760//861 740//860 741//860 
f 761//862 760//861 762//861 
f 763//863 761//862 764//862 
f 765//864 763//863 766//863 
f 767//865 765//864 768//864 
f 769//866 767//865 770//865 
f 770//865 771//866 769//866 
f 768//864 770//865 767//865 
f 766//863 768//864 765//864 
f 764//862 766//863 763//863 
f 762//861 764//862 761//862 
f 741//860 762//861 760//861 
o mesh40
f 772//867 687//868 689//869 
f 689//869 773//870 772//867 
f 772//867 774//871 687//868 
f 685//872 775//873 776//874 
f 777//875 690//876 686//877 
f 686//877 776//874 777//875 
f 777//875 773//870 690//876 
f 778//878 775//873 685//872 
f 683//879 779//880 778//878 
f 685//872 683//879 778//878 
f 682//881 684//882 780//883 
f 684//882 781//884 780//883 
f 684//882 669//885 782//886 
f 782//886 783//887 684//882 
f 783//887 781//884 684//882 
f 668//888 680//889 784//890 
f 784//890 785//891 668//888 
f 785//891 786//892 668//888 
f 671//893 670//894 787//895 
f 788//896 680//889 671//893 
f 787//895 788//896 671//893 
f 672//897 674//898 742//898 
f 789//899 670//894 672//897 
f 742//898 789//899 672//897 
f 789//899 787//895 670//894 
f 788//896 784//890 680//889 
f 786//892 782//886 668//888 
f 669//885 668//888 782//886 
f 780//883 779//880 682//881 
f 683//879 682//881 779//880 
f 776//874 686//877 685//872 
f 689//869 690//876 773//870 
o mesh41
f 675//900 790//901 743//902 
f 743//902 673//902 675//900 
f 678//903 791//904 790//901 
f 677//905 792//906 791//904 
f 791//904 678//903 677//905 
f 676//907 793//908 792//906 
f 679//909 794//910 793//908 
f 679//909 795//911 794//910 
f 679//909 796//912 795//911 
f 667//913 797//914 796//912 
f 667//913 798//915 797//914 
f 796//912 679//909 681//916 
f 665//917 799//918 800//919 
f 800//919 667//913 665//917 
f 801//920 664//921 662//922 
f 662//922 802//923 801//920 
f 799//918 665//917 664//921 
f 659//924 803//925 804//926 
f 805//927 662//922 661//928 
f 661//928 804//926 805//927 
f 805//927 802//923 662//922 
f 806//929 803//925 658//930 
f 660//931 807//931 806//929 
f 803//925 659//924 658//930 
f 658//930 660//931 806//929 
f 804//926 661//928 659//924 
f 801//920 799//918 664//921 
f 800//919 798//915 667//913 
f 796//912 681//916 667//913 
f 793//908 676//907 679//909 
f 677//905 676//907 792//906 
f 675//900 678//903 790//901 
o mesh42
f 808//932 809//932 742//933 
f 808//932 810//934 809//932 
f 742//933 743//933 808//932 
f 811//935 810//934 812//934 
f 812//934 813//935 811//935 
f 814//936 815//936 811//935 
f 816//937 815//936 814//936 
f 817//937 818//938 816//937 
f 814//936 817//937 816//937 
f 817//937 819//938 818//938 
f 820//939 821//939 818//938 
f 822//940 823//940 821//939 
f 822//940 824//941 823//940 
f 821//939 820//939 822//940 
f 825//942 826//942 824//941 
f 825//942 827//943 826//942 
f 824//941 828//944 825//942 
f 829//945 830//945 827//943 
f 829//945 831//946 830//945 
f 827//943 832//947 829//945 
f 833//948 834//948 831//946 
f 833//948 835//949 834//948 
f 831//946 836//950 833//948 
f 837//949 838//951 835//949 
f 833//948 837//949 835//949 
f 839//952 840//952 838//951 
f 839//952 841//953 840//952 
f 838//951 842//954 839//952 
f 839//952 843//953 841//953 
f 837//949 842//954 838//951 
f 829//945 836//950 831//946 
f 825//942 832//947 827//943 
f 822//940 828//944 824//941 
f 819//938 820//939 818//938 
f 813//935 814//936 811//935 
f 808//932 812//934 810//934 
o mesh43
f 750//955 851//956 852//957 
f 851//956 853//958 854//959 
f 853//958 855//960 856//961 
f 855//960 857//962 858//963 
f 857//962 859//964 860//965 
f 859//964 844//966 845//967 
f 749//968 852//957 861//969 
f 852//957 854//959 862//970 
f 854//959 856//961 863//971 
f 856//961 858//963 864//972 
f 858//963 860//965 865//973 
f 860//965 845//967 846//974 
f 748//975 861//969 866//976 
f 861//969 862//970 867//977 
f 862//970 863//971 868//978 
f 863//971 864//972 869//979 
f 864//972 865//973 870//980 
f 865//973 846//974 847//981 
f 747//982 866//976 871//983 
f 866//976 867//977 872//984 
f 867//977 868//978 873//985 
f 868//978 869//979 874//986 
f 869//979 870//980 875//987 
f 870//980 847//981 848//988 
f 746//989 871//983 876//990 
f 871//983 872//984 877//991 
f 872//984 873//985 878//992 
f 873//985 874//986 879//993 
f 874//986 875//987 880//994 
f 875//987 848//988 849//995 
f 745//996 876//990 881//997 
f 876//990 877//991 882//998 
f 877//991 878//992 883//999 
f 878//992 879//993 884//1000 
f 879//993 880//994 885//1001 
f 880//994 849//995 850//1002 
f 744//1003 881//997 762//1004 
f 881//997 882//998 764//1005 
f 882//998 883//999 766//1006 
f 883//999 884//1000 768//1007 
f 884//1000 885//1001 770//1008 
f 885//1001 850//1002 771//1009 
f 771//1009 770//1008 885//1001 
f 770//1008 768//1007 884//1000 
f 768//1007 766//1006 883//999 
f 766//1006 764//1005 882//998 
f 764//1005 762//1004 881//997 
f 762//1004 741//1010 744//1003 
f 850//1002 885//1001 880//994 
f 885//1001 884//1000 879//993 
f 884//1000 883//999 878//992 
f 883//999 882//998 877//991 
f 882//998 881//997 876//990 
f 881//997 744//1003 745//996 
f 849//995 880//994 875//987 
f 880//994 879//993 874//986 
f 879//993 878//992 873//985 
f 878//992 877//991 872//984 
f 877//991 876//990 871//983 
f 876//990 745//996 746//989 
f 848//988 875//987 870//980 
f 875//987 874//986 869//979 
f 874//986 873//985 868//978 
f 873//985 872//984 867//977 
f 872//984 871//983 866//976 
f 871//983 746//989 747//982 
f 847//981 870//980 865//973 
f 870//980 869//979 864//972 
f 869//979 868//978 863//971 
f 868//978 867//977 862//970 
f 867//977 866//976 861//969 
f 866//976 747//982 748//975 
f 846//974 865//973 860//965 
f 865//973 864//972 858//963 
f 864//972 863//971 856//961 
f 863//971 862//970 854//959 
f 862//970 861//969 852//957 
f 861//969 748//975 749//968 
f 845//967 860//965 859//964 
f 860//965 858//963 857//962 
f 858//963 856//961 855//960 
f 856//961 854//959 853//958 
f 854//959 852//957 851//956 
f 852//957 749//968 750//955 
f 844//966 859//964 751//1011 
f 859//964 857//962 751//1011 
f 857//962 855//960 751//1011 
f 855//960 853//958 751//1011 
f 853//958 851//956 751//1011 
f 851//956 750//955 751//1011 
o mesh44
f 911//1012 912//1013 886//1014 
f 912//1013 887//1015 886//1014 
f 913//1016 911//1012 888//1017 
f 911//1012 889//1018 888//1017 
f 850//1019 913//1016 890//1020 
f 913//1016 891//1021 890//1020 
f 912//1013 911//1012 914//1022 
f 911//1012 913//1016 915//1023 
f 913//1016 850//1019 849//1024 
f 916//1025 914//1022 917//1026 
f 914//1022 915//1023 918//1027 
f 915//1023 849//1024 848//1028 
f 919//1029 917//1026 920//1030 
f 917//1026 918//1027 921//1031 
f 918//1027 848//1028 847//1032 
f 922//1033 920//1030 923//1034 
f 920//1030 921//1031 924//1035 
f 921//1031 847//1032 846//1036 
f 925//1037 923//1034 926//1038 
f 923//1034 924//1035 927//1039 
f 924//1035 846//1036 845//1040 
f 928//1041 926//1038 929//1042 
f 926//1038 927//1039 930//1043 
f 927//1039 845//1040 844//1044 
f 931//1045 929//1042 892//1046 
f 929//1042 930//1043 893//1046 
f 930//1043 844//1044 751//1046 
f 931//1045 894//1046 895//1046 
f 895//1046 896//1047 931//1045 
f 928//1041 931//1045 897//1048 
f 897//1048 898//1049 928//1041 
f 925//1037 928//1041 899//1050 
f 899//1050 900//1051 925//1037 
f 922//1033 925//1037 901//1052 
f 919//1029 922//1033 902//1053 
f 902//1053 903//1054 919//1029 
f 916//1025 919//1029 904//1055 
f 904//1055 905//1056 916//1025 
f 912//1013 916//1025 906//1057 
f 906//1057 907//1058 912//1013 
f 887//1015 912//1013 908//1059 
f 908//1059 909//1060 887//1015 
f 909//1060 910//1061 887//1015 
f 907//1058 908//1059 912//1013 
f 905//1056 906//1057 916//1025 
f 903//1054 904//1055 919//1029 
f 901//1052 902//1053 922//1033 
f 900//1051 901//1052 925//1037 
f 898//1049 899//1050 928//1041 
f 896//1047 897//1048 931//1045 
f 751//1046 893//1046 930//1043 
f 893//1046 892//1046 929//1042 
f 892//1046 894//1046 931//1045 
f 844//1044 930//1043 927//1039 
f 930//1043 929//1042 926//1038 
f 929//1042 931//1045 928//1041 
f 845//1040 927//1039 924//1035 
f 927//1039 926//1038 923//1034 
f 926//1038 928//1041 925//1037 
f 846//1036 924//1035 921//1031 
f 924//1035 923//1034 920//1030 
f 923//1034 925//1037 922//1033 
f 847//1032 921//1031 918//1027 
f 921//1031 920//1030 917//1026 
f 920//1030 922//1033 919//1029 
f 848//1028 918//1027 915//1023 
f 918//1027 917//1026 914//1022 
f 917//1026 919//1029 916//1025 
f 849//1024 915//1023 913//1016 
f 915//1023 914//1022 911//1012 
f 914//1022 916//1025 912//1013 
f 890//1020 771//1062 850//1019 
f 888//1017 891//1021 913//1016 
f 886//1014 889//1018 911//1012 
o mesh45
f 769//1062 771//1062 890//1063 
f 888//1064 932//1065 933//1066 
f 933//1066 891//1067 888//1064 
f 934//1068 890//1063 891//1067 
f 932//1065 888//1064 889//1069 
f 886//1070 935//1071 936//1072 
f 936//1072 889//1069 886//1070 
f 910//1073 937//1073 938//1074 
f 938//1074 887//1075 910//1073 
f 935//1071 886//1070 887//1075 
f 938//1074 935//1071 887//1075 
f 889//1069 936//1072 932//1065 
f 933//1066 934//1068 891//1067 
f 890//1063 934//1068 769//1062 
o mesh46
f 939//1076 946//1077 947//1078 
f 946//1077 948//1079 949//1080 
f 948//1079 950//1081 951//1082 
f 950//1081 952//1083 953//1084 
f 952//1083 954//1085 955//1086 
f 954//1085 752//1087 754//1088 
f 940//1089 947//1078 956//1090 
f 947//1078 949//1080 957//1091 
f 949//1080 951//1082 958//1092 
f 951//1082 953//1084 959//1093 
f 953//1084 955//1086 960//1094 
f 955//1086 754//1088 755//1095 
f 941//1096 956//1090 961//1097 
f 956//1090 957//1091 962//1098 
f 957//1091 958//1092 963//1099 
f 958//1092 959//1093 964//1100 
f 959//1093 960//1094 965//1101 
f 960//1094 755//1095 756//1102 
f 942//1103 961//1097 966//1104 
f 961//1097 962//1098 967//1105 
f 962//1098 963//1099 968//1106 
f 963//1099 964//1100 969//1107 
f 964//1100 965//1101 970//1108 
f 965//1101 756//1102 757//1109 
f 943//1110 966//1104 971//1111 
f 966//1104 967//1105 972//1112 
f 967//1105 968//1106 973//1113 
f 968//1106 969//1107 974//1114 
f 969//1107 970//1108 975//1115 
f 970//1108 757//1109 758//1116 
f 944//1117 971//1111 976//1118 
f 971//1111 972//1112 977//1119 
f 972//1112 973//1113 978//1120 
f 973//1113 974//1114 979//1121 
f 974//1114 975//1115 980//1122 
f 975//1115 758//1116 759//1123 
f 945//1124 976//1118 767//1125 
f 976//1118 977//1119 765//1126 
f 977//1119 978//1120 763//1127 
f 978//1120 979//1121 761//1128 
f 979//1121 980//1122 760//1129 
f 980//1122 759//1123 740//1130 
f 740//1130 760//1129 980//1122 
f 760//1129 761//1128 979//1121 
f 761//1128 763//1127 978//1120 
f 763//1127 765//1126 977//1119 
f 765//1126 767//1125 976//1118 
f 767//1125 769//1131 945//1124 
f 759//1123 980//1122 975//1115 
f 980//1122 979//1121 974//1114 
f 979//1121 978//1120 973//1113 
f 978//1120 977//1119 972//1112 
f 977//1119 976//1118 971//1111 
f 976//1118 945//1124 944//1117 
f 758//1116 975//1115 970//1108 
f 975//1115 974//1114 969//1107 
f 974//1114 973//1113 968//1106 
f 973//1113 972//1112 967//1105 
f 972//1112 971//1111 966//1104 
f 971//1111 944//1117 943//1110 
f 757//1109 970//1108 965//1101 
f 970//1108 969//1107 964//1100 
f 969//1107 968//1106 963//1099 
f 968//1106 967//1105 962//1098 
f 967//1105 966//1104 961//1097 
f 966//1104 943//1110 942//1103 
f 756//1102 965//1101 960//1094 
f 965//1101 964//1100 959//1093 
f 964//1100 963//1099 958//1092 
f 963//1099 962//1098 957//1091 
f 962//1098 961//1097 956//1090 
f 961//1097 942//1103 941//1096 
f 755//1095 960//1094 955//1086 
f 960//1094 959//1093 953//1084 
f 959//1093 958//1092 951//1082 
f 958//1092 957//1091 949//1080 
f 957//1091 956//1090 947//1078 
f 956//1090 941//1096 940//1089 
f 754//1088 955//1086 954//1085 
f 955//1086 953//1084 952//1083 
f 953//1084 951//1082 950//1081 
f 951//1082 949//1080 948//1079 
f 949//1080 947//1078 946//1077 
f 947//1078 940//1089 939//1076 
f 752//1087 954//1085 753//1132 
f 954//1085 952//1083 753//1132 
f 952//1083 950//1081 753//1132 
f 950//1081 948//1079 753//1132 
f 948//1079 946//1077 753//1132 
f 946//1077 939//1076 753//1132 
o mesh47
f 945//1133 769//1134 934//1135 
f 934//1135 1004//1136 945//1133 
f 1004//1136 933//1137 932//1138 
f 932//1138 1005//1139 1004//1136 
f 1005//1139 936//1140 935//1141 
f 935//1141 1006//1142 1005//1139 
f 945//1133 1004//1136 1007//1143 
f 1004//1136 1005//1139 1008//1144 
f 1005//1139 1006//1142 1009//1145 
f 944//1146 1007//1143 1010//1147 
f 1007//1143 1008//1144 1011//1148 
f 1008//1144 1009//1145 1012//1149 
f 943//1150 1010//1147 1013//1151 
f 1010//1147 1011//1148 1014//1152 
f 1011//1148 1012//1149 1015//1153 
f 942//1154 1013//1151 1016//1155 
f 1013//1151 1014//1152 1017//1156 
f 1014//1152 1015//1153 1018//1157 
f 941//1158 1016//1155 1019//1159 
f 1016//1155 1017//1156 1020//1160 
f 1017//1156 1018//1157 1021//1161 
f 940//1162 1019//1159 1022//1163 
f 1019//1159 1020//1160 1023//1164 
f 1020//1160 1021//1161 1024//1165 
f 939//1166 1022//1163 981//1167 
f 1022//1163 1023//1164 982//1167 
f 1023//1164 1024//1165 983//1167 
f 1006//1142 938//1168 937//1169 
f 937//1169 984//1170 1006//1142 
f 1009//1145 1006//1142 985//1171 
f 985//1171 986//1172 1009//1145 
f 1012//1149 1009//1145 987//1173 
f 987//1173 988//1174 1012//1149 
f 1015//1153 1012//1149 989//1175 
f 989//1175 990//1176 1015//1153 
f 1018//1157 1015//1153 991//1177 
f 991//1177 992//1178 1018//1157 
f 992//1178 993//1179 1018//1157 
f 1021//1161 1018//1157 994//1180 
f 994//1180 995//1181 1021//1161 
f 995//1181 996//1182 1021//1161 
f 1024//1165 1021//1161 997//1183 
f 997//1183 998//1184 1024//1165 
f 983//1167 999//1185 1000//1186 
f 983//1167 1024//1165 1001//1187 
f 1001//1187 1002//1188 983//1167 
f 1002//1188 999//1185 983//1167 
f 1000//1186 1003//1189 983//1167 
f 998//1184 1001//1187 1024//1165 
f 996//1182 997//1183 1021//1161 
f 993//1179 994//1180 1018//1157 
f 990//1176 991//1177 1015//1153 
f 988//1174 989//1175 1012//1149 
f 986//1172 987//1173 1009//1145 
f 984//1170 985//1171 1006//1142 
f 983//1167 982//1167 1023//1164 
f 982//1167 981//1167 1022//1163 
f 981//1167 753//1189 939//1166 
f 1024//1165 1023//1164 1020//1160 
f 1023//1164 1022//1163 1019//1159 
f 1022//1163 939//1166 940//1162 
f 1021//1161 1020//1160 1017//1156 
f 1020//1160 1019//1159 1016//1155 
f 1019//1159 940//1162 941//1158 
f 1018//1157 1017//1156 1014//1152 
f 1017//1156 1016//1155 1013//1151 
f 1016//1155 941//1158 942//1154 
f 1015//1153 1014//1152 1011//1148 
f 1014//1152 1013//1151 1010//1147 
f 1013//1151 942//1154 943//1150 
f 1012//1149 1011//1148 1008//1144 
f 1011//1148 1010//1147 1007//1143 
f 1010//1147 943//1150 944//1146 
f 1009//1145 1008//1144 1005//1139 
f 1008//1144 1007//1143 1004//1136 
f 1007//1143 944//1146 945//1133 
f 935//1141 938//1168 1006//1142 
f 932//1138 936//1140 1005//1139 
f 934//1135 933//1137 1004//1136 
o mesh48
f 1025//1190 898//1190 897//1190 
f 897//1190 896//1190 1025//1190 
f 1025//1190 900//1190 899//1190 
f 1025//1190 905//1190 904//1190 
f 899//1190 898//1190 1025//1190 
f 1025//1190 902//1190 901//1190 
f 904//1190 903//1190 1025//1190 
f 1025//1190 907//1190 906//1190 
f 1026//1190 937//1190 910//1190 
f 901//1190 900//1190 1025//1190 
f 906//1190 905//1190 1025//1190 
f 1025//1190 909//1190 908//1190 
f 910//1190 1025//1190 1026//1190 
f 903//1190 902//1190 1025//1190 
f 910//1190 909//1190 1025//1190 
f 908//1190 907//1190 1025//1190 
f 896//1190 895//1190 1025//1190 
o mesh49
f 1027//1189 999//1191 1002//1192 
f 1027//1189 1003//1193 1000//1194 
f 1000//1194 999//1191 1027//1189 
f 1002//1192 1028//1195 1029//1196 
f 1028//1195 998//1197 997//1198 
f 1028//1195 1002//1192 1001//1199 
f 1001//1199 998//1197 1028//1195 
f 997//1198 1030//1200 1031//1201 
f 996//1202 1032//1203 1030//1200 
f 1030//1200 997//1198 996//1202 
f 992//1204 1033//1205 1032//1203 
f 992//1204 1034//1206 1033//1205 
f 1032//1203 995//1207 994//1208 
f 994//1208 993//1209 1032//1203 
f 989//1210 1035//1211 1034//1206 
f 1034//1206 992//1204 991//1212 
f 991//1212 990//1213 1034//1206 
f 987//1214 1036//1215 1035//1211 
f 987//1214 1037//1216 1036//1215 
f 1035//1211 989//1210 988//1217 
f 985//1218 1038//1219 1037//1216 
f 985//1218 1039//1220 1038//1219 
f 1037//1216 987//1214 986//1221 
f 984//1222 1040//1223 1039//1220 
f 984//1222 1026//1224 1040//1223 
f 1039//1220 985//1218 984//1222 
f 984//1222 937//1224 1026//1224 
f 1037//1216 986//1221 985//1218 
f 1035//1211 988//1217 987//1214 
f 1034//1206 990//1213 989//1210 
f 1032//1203 993//1209 992//1204 
f 996//1202 995//1207 1032//1203 
f 997//1198 1031//1201 1028//1195 
f 1002//1192 1029//1196 1027//1189 
o mesh50
f 895//1225 700//1225 699//1225 
f 699//1225 1041//1225 895//1225 
f 1041//1225 695//1225 694//1225 
f 1041//1225 697//1225 696//1225 
f 895//1225 701//1225 700//1225 
f 774//1225 1041//1225 691//1225 
f 696//1225 695//1225 1041//1225 
f 895//1225 702//1225 701//1225 
f 702//1225 895//1225 894//1225 
f 703//1225 892//1225 893//1225 
f 704//1225 893//1225 751//1225 
f 691//1225 688//1225 774//1225 
f 1041//1225 698//1225 697//1225 
f 894//1225 703//1225 702//1225 
f 703//1225 894//1225 892//1225 
f 751//1225 708//1225 705//1225 
f 1041//1225 692//1225 691//1225 
f 699//1225 698//1225 1041//1225 
f 751//1225 705//1225 704//1225 
f 1042//1225 1043//1225 895//1225 
f 1041//1225 693//1225 692//1225 
f 893//1225 704//1225 703//1225 
f 895//1225 1041//1225 1042//1225 
f 694//1225 693//1225 1041//1225 
f 1043//1225 1044//1225 895//1225 
f 1044//1225 1025//1225 895//1225 
f 688//1225 687//1225 774//1225 
o mesh51
f 841//1226 1045//1226 1046//1227 
f 1047//1227 1046//1227 1048//1228 
f 1049//1228 1048//1228 1050//1229 
f 1051//1229 1050//1229 1052//1230 
f 1053//1230 1052//1230 1054//1231 
f 1055//1231 1056//1232 1057//1233 
f 1055//1231 1054//1231 1056//1232 
f 1058//1233 1059//1234 1060//1235 
f 1058//1233 1057//1233 1059//1234 
f 1061//1235 1062//1236 1041//1237 
f 1061//1235 1060//1235 1062//1236 
f 1041//1237 774//1237 1061//1235 
f 1060//1235 1061//1235 1058//1233 
f 1057//1233 1058//1233 1055//1231 
f 1054//1231 1055//1231 1053//1230 
f 1052//1230 1053//1230 1051//1229 
f 1050//1229 1051//1229 1049//1228 
f 1048//1228 1049//1228 1047//1227 
f 1046//1227 1047//1227 841//1226 
o mesh52
f 1063//1238 1064//1239 810//1240 
f 1064//1239 809//1241 810//1240 
f 1064//1239 1063//1238 1065//1242 
f 1066//1243 1065//1242 1067//1244 
f 1068//1245 1067//1244 1069//1246 
f 1070//1247 1069//1246 1071//1248 
f 1072//1249 1071//1248 1073//1250 
f 1074//1251 1073//1250 1075//1252 
f 1075//1252 788//1253 787//1254 
f 787//1254 1076//1255 1075//1252 
f 1063//1238 811//1256 815//1257 
f 815//1257 1077//1258 1063//1238 
f 1063//1238 1077//1258 1078//1259 
f 1065//1242 1078//1259 1079//1260 
f 1067//1244 1079//1260 1080//1261 
f 1069//1246 1080//1261 1081//1262 
f 1071//1248 1081//1262 1082//1263 
f 1073//1250 1082//1263 1083//1264 
f 1075//1252 1083//1264 784//1265 
f 1083//1264 785//1266 784//1265 
f 1084//1267 1077//1258 816//1268 
f 1077//1258 1084//1267 1085//1269 
f 1078//1259 1085//1269 1086//1270 
f 1079//1260 1086//1270 1087//1271 
f 1080//1261 1087//1271 1088//1272 
f 1081//1262 1088//1272 1089//1273 
f 1082//1263 1089//1273 1090//1274 
f 1090//1274 786//1275 785//1266 
f 1091//1276 1084//1267 821//1277 
f 1084//1267 818//1278 821//1277 
f 1084//1267 1091//1276 1092//1279 
f 1085//1269 1092//1279 1093//1280 
f 1086//1270 1093//1280 1094//1281 
f 1087//1271 1094//1281 1095//1282 
f 1088//1272 1095//1282 1096//1283 
f 1089//1273 1096//1283 1097//1284 
f 1097//1284 783//1285 782//1286 
f 782//1286 1090//1274 1097//1284 
f 1091//1276 823//1287 824//1288 
f 824//1288 1098//1289 1091//1276 
f 1091//1276 1098//1289 1099//1290 
f 1092//1279 1099//1290 1100//1291 
f 1093//1280 1100//1291 1101//1292 
f 1094//1281 1101//1292 1102//1293 
f 1095//1282 1102//1293 1103//1294 
f 1096//1283 1103//1294 1104//1295 
f 1097//1284 1104//1295 781//1296 
f 1104//1295 780//1297 781//1296 
f 1098//1289 826//1298 827//1299 
f 827//1299 1105//1300 1098//1289 
f 1098//1289 1105//1300 1106//1301 
f 1099//1290 1106//1301 1107//1302 
f 1100//1291 1107//1302 1108//1303 
f 1101//1292 1108//1303 1109//1304 
f 1102//1293 1109//1304 1110//1305 
f 1103//1294 1110//1305 1111//1306 
f 1104//1295 1111//1306 779//1307 
f 1111//1306 778//1308 779//1307 
f 1105//1300 830//1309 831//1310 
f 831//1310 1112//1311 1105//1300 
f 1105//1300 1112//1311 1113//1312 
f 1106//1301 1113//1312 1114//1313 
f 1107//1302 1114//1313 1115//1314 
f 1108//1303 1115//1314 1116//1315 
f 1109//1304 1116//1315 1117//1316 
f 1110//1305 1117//1316 1118//1317 
f 1111//1306 1118//1317 775//1318 
f 1118//1317 776//1319 775//1318 
f 1119//1320 1112//1311 834//1321 
f 1112//1311 1119//1320 1120//1322 
f 1113//1312 1120//1322 1121//1323 
f 1114//1313 1121//1323 1122//1324 
f 1115//1314 1122//1324 1123//1325 
f 1116//1315 1123//1325 1124//1326 
f 1117//1316 1124//1326 1125//1327 
f 1125//1327 777//1328 776//1319 
f 1126//1329 1119//1320 838//1330 
f 1119//1320 835//1331 838//1330 
f 1119//1320 1126//1329 1127//1332 
f 1120//1322 1127//1332 1128//1333 
f 1121//1323 1128//1333 1129//1334 
f 1122//1324 1129//1334 1130//1335 
f 1123//1325 1130//1335 1131//1336 
f 1124//1326 1131//1336 1132//1337 
f 1132//1337 772//1338 773//1339 
f 773//1339 1125//1327 1132//1337 
f 1047//1340 1126//1329 840//1341 
f 1049//1342 1127//1332 1126//1329 
f 1051//1343 1128//1333 1127//1332 
f 1053//1344 1129//1334 1128//1333 
f 1053//1344 1055//1345 1130//1335 
f 1055//1345 1058//1346 1131//1336 
f 1058//1346 1061//1347 1132//1337 
f 1061//1347 774//1348 772//1338 
f 772//1338 1132//1337 1061//1347 
f 1132//1337 1131//1336 1058//1346 
f 1131//1336 1130//1335 1055//1345 
f 1130//1335 1129//1334 1053//1344 
f 1128//1333 1051//1343 1053//1344 
f 1127//1332 1049//1342 1051//1343 
f 1126//1329 1047//1340 1049//1342 
f 840//1341 841//1349 1047//1340 
f 773//1339 777//1328 1125//1327 
f 1132//1337 1125//1327 1124//1326 
f 1131//1336 1124//1326 1123//1325 
f 1130//1335 1123//1325 1122//1324 
f 1129//1334 1122//1324 1121//1323 
f 1128//1333 1121//1323 1120//1322 
f 1127//1332 1120//1322 1119//1320 
f 838//1330 840//1341 1126//1329 
f 776//1319 1118//1317 1125//1327 
f 1125//1327 1118//1317 1117//1316 
f 1124//1326 1117//1316 1116//1315 
f 1123//1325 1116//1315 1115//1314 
f 1122//1324 1115//1314 1114//1313 
f 1121//1323 1114//1313 1113//1312 
f 1120//1322 1113//1312 1112//1311 
f 834//1321 835//1331 1119//1320 
f 775//1318 778//1308 1111//1306 
f 1118//1317 1111//1306 1110//1305 
f 1117//1316 1110//1305 1109//1304 
f 1116//1315 1109//1304 1108//1303 
f 1115//1314 1108//1303 1107//1302 
f 1114//1313 1107//1302 1106//1301 
f 1113//1312 1106//1301 1105//1300 
f 831//1310 834//1321 1112//1311 
f 779//1307 780//1297 1104//1295 
f 1111//1306 1104//1295 1103//1294 
f 1110//1305 1103//1294 1102//1293 
f 1109//1304 1102//1293 1101//1292 
f 1108//1303 1101//1292 1100//1291 
f 1107//1302 1100//1291 1099//1290 
f 1106//1301 1099//1290 1098//1289 
f 827//1299 830//1309 1105//1300 
f 781//1296 783//1285 1097//1284 
f 1104//1295 1097//1284 1096//1283 
f 1103//1294 1096//1283 1095//1282 
f 1102//1293 1095//1282 1094//1281 
f 1101//1292 1094//1281 1093//1280 
f 1100//1291 1093//1280 1092//1279 
f 1099//1290 1092//1279 1091//1276 
f 824//1288 826//1298 1098//1289 
f 782//1286 786//1275 1090//1274 
f 1097//1284 1090//1274 1089//1273 
f 1096//1283 1089//1273 1088//1272 
f 1095//1282 1088//1272 1087//1271 
f 1094//1281 1087//1271 1086//1270 
f 1093//1280 1086//1270 1085//1269 
f 1092//1279 1085//1269 1084//1267 
f 821//1277 823//1287 1091//1276 
f 785//1266 1083//1264 1090//1274 
f 1090//1274 1083//1264 1082//1263 
f 1089//1273 1082//1263 1081//1262 
f 1088//1272 1081//1262 1080//1261 
f 1087//1271 1080//1261 1079//1260 
f 1086//1270 1079//1260 1078//1259 
f 1085//1269 1078//1259 1077//1258 
f 816//1268 818//1278 1084//1267 
f 784//1265 788//1253 1075//1252 
f 1083//1264 1075//1252 1073//1250 
f 1082//1263 1073//1250 1071//1248 
f 1081//1262 1071//1248 1069//1246 
f 1080//1261 1069//1246 1067//1244 
f 1079//1260 1067//1244 1065//1242 
f 1078//1259 1065//1242 1063//1238 
f 815//1257 816//1268 1077//1258 
f 787//1254 789//1350 1076//1255 
f 1075//1252 1076//1255 1074//1251 
f 1073//1250 1074//1251 1072//1249 
f 1071//1248 1072//1249 1070//1247 
f 1069//1246 1070//1247 1068//1245 
f 1067//1244 1068//1245 1066//1243 
f 1065//1242 1066//1243 1064//1239 
f 810//1240 811//1256 1063//1238 
f 742//1351 1076//1255 789//1350 
f 742//1351 1074//1251 1076//1255 
f 742//1351 1072//1249 1074//1251 
f 742//1351 1070//1247 1072//1249 
f 742//1351 1068//1245 1070//1247 
f 742//1351 1066//1243 1068//1245 
f 742//1351 1064//1239 1066//1243 
f 742//1351 809//1241 1064//1239 
o mesh53
f 843//1352 1133//1352 1045//1352 
f 843//1352 1134//1352 1133//1352 
f 1045//1352 841//1352 843//1352 
o mesh54
f 807//1353 1135//1353 1136//1354 
f 1137//1354 1136//1354 1138//1355 
f 1139//1355 1138//1355 1140//1356 
f 1141//1356 1140//1356 1142//1357 
f 1143//1357 1142//1357 1144//1358 
f 1145//1358 1144//1358 1146//1359 
f 1147//1359 1146//1359 1148//1360 
f 1149//1360 1148//1360 1134//1361 
f 1134//1361 843//1361 1149//1360 
f 1148//1360 1149//1360 1147//1359 
f 1146//1359 1147//1359 1145//1358 
f 1144//1358 1145//1358 1143//1357 
f 1142//1357 1143//1357 1141//1356 
f 1140//1356 1141//1356 1139//1355 
f 1138//1355 1139//1355 1137//1354 
f 1136//1354 1137//1354 807//1353 
o mesh55
f 1150//1362 1151//1363 791//1364 
f 1151//1363 790//1365 791//1364 
f 1151//1363 1150//1362 1152//1366 
f 1153//1367 1152//1366 1154//1368 
f 1155//1369 1154//1368 1156//1370 
f 1157//1371 1156//1370 1158//1372 
f 1159//1373 1158//1372 1160//1374 
f 1161//1375 1160//1374 1162//1376 
f 1162//1376 813//1377 812//1378 
f 812//1378 1163//1379 1162//1376 
f 1150//1362 792//1380 793//1381 
f 793//1381 1164//1382 1150//1362 
f 1150//1362 1164//1382 1165//1383 
f 1152//1366 1165//1383 1166//1384 
f 1154//1368 1166//1384 1167//1385 
f 1156//1370 1167//1385 1168//1386 
f 1158//1372 1168//1386 1169//1387 
f 1160//1374 1169//1387 1170//1388 
f 1162//1376 1170//1388 814//1389 
f 1170//1388 817//1390 814//1389 
f 1171//1391 1164//1382 794//1392 
f 1164//1382 1171//1391 1172//1393 
f 1165//1383 1172//1393 1173//1394 
f 1166//1384 1173//1394 1174//1395 
f 1167//1385 1174//1395 1175//1396 
f 1168//1386 1175//1396 1176//1397 
f 1169//1387 1176//1397 1177//1398 
f 1177//1398 819//1399 817//1390 
f 1178//1400 1171//1391 796//1401 
f 1171//1391 795//1402 796//1401 
f 1171//1391 1178//1400 1179//1403 
f 1172//1393 1179//1403 1180//1404 
f 1173//1394 1180//1404 1181//1405 
f 1174//1395 1181//1405 1182//1406 
f 1175//1396 1182//1406 1183//1407 
f 1176//1397 1183//1407 1184//1408 
f 1184//1408 822//1409 820//1410 
f 820//1410 1177//1398 1184//1408 
f 1178//1400 797//1411 798//1412 
f 798//1412 1185//1413 1178//1400 
f 1178//1400 1185//1413 1186//1414 
f 1179//1403 1186//1414 1187//1415 
f 1180//1404 1187//1415 1188//1416 
f 1181//1405 1188//1416 1189//1417 
f 1182//1406 1189//1417 1190//1418 
f 1183//1407 1190//1418 1191//1419 
f 1184//1408 1191//1419 828//1420 
f 1191//1419 825//1421 828//1420 
f 1185//1413 800//1422 799//1423 
f 799//1423 1192//1424 1185//1413 
f 1185//1413 1192//1424 1193//1425 
f 1186//1414 1193//1425 1194//1426 
f 1187//1415 1194//1426 1195//1427 
f 1188//1416 1195//1427 1196//1428 
f 1189//1417 1196//1428 1197//1429 
f 1190//1418 1197//1429 1198//1430 
f 1191//1419 1198//1430 832//1431 
f 1198//1430 829//1432 832//1431 
f 1192//1424 801//1433 802//1434 
f 802//1434 1199//1435 1192//1424 
f 1192//1424 1199//1435 1200//1436 
f 1193//1425 1200//1436 1201//1437 
f 1194//1426 1201//1437 1202//1438 
f 1195//1427 1202//1438 1203//1439 
f 1196//1428 1203//1439 1204//1440 
f 1197//1429 1204//1440 1205//1441 
f 1198//1430 1205//1441 836//1442 
f 1205//1441 833//1443 836//1442 
f 1206//1444 1199//1435 805//1445 
f 1199//1435 1206//1444 1207//1446 
f 1200//1436 1207//1446 1208//1447 
f 1201//1437 1208//1447 1209//1448 
f 1202//1438 1209//1448 1210//1449 
f 1203//1439 1210//1449 1211//1450 
f 1204//1440 1211//1450 1212//1451 
f 1212//1451 837//1452 833//1443 
f 1213//1453 1206//1444 803//1454 
f 1206//1444 804//1455 803//1454 
f 1206//1444 1213//1453 1214//1456 
f 1207//1446 1214//1456 1215//1457 
f 1208//1447 1215//1457 1216//1458 
f 1209//1448 1216//1458 1217//1459 
f 1210//1449 1217//1459 1218//1460 
f 1211//1450 1218//1460 1219//1461 
f 1219//1461 839//1462 842//1463 
f 842//1463 1212//1451 1219//1461 
f 1137//1464 1213//1453 806//1465 
f 1139//1466 1214//1456 1213//1453 
f 1141//1467 1215//1457 1214//1456 
f 1143//1468 1216//1458 1215//1457 
f 1143//1468 1145//1469 1217//1459 
f 1145//1469 1147//1470 1218//1460 
f 1147//1470 1149//1471 1219//1461 
f 1149//1471 843//1472 839//1462 
f 839//1462 1219//1461 1149//1471 
f 1219//1461 1218//1460 1147//1470 
f 1218//1460 1217//1459 1145//1469 
f 1217//1459 1216//1458 1143//1468 
f 1215//1457 1141//1467 1143//1468 
f 1214//1456 1139//1466 1141//1467 
f 1213//1453 1137//1464 1139//1466 
f 806//1465 807//1473 1137//1464 
f 842//1463 837//1452 1212//1451 
f 1219//1461 1212//1451 1211//1450 
f 1218//1460 1211//1450 1210//1449 
f 1217//1459 1210//1449 1209//1448 
f 1216//1458 1209//1448 1208//1447 
f 1215//1457 1208//1447 1207//1446 
f 1214//1456 1207//1446 1206//1444 
f 803//1454 806//1465 1213//1453 
f 833//1443 1205//1441 1212//1451 
f 1212//1451 1205//1441 1204//1440 
f 1211//1450 1204//1440 1203//1439 
f 1210//1449 1203//1439 1202//1438 
f 1209//1448 1202//1438 1201//1437 
f 1208//1447 1201//1437 1200//1436 
f 1207//1446 1200//1436 1199//1435 
f 805//1445 804//1455 1206//1444 
f 836//1442 829//1432 1198//1430 
f 1205//1441 1198//1430 1197//1429 
f 1204//1440 1197//1429 1196//1428 
f 1203//1439 1196//1428 1195//1427 
f 1202//1438 1195//1427 1194//1426 
f 1201//1437 1194//1426 1193//1425 
f 1200//1436 1193//1425 1192//1424 
f 802//1434 805//1445 1199//1435 
f 832//1431 825//1421 1191//1419 
f 1198//1430 1191//1419 1190//1418 
f 1197//1429 1190//1418 1189//1417 
f 1196//1428 1189//1417 1188//1416 
f 1195//1427 1188//1416 1187//1415 
f 1194//1426 1187//1415 1186//1414 
f 1193//1425 1186//1414 1185//1413 
f 799//1423 801//1433 1192//1424 
f 828//1420 822//1409 1184//1408 
f 1191//1419 1184//1408 1183//1407 
f 1190//1418 1183//1407 1182//1406 
f 1189//1417 1182//1406 1181//1405 
f 1188//1416 1181//1405 1180//1404 
f 1187//1415 1180//1404 1179//1403 
f 1186//1414 1179//1403 1178//1400 
f 798//1412 800//1422 1185//1413 
f 820//1410 819//1399 1177//1398 
f 1184//1408 1177//1398 1176//1397 
f 1183//1407 1176//1397 1175//1396 
f 1182//1406 1175//1396 1174//1395 
f 1181//1405 1174//1395 1173//1394 
f 1180//1404 1173//1394 1172//1393 
f 1179//1403 1172//1393 1171//1391 
f 796//1401 797//1411 1178//1400 
f 817//1390 1170//1388 1177//1398 
f 1177//1398 1170//1388 1169//1387 
f 1176//1397 1169//1387 1168//1386 
f 1175//1396 1168//1386 1167//1385 
f 1174//1395 1167//1385 1166//1384 
f 1173//1394 1166//1384 1165//1383 
f 1172//1393 1165//1383 1164//1382 
f 794//1392 795//1402 1171//1391 
f 814//1389 813//1377 1162//1376 
f 1170//1388 1162//1376 1160//1374 
f 1169//1387 1160//1374 1158//1372 
f 1168//1386 1158//1372 1156//1370 
f 1167//1385 1156//1370 1154//1368 
f 1166//1384 1154//1368 1152//1366 
f 1165//1383 1152//1366 1150//1362 
f 793//1381 794//1392 1164//1382 
f 812//1378 808//1474 1163//1379 
f 1162//1376 1163//1379 1161//1375 
f 1160//1374 1161//1375 1159//1373 
f 1158//1372 1159//1373 1157//1371 
f 1156//1370 1157//1371 1155//1369 
f 1154//1368 1155//1369 1153//1367 
f 1152//1366 1153//1367 1151//1363 
f 791//1364 792//1380 1150//1362 
f 743//1475 1163//1379 808//1474 
f 743//1475 1161//1375 1163//1379 
f 743//1475 1159//1373 1161//1375 
f 743//1475 1157//1371 1159//1373 
f 743//1475 1155//1369 1157//1371 
f 743//1475 1153//1367 1155//1369 
f 743//1475 1151//1363 1153//1367 
f 743//1475 790//1365 1151//1363 
o mesh56
f 1044//1476 1043//1477 1220//1478 
f 1220//1478 1221//1479 1044//1476 
f 1222//1480 1223//1481 1224//1481 
f 1224//1481 1225//1482 1222//1480 
f 1226//1483 1222//1480 1227//1484 
f 1227//1484 1228//1485 1226//1483 
f 1229//1486 1226//1483 1230//1487 
f 1230//1487 1231//1488 1229//1486 
f 1229//1486 1232//1489 1233//1490 
f 1229//1486 1234//1491 1232//1489 
f 1235//1490 1236//1492 1237//1493 
f 1235//1490 1233//1490 1236//1492 
f 1238//1493 1239//1494 1240//1495 
f 1238//1493 1237//1493 1239//1494 
f 1241//1496 1242//1497 1243//1498 
f 1241//1496 1244//1499 1242//1497 
f 1243//1498 1245//1500 1241//1496 
f 1241//1496 1246//1501 1244//1499 
f 1247//1502 1248//1503 1249//1504 
f 1247//1502 1250//1505 1251//1506 
f 1247//1502 1252//1507 1250//1505 
f 1247//1502 1240//1495 1253//1508 
f 1240//1495 1254//1509 1253//1508 
f 1253//1508 1255//1508 1247//1502 
f 1240//1495 1256//1510 1257//1511 
f 1257//1511 1258//1512 1240//1495 
f 1258//1512 1254//1509 1240//1495 
f 1255//1508 1252//1507 1247//1502 
f 1240//1495 1259//1513 1256//1510 
f 1251//1506 1248//1503 1247//1502 
f 1260//1514 1244//1499 1261//1515 
f 1259//1513 1240//1495 1260//1514 
f 1261//1515 1259//1513 1260//1514 
f 1262//1516 1263//1517 1264//1518 
f 1262//1516 1265//1519 1263//1517 
f 1262//1516 1249//1504 1265//1519 
f 1266//1520 1267//1521 1268//1522 
f 1267//1521 1269//1523 1268//1522 
f 1267//1521 1264//1518 1269//1523 
f 1266//1520 1270//1524 1271//1525 
f 1271//1525 1272//1526 1266//1520 
f 1273//1527 1029//1528 1028//1529 
f 1273//1527 1027//1530 1029//1528 
f 1273//1527 1031//1531 1030//1532 
f 1030//1532 1274//1533 1273//1527 
f 1030//1532 1032//1534 1274//1533 
f 1275//1535 1034//1536 1035//1537 
f 1275//1535 1274//1533 1033//1538 
f 1033//1538 1034//1536 1275//1535 
f 1025//1539 1044//1476 1276//1540 
f 1276//1540 1277//1541 1025//1539 
f 1224//1481 1223//1481 1026//1542 
f 1223//1481 1040//1543 1026//1542 
f 1223//1481 1037//1544 1038//1545 
f 1038//1545 1039//1546 1223//1481 
f 1223//1481 1275//1535 1036//1547 
f 1036//1547 1037//1544 1223//1481 
f 1039//1546 1040//1543 1223//1481 
f 1026//1542 1025//1539 1224//1481 
f 1277//1541 1224//1481 1025//1539 
f 1035//1537 1036//1547 1275//1535 
f 1032//1534 1033//1538 1274//1533 
f 1028//1529 1031//1531 1273//1527 
f 1272//1526 1278//1548 1266//1520 
f 1268//1522 1270//1524 1266//1520 
f 1264//1518 1267//1521 1262//1516 
f 1249//1504 1262//1516 1247//1502 
f 1246//1501 1261//1515 1244//1499 
f 1245//1500 1243//1498 1279//1549 
f 1240//1495 1247//1502 1238//1493 
f 1237//1493 1238//1493 1235//1490 
f 1233//1490 1235//1490 1229//1486 
f 1231//1488 1234//1491 1229//1486 
f 1228//1485 1230//1487 1226//1483 
f 1225//1482 1227//1484 1222//1480 
f 1221//1479 1276//1540 1044//1476 
f 1220//1478 1043//1477 1042//1550 
o mesh57
f 1280//1551 1254//1552 1258//1553 
f 1280//1551 1253//1554 1254//1552 
f 1281//1555 1257//1556 1256//1557 
f 1281//1555 1258//1553 1257//1556 
f 1256//1557 1282//1558 1283//1559 
f 1256//1557 1284//1560 1282//1558 
f 1283//1559 1285//1561 1256//1557 
f 1284//1560 1256//1557 1259//1562 
f 1259//1562 1286//1563 1287//1564 
f 1259//1562 1288//1565 1286//1563 
f 1288//1565 1259//1562 1261//1566 
f 1261//1566 1289//1567 1290//1568 
f 1261//1566 1290//1568 1288//1565 
f 1246//1569 1291//1570 1289//1567 
f 1291//1570 1246//1569 1241//1571 
f 1241//1571 1292//1572 1293//1573 
f 1241//1571 1294//1574 1292//1572 
f 1294//1574 1241//1571 1245//1575 
f 1245//1575 1295//1576 1294//1574 
f 1279//1577 1296//1577 1297//1578 
f 1297//1578 1295//1576 1279//1577 
f 1245//1575 1279//1577 1295//1576 
f 1241//1571 1293//1573 1291//1570 
f 1261//1566 1246//1569 1289//1567 
f 1259//1562 1287//1564 1284//1560 
f 1256//1557 1285//1561 1281//1555 
f 1258//1553 1281//1555 1280//1551 
o mesh58
f 1255//1579 1253//1579 1280//1579 
f 1280//1579 1298//1579 1255//1579 
o mesh59
f 1298//1579 1299//1580 1250//1581 
f 1250//1581 1252//1582 1298//1579 
f 1252//1582 1255//1583 1298//1579 
f 1300//1584 1301//1585 1248//1586 
f 1248//1586 1251//1587 1300//1584 
f 1251//1587 1250//1581 1300//1584 
f 1265//1588 1302//1589 1303//1590 
f 1304//1591 1302//1589 1265//1588 
f 1265//1588 1249//1592 1304//1591 
f 1249//1592 1248//1586 1304//1591 
f 1263//1593 1305//1594 1306//1595 
f 1263//1593 1307//1596 1305//1594 
f 1308//1597 1307//1596 1263//1593 
f 1263//1593 1265//1588 1308//1597 
f 1309//1598 1310//1599 1269//1600 
f 1269//1600 1264//1601 1309//1598 
f 1264//1601 1263//1593 1309//1598 
f 1268//1602 1311//1603 1312//1604 
f 1313//1605 1311//1603 1268//1602 
f 1268//1602 1269//1600 1313//1605 
f 1271//1606 1314//1607 1315//1608 
f 1271//1606 1316//1609 1314//1607 
f 1271//1606 1270//1610 1317//1611 
f 1317//1611 1316//1609 1271//1606 
f 1315//1608 1318//1612 1271//1606 
f 1278//1613 1272//1614 1318//1612 
f 1318//1612 1319//1615 1278//1613 
f 1319//1615 1320//1616 1278//1613 
f 1272//1614 1271//1606 1318//1612 
f 1270//1610 1268//1602 1317//1611 
f 1312//1604 1317//1611 1268//1602 
f 1310//1599 1313//1605 1269//1600 
f 1306//1595 1309//1598 1263//1593 
f 1303//1590 1308//1597 1265//1588 
f 1301//1585 1304//1591 1248//1586 
f 1299//1580 1300//1584 1250//1581 
o mesh60
f 1298//1617 1280//1617 1321//1618 
f 1321//1618 1322//1618 1298//1617 
o mesh61
f 1323//1619 1319//1620 1318//1621 
f 1324//1622 1320//1622 1319//1620 
f 1319//1620 1323//1619 1324//1622 
f 1323//1619 1317//1623 1312//1624 
f 1323//1619 1316//1625 1317//1623 
f 1323//1619 1314//1626 1316//1625 
f 1323//1619 1315//1627 1314//1626 
f 1325//1628 1311//1629 1313//1630 
f 1325//1628 1312//1624 1311//1629 
f 1326//1631 1309//1632 1306//1633 
f 1326//1631 1310//1634 1309//1632 
f 1326//1631 1313//1630 1310//1634 
f 1327//1635 1308//1636 1303//1637 
f 1327//1635 1307//1638 1308//1636 
f 1327//1635 1305//1639 1307//1638 
f 1327//1635 1306//1633 1305//1639 
f 1328//1640 1302//1641 1304//1642 
f 1328//1640 1303//1637 1302//1641 
f 1329//1643 1301//1644 1300//1645 
f 1329//1643 1304//1642 1301//1644 
f 1322//1646 1330//1647 1299//1648 
f 1330//1647 1300//1645 1299//1648 
f 1299//1648 1298//1649 1322//1646 
f 1300//1645 1330//1647 1329//1643 
f 1304//1642 1329//1643 1328//1640 
f 1303//1637 1328//1640 1327//1635 
f 1306//1633 1327//1635 1326//1631 
f 1313//1630 1326//1631 1325//1628 
f 1312//1624 1325//1628 1323//1619 
f 1318//1621 1315//1627 1323//1619 
o mesh62
f 1331//1650 1349//1651 1350//1652 
f 1349//1651 1351//1653 1352//1654 
f 1351//1653 1353//1655 1354//1656 
f 1353//1655 1355//1657 1356//1658 
f 1355//1657 1357//1659 1358//1660 
f 1357//1659 1359//1661 1360//1662 
f 1359//1661 1361//1663 1362//1664 
f 1361//1663 1363//1665 1364//1666 
f 1363//1665 1365//1667 1366//1668 
f 1365//1667 1367//1669 1368//1670 
f 1367//1669 1323//1671 1325//1672 
f 1332//1673 1350//1652 1369//1674 
f 1350//1652 1352//1654 1370//1675 
f 1352//1654 1354//1656 1371//1676 
f 1354//1656 1356//1658 1372//1677 
f 1356//1658 1358//1660 1373//1678 
f 1358//1660 1360//1662 1374//1679 
f 1360//1662 1362//1664 1375//1680 
f 1362//1664 1364//1666 1376//1681 
f 1364//1666 1366//1668 1377//1682 
f 1366//1668 1368//1670 1378//1683 
f 1368//1670 1325//1672 1326//1684 
f 1333//1685 1369//1674 1379//1686 
f 1369//1674 1370//1675 1380//1687 
f 1370//1675 1371//1676 1381//1688 
f 1371//1676 1372//1677 1382//1689 
f 1372//1677 1373//1678 1383//1690 
f 1373//1678 1374//1679 1384//1691 
f 1374//1679 1375//1680 1385//1692 
f 1375//1680 1376//1681 1386//1693 
f 1376//1681 1377//1682 1387//1694 
f 1377//1682 1378//1683 1388//1695 
f 1378//1683 1326//1684 1327//1696 
f 1334//1697 1379//1686 1389//1698 
f 1379//1686 1380//1687 1390//1699 
f 1380//1687 1381//1688 1391//1700 
f 1381//1688 1382//1689 1392//1701 
f 1382//1689 1383//1690 1393//1702 
f 1383//1690 1384//1691 1394//1703 
f 1384//1691 1385//1692 1395//1704 
f 1385//1692 1386//1693 1396//1705 
f 1386//1693 1387//1694 1397//1706 
f 1387//1694 1388//1695 1398//1707 
f 1388//1695 1327//1696 1328//1708 
f 1335//1709 1389//1698 1399//1710 
f 1389//1698 1390//1699 1400//1711 
f 1390//1699 1391//1700 1401//1712 
f 1391//1700 1392//1701 1402//1713 
f 1392//1701 1393//1702 1403//1714 
f 1393//1702 1394//1703 1404//1715 
f 1394//1703 1395//1704 1405//1716 
f 1395//1704 1396//1705 1406//1717 
f 1396//1705 1397//1706 1407//1718 
f 1397//1706 1398//1707 1408//1719 
f 1398//1707 1328//1708 1329//1720 
f 1336//1721 1399//1710 1409//1722 
f 1399//1710 1400//1711 1410//1723 
f 1400//1711 1401//1712 1411//1724 
f 1401//1712 1402//1713 1412//1725 
f 1402//1713 1403//1714 1413//1726 
f 1403//1714 1404//1715 1414//1727 
f 1404//1715 1405//1716 1415//1728 
f 1405//1716 1406//1717 1416//1729 
f 1406//1717 1407//1718 1417//1730 
f 1407//1718 1408//1719 1418//1731 
f 1408//1719 1329//1720 1330//1732 
f 1337//1733 1409//1722 1338//1734 
f 1409//1722 1410//1723 1339//1735 
f 1410//1723 1411//1724 1340//1736 
f 1411//1724 1412//1725 1341//1737 
f 1412//1725 1413//1726 1342//1738 
f 1413//1726 1414//1727 1343//1739 
f 1414//1727 1415//1728 1344//1740 
f 1415//1728 1416//1729 1345//1741 
f 1416//1729 1417//1730 1346//1742 
f 1417//1730 1418//1731 1347//1743 
f 1418//1731 1330//1732 1322//1744 
f 1322//1744 1347//1743 1418//1731 
f 1347//1743 1346//1742 1417//1730 
f 1346//1742 1345//1741 1416//1729 
f 1345//1741 1344//1740 1415//1728 
f 1344//1740 1343//1739 1414//1727 
f 1343//1739 1342//1738 1413//1726 
f 1342//1738 1341//1737 1412//1725 
f 1341//1737 1340//1736 1411//1724 
f 1340//1736 1339//1735 1410//1723 
f 1339//1735 1338//1734 1409//1722 
f 1338//1734 1348//1745 1337//1733 
f 1330//1732 1418//1731 1408//1719 
f 1418//1731 1417//1730 1407//1718 
f 1417//1730 1416//1729 1406//1717 
f 1416//1729 1415//1728 1405//1716 
f 1415//1728 1414//1727 1404//1715 
f 1414//1727 1413//1726 1403//1714 
f 1413//1726 1412//1725 1402//1713 
f 1412//1725 1411//1724 1401//1712 
f 1411//1724 1410//1723 1400//1711 
f 1410//1723 1409//1722 1399//1710 
f 1409//1722 1337//1733 1336//1721 
f 1329//1720 1408//1719 1398//1707 
f 1408//1719 1407//1718 1397//1706 
f 1407//1718 1406//1717 1396//1705 
f 1406//1717 1405//1716 1395//1704 
f 1405//1716 1404//1715 1394//1703 
f 1404//1715 1403//1714 1393//1702 
f 1403//1714 1402//1713 1392//1701 
f 1402//1713 1401//1712 1391//1700 
f 1401//1712 1400//1711 1390//1699 
f 1400//1711 1399//1710 1389//1698 
f 1399//1710 1336//1721 1335//1709 
f 1328//1708 1398//1707 1388//1695 
f 1398//1707 1397//1706 1387//1694 
f 1397//1706 1396//1705 1386//1693 
f 1396//1705 1395//1704 1385//1692 
f 1395//1704 1394//1703 1384//1691 
f 1394//1703 1393//1702 1383//1690 
f 1393//1702 1392//1701 1382//1689 
f 1392//1701 1391//1700 1381//1688 
f 1391//1700 1390//1699 1380//1687 
f 1390//1699 1389//1698 1379//1686 
f 1389//1698 1335//1709 1334//1697 
f 1327//1696 1388//1695 1378//1683 
f 1388//1695 1387//1694 1377//1682 
f 1387//1694 1386//1693 1376//1681 
f 1386//1693 1385//1692 1375//1680 
f 1385//1692 1384//1691 1374//1679 
f 1384//1691 1383//1690 1373//1678 
f 1383//1690 1382//1689 1372//1677 
f 1382//1689 1381//1688 1371//1676 
f 1381//1688 1380//1687 1370//1675 
f 1380//1687 1379//1686 1369//1674 
f 1379//1686 1334//1697 1333//1685 
f 1326//1684 1378//1683 1368//1670 
f 1378//1683 1377//1682 1366//1668 
f 1377//1682 1376//1681 1364//1666 
f 1376//1681 1375//1680 1362//1664 
f 1375//1680 1374//1679 1360//1662 
f 1374//1679 1373//1678 1358//1660 
f 1373//1678 1372//1677 1356//1658 
f 1372//1677 1371//1676 1354//1656 
f 1371//1676 1370//1675 1352//1654 
f 1370//1675 1369//1674 1350//1652 
f 1369//1674 1333//1685 1332//1673 
f 1325//1672 1368//1670 1367//1669 
f 1368//1670 1366//1668 1365//1667 
f 1366//1668 1364//1666 1363//1665 
f 1364//1666 1362//1664 1361//1663 
f 1362//1664 1360//1662 1359//1661 
f 1360//1662 1358//1660 1357//1659 
f 1358//1660 1356//1658 1355//1657 
f 1356//1658 1354//1656 1353//1655 
f 1354//1656 1352//1654 1351//1653 
f 1352//1654 1350//1652 1349//1651 
f 1350//1652 1332//1673 1331//1650 
f 1323//1671 1367//1669 1324//1746 
f 1367//1669 1365//1667 1324//1746 
f 1365//1667 1363//1665 1324//1746 
f 1363//1665 1361//1663 1324//1746 
f 1361//1663 1359//1661 1324//1746 
f 1359//1661 1357//1659 1324//1746 
f 1357//1659 1355//1657 1324//1746 
f 1355//1657 1353//1655 1324//1746 
f 1353//1655 1351//1653 1324//1746 
f 1351//1653 1349//1651 1324//1746 
f 1349//1651 1331//1650 1324//1746 
o mesh63
f 1337//1747 1348//1748 1419//1748 
f 1336//1749 1337//1747 1420//1750 
f 1335//1751 1336//1749 1421//1752 
f 1334//1753 1335//1751 1422//1754 
f 1333//1755 1334//1753 1423//1756 
f 1332//1757 1333//1755 1424//1758 
f 1331//1759 1332//1757 1425//1760 
f 1324//1761 1331//1759 1426//1762 
f 1426//1762 1427//1761 1324//1761 
f 1425//1760 1426//1762 1331//1759 
f 1424//1758 1425//1760 1332//1757 
f 1423//1756 1424//1758 1333//1755 
f 1422//1754 1423//1756 1334//1753 
f 1421//1752 1422//1754 1335//1751 
f 1420//1750 1421//1752 1336//1749 
f 1419//1748 1420//1750 1337//1747 
o mesh64
f 1348//1763 1428//1763 1429//1763 
f 1429//1763 1430//1763 1348//1763 
f 1430//1763 1419//1763 1348//1763 
o mesh65
f 1347//1764 1322//1765 1321//1765 
f 1346//1766 1347//1764 1431//1767 
f 1345//1768 1346//1766 1432//1769 
f 1344//1770 1345//1768 1433//1771 
f 1343//1772 1344//1770 1434//1773 
f 1342//1774 1343//1772 1435//1775 
f 1341//1776 1342//1774 1436//1777 
f 1340//1778 1341//1776 1437//1779 
f 1339//1780 1340//1778 1438//1781 
f 1338//1782 1339//1780 1439//1783 
f 1348//1784 1338//1782 1440//1785 
f 1440//1785 1428//1784 1348//1784 
f 1439//1783 1440//1785 1338//1782 
f 1438//1781 1439//1783 1339//1780 
f 1437//1779 1438//1781 1340//1778 
f 1436//1777 1437//1779 1341//1776 
f 1435//1775 1436//1777 1342//1774 
f 1434//1773 1435//1775 1343//1772 
f 1433//1771 1434//1773 1344//1770 
f 1432//1769 1433//1771 1345//1768 
f 1431//1767 1432//1769 1346//1766 
f 1321//1765 1431//1767 1347//1764 
o mesh66
f 1441//1786 1456//1787 1457//1788 
f 1456//1787 1458//1789 1459//1790 
f 1458//1789 1460//1791 1461//1792 
f 1460//1791 1462//1793 1463//1794 
f 1462//1793 1464//1795 1465//1796 
f 1464//1795 1466//1797 1467//1798 
f 1466//1797 1468//1799 1469//1800 
f 1468//1799 1470//1801 1471//1802 
f 1470//1801 1472//1803 1473//1804 
f 1472//1803 1474//1805 1475//1806 
f 1474//1805 1442//1807 1443//1808 
f 1444//1809 1457//1788 1476//1810 
f 1457//1788 1459//1790 1477//1811 
f 1459//1790 1461//1792 1478//1812 
f 1461//1792 1463//1794 1479//1813 
f 1463//1794 1465//1796 1480//1814 
f 1465//1796 1467//1798 1481//1815 
f 1467//1798 1469//1800 1482//1816 
f 1469//1800 1471//1802 1483//1817 
f 1471//1802 1473//1804 1484//1818 
f 1473//1804 1475//1806 1485//1819 
f 1475//1806 1443//1808 1445//1820 
f 1446//1821 1476//1810 1486//1822 
f 1476//1810 1477//1811 1487//1823 
f 1477//1811 1478//1812 1488//1824 
f 1478//1812 1479//1813 1489//1825 
f 1479//1813 1480//1814 1490//1826 
f 1480//1814 1481//1815 1491//1827 
f 1481//1815 1482//1816 1492//1828 
f 1482//1816 1483//1817 1493//1829 
f 1483//1817 1484//1818 1494//1830 
f 1484//1818 1485//1819 1495//1831 
f 1485//1819 1445//1820 1447//1832 
f 1448//1833 1486//1822 1496//1834 
f 1486//1822 1487//1823 1497//1835 
f 1487//1823 1488//1824 1498//1836 
f 1488//1824 1489//1825 1499//1837 
f 1489//1825 1490//1826 1500//1838 
f 1490//1826 1491//1827 1501//1839 
f 1491//1827 1492//1828 1502//1840 
f 1492//1828 1493//1829 1503//1841 
f 1493//1829 1494//1830 1504//1842 
f 1494//1830 1495//1831 1505//1843 
f 1495//1831 1447//1832 1449//1844 
f 1450//1845 1496//1834 1506//1846 
f 1496//1834 1497//1835 1507//1847 
f 1497//1835 1498//1836 1508//1848 
f 1498//1836 1499//1837 1509//1849 
f 1499//1837 1500//1838 1510//1850 
f 1500//1838 1501//1839 1511//1851 
f 1501//1839 1502//1840 1512//1852 
f 1502//1840 1503//1841 1513//1853 
f 1503//1841 1504//1842 1514//1854 
f 1504//1842 1505//1843 1515//1855 
f 1505//1843 1449//1844 1451//1856 
f 1452//1857 1506//1846 1516//1858 
f 1506//1846 1507//1847 1517//1859 
f 1507//1847 1508//1848 1518//1860 
f 1508//1848 1509//1849 1519//1861 
f 1509//1849 1510//1850 1520//1862 
f 1510//1850 1511//1851 1521//1863 
f 1511//1851 1512//1852 1522//1864 
f 1512//1852 1513//1853 1523//1865 
f 1513//1853 1514//1854 1524//1866 
f 1514//1854 1515//1855 1525//1867 
f 1515//1855 1451//1856 1453//1868 
f 1454//1869 1516//1858 1431//1870 
f 1516//1858 1517//1859 1432//1871 
f 1517//1859 1518//1860 1433//1872 
f 1518//1860 1519//1861 1434//1873 
f 1519//1861 1520//1862 1435//1874 
f 1520//1862 1521//1863 1436//1875 
f 1521//1863 1522//1864 1437//1876 
f 1522//1864 1523//1865 1438//1877 
f 1523//1865 1524//1866 1439//1878 
f 1524//1866 1525//1867 1440//1879 
f 1525//1867 1453//1868 1428//1880 
f 1428//1880 1440//1879 1525//1867 
f 1440//1879 1439//1878 1524//1866 
f 1439//1878 1438//1877 1523//1865 
f 1438//1877 1437//1876 1522//1864 
f 1437//1876 1436//1875 1521//1863 
f 1436//1875 1435//1874 1520//1862 
f 1435//1874 1434//1873 1519//1861 
f 1434//1873 1433//1872 1518//1860 
f 1433//1872 1432//1871 1517//1859 
f 1432//1871 1431//1870 1516//1858 
f 1431//1870 1321//1881 1454//1869 
f 1453//1868 1525//1867 1515//1855 
f 1525//1867 1524//1866 1514//1854 
f 1524//1866 1523//1865 1513//1853 
f 1523//1865 1522//1864 1512//1852 
f 1522//1864 1521//1863 1511//1851 
f 1521//1863 1520//1862 1510//1850 
f 1520//1862 1519//1861 1509//1849 
f 1519//1861 1518//1860 1508//1848 
f 1518//1860 1517//1859 1507//1847 
f 1517//1859 1516//1858 1506//1846 
f 1516//1858 1454//1869 1452//1857 
f 1451//1856 1515//1855 1505//1843 
f 1515//1855 1514//1854 1504//1842 
f 1514//1854 1513//1853 1503//1841 
f 1513//1853 1512//1852 1502//1840 
f 1512//1852 1511//1851 1501//1839 
f 1511//1851 1510//1850 1500//1838 
f 1510//1850 1509//1849 1499//1837 
f 1509//1849 1508//1848 1498//1836 
f 1508//1848 1507//1847 1497//1835 
f 1507//1847 1506//1846 1496//1834 
f 1506//1846 1452//1857 1450//1845 
f 1449//1844 1505//1843 1495//1831 
f 1505//1843 1504//1842 1494//1830 
f 1504//1842 1503//1841 1493//1829 
f 1503//1841 1502//1840 1492//1828 
f 1502//1840 1501//1839 1491//1827 
f 1501//1839 1500//1838 1490//1826 
f 1500//1838 1499//1837 1489//1825 
f 1499//1837 1498//1836 1488//1824 
f 1498//1836 1497//1835 1487//1823 
f 1497//1835 1496//1834 1486//1822 
f 1496//1834 1450//1845 1448//1833 
f 1447//1832 1495//1831 1485//1819 
f 1495//1831 1494//1830 1484//1818 
f 1494//1830 1493//1829 1483//1817 
f 1493//1829 1492//1828 1482//1816 
f 1492//1828 1491//1827 1481//1815 
f 1491//1827 1490//1826 1480//1814 
f 1490//1826 1489//1825 1479//1813 
f 1489//1825 1488//1824 1478//1812 
f 1488//1824 1487//1823 1477//1811 
f 1487//1823 1486//1822 1476//1810 
f 1486//1822 1448//1833 1446//1821 
f 1445//1820 1485//1819 1475//1806 
f 1485//1819 1484//1818 1473//1804 
f 1484//1818 1483//1817 1471//1802 
f 1483//1817 1482//1816 1469//1800 
f 1482//1816 1481//1815 1467//1798 
f 1481//1815 1480//1814 1465//1796 
f 1480//1814 1479//1813 1463//1794 
f 1479//1813 1478//1812 1461//1792 
f 1478//1812 1477//1811 1459//1790 
f 1477//1811 1476//1810 1457//1788 
f 1476//1810 1446//1821 1444//1809 
f 1443//1808 1475//1806 1474//1805 
f 1475//1806 1473//1804 1472//1803 
f 1473//1804 1471//1802 1470//1801 
f 1471//1802 1469//1800 1468//1799 
f 1469//1800 1467//1798 1466//1797 
f 1467//1798 1465//1796 1464//1795 
f 1465//1796 1463//1794 1462//1793 
f 1463//1794 1461//1792 1460//1791 
f 1461//1792 1459//1790 1458//1789 
f 1459//1790 1457//1788 1456//1787 
f 1457//1788 1444//1809 1441//1786 
f 1442//1807 1474//1805 1455//1882 
f 1474//1805 1472//1803 1455//1882 
f 1472//1803 1470//1801 1455//1882 
f 1470//1801 1468//1799 1455//1882 
f 1468//1799 1466//1797 1455//1882 
f 1466//1797 1464//1795 1455//1882 
f 1464//1795 1462//1793 1455//1882 
f 1462//1793 1460//1791 1455//1882 
f 1460//1791 1458//1789 1455//1882 
f 1458//1789 1456//1787 1455//1882 
f 1456//1787 1441//1786 1455//1882 
o mesh67
f 1444//1883 1526//1884 1527//1885 
f 1444//1883 1528//1886 1526//1884 
f 1441//1887 1527//1885 1529//1888 
f 1454//1889 1321//1890 1280//1891 
f 1280//1891 1281//1892 1454//1889 
f 1281//1892 1285//1893 1454//1889 
f 1452//1894 1282//1895 1284//1896 
f 1452//1894 1454//1889 1283//1897 
f 1283//1897 1282//1895 1452//1894 
f 1450//1898 1286//1899 1288//1900 
f 1450//1898 1452//1894 1287//1901 
f 1287//1901 1286//1899 1450//1898 
f 1448//1902 1289//1903 1291//1904 
f 1448//1902 1450//1898 1290//1905 
f 1290//1905 1289//1903 1448//1902 
f 1446//1906 1292//1907 1294//1908 
f 1294//1908 1295//1909 1446//1906 
f 1446//1906 1448//1902 1293//1910 
f 1293//1910 1292//1907 1446//1906 
f 1446//1906 1297//1911 1528//1886 
f 1297//1911 1296//1912 1528//1886 
f 1528//1886 1444//1883 1446//1906 
f 1295//1909 1297//1911 1446//1906 
f 1291//1904 1293//1910 1448//1902 
f 1288//1900 1290//1905 1450//1898 
f 1284//1896 1287//1901 1452//1894 
f 1285//1893 1283//1897 1454//1889 
f 1529//1888 1455//1913 1441//1887 
f 1527//1885 1441//1887 1444//1883 
o mesh68
f 1455//1913 1530//1913 1531//1914 
f 1531//1914 1442//1915 1455//1913 
f 1442//1915 1532//1915 1533//1916 
f 1533//1916 1443//1917 1442//1915 
f 1445//1918 1443//1917 1534//1917 
f 1534//1917 1535//1919 1445//1918 
f 1447//1920 1445//1918 1536//1921 
f 1449//1922 1447//1920 1537//1923 
f 1451//1924 1449//1922 1538//1925 
f 1453//1926 1451//1924 1539//1927 
f 1428//1928 1453//1926 1540//1929 
f 1540//1929 1429//1928 1428//1928 
f 1539//1927 1540//1929 1453//1926 
f 1538//1925 1539//1927 1451//1924 
f 1537//1923 1538//1925 1449//1922 
f 1536//1921 1537//1923 1447//1920 
f 1535//1919 1536//1921 1445//1918 
f 1533//1916 1534//1917 1443//1917 
f 1531//1914 1532//1915 1442//1915 
o mesh69
f 1530//1930 1455//1930 1529//1930 
o mesh70
f 654//1931 1541//1931 1542//1931 
f 654//1931 1543//1931 1541//1931 
f 655//1931 1544//1931 1543//1931 
f 653//1931 1542//1931 1545//1931 
f 1543//1931 654//1931 655//1931 
f 714//1931 1546//1931 1547//1931 
f 729//1931 1548//1931 1546//1931 
f 652//1931 1545//1931 1549//1931 
f 1542//1931 653//1931 654//1931 
f 1546//1931 714//1931 729//1931 
f 734//1931 1550//1931 1548//1931 
f 1267//1931 1551//1931 1552//1931 
f 1266//1931 1553//1931 1551//1931 
f 1278//1931 1554//1931 1553//1931 
f 1545//1931 652//1931 653//1931 
f 656//1931 1547//1931 1544//1931 
f 1548//1931 729//1931 734//1931 
f 733//1931 1555//1931 1550//1931 
f 1229//1931 1556//1931 1557//1931 
f 1247//1931 1558//1931 1559//1931 
f 1262//1931 1552//1931 1558//1931 
f 1551//1931 1267//1931 1266//1931 
f 1278//1931 1560//1931 1554//1931 
f 1544//1931 655//1931 656//1931 
f 1550//1931 734//1931 733//1931 
f 1229//1931 1561//1931 1556//1931 
f 1235//1931 1562//1931 1561//1931 
f 1238//1931 1559//1931 1562//1931 
f 1558//1931 1247//1931 1262//1931 
f 1553//1931 1266//1931 1278//1931 
f 651//1931 1549//1931 1563//1931 
f 1547//1931 656//1931 714//1931 
f 739//1931 1564//1931 1555//1931 
f 1027//1931 1565//1931 1566//1931 
f 1273//1931 1567//1931 1565//1931 
f 1274//1931 1568//1931 1567//1931 
f 1275//1931 1569//1931 1568//1931 
f 1223//1931 1570//1931 1569//1931 
f 1222//1931 1571//1931 1570//1931 
f 1226//1931 1557//1931 1571//1931 
f 1561//1931 1229//1931 1235//1931 
f 1559//1931 1238//1931 1247//1931 
f 1278//1931 1572//1931 1560//1931 
f 1278//1931 1573//1931 1574//1931 
f 1575//1931 982//1931 983//1931 
f 657//1931 1576//1931 1577//1931 
f 663//1931 1578//1931 1576//1931 
f 1549//1931 651//1931 652//1931 
f 739//1931 1579//1931 1564//1931 
f 739//1931 1580//1931 1581//1931 
f 739//1931 1575//1931 1582//1931 
f 1427//1931 1573//1931 1278//1931 
f 1027//1931 1583//1931 1584//1931 
f 1565//1931 1027//1931 1273//1931 
f 1568//1931 1274//1931 1275//1931 
f 1570//1931 1223//1931 1222//1931 
f 1557//1931 1226//1931 1229//1931 
f 1552//1931 1262//1931 1267//1931 
f 1574//1931 1585//1931 1278//1931 
f 1575//1931 981//1931 982//1931 
f 981//1931 1575//1931 739//1931 
f 1576//1931 657//1931 663//1931 
f 666//1931 1563//1931 1578//1931 
f 1555//1931 733//1931 739//1931 
f 1582//1931 1580//1931 739//1931 
f 1427//1931 1586//1931 1573//1931 
f 1027//1931 1587//1931 1583//1931 
f 1567//1931 1273//1931 1274//1931 
f 1571//1931 1222//1931 1226//1931 
f 1585//1931 1572//1931 1278//1931 
f 1135//1931 1588//1931 1589//1931 
f 1590//1931 1135//1931 1003//1931 
f 739//1931 753//1931 981//1931 
f 1135//1931 1591//1931 1575//1931 
f 660//1931 1592//1931 1593//1931 
f 1578//1931 663//1931 666//1931 
f 1581//1931 1579//1931 739//1931 
f 1427//1931 1594//1931 1586//1931 
f 1566//1931 1587//1931 1027//1931 
f 1562//1931 1235//1931 1238//1931 
f 1589//1931 1427//1931 1135//1931 
f 1003//1931 1027//1931 1590//1931 
f 1575//1931 1003//1931 1135//1931 
f 1593//1931 1595//1931 660//1931 
f 1563//1931 666//1931 651//1931 
f 1135//1931 807//1931 660//1931 
f 1278//1931 1320//1931 1427//1931 
f 1569//1931 1275//1931 1223//1931 
f 1590//1931 1588//1931 1135//1931 
f 1135//1931 1596//1931 1591//1931 
f 1595//1931 1597//1931 660//1931 
f 1577//1931 660//1931 657//1931 
f 1135//1931 1598//1931 1599//1931 
f 660//1931 1600//1931 1135//1931 
f 1584//1931 1590//1931 1027//1931 
f 983//1931 1003//1931 1575//1931 
f 1577//1931 1592//1931 660//1931 
f 1600//1931 1598//1931 1135//1931 
f 1589//1931 1594//1931 1427//1931 
f 1599//1931 1596//1931 1135//1931 
f 1597//1931 1600//1931 660//1931 
f 1320//1931 1324//1931 1427//1931 
o mesh71
f 1601//1932 1602//1933 1564//1933 
f 1603//1934 1601//1932 1579//1935 
f 1604//1936 1603//1934 1581//1937 
f 1605//1938 1604//1936 1580//1939 
f 1606//1940 1605//1938 1582//1941 
f 1607//1942 1606//1940 1575//1943 
f 1608//1944 1607//1942 1591//1945 
f 1609//1946 1608//1944 1596//1947 
f 1610//1948 1609//1946 1599//1949 
f 1611//1950 1610//1948 1598//1951 
f 1612//1952 1611//1950 1600//1953 
f 1613//1954 1612//1952 1597//1955 
f 1614//1956 1613//1954 1595//1957 
f 1615//1958 1614//1956 1593//1959 
f 1616//1960 1615//1958 1592//1961 
f 1617//1962 1616//1960 1577//1963 
f 1618//1964 1617//1962 1576//1965 
f 1619//1966 1618//1964 1578//1967 
f 1620//1968 1619//1966 1563//1969 
f 1621//1970 1620//1968 1549//1971 
f 1622//1972 1621//1970 1545//1973 
f 1622//1972 1542//1972 1541//1974 
f 1541//1974 1623//1975 1622//1972 
f 1624//1976 1623//1975 1543//1975 
f 1625//1977 1624//1976 1544//1976 
f 1626//1978 1625//1977 1547//1977 
f 1627//1979 1626//1978 1546//1978 
f 1628//1980 1627//1979 1548//1979 
f 1629//1981 1628//1980 1550//1980 
f 1602//1933 1629//1981 1555//1981 
f 1555//1981 1564//1933 1602//1933 
f 1550//1980 1555//1981 1629//1981 
f 1548//1979 1550//1980 1628//1980 
f 1546//1978 1548//1979 1627//1979 
f 1547//1977 1546//1978 1626//1978 
f 1544//1976 1547//1977 1625//1977 
f 1543//1975 1544//1976 1624//1976 
f 1541//1974 1543//1975 1623//1975 
f 1545//1973 1542//1972 1622//1972 
f 1549//1971 1545//1973 1621//1970 
f 1563//1969 1549//1971 1620//1968 
f 1578//1967 1563//1969 1619//1966 
f 1576//1965 1578//1967 1618//1964 
f 1577//1963 1576//1965 1617//1962 
f 1592//1961 1577//1963 1616//1960 
f 1593//1959 1592//1961 1615//1958 
f 1595//1957 1593//1959 1614//1956 
f 1597//1955 1595//1957 1613//1954 
f 1600//1953 1597//1955 1612//1952 
f 1598//1951 1600//1953 1611//1950 
f 1599//1949 1598//1951 1610//1948 
f 1596//1947 1599//1949 1609//1946 
f 1591//1945 1596//1947 1608//1944 
f 1575//1943 1591//1945 1607//1942 
f 1582//1941 1575//1943 1606//1940 
f 1580//1939 1582//1941 1605//1938 
f 1581//1937 1580//1939 1604//1936 
f 1579//1935 1581//1937 1603//1934 
f 1564//1933 1579//1935 1601//1932 
o mesh72
f 1630//1982 1631//1983 1554//1983 
f 1632//1984 1630//1982 1560//1985 
f 1633//1986 1632//1984 1572//1987 
f 1634//1988 1633//1986 1585//1989 
f 1635//1990 1634//1988 1574//1991 
f 1636//1992 1635//1990 1573//1993 
f 1637//1994 1636//1992 1586//1995 
f 1638//1996 1637//1994 1594//1997 
f 1639//1998 1638//1996 1589//1999 
f 1640//2000 1639//1998 1588//2001 
f 1641//2002 1640//2000 1590//2003 
f 1642//2004 1641//2002 1584//2005 
f 1643//2006 1642//2004 1583//2007 
f 1644//2008 1643//2006 1587//2009 
f 1645//2010 1644//2008 1566//2011 
f 1646//2012 1645//2010 1565//2013 
f 1647//2014 1646//2012 1567//2015 
f 1648//2016 1647//2014 1568//2017 
f 1649//2018 1648//2016 1569//2019 
f 1650//2020 1649//2018 1570//2021 
f 1651//2022 1650//2020 1571//2023 
f 1651//2022 1557//2022 1556//2024 
f 1556//2024 1652//2025 1651//2022 
f 1653//2026 1652//2025 1561//2025 
f 1654//2027 1653//2026 1562//2026 
f 1655//2028 1654//2027 1559//2027 
f 1656//2029 1655//2028 1558//2028 
f 1657//2030 1656//2029 1552//2029 
f 1658//2031 1657//2030 1551//2030 
f 1631//1983 1658//2031 1553//2031 
f 1553//2031 1554//1983 1631//1983 
f 1551//2030 1553//2031 1658//2031 
f 1552//2029 1551//2030 1657//2030 
f 1558//2028 1552//2029 1656//2029 
f 1559//2027 1558//2028 1655//2028 
f 1562//2026 1559//2027 1654//2027 
f 1561//2025 1562//2026 1653//2026 
f 1556//2024 1561//2025 1652//2025 
f 1571//2023 1557//2022 1651//2022 
f 1570//2021 1571//2023 1650//2020 
f 1569//2019 1570//2021 1649//2018 
f 1568//2017 1569//2019 1648//2016 
f 1567//2015 1568//2017 1647//2014 
f 1565//2013 1567//2015 1646//2012 
f 1566//2011 1565//2013 1645//2010 
f 1587//2009 1566//2011 1644//2008 
f 1583//2007 1587//2009 1643//2006 
f 1584//2005 1583//2007 1642//2004 
f 1590//2003 1584//2005 1641//2002 
f 1588//2001 1590//2003 1640//2000 
f 1589//1999 1588//2001 1639//1998 
f 1594//1997 1589//1999 1638//1996 
f 1586//1995 1594//1997 1637//1994 
f 1573//1993 1586//1995 1636//1992 
f 1574//1991 1573//1993 1635//1990 
f 1585//1989 1574//1991 1634//1988 
f 1572//1987 1585//1989 1633//1986 
f 1560//1985 1572//1987 1632//1984 
f 1554//1983 1560//1985 1630//1982 
o mesh73
f 1603//2032 1645//2032 1646//2032 
f 1603//2032 1644//2032 1645//2032 
f 1659//2032 1660//2032 1661//2032 
f 1643//2032 1605//2032 1606//2032 
f 1603//2032 1643//2032 1644//2032 
f 1653//2032 1662//2032 1627//2032 
f 1661//2032 1663//2032 1659//2032 
f 1664//2032 1665//2032 1666//2032 
f 1667//2032 1608//2032 1609//2032 
f 1643//2032 1604//2032 1605//2032 
f 1646//2032 1601//2032 1603//2032 
f 1668//2032 1662//2032 1654//2032 
f 1627//2032 1628//2032 1653//2032 
f 1660//2032 1669//2032 1661//2032 
f 1666//2032 1670//2032 1664//2032 
f 1667//2032 1610//2032 1611//2032 
f 1667//2032 1607//2032 1608//2032 
f 1603//2032 1604//2032 1643//2032 
f 1654//2032 1655//2032 1668//2032 
f 1662//2032 1626//2032 1627//2032 
f 1623//2032 1671//2032 1672//2032 
f 1673//2032 1674//2032 1675//2032 
f 1673//2032 1676//2032 1677//2032 
f 1664//2032 1678//2032 1679//2032 
f 1670//2032 1680//2032 1659//2032 
f 1666//2032 1681//2032 1670//2032 
f 1609//2032 1610//2032 1667//2032 
f 1606//2032 1667//2032 1643//2032 
f 1667//2032 1639//2032 1640//2032 
f 1667//2032 1668//2032 1637//2032 
f 1653//2032 1654//2032 1662//2032 
f 1623//2032 1682//2032 1671//2032 
f 1677//2032 1674//2032 1673//2032 
f 1679//2032 1673//2032 1664//2032 
f 1660//2032 1683//2032 1669//2032 
f 1681//2032 1684//2032 1670//2032 
f 1602//2032 1650//2032 1651//2032 
f 1601//2032 1646//2032 1647//2032 
f 1606//2032 1607//2032 1667//2032 
f 1640//2032 1641//2032 1667//2032 
f 1668//2032 1636//2032 1637//2032 
f 1668//2032 1634//2032 1635//2032 
f 1668//2032 1632//2032 1633//2032 
f 1668//2032 1656//2032 1657//2032 
f 1662//2032 1625//2032 1626//2032 
f 1672//2032 1621//2032 1622//2032 
f 1668//2032 1673//2032 1685//2032 
f 1673//2032 1686//2032 1687//2032 
f 1679//2032 1676//2032 1673//2032 
f 1664//2032 1688//2032 1689//2032 
f 1664//2032 1670//2032 1690//2032 
f 1684//2032 1680//2032 1670//2032 
f 1651//2032 1652//2032 1602//2032 
f 1602//2032 1648//2032 1649//2032 
f 1611//2032 1612//2032 1667//2032 
f 1641//2032 1642//2032 1667//2032 
f 1637//2032 1638//2032 1667//2032 
f 1633//2032 1634//2032 1668//2032 
f 1668//2032 1631//2032 1630//2032 
f 1657//2032 1658//2032 1668//2032 
f 1662//2032 1624//2032 1625//2032 
f 1672//2032 1622//2032 1623//2032 
f 1624//2032 1662//2032 1691//2032 
f 1685//2032 1692//2032 1668//2032 
f 1687//2032 1693//2032 1673//2032 
f 1689//2032 1678//2032 1664//2032 
f 1663//2032 1670//2032 1659//2032 
f 1660//2032 1694//2032 1695//2032 
f 1664//2032 1696//2032 1697//2032 
f 1664//2032 1698//2032 1699//2032 
f 1667//2032 1700//2032 1701//2032 
f 1667//2032 1615//2032 1616//2032 
f 1649//2032 1650//2032 1602//2032 
f 1648//2032 1602//2032 1601//2032 
f 1638//2032 1639//2032 1667//2032 
f 1630//2032 1632//2032 1668//2032 
f 1653//2032 1628//2032 1629//2032 
f 1655//2032 1656//2032 1668//2032 
f 1691//2032 1682//2032 1624//2032 
f 1672//2032 1619//2032 1620//2032 
f 1668//2032 1702//2032 1703//2032 
f 1673//2032 1704//2032 1685//2032 
f 1675//2032 1686//2032 1673//2032 
f 1695//2032 1683//2032 1660//2032 
f 1699//2032 1696//2032 1664//2032 
f 1664//2032 1705//2032 1706//2032 
f 1701//2032 1664//2032 1667//2032 
f 1616//2032 1707//2032 1667//2032 
f 1667//2032 1613//2032 1614//2032 
f 1647//2032 1648//2032 1601//2032 
f 1635//2032 1636//2032 1668//2032 
f 1658//2032 1631//2032 1668//2032 
f 1620//2032 1621//2032 1672//2032 
f 1672//2032 1616//2032 1617//2032 
f 1668//2032 1708//2032 1702//2032 
f 1668//2032 1709//2032 1710//2032 
f 1673//2032 1711//2032 1704//2032 
f 1690//2032 1688//2032 1664//2032 
f 1664//2032 1712//2032 1698//2032 
f 1660//2032 1713//2032 1714//2032 
f 1664//2032 1715//2032 1705//2032 
f 1667//2032 1716//2032 1700//2032 
f 1667//2032 1707//2032 1717//2032 
f 1616//2032 1672//2032 1718//2032 
f 1667//2032 1612//2032 1613//2032 
f 1642//2032 1643//2032 1667//2032 
f 1623//2032 1624//2032 1682//2032 
f 1617//2032 1618//2032 1672//2032 
f 1702//2032 1660//2032 1703//2032 
f 1692//2032 1709//2032 1668//2032 
f 1697//2032 1665//2032 1664//2032 
f 1660//2032 1702//2032 1713//2032 
f 1664//2032 1719//2032 1715//2032 
f 1667//2032 1720//2032 1716//2032 
f 1616//2032 1718//2032 1707//2032 
f 1652//2032 1653//2032 1602//2032 
f 1618//2032 1619//2032 1672//2032 
f 1710//2032 1708//2032 1668//2032 
f 1714//2032 1694//2032 1660//2032 
f 1701//2032 1719//2032 1664//2032 
f 1614//2032 1615//2032 1667//2032 
f 1703//2032 1662//2032 1668//2032 
f 1706//2032 1712//2032 1664//2032 
f 1629//2032 1602//2032 1653//2032 
f 1717//2032 1720//2032 1667//2032 
f 1693//2032 1711//2032 1673//2032 
o mesh74
f 1703//2033 1660//2034 1721//2034 
f 1662//2035 1703//2033 1722//2036 
f 1691//2037 1662//2035 1723//2038 
f 1682//2039 1691//2037 1724//2040 
f 1671//2041 1682//2039 1725//2042 
f 1672//2043 1671//2041 1726//2044 
f 1718//2045 1672//2043 1727//2046 
f 1707//2047 1718//2045 1728//2048 
f 1717//2049 1707//2047 1729//2050 
f 1720//2051 1717//2049 1730//2052 
f 1716//2053 1720//2051 1731//2054 
f 1700//2055 1716//2053 1732//2056 
f 1701//2057 1700//2055 1733//2058 
f 1719//2059 1701//2057 1734//2060 
f 1715//2061 1719//2059 1735//2062 
f 1705//2063 1715//2061 1736//2064 
f 1706//2065 1705//2063 1737//2066 
f 1712//2067 1706//2065 1738//2068 
f 1698//2069 1712//2067 1739//2070 
f 1699//2071 1698//2069 1740//2072 
f 1696//2073 1699//2071 1741//2074 
f 1696//2073 1742//2073 1743//2075 
f 1743//2075 1697//2076 1696//2073 
f 1665//2077 1697//2076 1744//2076 
f 1666//2078 1665//2077 1745//2077 
f 1681//2079 1666//2078 1746//2078 
f 1684//2080 1681//2079 1747//2079 
f 1680//2081 1684//2080 1748//2080 
f 1659//2082 1680//2081 1749//2081 
f 1660//2034 1659//2082 1750//2082 
f 1750//2082 1721//2034 1660//2034 
f 1749//2081 1750//2082 1659//2082 
f 1748//2080 1749//2081 1680//2081 
f 1747//2079 1748//2080 1684//2080 
f 1746//2078 1747//2079 1681//2079 
f 1745//2077 1746//2078 1666//2078 
f 1744//2076 1745//2077 1665//2077 
f 1743//2075 1744//2076 1697//2076 
f 1741//2074 1742//2073 1696//2073 
f 1740//2072 1741//2074 1699//2071 
f 1739//2070 1740//2072 1698//2069 
f 1738//2068 1739//2070 1712//2067 
f 1737//2066 1738//2068 1706//2065 
f 1736//2064 1737//2066 1705//2063 
f 1735//2062 1736//2064 1715//2061 
f 1734//2060 1735//2062 1719//2059 
f 1733//2058 1734//2060 1701//2057 
f 1732//2056 1733//2058 1700//2055 
f 1731//2054 1732//2056 1716//2053 
f 1730//2052 1731//2054 1720//2051 
f 1729//2050 1730//2052 1717//2049 
f 1728//2048 1729//2050 1707//2047 
f 1727//2046 1728//2048 1718//2045 
f 1726//2044 1727//2046 1672//2043 
f 1725//2042 1726//2044 1671//2041 
f 1724//2040 1725//2042 1682//2039 
f 1723//2038 1724//2040 1691//2037 
f 1722//2036 1723//2038 1662//2035 
f 1721//2034 1722//2036 1703//2033 
o mesh75
f 1704//2083 1711//2084 1751//2084 
f 1685//2085 1704//2083 1752//2086 
f 1692//2087 1685//2085 1753//2088 
f 1709//2089 1692//2087 1754//2090 
f 1710//2091 1709//2089 1755//2092 
f 1708//2093 1710//2091 1756//2094 
f 1702//2095 1708//2093 1757//2096 
f 1713//2097 1702//2095 1758//2098 
f 1714//2099 1713//2097 1759//2100 
f 1694//2101 1714//2099 1760//2102 
f 1695//2103 1694//2101 1761//2104 
f 1683//2105 1695//2103 1762//2106 
f 1669//2107 1683//2105 1763//2108 
f 1661//2109 1669//2107 1764//2110 
f 1663//2111 1661//2109 1765//2112 
f 1670//2113 1663//2111 1766//2114 
f 1690//2115 1670//2113 1767//2116 
f 1688//2117 1690//2115 1768//2118 
f 1689//2119 1688//2117 1769//2120 
f 1678//2121 1689//2119 1770//2122 
f 1679//2123 1678//2121 1771//2124 
f 1679//2123 1772//2123 1773//2125 
f 1773//2125 1676//2126 1679//2123 
f 1677//2127 1676//2126 1774//2126 
f 1674//2128 1677//2127 1775//2127 
f 1675//2129 1674//2128 1776//2128 
f 1686//2130 1675//2129 1777//2129 
f 1687//2131 1686//2130 1778//2130 
f 1693//2132 1687//2131 1779//2131 
f 1711//2084 1693//2132 1780//2132 
f 1780//2132 1751//2084 1711//2084 
f 1779//2131 1780//2132 1693//2132 
f 1778//2130 1779//2131 1687//2131 
f 1777//2129 1778//2130 1686//2130 
f 1776//2128 1777//2129 1675//2129 
f 1775//2127 1776//2128 1674//2128 
f 1774//2126 1775//2127 1677//2127 
f 1773//2125 1774//2126 1676//2126 
f 1771//2124 1772//2123 1679//2123 
f 1770//2122 1771//2124 1678//2121 
f 1769//2120 1770//2122 1689//2119 
f 1768//2118 1769//2120 1688//2117 
f 1767//2116 1768//2118 1690//2115 
f 1766//2114 1767//2116 1670//2113 
f 1765//2112 1766//2114 1663//2111 
f 1764//2110 1765//2112 1661//2109 
f 1763//2108 1764//2110 1669//2107 
f 1762//2106 1763//2108 1683//2105 
f 1761//2104 1762//2106 1695//2103 
f 1760//2102 1761//2104 1694//2101 
f 1759//2100 1760//2102 1714//2099 
f 1758//2098 1759//2100 1713//2097 
f 1757//2096 1758//2098 1702//2095 
f 1756//2094 1757//2096 1708//2093 
f 1755//2092 1756//2094 1710//2091 
f 1754//2090 1755//2092 1709//2089 
f 1753//2088 1754//2090 1692//2087 
f 1752//2086 1753//2088 1685//2085 
f 1751//2084 1752//2086 1704//2083 
o mesh76
f 1781//2133 1782//2133 1783//2133 
f 1781//2133 1784//2133 1782//2133 
f 1785//2133 1786//2133 1787//2133 
f 1788//2133 1789//2133 1790//2133 
f 1783//2133 1791//2133 1781//2133 
f 1787//2133 1792//2133 1785//2133 
f 1786//2133 1785//2133 1793//2133 
f 1791//2133 1788//2133 1781//2133 
f 1793//2133 1794//2133 1786//2133 
f 1667//2133 1664//2133 1781//2133 
f 1781//2133 1664//2133 1784//2133 
f 1789//2133 1794//2133 1793//2133 
f 1792//2133 1795//2133 1785//2133 
f 1790//2133 1781//2133 1788//2133 
f 1795//2133 1667//2133 1785//2133 
f 1793//2133 1790//2133 1789//2133 
f 1781//2133 1785//2133 1667//2133 
o mesh77
f 1796//2134 1797//2134 1785//2134 
f 1785//2134 1781//2134 1796//2134 
o mesh78
f 1796//2135 1781//2135 1798//2135 
f 1781//2135 1790//2135 1798//2135 
f 1798//2135 1799//2135 1796//2135 
o mesh79
f 1797//2136 1800//2136 1801//2136 
f 1801//2136 1785//2136 1797//2136 
f 1801//2136 1793//2136 1785//2136 
o mesh80
f 1796//2137 1799//2137 1800//2137 
f 1800//2137 1797//2137 1796//2137 
o mesh81
f 1793//2138 1801//2138 1798//2138 
f 1798//2138 1790//2138 1793//2138 
o mesh82
f 1800//2139 1799//2139 1802//2139 
f 1802//2139 1803//2139 1800//2139 
f 1804//2139 1805//2139 1799//2139 
f 1799//2139 1805//2139 1802//2139 
f 1803//2139 1806//2139 1800//2139 
f 1807//2139 1801//2139 1800//2139 
f 1800//2139 1806//2139 1807//2139 
f 1799//2139 1798//2139 1804//2139 
o mesh83
f 1806//2140 1808//2140 1809//2140 
f 1809//2140 1807//2140 1806//2140 
o mesh84
f 1804//2141 1810//2141 1811//2141 
f 1811//2141 1805//2141 1804//2141 
o mesh85
f 1801//2142 1807//2142 1809//2142 
f 1801//2142 1812//2142 1810//2142 
f 1809//2142 1813//2142 1814//2142 
f 1810//2142 1798//2142 1801//2142 
f 1814//2142 1815//2142 1809//2142 
f 1810//2142 1804//2142 1798//2142 
f 1810//2142 1816//2142 1817//2142 
f 1810//2142 1812//2142 1818//2142 
f 1809//2142 1812//2142 1801//2142 
f 1818//2142 1816//2142 1810//2142 
f 1817//2142 1819//2142 1810//2142 
f 1815//2142 1812//2142 1809//2142 
o mesh86
f 1813//2143 1820//2143 1821//2143 
f 1821//2143 1814//2143 1813//2143 
o mesh87
f 1822//2144 1819//2144 1817//2144 
f 1817//2144 1823//2144 1822//2144 
o mesh88
f 1813//2145 1824//2145 1825//2145 
f 1809//2145 1826//2145 1827//2145 
f 1825//2145 1828//2145 1813//2145 
f 1809//2145 1829//2145 1826//2145 
f 1808//2145 1830//2145 1831//2145 
f 1808//2145 1832//2145 1833//2145 
f 1820//2145 1813//2145 1834//2145 
f 1813//2145 1835//2145 1824//2145 
f 1827//2145 1836//2145 1809//2145 
f 1833//2145 1830//2145 1808//2145 
f 1834//2145 1837//2145 1820//2145 
f 1828//2145 1838//2145 1813//2145 
f 1809//2145 1839//2145 1829//2145 
f 1808//2145 1840//2145 1839//2145 
f 1831//2145 1841//2145 1808//2145 
f 1808//2145 1820//2145 1842//2145 
f 1820//2145 1843//2145 1844//2145 
f 1820//2145 1845//2145 1846//2145 
f 1837//2145 1847//2145 1820//2145 
f 1813//2145 1848//2145 1835//2145 
f 1836//2145 1849//2145 1809//2145 
f 1808//2145 1850//2145 1840//2145 
f 1842//2145 1832//2145 1808//2145 
f 1846//2145 1843//2145 1820//2145 
f 1838//2145 1834//2145 1813//2145 
f 1813//2145 1809//2145 1851//2145 
f 1839//2145 1809//2145 1808//2145 
f 1844//2145 1842//2145 1820//2145 
f 1851//2145 1848//2145 1813//2145 
f 1849//2145 1852//2145 1809//2145 
f 1847//2145 1845//2145 1820//2145 
f 1841//2145 1850//2145 1808//2145 
f 1852//2145 1851//2145 1809//2145 
o mesh89
f 1819//2145 1853//2145 1854//2145 
f 1819//2145 1855//2145 1853//2145 
f 1822//2145 1856//2145 1857//2145 
f 1822//2145 1858//2145 1859//2145 
f 1811//2145 1810//2145 1860//2145 
f 1810//2145 1861//2145 1862//2145 
f 1819//2145 1857//2145 1855//2145 
f 1822//2145 1863//2145 1856//2145 
f 1859//2145 1864//2145 1822//2145 
f 1865//2145 1866//2145 1867//2145 
f 1860//2145 1868//2145 1811//2145 
f 1862//2145 1869//2145 1810//2145 
f 1819//2145 1870//2145 1871//2145 
f 1857//2145 1819//2145 1822//2145 
f 1864//2145 1872//2145 1822//2145 
f 1867//2145 1811//2145 1865//2145 
f 1868//2145 1873//2145 1811//2145 
f 1869//2145 1874//2145 1810//2145 
f 1854//2145 1870//2145 1819//2145 
f 1872//2145 1875//2145 1822//2145 
f 1811//2145 1876//2145 1865//2145 
f 1874//2145 1860//2145 1810//2145 
f 1810//2145 1877//2145 1878//2145 
f 1875//2145 1863//2145 1822//2145 
f 1867//2145 1879//2145 1858//2145 
f 1811//2145 1880//2145 1876//2145 
f 1878//2145 1861//2145 1810//2145 
f 1858//2145 1822//2145 1867//2145 
f 1873//2145 1880//2145 1811//2145 
f 1866//2145 1879//2145 1867//2145 
f 1871//2145 1881//2145 1819//2145 
f 1810//2145 1819//2145 1882//2145 
f 1882//2145 1877//2145 1810//2145 
f 1881//2145 1882//2145 1819//2145 
o mesh90
f 1877//2146 1882//2147 1883//2147 
f 1878//2148 1877//2146 1884//2149 
f 1861//2150 1878//2148 1885//2151 
f 1862//2152 1861//2150 1886//2153 
f 1869//2154 1862//2152 1887//2155 
f 1874//2156 1869//2154 1888//2157 
f 1860//2158 1874//2156 1889//2159 
f 1868//2160 1860//2158 1890//2161 
f 1873//2162 1868//2160 1891//2163 
f 1880//2164 1873//2162 1892//2165 
f 1876//2166 1880//2164 1893//2167 
f 1865//2168 1876//2166 1894//2169 
f 1866//2170 1865//2168 1895//2171 
f 1879//2172 1866//2170 1896//2173 
f 1858//2174 1879//2172 1897//2175 
f 1859//2176 1858//2174 1898//2177 
f 1864//2178 1859//2176 1899//2179 
f 1872//2180 1864//2178 1900//2181 
f 1875//2182 1872//2180 1901//2183 
f 1863//2184 1875//2182 1902//2185 
f 1856//2186 1863//2184 1903//2187 
f 1857//2188 1856//2186 1904//2189 
f 1855//2190 1857//2188 1905//2191 
f 1853//2192 1855//2190 1906//2193 
f 1854//2194 1853//2192 1907//2195 
f 1870//2196 1854//2194 1908//2197 
f 1871//2198 1870//2196 1909//2199 
f 1881//2200 1871//2198 1910//2201 
f 1882//2147 1881//2200 1911//2200 
f 1911//2200 1883//2147 1882//2147 
f 1910//2201 1911//2200 1881//2200 
f 1909//2199 1910//2201 1871//2198 
f 1908//2197 1909//2199 1870//2196 
f 1907//2195 1908//2197 1854//2194 
f 1906//2193 1907//2195 1853//2192 
f 1905//2191 1906//2193 1855//2190 
f 1904//2189 1905//2191 1857//2188 
f 1903//2187 1904//2189 1856//2186 
f 1902//2185 1903//2187 1863//2184 
f 1901//2183 1902//2185 1875//2182 
f 1900//2181 1901//2183 1872//2180 
f 1899//2179 1900//2181 1864//2178 
f 1898//2177 1899//2179 1859//2176 
f 1897//2175 1898//2177 1858//2174 
f 1896//2173 1897//2175 1879//2172 
f 1895//2171 1896//2173 1866//2170 
f 1894//2169 1895//2171 1865//2168 
f 1893//2167 1894//2169 1876//2166 
f 1892//2165 1893//2167 1880//2164 
f 1891//2163 1892//2165 1873//2162 
f 1890//2161 1891//2163 1868//2160 
f 1889//2159 1890//2161 1860//2158 
f 1888//2157 1889//2159 1874//2156 
f 1887//2155 1888//2157 1869//2154 
f 1886//2153 1887//2155 1862//2152 
f 1885//2151 1886//2153 1861//2150 
f 1884//2149 1885//2151 1878//2148 
f 1883//2147 1884//2149 1877//2146 
o mesh91
f 1912//2202 1911//2202 1910//2202 
f 1910//2202 1909//2202 1912//2202 
f 1909//2202 1908//2202 1912//2202 
f 1908//2202 1907//2202 1912//2202 
f 1907//2202 1906//2202 1912//2202 
f 1906//2202 1905//2202 1912//2202 
f 1905//2202 1904//2202 1912//2202 
f 1904//2202 1903//2202 1912//2202 
f 1903//2202 1902//2202 1912//2202 
f 1902//2202 1901//2202 1912//2202 
f 1901//2202 1900//2202 1912//2202 
f 1900//2202 1899//2202 1912//2202 
f 1899//2202 1898//2202 1912//2202 
f 1898//2202 1897//2202 1912//2202 
f 1897//2202 1896//2202 1912//2202 
f 1896//2202 1895//2202 1912//2202 
f 1895//2202 1894//2202 1912//2202 
f 1894//2202 1893//2202 1912//2202 
f 1893//2202 1892//2202 1912//2202 
f 1892//2202 1891//2202 1912//2202 
f 1891//2202 1890//2202 1912//2202 
f 1890//2202 1889//2202 1912//2202 
f 1889//2202 1888//2202 1912//2202 
f 1888//2202 1887//2202 1912//2202 
f 1887//2202 1886//2202 1912//2202 
f 1886//2202 1885//2202 1912//2202 
f 1885//2202 1884//2202 1912//2202 
f 1884//2202 1883//2202 1912//2202 
f 1883//2202 1911//2202 1912//2202 
o mesh92
f 1848//2203 1851//2204 1913//2204 
f 1835//2205 1848//2203 1914//2206 
f 1824//2207 1835//2205 1915//2208 
f 1825//2209 1824//2207 1916//2210 
f 1828//2211 1825//2209 1917//2212 
f 1838//2213 1828//2211 1918//2214 
f 1834//2215 1838//2213 1919//2216 
f 1837//2217 1834//2215 1920//2218 
f 1847//2219 1837//2217 1921//2220 
f 1845//2221 1847//2219 1922//2222 
f 1846//2223 1845//2221 1923//2224 
f 1843//2225 1846//2223 1924//2226 
f 1844//2227 1843//2225 1925//2228 
f 1842//2229 1844//2227 1926//2230 
f 1832//2231 1842//2229 1927//2232 
f 1833//2233 1832//2231 1928//2234 
f 1830//2235 1833//2233 1929//2236 
f 1831//2237 1830//2235 1930//2238 
f 1841//2239 1831//2237 1931//2240 
f 1850//2241 1841//2239 1932//2242 
f 1840//2243 1850//2241 1933//2244 
f 1839//2245 1840//2243 1934//2246 
f 1829//2247 1839//2245 1935//2248 
f 1826//2249 1829//2247 1936//2250 
f 1827//2251 1826//2249 1937//2252 
f 1836//2253 1827//2251 1938//2254 
f 1849//2255 1836//2253 1939//2256 
f 1852//2257 1849//2255 1940//2258 
f 1851//2204 1852//2257 1941//2257 
f 1941//2257 1913//2204 1851//2204 
f 1940//2258 1941//2257 1852//2257 
f 1939//2256 1940//2258 1849//2255 
f 1938//2254 1939//2256 1836//2253 
f 1937//2252 1938//2254 1827//2251 
f 1936//2250 1937//2252 1826//2249 
f 1935//2248 1936//2250 1829//2247 
f 1934//2246 1935//2248 1839//2245 
f 1933//2244 1934//2246 1840//2243 
f 1932//2242 1933//2244 1850//2241 
f 1931//2240 1932//2242 1841//2239 
f 1930//2238 1931//2240 1831//2237 
f 1929//2236 1930//2238 1830//2235 
f 1928//2234 1929//2236 1833//2233 
f 1927//2232 1928//2234 1832//2231 
f 1926//2230 1927//2232 1842//2229 
f 1925//2228 1926//2230 1844//2227 
f 1924//2226 1925//2228 1843//2225 
f 1923//2224 1924//2226 1846//2223 
f 1922//2222 1923//2224 1845//2221 
f 1921//2220 1922//2222 1847//2219 
f 1920//2218 1921//2220 1837//2217 
f 1919//2216 1920//2218 1834//2215 
f 1918//2214 1919//2216 1838//2213 
f 1917//2212 1918//2214 1828//2211 
f 1916//2210 1917//2212 1825//2209 
f 1915//2208 1916//2210 1824//2207 
f 1914//2206 1915//2208 1835//2205 
f 1913//2204 1914//2206 1848//2203 
o mesh93
f 1942//2259 1941//2259 1940//2259 
f 1940//2259 1939//2259 1942//2259 
f 1939//2259 1938//2259 1942//2259 
f 1938//2259 1937//2259 1942//2259 
f 1937//2259 1936//2259 1942//2259 
f 1936//2259 1935//2259 1942//2259 
f 1935//2259 1934//2259 1942//2259 
f 1934//2259 1933//2259 1942//2259 
f 1933//2259 1932//2259 1942//2259 
f 1932//2259 1931//2259 1942//2259 
f 1931//2259 1930//2259 1942//2259 
f 1930//2259 1929//2259 1942//2259 
f 1929//2259 1928//2259 1942//2259 
f 1928//2259 1927//2259 1942//2259 
f 1927//2259 1926//2259 1942//2259 
f 1926//2259 1925//2259 1942//2259 
f 1925//2259 1924//2259 1942//2259 
f 1924//2259 1923//2259 1942//2259 
f 1923//2259 1922//2259 1942//2259 
f 1922//2259 1921//2259 1942//2259 
f 1921//2259 1920//2259 1942//2259 
f 1920//2259 1919//2259 1942//2259 
f 1919//2259 1918//2259 1942//2259 
f 1918//2259 1917//2259 1942//2259 
f 1917//2259 1916//2259 1942//2259 
f 1916//2259 1915//2259 1942//2259 
f 1915//2259 1914//2259 1942//2259 
f 1914//2259 1913//2259 1942//2259 
f 1913//2259 1941//2259 1942//2259 
o mesh94
f 1943//2260 1944//2260 1945//2260 
f 1945//2260 1946//2260 1943//2260 
f 1673//2260 1947//2260 1943//2260 
f 1943//2260 1948//2260 1944//2260 
f 1943//2260 1949//2260 1950//2260 
f 1673//2260 1951//2260 1947//2260 
f 1668//2260 1952//2260 1951//2260 
f 1953//2260 1954//2260 1955//2260 
f 1950//2260 1948//2260 1943//2260 
f 1951//2260 1673//2260 1668//2260 
f 1953//2260 1956//2260 1954//2260 
f 1943//2260 1957//2260 1673//2260 
f 1947//2260 1951//2260 1953//2260 
f 1953//2260 1958//2260 1956//2260 
f 1953//2260 1959//2260 1947//2260 
f 1946//2260 1957//2260 1943//2260 
f 1955//2260 1959//2260 1953//2260 
o mesh95
f 1953//2261 1960//2261 1961//2261 
f 1961//2261 1958//2261 1953//2261 
o mesh96
f 1951//2262 1952//2262 1962//2262 
f 1962//2262 1963//2262 1951//2262 
o mesh97
f 1951//2263 1963//2263 1960//2263 
f 1960//2263 1953//2263 1951//2263 
o mesh98
f 1964//2262 1965//2262 1943//2262 
f 1943//2262 1947//2262 1964//2262 
o mesh99
f 1963//2264 1962//2264 1966//2264 
f 1967//2264 1964//2264 1963//2264 
f 1960//2264 1963//2264 1964//2264 
f 1968//2264 1969//2264 1960//2264 
f 1964//2264 1970//2264 1960//2264 
f 1960//2264 1970//2264 1968//2264 
f 1969//2264 1961//2264 1960//2264 
f 1971//2264 1965//2264 1964//2264 
f 1964//2264 1967//2264 1971//2264 
f 1972//2264 1973//2264 1965//2264 
f 1965//2264 1971//2264 1972//2264 
f 1966//2264 1967//2264 1963//2264 
o mesh100
f 1974//2265 1975//2265 1968//2265 
f 1968//2265 1970//2265 1974//2265 
o mesh101
f 1976//2266 1971//2266 1967//2266 
f 1967//2266 1977//2266 1976//2266 
o mesh102
f 1978//2265 1979//2265 1973//2265 
f 1973//2265 1972//2265 1978//2265 
o mesh103
f 1972//2267 1971//2267 1976//2267 
f 1976//2267 1978//2267 1972//2267 
o mesh104
f 1980//2268 1981//2268 1982//2268 
f 1982//2268 1983//2268 1980//2268 
f 1984//2268 1983//2268 1985//2268 
f 1986//2268 1987//2268 1988//2268 
f 1989//2268 1990//2268 1991//2268 
f 1992//2268 1993//2268 1981//2268 
f 1985//2268 1994//2268 1984//2268 
f 1995//2268 1996//2268 1997//2268 
f 1975//2268 1998//2268 1986//2268 
f 1999//2268 1988//2268 1987//2268 
f 1999//2268 2000//2268 1990//2268 
f 1991//2268 2001//2268 1989//2268 
f 1982//2268 1985//2268 1983//2268 
f 2002//2268 1984//2268 1994//2268 
f 2002//2268 2003//2268 2004//2268 
f 1996//2268 2004//2268 1997//2268 
f 2005//2268 2006//2268 2007//2268 
f 1987//2268 2000//2268 1999//2268 
f 1991//2268 2008//2268 2001//2268 
f 1994//2268 2003//2268 2002//2268 
f 1997//2268 2009//2268 1995//2268 
f 2010//2268 1995//2268 2009//2268 
f 2010//2268 2011//2268 2012//2268 
f 2006//2268 2013//2268 2007//2268 
f 2014//2268 2005//2268 2015//2268 
f 2016//2268 1998//2268 1975//2268 
f 1990//2268 1989//2268 1999//2268 
f 2017//2268 2001//2268 2008//2268 
f 2018//2268 2017//2268 2019//2268 
f 2018//2268 2020//2268 2021//2268 
f 2022//2268 2021//2268 2023//2268 
f 2024//2268 2025//2268 2026//2268 
f 2024//2268 2027//2268 2028//2268 
f 2004//2268 1996//2268 2002//2268 
f 2012//2268 2029//2268 2010//2268 
f 2029//2268 2012//2268 2013//2268 
f 2015//2268 2030//2268 2014//2268 
f 2031//2268 1977//2268 2032//2268 
f 2016//2268 2033//2268 1998//2268 
f 2016//2268 1977//2268 2034//2268 
f 2008//2268 2019//2268 2017//2268 
f 2021//2268 2022//2268 2018//2268 
f 2023//2268 2025//2268 2022//2268 
f 2028//2268 2035//2268 2024//2268 
f 2036//2268 2037//2268 2038//2268 
f 2009//2268 2011//2268 2010//2268 
f 2007//2268 2015//2268 2005//2268 
f 2014//2268 2030//2268 2039//2268 
f 2032//2268 2039//2268 2031//2268 
f 1978//2268 1976//2268 2040//2268 
f 1976//2268 1977//2268 2016//2268 
f 2016//2268 2041//2268 2033//2268 
f 2034//2268 2042//2268 2016//2268 
f 2019//2268 2020//2268 2018//2268 
f 2026//2268 2027//2268 2024//2268 
f 2035//2268 2028//2268 2043//2268 
f 2037//2268 2043//2268 2038//2268 
f 2013//2268 2006//2268 2029//2268 
f 2031//2268 2034//2268 1977//2268 
f 2016//2268 2040//2268 1976//2268 
f 2042//2268 2041//2268 2016//2268 
f 2023//2268 2026//2268 2025//2268 
f 2038//2268 2044//2268 2036//2268 
f 2039//2268 2032//2268 2014//2268 
f 1975//2268 1974//2268 2016//2268 
f 2043//2268 2037//2268 2035//2268 
f 1992//2268 2036//2268 2044//2268 
f 2040//2268 1979//2268 1978//2268 
f 2044//2268 1993//2268 1992//2268 
f 1988//2268 1975//2268 1986//2268 
f 1981//2268 1980//2268 1992//2268 
o mesh105
f 2045//2267 2046//2267 1979//2267 
f 2046//2267 1949//2267 1973//2267 
f 1973//2267 1979//2267 2046//2267 
f 1943//2267 1965//2267 1973//2267 
f 1973//2267 1949//2267 1943//2267 
f 1979//2267 2040//2267 2045//2267 
o mesh106
f 1947//2269 1959//2269 1970//2269 
f 1959//2269 2047//2269 1974//2269 
f 1974//2269 1970//2269 1959//2269 
f 2048//2269 2016//2269 1974//2269 
f 1974//2269 2047//2269 2048//2269 
f 1970//2269 1964//2269 1947//2269 
o mesh107
f 2049//2270 2050//2270 2051//2270 
f 2049//2270 2052//2270 2050//2270 
f 2049//2270 2053//2270 2052//2270 
f 2045//2270 2054//2270 2055//2270 
f 2048//2270 2056//2270 2057//2270 
f 2049//2270 2058//2270 2053//2270 
f 2045//2270 2059//2270 2054//2270 
f 2045//2270 2060//2270 2061//2270 
f 2047//2270 2046//2270 2062//2270 
f 2057//2270 2063//2270 2048//2270 
f 2051//2270 2064//2270 2049//2270 
f 2065//2270 2066//2270 2067//2270 
f 2061//2270 2059//2270 2045//2270 
f 2047//2270 2068//2270 2069//2270 
f 2062//2270 2070//2270 2047//2270 
f 2048//2270 2071//2270 2056//2270 
f 2048//2270 2072//2270 2073//2270 
f 2072//2270 2048//2270 2047//2270 
f 2074//2270 2075//2270 2076//2270 
f 2067//2270 2058//2270 2065//2270 
f 2065//2270 2074//2270 2077//2270 
f 2045//2270 2078//2270 2060//2270 
f 2070//2270 2068//2270 2047//2270 
f 2048//2270 2079//2270 2080//2270 
f 2048//2270 2081//2270 2082//2270 
f 2048//2270 2083//2270 2071//2270 
f 2047//2270 2084//2270 2072//2270 
f 2074//2270 2065//2270 2075//2270 
f 2077//2270 2066//2270 2065//2270 
f 2045//2270 2076//2270 2078//2270 
f 2069//2270 2084//2270 2047//2270 
f 2082//2270 2079//2270 2048//2270 
f 2073//2270 2083//2270 2048//2270 
f 2049//2270 2065//2270 2058//2270 
f 2074//2270 2045//2270 2048//2270 
f 2046//2270 2055//2270 2062//2270 
f 2063//2270 2081//2270 2048//2270 
f 2048//2270 2085//2270 2074//2270 
f 2080//2270 2085//2270 2048//2270 
f 2055//2270 2046//2270 2045//2270 
f 2076//2270 2045//2270 2074//2270 
o mesh108
f 2045//2271 2040//2271 2016//2271 
f 2016//2271 2048//2271 2045//2271 
o mesh109
f 2086//2272 2078//2273 2076//2273 
f 2087//2274 2076//2273 2075//2273 
f 2088//2275 2075//2273 2065//2276 
f 2089//2277 2065//2276 2049//2276 
f 2090//2278 2049//2276 2064//2279 
f 2091//2280 2064//2279 2051//2279 
f 2092//2281 2051//2279 2050//2282 
f 2093//2283 2050//2282 2052//2282 
f 2094//2284 2052//2282 2053//2285 
f 2095//2286 2053//2285 2058//2285 
f 2096//2287 2058//2285 2067//2288 
f 2097//2289 2067//2288 2066//2288 
f 2098//2290 2066//2288 2077//2291 
f 2099//2292 2077//2291 2074//2291 
f 2100//2293 2074//2291 2085//2294 
f 2101//2295 2085//2294 2080//2294 
f 2102//2296 2080//2294 2079//2297 
f 2103//2298 2079//2297 2082//2297 
f 2104//2299 2082//2297 2081//2300 
f 2105//2301 2081//2300 2063//2300 
f 2106//2302 2063//2300 2057//2303 
f 2107//2304 2057//2303 2056//2303 
f 2108//2305 2056//2303 2071//2306 
f 2109//2307 2071//2306 2083//2306 
f 2110//2308 2083//2306 2073//2309 
f 2111//2310 2073//2309 2072//2309 
f 2112//2311 2072//2309 2084//2312 
f 2113//2313 2084//2312 2069//2312 
f 2114//2314 2069//2312 2068//2315 
f 2115//2316 2068//2315 2070//2315 
f 2116//2317 2070//2315 2062//2318 
f 2117//2319 2062//2318 2055//2318 
f 2118//2320 2055//2318 2054//2321 
f 2119//2322 2054//2321 2059//2321 
f 2120//2323 2059//2321 2061//2324 
f 2121//2325 2061//2324 2060//2324 
f 2122//2326 2060//2324 2078//2273 
f 2123//2327 2086//2272 2087//2274 
f 2124//2328 2087//2274 2088//2275 
f 2125//2329 2088//2275 2089//2277 
f 2126//2330 2089//2277 2090//2278 
f 2127//2331 2090//2278 2091//2280 
f 2128//2332 2091//2280 2092//2281 
f 2129//2333 2092//2281 2093//2283 
f 2130//2334 2093//2283 2094//2284 
f 2131//2335 2094//2284 2095//2286 
f 2132//2336 2095//2286 2096//2287 
f 2133//2337 2096//2287 2097//2289 
f 2134//2338 2097//2289 2098//2290 
f 2135//2339 2098//2290 2099//2292 
f 2136//2340 2099//2292 2100//2293 
f 2137//2341 2100//2293 2101//2295 
f 2138//2342 2101//2295 2102//2296 
f 2139//2343 2102//2296 2103//2298 
f 2140//2344 2103//2298 2104//2299 
f 2141//2345 2104//2299 2105//2301 
f 2142//2346 2105//2301 2106//2302 
f 2143//2347 2106//2302 2107//2304 
f 2144//2348 2107//2304 2108//2305 
f 2145//2349 2108//2305 2109//2307 
f 2146//2350 2109//2307 2110//2308 
f 2147//2351 2110//2308 2111//2310 
f 2148//2352 2111//2310 2112//2311 
f 2149//2353 2112//2311 2113//2313 
f 2150//2354 2113//2313 2114//2314 
f 2151//2355 2114//2314 2115//2316 
f 2152//2356 2115//2316 2116//2317 
f 2153//2357 2116//2317 2117//2319 
f 2154//2358 2117//2319 2118//2320 
f 2155//2359 2118//2320 2119//2322 
f 2156//2360 2119//2322 2120//2323 
f 2157//2361 2120//2323 2121//2325 
f 2158//2362 2121//2325 2122//2326 
f 2159//2363 2122//2326 2086//2272 
f 2160//2364 2123//2327 2124//2328 
f 2161//2365 2124//2328 2125//2329 
f 2162//2366 2125//2329 2126//2330 
f 2163//2367 2126//2330 2127//2331 
f 2164//2368 2127//2331 2128//2332 
f 2165//2369 2128//2332 2129//2333 
f 2166//2370 2129//2333 2130//2334 
f 2167//2371 2130//2334 2131//2335 
f 2168//2372 2131//2335 2132//2336 
f 2169//2373 2132//2336 2133//2337 
f 2170//2374 2133//2337 2134//2338 
f 2171//2375 2134//2338 2135//2339 
f 2172//2376 2135//2339 2136//2340 
f 2173//2377 2136//2340 2137//2341 
f 2174//2378 2137//2341 2138//2342 
f 2175//2379 2138//2342 2139//2343 
f 2176//2380 2139//2343 2140//2344 
f 2177//2381 2140//2344 2141//2345 
f 2178//2382 2141//2345 2142//2346 
f 2179//2383 2142//2346 2143//2347 
f 2180//2384 2143//2347 2144//2348 
f 2181//2385 2144//2348 2145//2349 
f 2182//2386 2145//2349 2146//2350 
f 2183//2387 2146//2350 2147//2351 
f 2184//2388 2147//2351 2148//2352 
f 2185//2389 2148//2352 2149//2353 
f 2186//2390 2149//2353 2150//2354 
f 2187//2391 2150//2354 2151//2355 
f 2188//2392 2151//2355 2152//2356 
f 2189//2393 2152//2356 2153//2357 
f 2190//2394 2153//2357 2154//2358 
f 2191//2395 2154//2358 2155//2359 
f 2192//2396 2155//2359 2156//2360 
f 2193//2397 2156//2360 2157//2361 
f 2194//2398 2157//2361 2158//2362 
f 2195//2399 2158//2362 2159//2363 
f 2196//2400 2159//2363 2123//2327 
f 2197//2401 2160//2364 2161//2365 
f 2198//2402 2161//2365 2162//2366 
f 2199//2403 2162//2366 2163//2367 
f 2200//2404 2163//2367 2164//2368 
f 2201//2405 2164//2368 2165//2369 
f 2202//2406 2165//2369 2166//2370 
f 2203//2407 2166//2370 2167//2371 
f 2204//2408 2167//2371 2168//2372 
f 2205//2409 2168//2372 2169//2373 
f 2206//2410 2169//2373 2170//2374 
f 2207//2411 2170//2374 2171//2375 
f 2208//2412 2171//2375 2172//2376 
f 2209//2413 2172//2376 2173//2377 
f 2210//2414 2173//2377 2174//2378 
f 2211//2415 2174//2378 2175//2379 
f 2212//2416 2175//2379 2176//2380 
f 2213//2417 2176//2380 2177//2381 
f 2214//2418 2177//2381 2178//2382 
f 2215//2419 2178//2382 2179//2383 
f 2216//2420 2179//2383 2180//2384 
f 2217//2421 2180//2384 2181//2385 
f 2218//2422 2181//2385 2182//2386 
f 2219//2423 2182//2386 2183//2387 
f 2220//2424 2183//2387 2184//2388 
f 2221//2425 2184//2388 2185//2389 
f 2222//2426 2185//2389 2186//2390 
f 2223//2427 2186//2390 2187//2391 
f 2224//2428 2187//2391 2188//2392 
f 2225//2429 2188//2392 2189//2393 
f 2226//2430 2189//2393 2190//2394 
f 2227//2431 2190//2394 2191//2395 
f 2228//2432 2191//2395 2192//2396 
f 2229//2433 2192//2396 2193//2397 
f 2230//2434 2193//2397 2194//2398 
f 2231//2435 2194//2398 2195//2399 
f 2232//2436 2195//2399 2196//2400 
f 2233//2437 2196//2400 2160//2364 
f 2234//2438 2197//2401 2198//2402 
f 2235//2439 2198//2402 2199//2403 
f 2236//2440 2199//2403 2200//2404 
f 2237//2441 2200//2404 2201//2405 
f 2238//2442 2201//2405 2202//2406 
f 2239//2443 2202//2406 2203//2407 
f 2240//2444 2203//2407 2204//2408 
f 2241//2445 2204//2408 2205//2409 
f 2242//2446 2205//2409 2206//2410 
f 2243//2447 2206//2410 2207//2411 
f 2244//2448 2207//2411 2208//2412 
f 2245//2449 2208//2412 2209//2413 
f 2246//2450 2209//2413 2210//2414 
f 2247//2451 2210//2414 2211//2415 
f 2248//2452 2211//2415 2212//2416 
f 2249//2453 2212//2416 2213//2417 
f 2250//2454 2213//2417 2214//2418 
f 2251//2455 2214//2418 2215//2419 
f 2252//2456 2215//2419 2216//2420 
f 2253//2457 2216//2420 2217//2421 
f 2254//2458 2217//2421 2218//2422 
f 2255//2459 2218//2422 2219//2423 
f 2256//2460 2219//2423 2220//2424 
f 2257//2461 2220//2424 2221//2425 
f 2258//2462 2221//2425 2222//2426 
f 2259//2463 2222//2426 2223//2427 
f 2260//2464 2223//2427 2224//2428 
f 2261//2465 2224//2428 2225//2429 
f 2262//2466 2225//2429 2226//2430 
f 2263//2467 2226//2430 2227//2431 
f 2264//2468 2227//2431 2228//2432 
f 2265//2469 2228//2432 2229//2433 
f 2266//2470 2229//2433 2230//2434 
f 2267//2471 2230//2434 2231//2435 
f 2268//2472 2231//2435 2232//2436 
f 2269//2473 2232//2436 2233//2437 
f 2270//2474 2233//2437 2197//2401 
f 2271//2475 2234//2438 2235//2439 
f 2272//2476 2235//2439 2236//2440 
f 2273//2477 2236//2440 2237//2441 
f 2274//2478 2237//2441 2238//2442 
f 2275//2479 2238//2442 2239//2443 
f 2276//2480 2239//2443 2240//2444 
f 2277//2481 2240//2444 2241//2445 
f 2278//2482 2241//2445 2242//2446 
f 2279//2483 2242//2446 2243//2447 
f 2280//2484 2243//2447 2244//2448 
f 2281//2485 2244//2448 2245//2449 
f 2282//2486 2245//2449 2246//2450 
f 2283//2487 2246//2450 2247//2451 
f 2284//2488 2247//2451 2248//2452 
f 2285//2489 2248//2452 2249//2453 
f 2286//2490 2249//2453 2250//2454 
f 2287//2491 2250//2454 2251//2455 
f 2288//2492 2251//2455 2252//2456 
f 2289//2493 2252//2456 2253//2457 
f 2290//2494 2253//2457 2254//2458 
f 2291//2495 2254//2458 2255//2459 
f 2292//2496 2255//2459 2256//2460 
f 2293//2497 2256//2460 2257//2461 
f 2294//2498 2257//2461 2258//2462 
f 2295//2499 2258//2462 2259//2463 
f 2296//2500 2259//2463 2260//2464 
f 2297//2501 2260//2464 2261//2465 
f 2298//2502 2261//2465 2262//2466 
f 2299//2503 2262//2466 2263//2467 
f 2300//2504 2263//2467 2264//2468 
f 2301//2505 2264//2468 2265//2469 
f 2302//2506 2265//2469 2266//2470 
f 2303//2507 2266//2470 2267//2471 
f 2304//2508 2267//2471 2268//2472 
f 2305//2509 2268//2472 2269//2473 
f 2306//2510 2269//2473 2270//2474 
f 2307//2511 2270//2474 2234//2438 
f 2308//2512 2271//2475 2272//2476 
f 2309//2513 2272//2476 2273//2477 
f 2310//2514 2273//2477 2274//2478 
f 2311//2515 2274//2478 2275//2479 
f 2312//2516 2275//2479 2276//2480 
f 2313//2517 2276//2480 2277//2481 
f 2314//2518 2277//2481 2278//2482 
f 2315//2519 2278//2482 2279//2483 
f 2316//2520 2279//2483 2280//2484 
f 2317//2521 2280//2484 2281//2485 
f 2318//2522 2281//2485 2282//2486 
f 2319//2523 2282//2486 2283//2487 
f 2320//2524 2283//2487 2284//2488 
f 2321//2525 2284//2488 2285//2489 
f 2322//2526 2285//2489 2286//2490 
f 2323//2527 2286//2490 2287//2491 
f 2324//2528 2287//2491 2288//2492 
f 2325//2529 2288//2492 2289//2493 
f 2326//2530 2289//2493 2290//2494 
f 2327//2531 2290//2494 2291//2495 
f 2328//2532 2291//2495 2292//2496 
f 2329//2533 2292//2496 2293//2497 
f 2330//2534 2293//2497 2294//2498 
f 2331//2535 2294//2498 2295//2499 
f 2332//2536 2295//2499 2296//2500 
f 2333//2537 2296//2500 2297//2501 
f 2334//2538 2297//2501 2298//2502 
f 2335//2539 2298//2502 2299//2503 
f 2336//2540 2299//2503 2300//2504 
f 2337//2541 2300//2504 2301//2505 
f 2338//2542 2301//2505 2302//2506 
f 2339//2543 2302//2506 2303//2507 
f 2340//2544 2303//2507 2304//2508 
f 2341//2545 2304//2508 2305//2509 
f 2342//2546 2305//2509 2306//2510 
f 2343//2547 2306//2510 2307//2511 
f 2344//2548 2307//2511 2271//2475 
f 1993//2549 2308//2512 2309//2513 
f 1981//2550 2309//2513 2310//2514 
f 1982//2551 2310//2514 2311//2515 
f 1985//2552 2311//2515 2312//2516 
f 1994//2553 2312//2516 2313//2517 
f 2003//2554 2313//2517 2314//2518 
f 2004//2555 2314//2518 2315//2519 
f 1997//2556 2315//2519 2316//2520 
f 2009//2557 2316//2520 2317//2521 
f 2011//2558 2317//2521 2318//2522 
f 2012//2559 2318//2522 2319//2523 
f 2013//2560 2319//2523 2320//2524 
f 2007//2561 2320//2524 2321//2525 
f 2015//2562 2321//2525 2322//2526 
f 2030//2563 2322//2526 2323//2527 
f 2039//2564 2323//2527 2324//2528 
f 2031//2565 2324//2528 2325//2529 
f 2034//2566 2325//2529 2326//2530 
f 2327//2531 2033//2567 2041//2568 
f 2041//2568 2326//2530 2327//2531 
f 2033//2567 2327//2531 2328//2532 
f 1998//2569 2328//2532 2329//2533 
f 1986//2570 2329//2533 2330//2534 
f 1987//2571 2330//2534 2331//2535 
f 2000//2572 2331//2535 2332//2536 
f 1990//2573 2332//2536 2333//2537 
f 1991//2574 2333//2537 2334//2538 
f 2008//2575 2334//2538 2335//2539 
f 2019//2576 2335//2539 2336//2540 
f 2020//2577 2336//2540 2337//2541 
f 2021//2578 2337//2541 2338//2542 
f 2023//2579 2338//2542 2339//2543 
f 2026//2580 2339//2543 2340//2544 
f 2027//2581 2340//2544 2341//2545 
f 2028//2582 2341//2545 2342//2546 
f 2043//2583 2342//2546 2343//2547 
f 2038//2584 2343//2547 2344//2548 
f 2044//2585 2344//2548 2308//2512 
f 2308//2512 1993//2549 2044//2585 
f 2344//2548 2044//2585 2038//2584 
f 2343//2547 2038//2584 2043//2583 
f 2342//2546 2043//2583 2028//2582 
f 2341//2545 2028//2582 2027//2581 
f 2340//2544 2027//2581 2026//2580 
f 2339//2543 2026//2580 2023//2579 
f 2338//2542 2023//2579 2021//2578 
f 2337//2541 2021//2578 2020//2577 
f 2336//2540 2020//2577 2019//2576 
f 2335//2539 2019//2576 2008//2575 
f 2334//2538 2008//2575 1991//2574 
f 2333//2537 1991//2574 1990//2573 
f 2332//2536 1990//2573 2000//2572 
f 2331//2535 2000//2572 1987//2571 
f 2330//2534 1987//2571 1986//2570 
f 2329//2533 1986//2570 1998//2569 
f 2328//2532 1998//2569 2033//2567 
f 2041//2568 2042//2586 2326//2530 
f 2326//2530 2042//2586 2034//2566 
f 2325//2529 2034//2566 2031//2565 
f 2324//2528 2031//2565 2039//2564 
f 2323//2527 2039//2564 2030//2563 
f 2322//2526 2030//2563 2015//2562 
f 2321//2525 2015//2562 2007//2561 
f 2320//2524 2007//2561 2013//2560 
f 2319//2523 2013//2560 2012//2559 
f 2318//2522 2012//2559 2011//2558 
f 2317//2521 2011//2558 2009//2557 
f 2316//2520 2009//2557 1997//2556 
f 2315//2519 1997//2556 2004//2555 
f 2314//2518 2004//2555 2003//2554 
f 2313//2517 2003//2554 1994//2553 
f 2312//2516 1994//2553 1985//2552 
f 2311//2515 1985//2552 1982//2551 
f 2310//2514 1982//2551 1981//2550 
f 2309//2513 1981//2550 1993//2549 
f 2271//2475 2308//2512 2344//2548 
f 2307//2511 2344//2548 2343//2547 
f 2306//2510 2343//2547 2342//2546 
f 2305//2509 2342//2546 2341//2545 
f 2304//2508 2341//2545 2340//2544 
f 2303//2507 2340//2544 2339//2543 
f 2302//2506 2339//2543 2338//2542 
f 2301//2505 2338//2542 2337//2541 
f 2300//2504 2337//2541 2336//2540 
f 2299//2503 2336//2540 2335//2539 
f 2298//2502 2335//2539 2334//2538 
f 2297//2501 2334//2538 2333//2537 
f 2296//2500 2333//2537 2332//2536 
f 2295//2499 2332//2536 2331//2535 
f 2294//2498 2331//2535 2330//2534 
f 2293//2497 2330//2534 2329//2533 
f 2292//2496 2329//2533 2328//2532 
f 2291//2495 2328//2532 2327//2531 
f 2290//2494 2327//2531 2326//2530 
f 2289//2493 2326//2530 2325//2529 
f 2288//2492 2325//2529 2324//2528 
f 2287//2491 2324//2528 2323//2527 
f 2286//2490 2323//2527 2322//2526 
f 2285//2489 2322//2526 2321//2525 
f 2284//2488 2321//2525 2320//2524 
f 2283//2487 2320//2524 2319//2523 
f 2282//2486 2319//2523 2318//2522 
f 2281//2485 2318//2522 2317//2521 
f 2280//2484 2317//2521 2316//2520 
f 2279//2483 2316//2520 2315//2519 
f 2278//2482 2315//2519 2314//2518 
f 2277//2481 2314//2518 2313//2517 
f 2276//2480 2313//2517 2312//2516 
f 2275//2479 2312//2516 2311//2515 
f 2274//2478 2311//2515 2310//2514 
f 2273//2477 2310//2514 2309//2513 
f 2272//2476 2309//2513 2308//2512 
f 2234//2438 2271//2475 2307//2511 
f 2270//2474 2307//2511 2306//2510 
f 2269//2473 2306//2510 2305//2509 
f 2268//2472 2305//2509 2304//2508 
f 2267//2471 2304//2508 2303//2507 
f 2266//2470 2303//2507 2302//2506 
f 2265//2469 2302//2506 2301//2505 
f 2264//2468 2301//2505 2300//2504 
f 2263//2467 2300//2504 2299//2503 
f 2262//2466 2299//2503 2298//2502 
f 2261//2465 2298//2502 2297//2501 
f 2260//2464 2297//2501 2296//2500 
f 2259//2463 2296//2500 2295//2499 
f 2258//2462 2295//2499 2294//2498 
f 2257//2461 2294//2498 2293//2497 
f 2256//2460 2293//2497 2292//2496 
f 2255//2459 2292//2496 2291//2495 
f 2254//2458 2291//2495 2290//2494 
f 2253//2457 2290//2494 2289//2493 
f 2252//2456 2289//2493 2288//2492 
f 2251//2455 2288//2492 2287//2491 
f 2250//2454 2287//2491 2286//2490 
f 2249//2453 2286//2490 2285//2489 
f 2248//2452 2285//2489 2284//2488 
f 2247//2451 2284//2488 2283//2487 
f 2246//2450 2283//2487 2282//2486 
f 2245//2449 2282//2486 2281//2485 
f 2244//2448 2281//2485 2280//2484 
f 2243//2447 2280//2484 2279//2483 
f 2242//2446 2279//2483 2278//2482 
f 2241//2445 2278//2482 2277//2481 
f 2240//2444 2277//2481 2276//2480 
f 2239//2443 2276//2480 2275//2479 
f 2238//2442 2275//2479 2274//2478 
f 2237//2441 2274//2478 2273//2477 
f 2236//2440 2273//2477 2272//2476 
f 2235//2439 2272//2476 2271//2475 
f 2197//2401 2234//2438 2270//2474 
f 2233//2437 2270//2474 2269//2473 
f 2232//2436 2269//2473 2268//2472 
f 2231//2435 2268//2472 2267//2471 
f 2230//2434 2267//2471 2266//2470 
f 2229//2433 2266//2470 2265//2469 
f 2228//2432 2265//2469 2264//2468 
f 2227//2431 2264//2468 2263//2467 
f 2226//2430 2263//2467 2262//2466 
f 2225//2429 2262//2466 2261//2465 
f 2224//2428 2261//2465 2260//2464 
f 2223//2427 2260//2464 2259//2463 
f 2222//2426 2259//2463 2258//2462 
f 2221//2425 2258//2462 2257//2461 
f 2220//2424 2257//2461 2256//2460 
f 2219//2423 2256//2460 2255//2459 
f 2218//2422 2255//2459 2254//2458 
f 2217//2421 2254//2458 2253//2457 
f 2216//2420 2253//2457 2252//2456 
f 2215//2419 2252//2456 2251//2455 
f 2214//2418 2251//2455 2250//2454 
f 2213//2417 2250//2454 2249//2453 
f 2212//2416 2249//2453 2248//2452 
f 2211//2415 2248//2452 2247//2451 
f 2210//2414 2247//2451 2246//2450 
f 2209//2413 2246//2450 2245//2449 
f 2208//2412 2245//2449 2244//2448 
f 2207//2411 2244//2448 2243//2447 
f 2206//2410 2243//2447 2242//2446 
f 2205//2409 2242//2446 2241//2445 
f 2204//2408 2241//2445 2240//2444 
f 2203//2407 2240//2444 2239//2443 
f 2202//2406 2239//2443 2238//2442 
f 2201//2405 2238//2442 2237//2441 
f 2200//2404 2237//2441 2236//2440 
f 2199//2403 2236//2440 2235//2439 
f 2198//2402 2235//2439 2234//2438 
f 2160//2364 2197//2401 2233//2437 
f 2196//2400 2233//2437 2232//2436 
f 2195//2399 2232//2436 2231//2435 
f 2194//2398 2231//2435 2230//2434 
f 2193//2397 2230//2434 2229//2433 
f 2192//2396 2229//2433 2228//2432 
f 2191//2395 2228//2432 2227//2431 
f 2190//2394 2227//2431 2226//2430 
f 2189//2393 2226//2430 2225//2429 
f 2188//2392 2225//2429 2224//2428 
f 2187//2391 2224//2428 2223//2427 
f 2186//2390 2223//2427 2222//2426 
f 2185//2389 2222//2426 2221//2425 
f 2184//2388 2221//2425 2220//2424 
f 2183//2387 2220//2424 2219//2423 
f 2182//2386 2219//2423 2218//2422 
f 2181//2385 2218//2422 2217//2421 
f 2180//2384 2217//2421 2216//2420 
f 2179//2383 2216//2420 2215//2419 
f 2178//2382 2215//2419 2214//2418 
f 2177//2381 2214//2418 2213//2417 
f 2176//2380 2213//2417 2212//2416 
f 2175//2379 2212//2416 2211//2415 
f 2174//2378 2211//2415 2210//2414 
f 2173//2377 2210//2414 2209//2413 
f 2172//2376 2209//2413 2208//2412 
f 2171//2375 2208//2412 2207//2411 
f 2170//2374 2207//2411 2206//2410 
f 2169//2373 2206//2410 2205//2409 
f 2168//2372 2205//2409 2204//2408 
f 2167//2371 2204//2408 2203//2407 
f 2166//2370 2203//2407 2202//2406 
f 2165//2369 2202//2406 2201//2405 
f 2164//2368 2201//2405 2200//2404 
f 2163//2367 2200//2404 2199//2403 
f 2162//2366 2199//2403 2198//2402 
f 2161//2365 2198//2402 2197//2401 
f 2123//2327 2160//2364 2196//2400 
f 2159//2363 2196//2400 2195//2399 
f 2158//2362 2195//2399 2194//2398 
f 2157//2361 2194//2398 2193//2397 
f 2156//2360 2193//2397 2192//2396 
f 2155//2359 2192//2396 2191//2395 
f 2154//2358 2191//2395 2190//2394 
f 2153//2357 2190//2394 2189//2393 
f 2152//2356 2189//2393 2188//2392 
f 2151//2355 2188//2392 2187//2391 
f 2150//2354 2187//2391 2186//2390 
f 2149//2353 2186//2390 2185//2389 
f 2148//2352 2185//2389 2184//2388 
f 2147//2351 2184//2388 2183//2387 
f 2146//2350 2183//2387 2182//2386 
f 2145//2349 2182//2386 2181//2385 
f 2144//2348 2181//2385 2180//2384 
f 2143//2347 2180//2384 2179//2383 
f 2142//2346 2179//2383 2178//2382 
f 2141//2345 2178//2382 2177//2381 
f 2140//2344 2177//2381 2176//2380 
f 2139//2343 2176//2380 2175//2379 
f 2138//2342 2175//2379 2174//2378 
f 2137//2341 2174//2378 2173//2377 
f 2136//2340 2173//2377 2172//2376 
f 2135//2339 2172//2376 2171//2375 
f 2134//2338 2171//2375 2170//2374 
f 2133//2337 2170//2374 2169//2373 
f 2132//2336 2169//2373 2168//2372 
f 2131//2335 2168//2372 2167//2371 
f 2130//2334 2167//2371 2166//2370 
f 2129//2333 2166//2370 2165//2369 
f 2128//2332 2165//2369 2164//2368 
f 2127//2331 2164//2368 2163//2367 
f 2126//2330 2163//2367 2162//2366 
f 2125//2329 2162//2366 2161//2365 
f 2124//2328 2161//2365 2160//2364 
f 2086//2272 2123//2327 2159//2363 
f 2122//2326 2159//2363 2158//2362 
f 2121//2325 2158//2362 2157//2361 
f 2120//2323 2157//2361 2156//2360 
f 2119//2322 2156//2360 2155//2359 
f 2118//2320 2155//2359 2154//2358 
f 2117//2319 2154//2358 2153//2357 
f 2116//2317 2153//2357 2152//2356 
f 2115//2316 2152//2356 2151//2355 
f 2114//2314 2151//2355 2150//2354 
f 2113//2313 2150//2354 2149//2353 
f 2112//2311 2149//2353 2148//2352 
f 2111//2310 2148//2352 2147//2351 
f 2110//2308 2147//2351 2146//2350 
f 2109//2307 2146//2350 2145//2349 
f 2108//2305 2145//2349 2144//2348 
f 2107//2304 2144//2348 2143//2347 
f 2106//2302 2143//2347 2142//2346 
f 2105//2301 2142//2346 2141//2345 
f 2104//2299 2141//2345 2140//2344 
f 2103//2298 2140//2344 2139//2343 
f 2102//2296 2139//2343 2138//2342 
f 2101//2295 2138//2342 2137//2341 
f 2100//2293 2137//2341 2136//2340 
f 2099//2292 2136//2340 2135//2339 
f 2098//2290 2135//2339 2134//2338 
f 2097//2289 2134//2338 2133//2337 
f 2096//2287 2133//2337 2132//2336 
f 2095//2286 2132//2336 2131//2335 
f 2094//2284 2131//2335 2130//2334 
f 2093//2283 2130//2334 2129//2333 
f 2092//2281 2129//2333 2128//2332 
f 2091//2280 2128//2332 2127//2331 
f 2090//2278 2127//2331 2126//2330 
f 2089//2277 2126//2330 2125//2329 
f 2088//2275 2125//2329 2124//2328 
f 2087//2274 2124//2328 2123//2327 
f 2078//2273 2086//2272 2122//2326 
f 2060//2324 2122//2326 2121//2325 
f 2061//2324 2121//2325 2120//2323 
f 2059//2321 2120//2323 2119//2322 
f 2054//2321 2119//2322 2118//2320 
f 2055//2318 2118//2320 2117//2319 
f 2062//2318 2117//2319 2116//2317 
f 2070//2315 2116//2317 2115//2316 
f 2068//2315 2115//2316 2114//2314 
f 2069//2312 2114//2314 2113//2313 
f 2084//2312 2113//2313 2112//2311 
f 2072//2309 2112//2311 2111//2310 
f 2073//2309 2111//2310 2110//2308 
f 2083//2306 2110//2308 2109//2307 
f 2071//2306 2109//2307 2108//2305 
f 2056//2303 2108//2305 2107//2304 
f 2057//2303 2107//2304 2106//2302 
f 2063//2300 2106//2302 2105//2301 
f 2081//2300 2105//2301 2104//2299 
f 2082//2297 2104//2299 2103//2298 
f 2079//2297 2103//2298 2102//2296 
f 2080//2294 2102//2296 2101//2295 
f 2085//2294 2101//2295 2100//2293 
f 2074//2291 2100//2293 2099//2292 
f 2077//2291 2099//2292 2098//2290 
f 2066//2288 2098//2290 2097//2289 
f 2067//2288 2097//2289 2096//2287 
f 2058//2285 2096//2287 2095//2286 
f 2053//2285 2095//2286 2094//2284 
f 2052//2282 2094//2284 2093//2283 
f 2050//2282 2093//2283 2092//2281 
f 2051//2279 2092//2281 2091//2280 
f 2064//2279 2091//2280 2090//2278 
f 2049//2276 2090//2278 2089//2277 
f 2065//2276 2089//2277 2088//2275 
f 2075//2273 2088//2275 2087//2274 
f 2076//2273 2087//2274 2086//2272 
o mesh110
f 1789//2587 2345//2587 2346//2587 
f 1789//2587 2347//2587 2345//2587 
f 2348//2587 2349//2587 2350//2587 
f 2349//2587 2348//2587 2351//2587 
f 2352//2587 2353//2587 2354//2587 
f 1789//2587 2355//2587 2356//2587 
f 1789//2587 2357//2587 2347//2587 
f 2351//2587 2358//2587 2349//2587 
f 2354//2587 2359//2587 2352//2587 
f 2352//2587 2360//2587 2361//2587 
f 1789//2587 2362//2587 2363//2587 
f 2346//2587 2355//2587 1789//2587 
f 1789//2587 2364//2587 2365//2587 
f 2359//2587 2348//2587 2352//2587 
f 2361//2587 2366//2587 2352//2587 
f 2363//2587 2367//2587 1789//2587 
f 2365//2587 2357//2587 1789//2587 
f 2366//2587 2353//2587 2352//2587 
f 2356//2587 2362//2587 1789//2587 
f 2368//2587 2369//2587 2370//2587 
f 2368//2587 2371//2587 2372//2587 
f 2352//2587 2373//2587 2360//2587 
f 2367//2587 2374//2587 1789//2587 
f 2370//2587 2375//2587 2368//2587 
f 2371//2587 2376//2587 2372//2587 
f 2352//2587 2377//2587 2373//2587 
f 2352//2587 2378//2587 2379//2587 
f 2378//2587 2368//2587 2380//2587 
f 2381//2587 2382//2587 2383//2587 
f 2381//2587 1789//2587 2384//2587 
f 2374//2587 2385//2587 1789//2587 
f 2372//2587 2369//2587 2368//2587 
f 2379//2587 2377//2587 2352//2587 
f 2380//2587 2386//2587 2378//2587 
f 2384//2587 2382//2587 2381//2587 
f 2385//2587 2387//2587 1789//2587 
f 2375//2587 2388//2587 2368//2587 
f 2386//2587 2379//2587 2378//2587 
f 1950//2587 2389//2587 2390//2587 
f 2391//2587 2392//2587 2393//2587 
f 1789//2587 2381//2587 2394//2587 
f 2387//2587 2384//2587 1789//2587 
f 2371//2587 2395//2587 2376//2587 
f 2371//2587 2383//2587 2396//2587 
f 2352//2587 2397//2587 2378//2587 
f 2398//2587 2399//2587 2397//2587 
f 1950//2587 2400//2587 2389//2587 
f 2392//2587 2401//2587 2402//2587 
f 2393//2587 2398//2587 2391//2587 
f 2383//2587 2371//2587 2381//2587 
f 2396//2587 2395//2587 2371//2587 
f 2397//2587 2352//2587 2398//2587 
f 1950//2587 2402//2587 2400//2587 
f 2392//2587 2403//2587 2401//2587 
f 2392//2587 2404//2587 2405//2587 
f 2391//2587 2406//2587 2392//2587 
f 1949//2587 2407//2587 2408//2587 
f 1789//2587 2409//2587 2410//2587 
f 2388//2587 2380//2587 2368//2587 
f 2398//2587 2393//2587 2399//2587 
f 2402//2587 1950//2587 2392//2587 
f 2406//2587 2404//2587 2392//2587 
f 2408//2587 2411//2587 1949//2587 
f 1794//2587 2412//2587 2413//2587 
f 1789//2587 2414//2587 2409//2587 
f 2350//2587 2352//2587 2348//2587 
f 2405//2587 2403//2587 2392//2587 
f 2392//2587 1950//2587 1949//2587 
f 1949//2587 2415//2587 2416//2587 
f 2417//2587 2415//2587 2418//2587 
f 2411//2587 2419//2587 1949//2587 
f 1959//2587 1955//2587 2420//2587 
f 1794//2587 2421//2587 2422//2587 
f 1794//2587 2410//2587 2412//2587 
f 1789//2587 2423//2587 2414//2587 
f 2390//2587 2424//2587 1950//2587 
f 2416//2587 2425//2587 1949//2587 
f 2418//2587 2426//2587 2417//2587 
f 1794//2587 2427//2587 2428//2587 
f 1949//2587 2429//2587 2407//2587 
f 1949//2587 2430//2587 2431//2587 
f 2430//2587 1949//2587 1959//2587 
f 2420//2587 2432//2587 1959//2587 
f 2422//2587 2433//2587 1794//2587 
f 2413//2587 2434//2587 1794//2587 
f 1789//2587 2435//2587 2423//2587 
f 1949//2587 2425//2587 2392//2587 
f 2418//2587 2436//2587 2426//2587 
f 1794//2587 2437//2587 2427//2587 
f 2431//2587 2429//2587 1949//2587 
f 2432//2587 2438//2587 1959//2587 
f 2434//2587 2421//2587 1794//2587 
f 2394//2587 2435//2587 1789//2587 
f 2418//2587 2439//2587 2436//2587 
f 2428//2587 2418//2587 1794//2587 
f 1959//2587 2438//2587 2430//2587 
f 2047//2587 1959//2587 1949//2587 
f 2410//2587 1794//2587 1789//2587 
f 2428//2587 2439//2587 2418//2587 
f 1949//2587 2046//2587 2047//2587 
f 2417//2587 2416//2587 2415//2587 
f 2433//2587 2437//2587 1794//2587 
f 2419//2587 2415//2587 1949//2587 
o mesh111
f 2519//2588 2520//2589 2521//2590 
f 2522//2591 2519//2588 2523//2592 
f 2524//2593 2522//2591 2525//2594 
f 2526//2595 2524//2593 2527//2596 
f 2528//2597 2526//2595 2529//2598 
f 2528//2597 2530//2599 2440//2600 
f 2530//2599 2441//2601 2440//2600 
f 2523//2592 2521//2590 2531//2602 
f 2525//2594 2523//2592 2532//2603 
f 2527//2596 2525//2594 2533//2604 
f 2529//2598 2527//2596 2534//2605 
f 2530//2599 2529//2598 2535//2606 
f 2530//2599 2536//2607 2442//2608 
f 2536//2607 2443//2609 2442//2608 
f 2532//2603 2531//2602 2537//2610 
f 2533//2604 2532//2603 2538//2611 
f 2534//2605 2533//2604 2539//2612 
f 2535//2606 2534//2605 2540//2613 
f 2536//2607 2535//2606 2541//2614 
f 2542//2615 2444//2616 2445//2617 
f 2445//2617 2536//2607 2542//2615 
f 2446//2618 2543//2619 2538//2611 
f 2539//2612 2538//2611 2543//2619 
f 2540//2613 2539//2612 2544//2620 
f 2541//2614 2540//2613 2545//2621 
f 2542//2615 2541//2614 2546//2622 
f 2542//2615 2547//2623 2447//2624 
f 2544//2620 2543//2619 2548//2625 
f 2545//2621 2544//2620 2549//2626 
f 2546//2622 2545//2621 2550//2627 
f 2547//2623 2546//2622 2551//2628 
f 2552//2629 2448//2630 2449//2631 
f 2449//2631 2547//2623 2552//2629 
f 2549//2626 2548//2625 2553//2632 
f 2550//2627 2549//2626 2554//2633 
f 2551//2628 2550//2627 2555//2634 
f 2552//2629 2551//2628 2556//2635 
f 2557//2636 2450//2637 2451//2638 
f 2451//2638 2552//2629 2557//2636 
f 2554//2633 2553//2632 2558//2639 
f 2555//2634 2554//2633 2559//2640 
f 2556//2635 2555//2634 2560//2641 
f 2557//2636 2556//2635 2561//2642 
f 2557//2636 2562//2643 2452//2644 
f 2562//2643 2453//2645 2452//2644 
f 2559//2640 2558//2639 2563//2646 
f 2560//2641 2559//2640 2564//2647 
f 2561//2642 2560//2641 2565//2648 
f 2562//2643 2561//2642 2566//2649 
f 2562//2643 2567//2650 2454//2651 
f 2564//2647 2563//2646 2568//2652 
f 2565//2648 2564//2647 2569//2653 
f 2566//2649 2565//2648 2570//2654 
f 2567//2650 2566//2649 2571//2655 
f 2572//2656 2455//2657 2456//2658 
f 2456//2658 2567//2650 2572//2656 
f 2569//2653 2568//2652 2573//2659 
f 2570//2654 2569//2653 2574//2660 
f 2571//2655 2570//2654 2575//2661 
f 2572//2656 2571//2655 2576//2662 
f 2577//2663 2457//2664 2458//2665 
f 2458//2665 2572//2656 2577//2663 
f 2574//2660 2573//2659 2578//2666 
f 2575//2661 2574//2660 2579//2667 
f 2576//2662 2575//2661 2580//2668 
f 2577//2663 2576//2662 2581//2669 
f 2582//2670 2459//2671 2457//2664 
f 2579//2667 2578//2666 2583//2672 
f 2580//2668 2579//2667 2584//2673 
f 2581//2669 2580//2668 2585//2674 
f 2582//2670 2581//2669 2586//2675 
f 2587//2676 2460//2677 2461//2678 
f 2461//2678 2582//2670 2587//2676 
f 2584//2673 2583//2672 2588//2679 
f 2585//2674 2584//2673 2589//2680 
f 2586//2675 2585//2674 2590//2681 
f 2587//2676 2586//2675 2591//2682 
f 2592//2683 2462//2684 2463//2685 
f 2463//2685 2587//2676 2592//2683 
f 2589//2680 2588//2679 2593//2686 
f 2590//2681 2589//2680 2594//2687 
f 2591//2682 2590//2681 2595//2688 
f 2592//2683 2591//2682 2596//2689 
f 2592//2683 2597//2690 2464//2691 
f 2597//2690 2465//2692 2464//2691 
f 2594//2687 2593//2686 2598//2693 
f 2595//2688 2594//2687 2599//2694 
f 2596//2689 2595//2688 2600//2695 
f 2597//2690 2596//2689 2601//2696 
f 2602//2697 2466//2698 2465//2692 
f 2599//2694 2598//2693 2603//2699 
f 2600//2695 2599//2694 2604//2700 
f 2601//2696 2600//2695 2605//2701 
f 2602//2697 2601//2696 2606//2702 
f 2607//2703 2467//2704 2468//2705 
f 2468//2705 2602//2697 2607//2703 
f 2604//2700 2603//2699 2608//2706 
f 2605//2701 2604//2700 2609//2707 
f 2606//2702 2605//2701 2610//2708 
f 2607//2703 2606//2702 2611//2709 
f 2607//2703 2612//2710 2469//2711 
f 2612//2710 2470//2712 2469//2711 
f 2613//2713 2614//2714 2608//2706 
f 2609//2707 2608//2706 2614//2714 
f 2610//2708 2609//2707 2615//2715 
f 2611//2709 2610//2708 2616//2716 
f 2612//2710 2611//2709 2617//2717 
f 2612//2710 2618//2718 2471//2719 
f 2618//2718 2472//2720 2471//2719 
f 2614//2714 2613//2713 2619//2721 
f 2615//2715 2614//2714 2620//2722 
f 2616//2716 2615//2715 2621//2723 
f 2617//2717 2616//2716 2622//2724 
f 2618//2718 2617//2717 2623//2725 
f 2624//2726 2473//2727 2472//2720 
f 2620//2722 2619//2721 2625//2728 
f 2621//2723 2620//2722 2626//2729 
f 2622//2724 2621//2723 2627//2730 
f 2623//2725 2622//2724 2628//2731 
f 2624//2726 2623//2725 2629//2732 
f 2630//2733 2474//2734 2475//2735 
f 2630//2733 2476//2736 2474//2734 
f 2475//2735 2624//2726 2630//2733 
f 2626//2729 2625//2728 2631//2737 
f 2627//2730 2626//2729 2632//2738 
f 2628//2731 2627//2730 2633//2739 
f 2629//2732 2628//2731 2634//2740 
f 2630//2733 2629//2732 2635//2741 
f 2636//2742 2477//2743 2476//2736 
f 2528//2597 2478//2744 2385//2745 
f 2526//2595 2528//2597 2374//2746 
f 2374//2746 2367//2747 2526//2595 
f 2524//2593 2526//2595 2363//2748 
f 2522//2591 2524//2593 2362//2749 
f 2362//2749 2356//2750 2522//2591 
f 2519//2588 2522//2591 2355//2751 
f 2355//2751 2346//2752 2519//2588 
f 2520//2589 2519//2588 2345//2753 
f 2345//2753 2347//2754 2520//2589 
f 2479//2755 2520//2589 2357//2756 
f 2357//2756 2365//2757 2479//2755 
f 2521//2590 2520//2589 2480//2758 
f 2520//2589 2479//2755 2480//2758 
f 2531//2602 2521//2590 2481//2759 
f 2521//2590 2482//2760 2481//2759 
f 2537//2610 2483//2761 2484//2762 
f 2537//2610 2531//2602 2483//2761 
f 2531//2602 2485//2763 2483//2761 
f 2537//2610 2486//2764 2487//2765 
f 2548//2625 2488//2766 2489//2767 
f 2543//2619 2446//2618 2488//2766 
f 2488//2766 2548//2625 2543//2619 
f 2490//2768 2491//2769 2553//2632 
f 2558//2639 2553//2632 2491//2769 
f 2563//2646 2558//2639 2492//2770 
f 2558//2639 2493//2771 2492//2770 
f 2568//2652 2563//2646 2494//2772 
f 2573//2659 2568//2652 2495//2773 
f 2568//2652 2496//2774 2495//2773 
f 2578//2666 2573//2659 2497//2775 
f 2578//2666 2498//2776 2499//2777 
f 2499//2777 2583//2672 2578//2666 
f 2588//2679 2583//2672 2500//2778 
f 2588//2679 2501//2779 2502//2780 
f 2502//2780 2593//2686 2588//2679 
f 2503//2781 2598//2693 2593//2686 
f 2603//2699 2598//2693 2504//2782 
f 2504//2782 2505//2783 2603//2699 
f 2598//2693 2503//2781 2504//2782 
f 2505//2783 2506//2784 2603//2699 
f 2507//2785 2608//2706 2603//2699 
f 2613//2713 2507//2785 2508//2786 
f 2508//2786 2509//2787 2613//2713 
f 2613//2713 2510//2788 2511//2789 
f 2511//2789 2619//2721 2613//2713 
f 2625//2728 2619//2721 2512//2790 
f 2619//2721 2513//2791 2512//2790 
f 2625//2728 2514//2792 2515//2793 
f 2515//2793 2631//2737 2625//2728 
f 2516//2794 2350//2795 2349//2796 
f 2516//2794 2352//2797 2350//2795 
f 2631//2737 2351//2798 2348//2799 
f 2631//2737 2349//2796 2358//2800 
f 2358//2800 2351//2798 2631//2737 
f 2632//2738 2359//2801 2354//2802 
f 2632//2738 2348//2799 2359//2801 
f 2633//2739 2354//2802 2353//2803 
f 2634//2740 2366//2804 2361//2805 
f 2634//2740 2353//2803 2366//2804 
f 2635//2741 2361//2805 2360//2806 
f 2636//2742 2360//2806 2373//2807 
f 2373//2807 2477//2743 2636//2742 
f 2360//2806 2636//2742 2635//2741 
f 2361//2805 2635//2741 2634//2740 
f 2353//2803 2634//2740 2633//2739 
f 2354//2802 2633//2739 2632//2738 
f 2348//2799 2632//2738 2631//2737 
f 2349//2796 2631//2737 2516//2794 
f 2515//2793 2516//2794 2631//2737 
f 2512//2790 2514//2792 2625//2728 
f 2511//2789 2513//2791 2619//2721 
f 2509//2787 2510//2788 2613//2713 
f 2603//2699 2517//2808 2507//2785 
f 2506//2784 2517//2808 2603//2699 
f 2593//2686 2518//2809 2503//2781 
f 2502//2780 2518//2809 2593//2686 
f 2500//2778 2501//2779 2588//2679 
f 2499//2777 2500//2778 2583//2672 
f 2497//2775 2498//2776 2578//2666 
f 2495//2773 2497//2775 2573//2659 
f 2494//2772 2496//2774 2568//2652 
f 2492//2770 2494//2772 2563//2646 
f 2491//2769 2493//2771 2558//2639 
f 2553//2632 2548//2625 2490//2768 
f 2489//2767 2490//2768 2548//2625 
f 2487//2765 2446//2618 2537//2610 
f 2484//2762 2486//2764 2537//2610 
f 2481//2759 2485//2763 2531//2602 
f 2480//2758 2482//2760 2521//2590 
f 2365//2757 2364//2810 2479//2755 
f 2347//2754 2357//2756 2520//2589 
f 2346//2752 2345//2753 2519//2588 
f 2356//2750 2355//2751 2522//2591 
f 2363//2748 2362//2749 2524//2593 
f 2367//2747 2363//2748 2526//2595 
f 2385//2745 2374//2746 2528//2597 
f 2476//2736 2630//2733 2636//2742 
f 2635//2741 2636//2742 2630//2733 
f 2634//2740 2635//2741 2629//2732 
f 2633//2739 2634//2740 2628//2731 
f 2632//2738 2633//2739 2627//2730 
f 2631//2737 2632//2738 2626//2729 
f 2475//2735 2473//2727 2624//2726 
f 2629//2732 2630//2733 2624//2726 
f 2628//2731 2629//2732 2623//2725 
f 2627//2730 2628//2731 2622//2724 
f 2626//2729 2627//2730 2621//2723 
f 2625//2728 2626//2729 2620//2722 
f 2472//2720 2618//2718 2624//2726 
f 2623//2725 2624//2726 2618//2718 
f 2622//2724 2623//2725 2617//2717 
f 2621//2723 2622//2724 2616//2716 
f 2620//2722 2621//2723 2615//2715 
f 2619//2721 2620//2722 2614//2714 
f 2471//2719 2470//2712 2612//2710 
f 2617//2717 2618//2718 2612//2710 
f 2616//2716 2617//2717 2611//2709 
f 2615//2715 2616//2716 2610//2708 
f 2614//2714 2615//2715 2609//2707 
f 2608//2706 2507//2785 2613//2713 
f 2469//2711 2467//2704 2607//2703 
f 2611//2709 2612//2710 2607//2703 
f 2610//2708 2611//2709 2606//2702 
f 2609//2707 2610//2708 2605//2701 
f 2608//2706 2609//2707 2604//2700 
f 2468//2705 2466//2698 2602//2697 
f 2606//2702 2607//2703 2602//2697 
f 2605//2701 2606//2702 2601//2696 
f 2604//2700 2605//2701 2600//2695 
f 2603//2699 2604//2700 2599//2694 
f 2465//2692 2597//2690 2602//2697 
f 2601//2696 2602//2697 2597//2690 
f 2600//2695 2601//2696 2596//2689 
f 2599//2694 2600//2695 2595//2688 
f 2598//2693 2599//2694 2594//2687 
f 2464//2691 2462//2684 2592//2683 
f 2596//2689 2597//2690 2592//2683 
f 2595//2688 2596//2689 2591//2682 
f 2594//2687 2595//2688 2590//2681 
f 2593//2686 2594//2687 2589//2680 
f 2463//2685 2460//2677 2587//2676 
f 2591//2682 2592//2683 2587//2676 
f 2590//2681 2591//2682 2586//2675 
f 2589//2680 2590//2681 2585//2674 
f 2588//2679 2589//2680 2584//2673 
f 2461//2678 2459//2671 2582//2670 
f 2586//2675 2587//2676 2582//2670 
f 2585//2674 2586//2675 2581//2669 
f 2584//2673 2585//2674 2580//2668 
f 2583//2672 2584//2673 2579//2667 
f 2457//2664 2577//2663 2582//2670 
f 2581//2669 2582//2670 2577//2663 
f 2580//2668 2581//2669 2576//2662 
f 2579//2667 2580//2668 2575//2661 
f 2578//2666 2579//2667 2574//2660 
f 2458//2665 2455//2657 2572//2656 
f 2576//2662 2577//2663 2572//2656 
f 2575//2661 2576//2662 2571//2655 
f 2574//2660 2575//2661 2570//2654 
f 2573//2659 2574//2660 2569//2653 
f 2456//2658 2454//2651 2567//2650 
f 2571//2655 2572//2656 2567//2650 
f 2570//2654 2571//2655 2566//2649 
f 2569//2653 2570//2654 2565//2648 
f 2568//2652 2569//2653 2564//2647 
f 2454//2651 2453//2645 2562//2643 
f 2566//2649 2567//2650 2562//2643 
f 2565//2648 2566//2649 2561//2642 
f 2564//2647 2565//2648 2560//2641 
f 2563//2646 2564//2647 2559//2640 
f 2452//2644 2450//2637 2557//2636 
f 2561//2642 2562//2643 2557//2636 
f 2560//2641 2561//2642 2556//2635 
f 2559//2640 2560//2641 2555//2634 
f 2558//2639 2559//2640 2554//2633 
f 2451//2638 2448//2630 2552//2629 
f 2556//2635 2557//2636 2552//2629 
f 2555//2634 2556//2635 2551//2628 
f 2554//2633 2555//2634 2550//2627 
f 2553//2632 2554//2633 2549//2626 
f 2449//2631 2447//2624 2547//2623 
f 2551//2628 2552//2629 2547//2623 
f 2550//2627 2551//2628 2546//2622 
f 2549//2626 2550//2627 2545//2621 
f 2548//2625 2549//2626 2544//2620 
f 2447//2624 2444//2616 2542//2615 
f 2546//2622 2547//2623 2542//2615 
f 2545//2621 2546//2622 2541//2614 
f 2544//2620 2545//2621 2540//2613 
f 2543//2619 2544//2620 2539//2612 
f 2538//2611 2537//2610 2446//2618 
f 2445//2617 2443//2609 2536//2607 
f 2541//2614 2542//2615 2536//2607 
f 2540//2613 2541//2614 2535//2606 
f 2539//2612 2540//2613 2534//2605 
f 2538//2611 2539//2612 2533//2604 
f 2537//2610 2538//2611 2532//2603 
f 2442//2608 2441//2601 2530//2599 
f 2535//2606 2536//2607 2530//2599 
f 2534//2605 2535//2606 2529//2598 
f 2533//2604 2534//2605 2527//2596 
f 2532//2603 2533//2604 2525//2594 
f 2531//2602 2532//2603 2523//2592 
f 2440//2600 2478//2744 2528//2597 
f 2529//2598 2530//2599 2528//2597 
f 2527//2596 2529//2598 2526//2595 
f 2525//2594 2527//2596 2524//2593 
f 2523//2592 2525//2594 2522//2591 
f 2521//2590 2523//2592 2519//2588 
o mesh112
f 2438//2811 2432//2812 2637//2812 
f 2637//2812 2638//2813 2438//2811 
f 2430//2814 2438//2811 2639//2815 
f 2639//2815 2640//2816 2430//2814 
f 2431//2817 2430//2814 2641//2818 
f 2641//2818 2642//2819 2431//2817 
f 2429//2820 2431//2817 2643//2821 
f 2643//2821 2644//2822 2429//2820 
f 2407//2823 2429//2820 2645//2824 
f 2429//2820 2646//2825 2645//2824 
f 2407//2823 2647//2826 2648//2827 
f 2407//2823 2649//2828 2647//2826 
f 2408//2827 2650//2829 2651//2830 
f 2408//2827 2648//2827 2650//2829 
f 2411//2830 2652//2831 2653//2832 
f 2411//2830 2651//2830 2652//2831 
f 2419//2832 2654//2833 2655//2834 
f 2419//2832 2653//2832 2654//2833 
f 2418//2835 2415//2836 2655//2834 
f 2655//2834 2415//2836 2419//2832 
f 2653//2832 2419//2832 2411//2830 
f 2651//2830 2411//2830 2408//2827 
f 2648//2827 2408//2827 2407//2823 
f 2645//2824 2649//2828 2407//2823 
f 2644//2822 2646//2825 2429//2820 
f 2642//2819 2643//2821 2431//2817 
f 2640//2816 2641//2818 2430//2814 
f 2638//2813 2639//2815 2438//2811 
f 2637//2812 2432//2812 2420//2837 
o mesh113
f 2406//2838 2391//2839 2656//2839 
f 2404//2840 2406//2838 2657//2841 
f 2657//2841 2658//2842 2404//2840 
f 2405//2843 2404//2840 2659//2844 
f 2659//2844 2660//2845 2405//2843 
f 2403//2846 2405//2843 2661//2847 
f 2661//2847 2662//2848 2403//2846 
f 2401//2849 2403//2846 2663//2850 
f 2403//2846 2664//2851 2663//2850 
f 2401//2849 2665//2852 2666//2853 
f 2401//2849 2667//2854 2665//2852 
f 2402//2853 2668//2855 2669//2856 
f 2402//2853 2666//2853 2668//2855 
f 2400//2856 2670//2857 2671//2858 
f 2400//2856 2669//2856 2670//2857 
f 2389//2858 2671//2858 2672//2859 
f 2424//2860 2390//2859 2672//2859 
f 2672//2859 2390//2859 2389//2858 
f 2671//2858 2389//2858 2400//2856 
f 2669//2856 2400//2856 2402//2853 
f 2666//2853 2402//2853 2401//2849 
f 2663//2850 2667//2854 2401//2849 
f 2662//2848 2664//2851 2403//2846 
f 2660//2845 2661//2847 2405//2843 
f 2658//2842 2659//2844 2404//2840 
f 2656//2839 2657//2841 2406//2838 
f 2656//2839 2391//2839 2398//2861 
o mesh114
f 2387//2862 2385//2863 2478//2864 
f 2384//2865 2387//2862 2440//2866 
f 2440//2866 2441//2867 2384//2865 
f 2382//2868 2384//2865 2442//2869 
f 2442//2869 2443//2870 2382//2868 
f 2383//2871 2382//2868 2445//2872 
f 2445//2872 2444//2873 2383//2871 
f 2444//2873 2447//2874 2383//2871 
f 2396//2875 2383//2871 2449//2876 
f 2449//2876 2448//2877 2396//2875 
f 2395//2878 2396//2875 2451//2879 
f 2451//2879 2450//2880 2395//2878 
f 2376//2881 2453//2882 2454//2883 
f 2376//2881 2395//2878 2452//2884 
f 2452//2884 2453//2882 2376//2881 
f 2372//2885 2376//2881 2456//2886 
f 2456//2886 2455//2887 2372//2885 
f 2369//2888 2457//2889 2459//2890 
f 2369//2888 2372//2885 2458//2891 
f 2458//2891 2457//2889 2369//2888 
f 2369//2888 2460//2892 2463//2893 
f 2369//2888 2461//2894 2460//2892 
f 2370//2895 2462//2896 2464//2897 
f 2370//2895 2463//2893 2462//2896 
f 2375//2898 2466//2899 2468//2900 
f 2375//2898 2465//2901 2466//2899 
f 2375//2898 2464//2897 2465//2901 
f 2388//2902 2467//2903 2469//2904 
f 2388//2902 2468//2900 2467//2903 
f 2380//2905 2470//2906 2471//2907 
f 2380//2905 2469//2904 2470//2906 
f 2386//2908 2473//2909 2475//2910 
f 2386//2908 2472//2911 2473//2909 
f 2386//2908 2471//2907 2472//2911 
f 2379//2912 2475//2910 2474//2913 
f 2377//2914 2474//2913 2476//2915 
f 2476//2915 2477//2916 2377//2914 
f 2477//2916 2373//2917 2377//2914 
f 2474//2913 2377//2914 2379//2912 
f 2475//2910 2379//2912 2386//2908 
f 2471//2907 2386//2908 2380//2905 
f 2469//2904 2380//2905 2388//2902 
f 2468//2900 2388//2902 2375//2898 
f 2464//2897 2375//2898 2370//2895 
f 2463//2893 2370//2895 2369//2888 
f 2459//2890 2461//2894 2369//2888 
f 2455//2887 2458//2891 2372//2885 
f 2454//2883 2456//2886 2376//2881 
f 2450//2880 2452//2884 2395//2878 
f 2448//2877 2451//2879 2396//2875 
f 2447//2874 2449//2876 2383//2871 
f 2443//2870 2445//2872 2382//2868 
f 2441//2867 2442//2869 2384//2865 
f 2478//2864 2440//2866 2387//2862 
o mesh115
f 2368//2918 2378//2919 2673//2920 
f 2673//2920 2674//2921 2368//2918 
f 2371//2922 2368//2918 2675//2923 
f 2675//2923 2676//2924 2371//2922 
f 2381//2925 2371//2922 2677//2926 
f 2677//2926 2678//2927 2381//2925 
f 2394//2928 2381//2925 2679//2929 
f 2679//2929 2680//2930 2394//2928 
f 2394//2928 2681//2931 2682//2932 
f 2394//2928 2683//2933 2681//2931 
f 2394//2928 2684//2934 2683//2933 
f 2435//2935 2685//2936 2686//2937 
f 2435//2935 2682//2932 2685//2936 
f 2423//2938 2687//2939 2688//2940 
f 2423//2938 2686//2937 2687//2939 
f 2414//2941 2689//2942 2690//2943 
f 2414//2941 2688//2940 2689//2942 
f 2409//2944 2691//2945 2692//2946 
f 2409//2944 2693//2947 2691//2945 
f 2409//2944 2690//2943 2693//2947 
f 2410//2948 2694//2949 2695//2950 
f 2410//2948 2692//2946 2694//2949 
f 2412//2951 2696//2952 2697//2953 
f 2412//2951 2695//2950 2696//2952 
f 2413//2954 2698//2955 2699//2956 
f 2413//2954 2697//2953 2698//2955 
f 2434//2957 2700//2958 2701//2959 
f 2434//2957 2699//2956 2702//2960 
f 2702//2960 2700//2958 2434//2957 
f 2421//2961 2703//2962 2704//2963 
f 2421//2961 2701//2959 2703//2962 
f 2422//2964 2705//2965 2706//2966 
f 2422//2964 2704//2963 2705//2965 
f 2433//2967 2707//2968 2708//2969 
f 2433//2967 2706//2966 2707//2968 
f 2708//2969 2437//2970 2433//2967 
f 2427//2971 2437//2970 2709//2972 
f 2709//2972 2710//2973 2427//2971 
f 2428//2974 2427//2971 2711//2975 
f 2711//2975 2712//2976 2428//2974 
f 2439//2977 2713//2978 2714//2979 
f 2439//2977 2428//2974 2715//2980 
f 2715//2980 2713//2978 2439//2977 
f 2439//2977 2716//2981 2717//2982 
f 2439//2977 2718//2983 2719//2984 
f 2719//2984 2716//2981 2439//2977 
f 2436//2985 2720//2986 2721//2987 
f 2436//2985 2717//2982 2720//2986 
f 2426//2988 2722//2989 2723//2990 
f 2426//2988 2721//2987 2722//2989 
f 2416//2991 2417//2992 2724//2993 
f 2417//2992 2725//2994 2724//2993 
f 2417//2992 2723//2990 2725//2994 
f 2416//2991 2726//2995 2727//2996 
f 2727//2996 2425//2997 2416//2991 
f 2392//2998 2425//2997 2728//2999 
f 2728//2999 2729//3000 2392//2998 
f 2393//3001 2392//2998 2730//3002 
f 2730//3002 2731//3003 2393//3001 
f 2731//3003 2732//3004 2393//3001 
f 2399//3005 2393//3001 2733//3006 
f 2733//3006 2734//3007 2399//3005 
f 2397//3008 2399//3005 2735//3009 
f 2735//3009 2736//3010 2397//3008 
f 2378//2919 2737//3011 2738//3012 
f 2378//2919 2397//3008 2739//3013 
f 2739//3013 2737//3011 2378//2919 
f 2738//3012 2673//2920 2378//2919 
f 2736//3010 2739//3013 2397//3008 
f 2734//3007 2735//3009 2399//3005 
f 2732//3004 2733//3006 2393//3001 
f 2729//3000 2730//3002 2392//2998 
f 2727//2996 2728//2999 2425//2997 
f 2724//2993 2726//2995 2416//2991 
f 2723//2990 2417//2992 2426//2988 
f 2721//2987 2426//2988 2436//2985 
f 2717//2982 2436//2985 2439//2977 
f 2714//2979 2718//2983 2439//2977 
f 2712//2976 2715//2980 2428//2974 
f 2710//2973 2711//2975 2427//2971 
f 2708//2969 2709//2972 2437//2970 
f 2706//2966 2433//2967 2422//2964 
f 2704//2963 2422//2964 2421//2961 
f 2701//2959 2421//2961 2434//2957 
f 2699//2956 2434//2957 2413//2954 
f 2697//2953 2413//2954 2412//2951 
f 2695//2950 2412//2951 2410//2948 
f 2692//2946 2410//2948 2409//2944 
f 2690//2943 2409//2944 2414//2941 
f 2688//2940 2414//2941 2423//2938 
f 2686//2937 2423//2938 2435//2935 
f 2682//2932 2435//2935 2394//2928 
f 2680//2930 2684//2934 2394//2928 
f 2678//2927 2679//2929 2381//2925 
f 2676//2924 2677//2926 2371//2922 
f 2674//2921 2675//2923 2368//2918 
o mesh116
f 2714//3014 2713//3015 2820//3016 
f 2821//3017 2822//3018 2820//3016 
f 2823//3019 2821//3017 2824//3020 
f 2825//3021 2823//3019 2826//3022 
f 2827//3023 2825//3021 2828//3024 
f 2829//3025 2827//3023 2830//3026 
f 2831//3027 2829//3025 2832//3028 
f 2833//3029 2820//3016 2715//3030 
f 2820//3016 2713//3015 2715//3030 
f 2824//3020 2820//3016 2833//3029 
f 2826//3022 2824//3020 2834//3031 
f 2828//3024 2826//3022 2835//3032 
f 2830//3026 2828//3024 2836//3033 
f 2832//3028 2830//3026 2837//3034 
f 2838//3035 2832//3028 2839//3036 
f 2833//3029 2712//3037 2711//3038 
f 2711//3038 2840//3039 2833//3029 
f 2834//3031 2833//3029 2840//3039 
f 2835//3032 2834//3031 2841//3040 
f 2836//3033 2835//3032 2842//3041 
f 2837//3034 2836//3033 2843//3042 
f 2839//3036 2837//3034 2844//3043 
f 2845//3044 2839//3036 2846//3045 
f 2840//3039 2710//3046 2709//3047 
f 2709//3047 2847//3048 2840//3039 
f 2841//3040 2840//3039 2847//3048 
f 2842//3041 2841//3040 2848//3049 
f 2843//3042 2842//3041 2849//3050 
f 2844//3043 2843//3042 2850//3051 
f 2846//3045 2844//3043 2851//3052 
f 2852//3053 2846//3045 2853//3054 
f 2707//3055 2854//3056 2847//3048 
f 2848//3049 2847//3048 2854//3056 
f 2849//3050 2848//3049 2855//3057 
f 2850//3051 2849//3050 2856//3058 
f 2851//3052 2850//3051 2857//3059 
f 2853//3054 2851//3052 2858//3060 
f 2859//3061 2853//3054 2860//3062 
f 2861//3063 2854//3056 2706//3064 
f 2854//3056 2707//3055 2706//3064 
f 2855//3057 2854//3056 2861//3063 
f 2856//3058 2855//3057 2862//3065 
f 2857//3059 2856//3058 2863//3066 
f 2858//3060 2857//3059 2864//3067 
f 2860//3062 2858//3060 2865//3068 
f 2866//3069 2860//3062 2867//3070 
f 2861//3063 2705//3071 2704//3072 
f 2704//3072 2868//3073 2861//3063 
f 2862//3065 2861//3063 2868//3073 
f 2863//3066 2862//3065 2869//3074 
f 2864//3067 2863//3066 2870//3075 
f 2865//3068 2864//3067 2871//3076 
f 2867//3070 2865//3068 2872//3077 
f 2873//3078 2867//3070 2874//3079 
f 2868//3073 2703//3080 2701//3081 
f 2701//3081 2875//3082 2868//3073 
f 2869//3074 2868//3073 2875//3082 
f 2870//3075 2869//3074 2876//3083 
f 2871//3076 2870//3075 2877//3084 
f 2872//3077 2871//3076 2878//3085 
f 2874//3079 2872//3077 2879//3086 
f 2880//3087 2874//3079 2881//3088 
f 2702//3089 2882//3090 2875//3082 
f 2876//3083 2875//3082 2882//3090 
f 2877//3084 2876//3083 2883//3091 
f 2878//3085 2877//3084 2884//3092 
f 2879//3086 2878//3085 2885//3093 
f 2881//3088 2879//3086 2886//3094 
f 2887//3095 2881//3088 2888//3096 
f 2889//3097 2882//3090 2699//3098 
f 2882//3090 2702//3089 2699//3098 
f 2883//3091 2882//3090 2889//3097 
f 2884//3092 2883//3091 2890//3099 
f 2885//3093 2884//3092 2891//3100 
f 2886//3094 2885//3093 2892//3101 
f 2888//3096 2886//3094 2893//3102 
f 2894//3103 2888//3096 2895//3104 
f 2896//3105 2889//3097 2697//3106 
f 2889//3097 2698//3107 2697//3106 
f 2890//3099 2889//3097 2896//3105 
f 2891//3100 2890//3099 2897//3108 
f 2892//3101 2891//3100 2898//3109 
f 2893//3102 2892//3101 2899//3110 
f 2895//3104 2893//3102 2900//3111 
f 2901//3112 2895//3104 2902//3113 
f 2896//3105 2696//3114 2695//3115 
f 2695//3115 2903//3116 2896//3105 
f 2897//3108 2896//3105 2903//3116 
f 2898//3109 2897//3108 2904//3117 
f 2899//3110 2898//3109 2905//3118 
f 2900//3111 2899//3110 2906//3119 
f 2902//3113 2900//3111 2907//3120 
f 2908//3121 2902//3113 2909//3122 
f 2903//3116 2694//3123 2692//3124 
f 2692//3124 2910//3125 2903//3116 
f 2904//3117 2903//3116 2910//3125 
f 2905//3118 2904//3117 2911//3126 
f 2906//3119 2905//3118 2912//3127 
f 2907//3120 2906//3119 2913//3128 
f 2909//3122 2907//3120 2914//3129 
f 2915//3130 2909//3122 2916//3131 
f 2910//3125 2691//3132 2693//3133 
f 2911//3126 2910//3125 2917//3134 
f 2912//3127 2911//3126 2918//3135 
f 2913//3128 2912//3127 2919//3136 
f 2914//3129 2913//3128 2920//3137 
f 2916//3131 2914//3129 2921//3138 
f 2922//3139 2916//3131 2923//3140 
f 2924//3141 2917//3134 2690//3142 
f 2917//3134 2693//3133 2690//3142 
f 2918//3135 2917//3134 2924//3141 
f 2919//3136 2918//3135 2925//3143 
f 2920//3137 2919//3136 2926//3144 
f 2921//3138 2920//3137 2927//3145 
f 2923//3140 2921//3138 2928//3146 
f 2929//3147 2923//3140 2930//3148 
f 2931//3149 2924//3141 2688//3150 
f 2924//3141 2689//3151 2688//3150 
f 2925//3143 2924//3141 2931//3149 
f 2926//3144 2925//3143 2932//3152 
f 2927//3145 2926//3144 2933//3153 
f 2928//3146 2927//3145 2934//3154 
f 2930//3148 2928//3146 2935//3155 
f 2936//3156 2930//3148 2937//3157 
f 2931//3149 2687//3158 2686//3159 
f 2686//3159 2938//3160 2931//3149 
f 2932//3152 2931//3149 2938//3160 
f 2933//3153 2932//3152 2939//3161 
f 2934//3154 2933//3153 2940//3162 
f 2935//3155 2934//3154 2941//3163 
f 2937//3157 2935//3155 2942//3164 
f 2943//3165 2937//3157 2944//3166 
f 2938//3160 2685//3167 2682//3168 
f 2682//3168 2945//3169 2938//3160 
f 2939//3161 2938//3160 2945//3169 
f 2940//3162 2939//3161 2946//3170 
f 2941//3163 2940//3162 2947//3171 
f 2942//3164 2941//3163 2948//3172 
f 2944//3166 2942//3164 2949//3173 
f 2950//3174 2944//3166 2951//3175 
f 2945//3169 2681//3176 2683//3177 
f 2946//3170 2945//3169 2952//3178 
f 2947//3171 2946//3170 2953//3179 
f 2948//3172 2947//3171 2954//3180 
f 2949//3173 2948//3172 2955//3181 
f 2951//3175 2949//3173 2956//3182 
f 2957//3183 2951//3175 2958//3184 
f 2958//3184 2956//3182 2959//3185 
f 2960//3186 2958//3184 2961//3187 
f 2952//3178 2684//3188 2680//3189 
f 2952//3178 2683//3177 2684//3188 
f 2680//3189 2740//3190 2952//3178 
f 2740//3190 2741//3191 2952//3178 
f 2953//3179 2952//3178 2742//3192 
f 2742//3192 2743//3193 2953//3179 
f 2954//3180 2953//3179 2744//3194 
f 2744//3194 2745//3195 2954//3180 
f 2955//3181 2954//3180 2746//3196 
f 2746//3196 2747//3197 2955//3181 
f 2956//3182 2748//3198 2749//3199 
f 2956//3182 2955//3181 2750//3200 
f 2750//3200 2748//3198 2956//3182 
f 2959//3185 2749//3199 2751//3201 
f 2961//3187 2959//3185 2752//3202 
f 2959//3185 2753//3203 2752//3202 
f 2962//3204 2961//3187 2754//3205 
f 2755//3206 2962//3204 2756//3207 
f 2756//3207 2757//3208 2755//3206 
f 2758//3209 2960//3186 2962//3204 
f 2960//3186 2759//3210 2760//3211 
f 2760//3211 2957//3183 2960//3186 
f 2960//3186 2758//3209 2759//3210 
f 2950//3174 2957//3183 2761//3212 
f 2957//3183 2762//3213 2761//3212 
f 2950//3174 2763//3214 2764//3215 
f 2764//3215 2943//3165 2950//3174 
f 2943//3165 2765//3216 2766//3217 
f 2936//3156 2766//3217 2767//3218 
f 2767//3218 2929//3147 2936//3156 
f 2929//3147 2768//3219 2769//3220 
f 2769//3220 2922//3139 2929//3147 
f 2915//3130 2922//3139 2770//3221 
f 2922//3139 2771//3222 2770//3221 
f 2915//3130 2772//3223 2773//3224 
f 2773//3224 2908//3121 2915//3130 
f 2901//3112 2908//3121 2774//3225 
f 2908//3121 2775//3226 2774//3225 
f 2894//3103 2901//3112 2776//3227 
f 2901//3112 2777//3228 2778//3229 
f 2778//3229 2776//3227 2901//3112 
f 2887//3095 2894//3103 2779//3230 
f 2894//3103 2780//3231 2779//3230 
f 2887//3095 2781//3232 2782//3233 
f 2782//3233 2880//3087 2887//3095 
f 2880//3087 2783//3234 2784//3235 
f 2785//3236 2866//3069 2873//3078 
f 2873//3078 2784//3235 2785//3236 
f 2786//3237 2859//3061 2866//3069 
f 2787//3238 2852//3053 2859//3061 
f 2859//3061 2786//3237 2787//3238 
f 2852//3053 2788//3239 2789//3240 
f 2789//3240 2845//3044 2852//3053 
f 2845//3044 2790//3241 2791//3242 
f 2791//3242 2838//3035 2845//3044 
f 2838//3035 2792//3243 2793//3244 
f 2793//3244 2831//3027 2838//3035 
f 2794//3245 2795//3246 2831//3027 
f 2796//3247 2797//3248 2798//3249 
f 2798//3249 2794//3245 2796//3247 
f 2831//3027 2799//3250 2800//3251 
f 2831//3027 2795//3246 2799//3250 
f 2829//3025 2801//3252 2802//3253 
f 2829//3025 2803//3254 2801//3252 
f 2829//3025 2800//3251 2803//3254 
f 2827//3023 2804//3255 2805//3256 
f 2827//3023 2802//3253 2806//3257 
f 2806//3257 2804//3255 2827//3023 
f 2825//3021 2805//3256 2807//3258 
f 2823//3019 2808//3259 2809//3260 
f 2823//3019 2810//3261 2808//3259 
f 2823//3019 2811//3262 2812//3263 
f 2823//3019 2807//3258 2811//3262 
f 2812//3263 2810//3261 2823//3019 
f 2821//3017 2813//3264 2814//3265 
f 2821//3017 2809//3260 2815//3266 
f 2815//3266 2813//3264 2821//3017 
f 2816//3267 2719//3268 2718//3269 
f 2718//3269 2822//3018 2816//3267 
f 2822//3018 2817//3270 2816//3267 
f 2822//3018 2814//3265 2817//3270 
f 2718//3269 2714//3014 2822//3018 
f 2814//3265 2822//3018 2821//3017 
f 2809//3260 2821//3017 2823//3019 
f 2807//3258 2823//3019 2825//3021 
f 2805//3256 2825//3021 2827//3023 
f 2802//3253 2827//3023 2829//3025 
f 2800//3251 2829//3025 2831//3027 
f 2831//3027 2796//3247 2794//3245 
f 2793//3244 2796//3247 2831//3027 
f 2791//3242 2792//3243 2838//3035 
f 2789//3240 2790//3241 2845//3044 
f 2787//3238 2788//3239 2852//3053 
f 2866//3069 2818//3271 2786//3237 
f 2785//3236 2818//3271 2866//3069 
f 2784//3235 2873//3078 2880//3087 
f 2782//3233 2783//3234 2880//3087 
f 2779//3230 2781//3232 2887//3095 
f 2776//3227 2780//3231 2894//3103 
f 2774//3225 2777//3228 2901//3112 
f 2773//3224 2775//3226 2908//3121 
f 2770//3221 2772//3223 2915//3130 
f 2769//3220 2771//3222 2922//3139 
f 2767//3218 2768//3219 2929//3147 
f 2766//3217 2936//3156 2943//3165 
f 2764//3215 2765//3216 2943//3165 
f 2761//3212 2763//3214 2950//3174 
f 2760//3211 2762//3213 2957//3183 
f 2962//3204 2755//3206 2758//3209 
f 2757//3208 2819//3272 2755//3206 
f 2754//3205 2756//3207 2962//3204 
f 2752//3202 2754//3205 2961//3187 
f 2751//3201 2753//3203 2959//3185 
f 2749//3199 2959//3185 2956//3182 
f 2747//3197 2750//3200 2955//3181 
f 2745//3195 2746//3196 2954//3180 
f 2743//3193 2744//3194 2953//3179 
f 2741//3191 2742//3192 2952//3178 
f 2961//3187 2962//3204 2960//3186 
f 2959//3185 2961//3187 2958//3184 
f 2958//3184 2960//3186 2957//3183 
f 2956//3182 2958//3184 2951//3175 
f 2955//3181 2956//3182 2949//3173 
f 2954//3180 2955//3181 2948//3172 
f 2953//3179 2954//3180 2947//3171 
f 2952//3178 2953//3179 2946//3170 
f 2683//3177 2952//3178 2945//3169 
f 2951//3175 2957//3183 2950//3174 
f 2949//3173 2951//3175 2944//3166 
f 2948//3172 2949//3173 2942//3164 
f 2947//3171 2948//3172 2941//3163 
f 2946//3170 2947//3171 2940//3162 
f 2945//3169 2946//3170 2939//3161 
f 2682//3168 2681//3176 2945//3169 
f 2944//3166 2950//3174 2943//3165 
f 2942//3164 2944//3166 2937//3157 
f 2941//3163 2942//3164 2935//3155 
f 2940//3162 2941//3163 2934//3154 
f 2939//3161 2940//3162 2933//3153 
f 2938//3160 2939//3161 2932//3152 
f 2686//3159 2685//3167 2938//3160 
f 2937//3157 2943//3165 2936//3156 
f 2935//3155 2937//3157 2930//3148 
f 2934//3154 2935//3155 2928//3146 
f 2933//3153 2934//3154 2927//3145 
f 2932//3152 2933//3153 2926//3144 
f 2931//3149 2932//3152 2925//3143 
f 2688//3150 2687//3158 2931//3149 
f 2930//3148 2936//3156 2929//3147 
f 2928//3146 2930//3148 2923//3140 
f 2927//3145 2928//3146 2921//3138 
f 2926//3144 2927//3145 2920//3137 
f 2925//3143 2926//3144 2919//3136 
f 2924//3141 2925//3143 2918//3135 
f 2690//3142 2689//3151 2924//3141 
f 2923//3140 2929//3147 2922//3139 
f 2921//3138 2923//3140 2916//3131 
f 2920//3137 2921//3138 2914//3129 
f 2919//3136 2920//3137 2913//3128 
f 2918//3135 2919//3136 2912//3127 
f 2917//3134 2918//3135 2911//3126 
f 2693//3133 2917//3134 2910//3125 
f 2916//3131 2922//3139 2915//3130 
f 2914//3129 2916//3131 2909//3122 
f 2913//3128 2914//3129 2907//3120 
f 2912//3127 2913//3128 2906//3119 
f 2911//3126 2912//3127 2905//3118 
f 2910//3125 2911//3126 2904//3117 
f 2692//3124 2691//3132 2910//3125 
f 2909//3122 2915//3130 2908//3121 
f 2907//3120 2909//3122 2902//3113 
f 2906//3119 2907//3120 2900//3111 
f 2905//3118 2906//3119 2899//3110 
f 2904//3117 2905//3118 2898//3109 
f 2903//3116 2904//3117 2897//3108 
f 2695//3115 2694//3123 2903//3116 
f 2902//3113 2908//3121 2901//3112 
f 2900//3111 2902//3113 2895//3104 
f 2899//3110 2900//3111 2893//3102 
f 2898//3109 2899//3110 2892//3101 
f 2897//3108 2898//3109 2891//3100 
f 2896//3105 2897//3108 2890//3099 
f 2697//3106 2696//3114 2896//3105 
f 2895//3104 2901//3112 2894//3103 
f 2893//3102 2895//3104 2888//3096 
f 2892//3101 2893//3102 2886//3094 
f 2891//3100 2892//3101 2885//3093 
f 2890//3099 2891//3100 2884//3092 
f 2889//3097 2890//3099 2883//3091 
f 2699//3098 2698//3107 2889//3097 
f 2888//3096 2894//3103 2887//3095 
f 2886//3094 2888//3096 2881//3088 
f 2885//3093 2886//3094 2879//3086 
f 2884//3092 2885//3093 2878//3085 
f 2883//3091 2884//3092 2877//3084 
f 2882//3090 2883//3091 2876//3083 
f 2875//3082 2700//3273 2702//3089 
f 2881//3088 2887//3095 2880//3087 
f 2879//3086 2881//3088 2874//3079 
f 2878//3085 2879//3086 2872//3077 
f 2877//3084 2878//3085 2871//3076 
f 2876//3083 2877//3084 2870//3075 
f 2875//3082 2876//3083 2869//3074 
f 2701//3081 2700//3273 2875//3082 
f 2874//3079 2880//3087 2873//3078 
f 2872//3077 2874//3079 2867//3070 
f 2871//3076 2872//3077 2865//3068 
f 2870//3075 2871//3076 2864//3067 
f 2869//3074 2870//3075 2863//3066 
f 2868//3073 2869//3074 2862//3065 
f 2704//3072 2703//3080 2868//3073 
f 2867//3070 2873//3078 2866//3069 
f 2865//3068 2867//3070 2860//3062 
f 2864//3067 2865//3068 2858//3060 
f 2863//3066 2864//3067 2857//3059 
f 2862//3065 2863//3066 2856//3058 
f 2861//3063 2862//3065 2855//3057 
f 2706//3064 2705//3071 2861//3063 
f 2860//3062 2866//3069 2859//3061 
f 2858//3060 2860//3062 2853//3054 
f 2857//3059 2858//3060 2851//3052 
f 2856//3058 2857//3059 2850//3051 
f 2855//3057 2856//3058 2849//3050 
f 2854//3056 2855//3057 2848//3049 
f 2847//3048 2708//3274 2707//3055 
f 2853//3054 2859//3061 2852//3053 
f 2851//3052 2853//3054 2846//3045 
f 2850//3051 2851//3052 2844//3043 
f 2849//3050 2850//3051 2843//3042 
f 2848//3049 2849//3050 2842//3041 
f 2847//3048 2848//3049 2841//3040 
f 2709//3047 2708//3274 2847//3048 
f 2846//3045 2852//3053 2845//3044 
f 2844//3043 2846//3045 2839//3036 
f 2843//3042 2844//3043 2837//3034 
f 2842//3041 2843//3042 2836//3033 
f 2841//3040 2842//3041 2835//3032 
f 2840//3039 2841//3040 2834//3031 
f 2711//3038 2710//3046 2840//3039 
f 2839//3036 2845//3044 2838//3035 
f 2837//3034 2839//3036 2832//3028 
f 2836//3033 2837//3034 2830//3026 
f 2835//3032 2836//3033 2828//3024 
f 2834//3031 2835//3032 2826//3022 
f 2833//3029 2834//3031 2824//3020 
f 2715//3030 2712//3037 2833//3029 
f 2832//3028 2838//3035 2831//3027 
f 2830//3026 2832//3028 2829//3025 
f 2828//3024 2830//3026 2827//3023 
f 2826//3022 2828//3024 2825//3021 
f 2824//3020 2826//3022 2823//3019 
f 2820//3016 2824//3020 2821//3017 
f 2820//3016 2822//3018 2714//3014 
o mesh117
f 2981//3275 2678//3276 2677//3277 
f 2677//3277 2982//3278 2981//3275 
f 2983//3279 2981//3275 2982//3278 
f 2984//3280 2983//3279 2985//3281 
f 2986//3282 2984//3280 2987//3283 
f 2988//3284 2986//3282 2989//3285 
f 2990//3286 2988//3284 2991//3287 
f 2992//3288 2990//3286 2993//3289 
f 2994//3290 2992//3288 2995//3291 
f 2963//3292 2964//3292 2994//3290 
f 2982//3278 2676//3293 2675//3294 
f 2675//3294 2996//3295 2982//3278 
f 2985//3281 2982//3278 2996//3295 
f 2987//3283 2985//3281 2997//3296 
f 2989//3285 2987//3283 2998//3297 
f 2991//3287 2989//3285 2999//3298 
f 2993//3289 2991//3287 3000//3299 
f 2995//3291 2993//3289 3001//3300 
f 3002//3301 2995//3291 3003//3302 
f 2965//3303 2963//3292 3002//3301 
f 2996//3295 2674//3304 2673//3305 
f 2673//3305 3004//3306 2996//3295 
f 2997//3296 2996//3295 3004//3306 
f 2998//3297 2997//3296 3005//3307 
f 2999//3298 2998//3297 3006//3308 
f 3000//3299 2999//3298 3007//3309 
f 3001//3300 3000//3299 3008//3310 
f 3003//3302 3001//3300 3009//3311 
f 3010//3312 3003//3302 3011//3313 
f 2966//3314 2965//3303 3010//3312 
f 2967//3315 3004//3306 2738//3316 
f 2968//3317 3005//3307 3004//3306 
f 2969//3318 3006//3308 3005//3307 
f 2970//3319 3007//3309 3006//3308 
f 2971//3320 3008//3310 3007//3309 
f 2972//3321 3009//3311 3008//3310 
f 2973//3322 3011//3313 3009//3311 
f 2974//3323 3012//3324 3011//3313 
f 2975//3325 2966//3314 3012//3324 
f 2994//3290 2964//3292 2976//3325 
f 2976//3325 2977//3326 2994//3290 
f 2992//3288 2978//3327 2819//3328 
f 2992//3288 2979//3329 2978//3327 
f 2992//3288 2994//3290 2980//3330 
f 2980//3330 2979//3329 2992//3288 
f 2992//3288 2756//3331 2754//3332 
f 2992//3288 2757//3333 2756//3331 
f 2990//3286 2754//3332 2752//3334 
f 2988//3284 2749//3335 2748//3336 
f 2988//3284 2753//3337 2751//3338 
f 2988//3284 2752//3334 2753//3337 
f 2751//3338 2749//3335 2988//3284 
f 2986//3282 2750//3339 2747//3340 
f 2986//3282 2748//3336 2750//3339 
f 2984//3280 2745//3341 2744//3342 
f 2984//3280 2746//3343 2745//3341 
f 2984//3280 2747//3340 2746//3343 
f 2983//3279 2744//3342 2743//3344 
f 2740//3345 2680//3346 2679//3347 
f 2679//3347 2981//3275 2740//3345 
f 2981//3275 2741//3348 2740//3345 
f 2981//3275 2743//3344 2742//3349 
f 2742//3349 2741//3348 2981//3275 
f 2679//3347 2678//3276 2981//3275 
f 2743//3344 2981//3275 2983//3279 
f 2744//3342 2983//3279 2984//3280 
f 2747//3340 2984//3280 2986//3282 
f 2748//3336 2986//3282 2988//3284 
f 2752//3334 2988//3284 2990//3286 
f 2754//3332 2990//3286 2992//3288 
f 2819//3328 2757//3333 2992//3288 
f 2977//3326 2980//3330 2994//3290 
f 3012//3324 2974//3323 2975//3325 
f 3011//3313 2973//3322 2974//3323 
f 3009//3311 2972//3321 2973//3322 
f 3008//3310 2971//3320 2972//3321 
f 3007//3309 2970//3319 2971//3320 
f 3006//3308 2969//3318 2970//3319 
f 3005//3307 2968//3317 2969//3318 
f 3004//3306 2967//3315 2968//3317 
f 2738//3316 2737//3350 2967//3315 
f 3010//3312 3012//3324 2966//3314 
f 3011//3313 3012//3324 3010//3312 
f 3009//3311 3011//3313 3003//3302 
f 3008//3310 3009//3311 3001//3300 
f 3007//3309 3008//3310 3000//3299 
f 3006//3308 3007//3309 2999//3298 
f 3005//3307 3006//3308 2998//3297 
f 3004//3306 3005//3307 2997//3296 
f 2673//3305 2738//3316 3004//3306 
f 3002//3301 3010//3312 2965//3303 
f 3003//3302 3010//3312 3002//3301 
f 3001//3300 3003//3302 2995//3291 
f 3000//3299 3001//3300 2993//3289 
f 2999//3298 3000//3299 2991//3287 
f 2998//3297 2999//3298 2989//3285 
f 2997//3296 2998//3297 2987//3283 
f 2996//3295 2997//3296 2985//3281 
f 2675//3294 2674//3304 2996//3295 
f 2994//3290 3002//3301 2963//3292 
f 2995//3291 3002//3301 2994//3290 
f 2993//3289 2995//3291 2992//3288 
f 2991//3287 2993//3289 2990//3286 
f 2989//3285 2991//3287 2988//3284 
f 2987//3283 2989//3285 2986//3282 
f 2985//3281 2987//3283 2984//3280 
f 2982//3278 2985//3281 2983//3279 
f 2677//3277 2676//3293 2982//3278 
o mesh118
f 3029//3351 2967//3352 2739//3353 
f 2967//3352 2737//3354 2739//3353 
f 3030//3355 2968//3356 2967//3352 
f 3031//3357 2969//3358 2968//3356 
f 3032//3359 2970//3360 2969//3358 
f 3033//3361 2971//3362 2970//3360 
f 3034//3363 2972//3364 2971//3362 
f 3035//3365 2973//3366 2972//3364 
f 3036//3367 2974//3368 2973//3366 
f 3013//3369 2975//3370 2974//3368 
f 3029//3351 2736//3371 2735//3372 
f 2735//3372 3037//3373 3029//3351 
f 3030//3355 3029//3351 3037//3373 
f 3031//3357 3030//3355 3038//3374 
f 3032//3359 3031//3357 3039//3375 
f 3033//3361 3032//3359 3040//3376 
f 3034//3363 3033//3361 3041//3377 
f 3035//3365 3034//3363 3042//3378 
f 3036//3367 3035//3365 3043//3379 
f 3014//3380 3013//3369 3036//3367 
f 3037//3373 2734//3381 2733//3382 
f 2733//3382 3044//3383 3037//3373 
f 3038//3374 3037//3373 3044//3383 
f 3039//3375 3038//3374 3045//3384 
f 3040//3376 3039//3375 3046//3385 
f 3041//3377 3040//3376 3047//3386 
f 3042//3378 3041//3377 3048//3387 
f 3043//3379 3042//3378 3049//3388 
f 3050//3389 3043//3379 3051//3390 
f 3015//3391 3014//3380 3050//3389 
f 2732//3392 2731//3393 3052//3394 
f 3045//3384 3044//3383 3052//3394 
f 3046//3385 3045//3384 3053//3395 
f 3047//3386 3046//3385 3054//3396 
f 3048//3387 3047//3386 3055//3397 
f 3049//3388 3048//3387 3056//3398 
f 3051//3390 3049//3388 3057//3399 
f 3058//3400 3051//3390 3059//3401 
f 3016//3402 3015//3391 3058//3400 
f 3060//3403 3052//3394 2730//3404 
f 3052//3394 2731//3393 2730//3404 
f 3053//3395 3052//3394 3060//3403 
f 3054//3396 3053//3395 3061//3405 
f 3055//3397 3054//3396 3062//3406 
f 3056//3398 3055//3397 3063//3407 
f 3057//3399 3056//3398 3064//3408 
f 3059//3401 3057//3399 3065//3409 
f 3066//3410 3059//3401 3067//3411 
f 3017//3412 3016//3402 3066//3410 
f 3068//3413 3060//3403 2728//3414 
f 3060//3403 2729//3415 2728//3414 
f 3061//3405 3060//3403 3068//3413 
f 3062//3406 3061//3405 3069//3416 
f 3063//3407 3062//3406 3070//3417 
f 3064//3408 3063//3407 3071//3418 
f 3065//3409 3064//3408 3072//3419 
f 3067//3411 3065//3409 3073//3420 
f 3074//3421 3067//3411 3075//3422 
f 3018//3423 3017//3412 3074//3421 
f 3068//3413 2727//3424 2726//3425 
f 2726//3425 3076//3426 3068//3413 
f 3069//3416 3068//3413 3076//3426 
f 3070//3417 3069//3416 3077//3427 
f 3071//3418 3070//3417 3078//3428 
f 3072//3419 3071//3418 3079//3429 
f 3073//3420 3072//3419 3080//3430 
f 3075//3422 3073//3420 3081//3431 
f 3082//3432 3075//3422 3083//3433 
f 3018//3423 3082//3432 3084//3434 
f 2725//3435 3085//3436 3076//3426 
f 3077//3427 3076//3426 3085//3436 
f 3078//3428 3077//3427 3086//3437 
f 3079//3429 3078//3428 3087//3438 
f 3080//3430 3079//3429 3088//3439 
f 3081//3431 3080//3430 3089//3440 
f 3083//3433 3081//3431 3090//3441 
f 3084//3434 3083//3433 3091//3442 
f 3019//3443 3084//3434 3092//3444 
f 3093//3445 3085//3436 2723//3446 
f 3085//3436 2725//3435 2723//3446 
f 3086//3437 3085//3436 3093//3445 
f 3087//3438 3086//3437 3094//3447 
f 3088//3439 3087//3438 3095//3448 
f 3089//3440 3088//3439 3096//3449 
f 3090//3441 3089//3440 3097//3450 
f 3091//3442 3090//3441 3098//3451 
f 3092//3444 3091//3442 3099//3452 
f 3020//3453 3092//3444 3100//3454 
f 3101//3455 3093//3445 2721//3456 
f 3093//3445 2722//3457 2721//3456 
f 3094//3447 3093//3445 3101//3455 
f 3095//3448 3094//3447 3102//3458 
f 3096//3449 3095//3448 3103//3459 
f 3097//3450 3096//3449 3104//3460 
f 3098//3451 3097//3450 3105//3461 
f 3099//3452 3098//3451 3106//3462 
f 3100//3454 3099//3452 3107//3463 
f 3021//3464 3100//3454 3108//3465 
f 3101//3455 2720//3466 2717//3467 
f 2717//3467 3109//3468 3101//3455 
f 3102//3458 3101//3455 3109//3468 
f 3103//3459 3102//3458 3110//3469 
f 3104//3460 3103//3459 3111//3470 
f 3105//3461 3104//3460 3112//3471 
f 3106//3462 3105//3461 3113//3472 
f 3107//3463 3106//3462 3114//3473 
f 3108//3465 3107//3463 3115//3474 
f 3022//3475 3108//3465 3116//3476 
f 3112//3471 3111//3470 3117//3477 
f 3113//3472 3112//3471 3118//3478 
f 3114//3473 3113//3472 3119//3479 
f 3115//3474 3114//3473 3120//3480 
f 3116//3476 3115//3474 3121//3481 
f 3109//3468 2816//3482 2817//3483 
f 3109//3468 2716//3484 2719//3485 
f 2719//3485 2816//3482 3109//3468 
f 2817//3483 2814//3486 3109//3468 
f 3110//3469 3109//3468 2813//3487 
f 2813//3487 2815//3488 3110//3469 
f 2815//3488 2809//3489 3110//3469 
f 3111//3470 3110//3469 2808//3490 
f 2808//3490 2810//3491 3111//3470 
f 3117//3477 2810//3491 2812//3492 
f 3118//3478 3117//3477 2807//3493 
f 3117//3477 2811//3494 2807//3493 
f 2807//3493 2805//3495 3118//3478 
f 3119//3479 2802//3496 2801//3497 
f 3119//3479 3118//3478 2806//3498 
f 3118//3478 2804//3499 2806//3498 
f 2806//3498 2802//3496 3119//3479 
f 3119//3479 2803//3500 2800//3501 
f 3121//3481 3120//3480 2799//3502 
f 3120//3480 2800//3501 2799//3502 
f 2799//3502 2795//3503 3121//3481 
f 3121//3481 2797//3504 3023//3505 
f 3121//3481 2798//3506 2797//3504 
f 3121//3481 2794//3507 2798//3506 
f 3122//3508 3023//3505 3024//3509 
f 3116//3476 3025//3510 3026//3511 
f 3116//3476 3122//3508 3027//3512 
f 3027//3512 3025//3510 3116//3476 
f 3026//3511 3028//3513 3116//3476 
f 3024//3509 3027//3512 3122//3508 
f 3023//3505 3122//3508 3121//3481 
f 2795//3503 2794//3507 3121//3481 
f 2800//3501 3120//3480 3119//3479 
f 2801//3497 2803//3500 3119//3479 
f 2805//3495 2804//3499 3118//3478 
f 2812//3492 2811//3494 3117//3477 
f 2810//3491 3117//3477 3111//3470 
f 2809//3489 2808//3490 3110//3469 
f 2814//3486 2813//3487 3109//3468 
f 3121//3481 3122//3508 3116//3476 
f 3120//3480 3121//3481 3115//3474 
f 3119//3479 3120//3480 3114//3473 
f 3118//3478 3119//3479 3113//3472 
f 3117//3477 3118//3478 3112//3471 
f 3116//3476 3028//3513 3022//3475 
f 3115//3474 3116//3476 3108//3465 
f 3114//3473 3115//3474 3107//3463 
f 3113//3472 3114//3473 3106//3462 
f 3112//3471 3113//3472 3105//3461 
f 3111//3470 3112//3471 3104//3460 
f 3110//3469 3111//3470 3103//3459 
f 3109//3468 3110//3469 3102//3458 
f 2717//3467 2716//3484 3109//3468 
f 3108//3465 3022//3475 3021//3464 
f 3107//3463 3108//3465 3100//3454 
f 3106//3462 3107//3463 3099//3452 
f 3105//3461 3106//3462 3098//3451 
f 3104//3460 3105//3461 3097//3450 
f 3103//3459 3104//3460 3096//3449 
f 3102//3458 3103//3459 3095//3448 
f 3101//3455 3102//3458 3094//3447 
f 2721//3456 2720//3466 3101//3455 
f 3100//3454 3021//3464 3020//3453 
f 3099//3452 3100//3454 3092//3444 
f 3098//3451 3099//3452 3091//3442 
f 3097//3450 3098//3451 3090//3441 
f 3096//3449 3097//3450 3089//3440 
f 3095//3448 3096//3449 3088//3439 
f 3094//3447 3095//3448 3087//3438 
f 3093//3445 3094//3447 3086//3437 
f 2723//3446 2722//3457 3093//3445 
f 3092//3444 3020//3453 3019//3443 
f 3091//3442 3092//3444 3084//3434 
f 3090//3441 3091//3442 3083//3433 
f 3089//3440 3090//3441 3081//3431 
f 3088//3439 3089//3440 3080//3430 
f 3087//3438 3088//3439 3079//3429 
f 3086//3437 3087//3438 3078//3428 
f 3085//3436 3086//3437 3077//3427 
f 3076//3426 2724//3514 2725//3435 
f 3084//3434 3019//3443 3018//3423 
f 3083//3433 3084//3434 3082//3432 
f 3081//3431 3083//3433 3075//3422 
f 3080//3430 3081//3431 3073//3420 
f 3079//3429 3080//3430 3072//3419 
f 3078//3428 3079//3429 3071//3418 
f 3077//3427 3078//3428 3070//3417 
f 3076//3426 3077//3427 3069//3416 
f 2726//3425 2724//3514 3076//3426 
f 3074//3421 3082//3432 3018//3423 
f 3075//3422 3082//3432 3074//3421 
f 3073//3420 3075//3422 3067//3411 
f 3072//3419 3073//3420 3065//3409 
f 3071//3418 3072//3419 3064//3408 
f 3070//3417 3071//3418 3063//3407 
f 3069//3416 3070//3417 3062//3406 
f 3068//3413 3069//3416 3061//3405 
f 2728//3414 2727//3424 3068//3413 
f 3066//3410 3074//3421 3017//3412 
f 3067//3411 3074//3421 3066//3410 
f 3065//3409 3067//3411 3059//3401 
f 3064//3408 3065//3409 3057//3399 
f 3063//3407 3064//3408 3056//3398 
f 3062//3406 3063//3407 3055//3397 
f 3061//3405 3062//3406 3054//3396 
f 3060//3403 3061//3405 3053//3395 
f 2730//3404 2729//3415 3060//3403 
f 3058//3400 3066//3410 3016//3402 
f 3059//3401 3066//3410 3058//3400 
f 3057//3399 3059//3401 3051//3390 
f 3056//3398 3057//3399 3049//3388 
f 3055//3397 3056//3398 3048//3387 
f 3054//3396 3055//3397 3047//3386 
f 3053//3395 3054//3396 3046//3385 
f 3052//3394 3053//3395 3045//3384 
f 3052//3394 3044//3383 2732//3392 
f 3050//3389 3058//3400 3015//3391 
f 3051//3390 3058//3400 3050//3389 
f 3049//3388 3051//3390 3043//3379 
f 3048//3387 3049//3388 3042//3378 
f 3047//3386 3048//3387 3041//3377 
f 3046//3385 3047//3386 3040//3376 
f 3045//3384 3046//3385 3039//3375 
f 3044//3383 3045//3384 3038//3374 
f 2733//3382 2732//3392 3044//3383 
f 3036//3367 3050//3389 3014//3380 
f 3043//3379 3050//3389 3036//3367 
f 3042//3378 3043//3379 3035//3365 
f 3041//3377 3042//3378 3034//3363 
f 3040//3376 3041//3377 3033//3361 
f 3039//3375 3040//3376 3032//3359 
f 3038//3374 3039//3375 3031//3357 
f 3037//3373 3038//3374 3030//3355 
f 2735//3372 2734//3381 3037//3373 
f 2974//3368 3036//3367 3013//3369 
f 2973//3366 3035//3365 3036//3367 
f 2972//3364 3034//3363 3035//3365 
f 2971//3362 3033//3361 3034//3363 
f 2970//3360 3032//3359 3033//3361 
f 2969//3358 3031//3357 3032//3359 
f 2968//3356 3030//3355 3031//3357 
f 2967//3352 3029//3351 3030//3355 
f 2739//3353 2736//3371 3029//3351 
o mesh119
f 2963//3515 3123//3515 3124//3515 
f 2963//3515 3125//3515 3123//3515 
f 2964//3515 3124//3515 3126//3515 
f 2963//3515 3127//3515 3125//3515 
f 3126//3515 3128//3515 2964//3515 
f 2963//3515 3129//3515 3127//3515 
f 3128//3515 3130//3515 2964//3515 
f 2965//3515 3131//3515 3129//3515 
f 3130//3515 2976//3515 2964//3515 
f 3131//3515 2965//3515 2966//3515 
f 3124//3515 2964//3515 2963//3515 
f 3129//3515 2963//3515 2965//3515 
f 2966//3515 2975//3515 3131//3515 
o mesh120
f 3028//3516 3026//3517 3132//3518 
f 3022//3519 3028//3516 3133//3520 
f 3133//3520 3134//3521 3022//3519 
f 3134//3521 3020//3522 3021//3523 
f 3021//3523 3022//3519 3134//3521 
f 3134//3521 3018//3524 3019//3525 
f 3019//3525 3020//3522 3134//3521 
f 3134//3521 3135//3526 3017//3527 
f 3017//3527 3018//3524 3134//3521 
f 3135//3526 3016//3528 3017//3527 
f 3135//3526 3015//3529 3016//3528 
f 3135//3526 3013//3530 3014//3531 
f 3013//3530 3136//3532 3131//3533 
f 3013//3530 3135//3526 3137//3534 
f 3137//3534 3136//3532 3013//3530 
f 3131//3533 2975//3533 3013//3530 
f 3014//3531 3015//3529 3135//3526 
f 3138//3535 3139//3536 3135//3526 
f 3138//3535 3140//3537 3139//3536 
f 3135//3526 3134//3521 3138//3535 
f 3138//3535 3141//3537 3140//3537 
f 3132//3518 3133//3520 3028//3516 
o mesh121
f 3141//3537 3142//3537 3143//3537 
f 3143//3537 3140//3537 3141//3537 
o mesh122
f 3144//3538 3145//3539 3146//3540 
f 3144//3538 3142//3541 3145//3539 
f 3146//3540 3147//3540 3144//3538 
f 3148//3542 3149//3543 3150//3544 
f 3149//3543 3148//3542 3151//3545 
f 3151//3545 3152//3545 3149//3543 
f 3147//3540 3153//3546 3154//3547 
f 3147//3540 3155//3548 3153//3546 
f 3147//3540 3146//3540 3155//3548 
f 3154//3547 3148//3542 3147//3540 
f 3150//3544 3147//3540 3148//3542 
f 3144//3538 3143//3549 3142//3541 
o mesh123
f 3156//3550 3157//3550 3158//3550 
f 3158//3550 3159//3550 3156//3550 
f 3160//3550 3151//3550 3161//3550 
f 3156//3550 3162//3550 3157//3550 
f 3161//3550 3163//3550 3160//3550 
f 3163//3550 3157//3550 3160//3550 
f 3151//3550 3164//3550 3165//3550 
f 3162//3550 3160//3550 3157//3550 
f 3160//3550 3164//3550 3151//3550 
f 3165//3550 3152//3550 3151//3550 
o mesh124
f 1750//3551 3166//3551 3167//3551 
f 1721//3551 3167//3551 3168//3551 
f 3169//3551 1744//3551 1743//3551 
f 3166//3551 1750//3551 1749//3551 
f 3168//3551 1722//3551 1721//3551 
f 3170//3551 3171//3551 1723//3551 
f 3169//3551 1745//3551 1744//3551 
f 3169//3551 3166//3551 1746//3551 
f 3166//3551 1748//3551 1747//3551 
f 3167//3551 1721//3551 1750//3551 
f 1722//3551 3168//3551 3170//3551 
f 3171//3551 1725//3551 1724//3551 
f 1743//3551 1742//3551 3169//3551 
f 1747//3551 1746//3551 3166//3551 
f 1723//3551 1722//3551 3170//3551 
f 3171//3551 1726//3551 1725//3551 
f 3171//3551 3172//3551 1727//3551 
f 1742//3551 1741//3551 3169//3551 
f 1749//3551 1748//3551 3166//3551 
f 1727//3551 1726//3551 3171//3551 
f 3173//3551 1774//3551 1773//3551 
f 1741//3551 1740//3551 3169//3551 
f 1724//3551 1723//3551 3171//3551 
f 1773//3551 3169//3551 3173//3551 
f 3174//3551 3175//3551 1762//3551 
f 3175//3551 3176//3551 1763//3551 
f 3177//3551 3178//3551 1752//3551 
f 3172//3551 1735//3551 1734//3551 
f 3169//3551 1738//3551 1737//3551 
f 1746//3551 1745//3551 3169//3551 
f 1771//3551 1770//3551 3166//3551 
f 3173//3551 1775//3551 1774//3551 
f 3179//3551 3180//3551 1759//3551 
f 3180//3551 3181//3551 1760//3551 
f 3181//3551 3174//3551 1761//3551 
f 1763//3551 1762//3551 3175//3551 
f 3182//3551 3183//3551 1765//3551 
f 3177//3551 1780//3551 1779//3551 
f 1752//3551 1751//3551 3177//3551 
f 3172//3551 1731//3551 1730//3551 
f 1734//3551 1733//3551 3172//3551 
f 3169//3551 1739//3551 1738//3551 
f 3172//3551 1728//3551 1727//3551 
f 3166//3551 3169//3551 1771//3551 
f 1773//3551 1772//3551 3169//3551 
f 3173//3551 3184//3551 3177//3551 
f 1760//3551 1759//3551 3180//3551 
f 1762//3551 1761//3551 3174//3551 
f 3183//3551 1766//3551 1765//3551 
f 1751//3551 1780//3551 3177//3551 
f 3178//3551 3185//3551 1753//3551 
f 3185//3551 3186//3551 1754//3551 
f 3186//3551 3187//3551 1755//3551 
f 3187//3551 3188//3551 1756//3551 
f 3188//3551 3189//3551 1757//3551 
f 1730//3551 1729//3551 3172//3551 
f 1733//3551 1732//3551 3172//3551 
f 3169//3551 1736//3551 1735//3551 
f 1740//3551 1739//3551 3169//3551 
f 1772//3551 1771//3551 3169//3551 
f 3177//3551 1776//3551 3173//3551 
f 1761//3551 1760//3551 3181//3551 
f 3176//3551 3182//3551 1764//3551 
f 3183//3551 1767//3551 1766//3551 
f 3183//3551 1769//3551 1768//3551 
f 3177//3551 1778//3551 1777//3551 
f 1753//3551 1752//3551 3178//3551 
f 1755//3551 1754//3551 3186//3551 
f 1757//3551 1756//3551 3188//3551 
f 1732//3551 1731//3551 3172//3551 
f 1737//3551 1736//3551 3169//3551 
f 1776//3551 1775//3551 3173//3551 
f 1764//3551 1763//3551 3176//3551 
f 1768//3551 1767//3551 3183//3551 
f 1779//3551 1778//3551 3177//3551 
f 1756//3551 1755//3551 3187//3551 
f 1735//3551 3172//3551 3169//3551 
f 3173//3551 3190//3551 3184//3551 
f 1765//3551 1764//3551 3182//3551 
f 1754//3551 1753//3551 3185//3551 
f 3189//3551 3179//3551 1758//3551 
f 1770//3551 3183//3551 3166//3551 
f 3183//3551 1770//3551 1769//3551 
f 1758//3551 1757//3551 3189//3551 
f 1759//3551 1758//3551 3179//3551 
f 1729//3551 1728//3551 3172//3551 
f 1777//3551 1776//3551 3177//3551 
o mesh125
f 3177//3551 3191//3552 3192//3553 
f 3177//3551 3184//3554 3193//3555 
f 3193//3555 3191//3552 3177//3551 
f 3192//3553 3194//3556 3195//3557 
f 3194//3556 3196//3558 3197//3559 
f 3194//3556 3192//3553 3198//3560 
f 3198//3560 3196//3558 3194//3556 
f 3197//3559 3199//3561 3200//3562 
f 3201//3563 3202//3564 3199//3561 
f 3199//3561 3197//3559 3201//3563 
f 3203//3565 3204//3566 3202//3564 
f 3203//3565 3205//3567 3204//3566 
f 3202//3564 3206//3568 3207//3569 
f 3207//3569 3208//3570 3202//3564 
f 3208//3570 3209//3571 3202//3564 
f 3210//3572 3211//3573 3205//3567 
f 3205//3567 3203//3565 3212//3574 
f 3212//3574 3213//3575 3205//3567 
f 3214//3576 3215//3577 3211//3573 
f 3214//3576 3216//3578 3215//3577 
f 3211//3573 3210//3572 3217//3579 
f 3218//3580 3219//3581 3216//3578 
f 3218//3580 3220//3582 3219//3581 
f 3216//3578 3214//3576 3221//3583 
f 3222//3584 3223//3585 3220//3582 
f 3222//3584 3224//3586 3223//3585 
f 3220//3582 3218//3580 3222//3584 
f 3222//3584 3225//3586 3224//3586 
f 3216//3578 3221//3583 3218//3580 
f 3211//3573 3217//3579 3214//3576 
f 3205//3567 3213//3575 3210//3572 
f 3202//3564 3209//3571 3203//3565 
f 3201//3563 3206//3568 3202//3564 
f 3197//3559 3200//3562 3194//3556 
f 3192//3553 3195//3557 3177//3551 
o mesh126
f 3183//3587 3226//3588 3227//3589 
f 3183//3587 3228//3590 3229//3591 
f 3229//3591 3226//3588 3183//3587 
f 3227//3589 3166//3592 3183//3587 
f 3230//3593 3231//3594 3232//3595 
f 3230//3593 3233//3596 3234//3597 
f 3234//3597 3231//3594 3230//3593 
f 3232//3595 3229//3591 3230//3593 
f 3235//3598 3236//3599 3237//3600 
f 3237//3600 3238//3601 3235//3598 
f 3238//3601 3239//3602 3240//3603 
f 3241//3604 3239//3602 3238//3601 
f 3238//3601 3242//3605 3241//3604 
f 3242//3605 3243//3606 3241//3604 
f 3243//3606 3244//3607 3245//3608 
f 3246//3609 3244//3607 3243//3606 
f 3243//3606 3247//3610 3246//3609 
f 3248//3611 3249//3612 3247//3610 
f 3247//3610 3250//3613 3248//3611 
f 3250//3613 3251//3614 3248//3611 
f 3252//3615 3253//3616 3251//3614 
f 3251//3614 3254//3617 3252//3615 
f 3254//3617 3255//3618 3252//3615 
f 3256//3619 3257//3620 3255//3618 
f 3255//3618 3258//3621 3256//3619 
f 3258//3621 3259//3622 3256//3619 
f 3257//3620 3252//3615 3255//3618 
f 3253//3616 3248//3611 3251//3614 
f 3249//3612 3246//3609 3247//3610 
f 3245//3608 3241//3604 3243//3606 
f 3240//3603 3235//3598 3238//3601 
f 3236//3599 3234//3597 3237//3600 
f 3233//3596 3237//3600 3234//3597 
f 3228//3590 3230//3593 3229//3591 
o mesh127
f 3260//3623 3261//3624 3262//3624 
f 3188//3625 3187//3626 3263//3626 
f 3263//3626 3264//3627 3188//3625 
f 3189//3628 3188//3625 3265//3629 
f 3265//3629 3266//3630 3189//3628 
f 3179//3631 3189//3628 3267//3632 
f 3267//3632 3268//3633 3179//3631 
f 3179//3631 3269//3634 3270//3635 
f 3179//3631 3271//3636 3269//3634 
f 3180//3635 3272//3637 3273//3638 
f 3180//3635 3270//3635 3272//3637 
f 3181//3638 3274//3639 3275//3640 
f 3181//3638 3273//3638 3274//3639 
f 3276//3641 3277//3641 3278//3642 
f 3174//3643 3251//3644 3250//3645 
f 3174//3643 3255//3646 3254//3647 
f 3174//3643 3258//3648 3255//3646 
f 3275//3640 3279//3649 3259//3649 
f 3259//3649 3174//3643 3275//3640 
f 3259//3649 3258//3648 3174//3643 
f 3254//3647 3251//3644 3174//3643 
f 3279//3649 3280//3650 3277//3641 
f 3279//3649 3275//3640 3280//3650 
f 3277//3641 3276//3641 3279//3649 
f 3175//3651 3243//3652 3242//3653 
f 3175//3651 3247//3654 3243//3652 
f 3175//3651 3250//3645 3247//3654 
f 3182//3655 3176//3656 3237//3657 
f 3176//3656 3238//3658 3237//3657 
f 3176//3656 3242//3653 3238//3658 
f 3182//3655 3233//3659 3230//3660 
f 3230//3660 3228//3661 3182//3655 
f 3178//3662 3195//3663 3194//3664 
f 3178//3662 3177//3665 3195//3663 
f 3178//3662 3200//3666 3199//3667 
f 3199//3667 3185//3668 3178//3662 
f 3199//3667 3202//3669 3185//3668 
f 3186//3670 3205//3671 3211//3672 
f 3186//3670 3185//3668 3204//3673 
f 3204//3673 3205//3671 3186//3670 
f 3281//3674 3260//3623 3282//3675 
f 3282//3675 3283//3676 3281//3674 
f 3263//3626 3187//3626 3224//3677 
f 3187//3626 3223//3678 3224//3677 
f 3187//3626 3216//3679 3219//3680 
f 3219//3680 3220//3681 3187//3626 
f 3187//3626 3186//3670 3215//3682 
f 3215//3682 3216//3679 3187//3626 
f 3220//3681 3223//3678 3187//3626 
f 3224//3677 3281//3674 3263//3626 
f 3283//3676 3263//3626 3281//3674 
f 3211//3672 3215//3682 3186//3670 
f 3202//3669 3204//3673 3185//3668 
f 3194//3664 3200//3666 3178//3662 
f 3228//3661 3183//3683 3182//3655 
f 3237//3657 3233//3659 3182//3655 
f 3242//3653 3176//3656 3175//3651 
f 3250//3645 3175//3651 3174//3643 
f 3278//3642 3284//3684 3276//3641 
f 3284//3684 3278//3642 3285//3685 
f 3275//3640 3174//3643 3181//3638 
f 3273//3638 3181//3638 3180//3635 
f 3270//3635 3180//3635 3179//3631 
f 3268//3633 3271//3636 3179//3631 
f 3266//3630 3267//3632 3189//3628 
f 3264//3627 3265//3629 3188//3625 
f 3262//3624 3282//3675 3260//3623 
f 3262//3624 3261//3624 3286//3686 
o mesh128
f 3224//3687 3225//3687 3287//3687 
f 3287//3687 3281//3687 3224//3687 
o mesh129
f 3288//3688 3289//3688 3287//3689 
f 3287//3689 3225//3689 3288//3688 
o mesh130
f 3290//3690 3291//3690 3292//3690 
f 3290//3690 3289//3690 3291//3690 
f 3286//3690 3261//3690 3287//3690 
f 3292//3690 3293//3690 3290//3690 
f 3287//3690 3290//3690 3286//3690 
f 3290//3690 3287//3690 3289//3690 
f 3261//3690 3260//3690 3287//3690 
f 3260//3690 3281//3690 3287//3690 
f 3293//3690 3294//3690 3290//3690 
o mesh131
f 3290//3690 3295//3691 3296//3692 
f 3290//3690 3294//3693 3295//3691 
f 3296//3692 3297//3692 3298//3694 
f 3297//3692 3299//3695 3300//3696 
f 3297//3692 3296//3692 3299//3695 
f 3300//3696 3301//3696 3302//3697 
f 3301//3696 3303//3698 3304//3699 
f 3301//3696 3300//3696 3303//3698 
f 3304//3699 3305//3700 3306//3701 
f 3305//3700 3307//3702 3308//3703 
f 3305//3700 3304//3699 3307//3702 
f 3309//3704 3310//3705 3311//3706 
f 3309//3704 3308//3703 3310//3705 
f 3312//3706 3313//3707 3314//3708 
f 3312//3706 3311//3706 3313//3707 
f 3315//3708 3316//3709 3317//3710 
f 3317//3710 3318//3710 3319//3711 
f 3315//3708 3314//3708 3316//3709 
f 3318//3710 3317//3710 3320//3712 
f 3320//3712 3321//3712 3318//3710 
f 3317//3710 3319//3711 3315//3708 
f 3314//3708 3315//3708 3312//3706 
f 3311//3706 3312//3706 3309//3704 
f 3308//3703 3309//3704 3305//3700 
f 3304//3699 3306//3701 3301//3696 
f 3300//3696 3302//3697 3297//3692 
f 3296//3692 3298//3694 3290//3690 
o mesh132
f 3322//3712 3323//3712 3321//3712 
f 3321//3712 3320//3712 3322//3712 
o mesh133
f 3324//3713 3325//3714 3293//3714 
f 3326//3715 3324//3713 3292//3716 
f 3288//3717 3326//3715 3291//3718 
f 3327//3719 3322//3720 3320//3720 
f 3320//3720 3317//3721 3327//3719 
f 3328//3722 3327//3719 3316//3723 
f 3316//3723 3314//3724 3328//3722 
f 3329//3725 3328//3722 3313//3726 
f 3313//3726 3311//3727 3329//3725 
f 3330//3728 3329//3725 3310//3729 
f 3310//3729 3308//3730 3330//3728 
f 3331//3731 3330//3728 3307//3732 
f 3307//3732 3304//3733 3331//3731 
f 3332//3734 3331//3731 3303//3735 
f 3303//3735 3300//3736 3332//3734 
f 3333//3737 3332//3734 3299//3738 
f 3299//3738 3296//3739 3333//3737 
f 3325//3714 3333//3737 3295//3740 
f 3295//3740 3294//3741 3325//3714 
f 3294//3741 3293//3714 3325//3714 
f 3296//3739 3295//3740 3333//3737 
f 3300//3736 3299//3738 3332//3734 
f 3304//3733 3303//3735 3331//3731 
f 3308//3730 3307//3732 3330//3728 
f 3311//3727 3310//3729 3329//3725 
f 3314//3724 3313//3726 3328//3722 
f 3317//3721 3316//3723 3327//3719 
f 3291//3718 3289//3742 3288//3717 
f 3292//3716 3291//3718 3326//3715 
f 3293//3714 3292//3716 3324//3713 
o mesh134
f 3190//3743 3173//3743 3334//3744 
f 3335//3744 3336//3745 3337//3746 
f 3335//3744 3334//3744 3336//3745 
f 3338//3746 3337//3746 3339//3747 
f 3340//3747 3339//3747 3341//3748 
f 3342//3748 3341//3748 3343//3749 
f 3344//3749 3343//3749 3345//3750 
f 3346//3750 3345//3750 3347//3751 
f 3348//3751 3347//3751 3323//3752 
f 3323//3752 3322//3752 3348//3751 
f 3347//3751 3348//3751 3346//3750 
f 3345//3750 3346//3750 3344//3749 
f 3343//3749 3344//3749 3342//3748 
f 3341//3748 3342//3748 3340//3747 
f 3339//3747 3340//3747 3338//3746 
f 3337//3746 3338//3746 3335//3744 
f 3334//3744 3335//3744 3190//3743 
o mesh135
f 3349//3753 3288//3754 3225//3755 
f 3225//3755 3222//3756 3349//3753 
f 3350//3757 3349//3753 3218//3758 
f 3218//3758 3221//3759 3350//3757 
f 3351//3760 3350//3757 3214//3761 
f 3214//3761 3217//3762 3351//3760 
f 3352//3763 3351//3760 3210//3764 
f 3210//3764 3213//3765 3352//3763 
f 3353//3766 3352//3763 3212//3767 
f 3212//3767 3203//3768 3353//3766 
f 3203//3768 3209//3769 3353//3766 
f 3209//3769 3208//3770 3353//3766 
f 3354//3771 3353//3766 3207//3772 
f 3207//3772 3206//3773 3354//3771 
f 3206//3773 3201//3774 3354//3771 
f 3355//3775 3354//3771 3197//3776 
f 3197//3776 3196//3777 3355//3775 
f 3190//3778 3191//3779 3193//3780 
f 3190//3778 3355//3775 3198//3781 
f 3198//3781 3192//3782 3190//3778 
f 3192//3782 3191//3779 3190//3778 
f 3193//3780 3184//3783 3190//3778 
f 3196//3777 3198//3781 3355//3775 
f 3201//3774 3197//3776 3354//3771 
f 3208//3770 3207//3772 3353//3766 
f 3213//3765 3212//3767 3352//3763 
f 3217//3762 3210//3764 3351//3760 
f 3221//3759 3214//3761 3350//3757 
f 3222//3756 3218//3758 3349//3753 
o mesh136
f 3355//3784 3356//3785 3357//3786 
f 3356//3785 3358//3787 3359//3788 
f 3358//3787 3360//3789 3361//3790 
f 3360//3789 3362//3791 3363//3792 
f 3362//3791 3364//3793 3365//3794 
f 3364//3793 3366//3795 3367//3796 
f 3366//3795 3368//3797 3369//3798 
f 3368//3797 3370//3799 3371//3800 
f 3370//3799 3372//3801 3373//3802 
f 3372//3801 3374//3803 3375//3804 
f 3374//3803 3335//3805 3338//3806 
f 3354//3807 3357//3786 3376//3808 
f 3357//3786 3359//3788 3377//3809 
f 3359//3788 3361//3790 3378//3810 
f 3361//3790 3363//3792 3379//3811 
f 3363//3792 3365//3794 3380//3812 
f 3365//3794 3367//3796 3381//3813 
f 3367//3796 3369//3798 3382//3814 
f 3369//3798 3371//3800 3383//3815 
f 3371//3800 3373//3802 3384//3816 
f 3373//3802 3375//3804 3385//3817 
f 3375//3804 3338//3806 3340//3818 
f 3353//3819 3376//3808 3386//3820 
f 3376//3808 3377//3809 3387//3821 
f 3377//3809 3378//3810 3388//3822 
f 3378//3810 3379//3811 3389//3823 
f 3379//3811 3380//3812 3390//3824 
f 3380//3812 3381//3813 3391//3825 
f 3381//3813 3382//3814 3392//3826 
f 3382//3814 3383//3815 3393//3827 
f 3383//3815 3384//3816 3394//3828 
f 3384//3816 3385//3817 3395//3829 
f 3385//3817 3340//3818 3342//3830 
f 3352//3831 3386//3820 3396//3832 
f 3386//3820 3387//3821 3397//3833 
f 3387//3821 3388//3822 3398//3834 
f 3388//3822 3389//3823 3399//3835 
f 3389//3823 3390//3824 3400//3836 
f 3390//3824 3391//3825 3401//3837 
f 3391//3825 3392//3826 3402//3838 
f 3392//3826 3393//3827 3403//3839 
f 3393//3827 3394//3828 3404//3840 
f 3394//3828 3395//3829 3405//3841 
f 3395//3829 3342//3830 3344//3842 
f 3351//3843 3396//3832 3406//3844 
f 3396//3832 3397//3833 3407//3845 
f 3397//3833 3398//3834 3408//3846 
f 3398//3834 3399//3835 3409//3847 
f 3399//3835 3400//3836 3410//3848 
f 3400//3836 3401//3837 3411//3849 
f 3401//3837 3402//3838 3412//3850 
f 3402//3838 3403//3839 3413//3851 
f 3403//3839 3404//3840 3414//3852 
f 3404//3840 3405//3841 3415//3853 
f 3405//3841 3344//3842 3346//3854 
f 3350//3855 3406//3844 3416//3856 
f 3406//3844 3407//3845 3417//3857 
f 3407//3845 3408//3846 3418//3858 
f 3408//3846 3409//3847 3419//3859 
f 3409//3847 3410//3848 3420//3860 
f 3410//3848 3411//3849 3421//3861 
f 3411//3849 3412//3850 3422//3862 
f 3412//3850 3413//3851 3423//3863 
f 3413//3851 3414//3852 3424//3864 
f 3414//3852 3415//3853 3425//3865 
f 3415//3853 3346//3854 3348//3866 
f 3349//3867 3416//3856 3326//3868 
f 3416//3856 3417//3857 3324//3869 
f 3417//3857 3418//3858 3325//3870 
f 3418//3858 3419//3859 3333//3871 
f 3419//3859 3420//3860 3332//3872 
f 3420//3860 3421//3861 3331//3873 
f 3421//3861 3422//3862 3330//3874 
f 3422//3862 3423//3863 3329//3875 
f 3423//3863 3424//3864 3328//3876 
f 3424//3864 3425//3865 3327//3877 
f 3425//3865 3348//3866 3322//3878 
f 3322//3878 3327//3877 3425//3865 
f 3327//3877 3328//3876 3424//3864 
f 3328//3876 3329//3875 3423//3863 
f 3329//3875 3330//3874 3422//3862 
f 3330//3874 3331//3873 3421//3861 
f 3331//3873 3332//3872 3420//3860 
f 3332//3872 3333//3871 3419//3859 
f 3333//3871 3325//3870 3418//3858 
f 3325//3870 3324//3869 3417//3857 
f 3324//3869 3326//3868 3416//3856 
f 3326//3868 3288//3879 3349//3867 
f 3348//3866 3425//3865 3415//3853 
f 3425//3865 3424//3864 3414//3852 
f 3424//3864 3423//3863 3413//3851 
f 3423//3863 3422//3862 3412//3850 
f 3422//3862 3421//3861 3411//3849 
f 3421//3861 3420//3860 3410//3848 
f 3420//3860 3419//3859 3409//3847 
f 3419//3859 3418//3858 3408//3846 
f 3418//3858 3417//3857 3407//3845 
f 3417//3857 3416//3856 3406//3844 
f 3416//3856 3349//3867 3350//3855 
f 3346//3854 3415//3853 3405//3841 
f 3415//3853 3414//3852 3404//3840 
f 3414//3852 3413//3851 3403//3839 
f 3413//3851 3412//3850 3402//3838 
f 3412//3850 3411//3849 3401//3837 
f 3411//3849 3410//3848 3400//3836 
f 3410//3848 3409//3847 3399//3835 
f 3409//3847 3408//3846 3398//3834 
f 3408//3846 3407//3845 3397//3833 
f 3407//3845 3406//3844 3396//3832 
f 3406//3844 3350//3855 3351//3843 
f 3344//3842 3405//3841 3395//3829 
f 3405//3841 3404//3840 3394//3828 
f 3404//3840 3403//3839 3393//3827 
f 3403//3839 3402//3838 3392//3826 
f 3402//3838 3401//3837 3391//3825 
f 3401//3837 3400//3836 3390//3824 
f 3400//3836 3399//3835 3389//3823 
f 3399//3835 3398//3834 3388//3822 
f 3398//3834 3397//3833 3387//3821 
f 3397//3833 3396//3832 3386//3820 
f 3396//3832 3351//3843 3352//3831 
f 3342//3830 3395//3829 3385//3817 
f 3395//3829 3394//3828 3384//3816 
f 3394//3828 3393//3827 3383//3815 
f 3393//3827 3392//3826 3382//3814 
f 3392//3826 3391//3825 3381//3813 
f 3391//3825 3390//3824 3380//3812 
f 3390//3824 3389//3823 3379//3811 
f 3389//3823 3388//3822 3378//3810 
f 3388//3822 3387//3821 3377//3809 
f 3387//3821 3386//3820 3376//3808 
f 3386//3820 3352//3831 3353//3819 
f 3340//3818 3385//3817 3375//3804 
f 3385//3817 3384//3816 3373//3802 
f 3384//3816 3383//3815 3371//3800 
f 3383//3815 3382//3814 3369//3798 
f 3382//3814 3381//3813 3367//3796 
f 3381//3813 3380//3812 3365//3794 
f 3380//3812 3379//3811 3363//3792 
f 3379//3811 3378//3810 3361//3790 
f 3378//3810 3377//3809 3359//3788 
f 3377//3809 3376//3808 3357//3786 
f 3376//3808 3353//3819 3354//3807 
f 3338//3806 3375//3804 3374//3803 
f 3375//3804 3373//3802 3372//3801 
f 3373//3802 3371//3800 3370//3799 
f 3371//3800 3369//3798 3368//3797 
f 3369//3798 3367//3796 3366//3795 
f 3367//3796 3365//3794 3364//3793 
f 3365//3794 3363//3792 3362//3791 
f 3363//3792 3361//3790 3360//3789 
f 3361//3790 3359//3788 3358//3787 
f 3359//3788 3357//3786 3356//3785 
f 3357//3786 3354//3807 3355//3784 
f 3335//3805 3374//3803 3190//3880 
f 3374//3803 3372//3801 3190//3880 
f 3372//3801 3370//3799 3190//3880 
f 3370//3799 3368//3797 3190//3880 
f 3368//3797 3366//3795 3190//3880 
f 3366//3795 3364//3793 3190//3880 
f 3364//3793 3362//3791 3190//3880 
f 3362//3791 3360//3789 3190//3880 
f 3360//3789 3358//3787 3190//3880 
f 3358//3787 3356//3785 3190//3880 
f 3356//3785 3355//3784 3190//3880 
o mesh137
f 3279//3881 3426//3881 3427//3881 
f 3279//3881 3428//3881 3429//3881 
f 3279//3881 3430//3881 3426//3881 
f 3427//3881 3428//3881 3279//3881 
f 3279//3881 3431//3881 3432//3881 
f 3279//3881 3433//3881 3434//3881 
f 3432//3881 3430//3881 3279//3881 
f 3429//3881 3433//3881 3279//3881 
f 3279//3881 3435//3881 3436//3881 
f 3259//3881 3279//3881 3437//3881 
f 3436//3881 3431//3881 3279//3881 
f 3279//3881 3438//3881 3437//3881 
f 3434//3881 3439//3881 3279//3881 
f 3439//3881 3438//3881 3279//3881 
f 3279//3881 3440//3881 3441//3881 
f 3441//3881 3435//3881 3279//3881 
f 3437//3881 3256//3881 3259//3881 
o mesh138
f 3437//3882 3442//3883 3443//3884 
f 3444//3885 3443//3884 3442//3883 
f 3442//3883 3445//3886 3444//3885 
f 3445//3886 3446//3887 3447//3888 
f 3446//3887 3448//3889 3447//3888 
f 3447//3888 3444//3885 3445//3886 
f 3449//3890 3450//3891 3451//3892 
f 3452//3893 3451//3892 3450//3891 
f 3450//3891 3453//3894 3452//3893 
f 3452//3893 3453//3894 3454//3895 
f 3454//3895 3455//3895 3452//3893 
f 3451//3892 3448//3889 3449//3890 
f 3446//3887 3449//3890 3448//3889 
f 3443//3884 3256//3896 3437//3882 
o mesh139
f 3456//3897 3454//3898 3453//3899 
f 3453//3899 3467//3900 3456//3897 
f 3467//3900 3450//3901 3449//3902 
f 3449//3902 3468//3903 3467//3900 
f 3468//3903 3446//3904 3445//3905 
f 3445//3905 3469//3906 3468//3903 
f 3456//3897 3467//3900 3470//3907 
f 3467//3900 3468//3903 3471//3908 
f 3468//3903 3469//3906 3472//3909 
f 3457//3910 3470//3907 3473//3911 
f 3470//3907 3471//3908 3474//3912 
f 3471//3908 3472//3909 3475//3913 
f 3458//3914 3473//3911 3476//3915 
f 3473//3911 3474//3912 3477//3916 
f 3474//3912 3475//3913 3478//3917 
f 3459//3918 3476//3915 3479//3919 
f 3476//3915 3477//3916 3480//3920 
f 3477//3916 3478//3917 3481//3921 
f 3460//3922 3479//3919 3482//3923 
f 3479//3919 3480//3920 3483//3924 
f 3480//3920 3481//3921 3484//3925 
f 3461//3926 3482//3923 3485//3927 
f 3482//3923 3483//3924 3486//3928 
f 3483//3924 3484//3925 3487//3929 
f 3462//3930 3485//3927 3463//3931 
f 3485//3927 3486//3928 3464//3931 
f 3486//3928 3487//3929 3465//3931 
f 3442//3932 3439//3933 3434//3934 
f 3442//3932 3438//3935 3439//3933 
f 3442//3932 3437//3936 3438//3935 
f 3469//3906 3433//3937 3429//3938 
f 3469//3906 3434//3934 3433//3937 
f 3472//3909 3428//3939 3427//3940 
f 3472//3909 3429//3938 3428//3939 
f 3475//3913 3426//3941 3430//3942 
f 3475//3913 3427//3940 3426//3941 
f 3478//3917 3430//3942 3432//3943 
f 3481//3921 3431//3944 3436//3945 
f 3481//3921 3432//3943 3431//3944 
f 3484//3925 3435//3946 3441//3947 
f 3484//3925 3436//3945 3435//3946 
f 3487//3929 3441//3947 3440//3948 
f 3440//3948 3465//3931 3487//3929 
f 3441//3947 3487//3929 3484//3925 
f 3436//3945 3484//3925 3481//3921 
f 3432//3943 3481//3921 3478//3917 
f 3430//3942 3478//3917 3475//3913 
f 3427//3940 3475//3913 3472//3909 
f 3429//3938 3472//3909 3469//3906 
f 3434//3934 3469//3906 3442//3932 
f 3465//3931 3464//3931 3486//3928 
f 3464//3931 3463//3931 3485//3927 
f 3463//3931 3466//3948 3462//3930 
f 3487//3929 3486//3928 3483//3924 
f 3486//3928 3485//3927 3482//3923 
f 3485//3927 3462//3930 3461//3926 
f 3484//3925 3483//3924 3480//3920 
f 3483//3924 3482//3923 3479//3919 
f 3482//3923 3461//3926 3460//3922 
f 3481//3921 3480//3920 3477//3916 
f 3480//3920 3479//3919 3476//3915 
f 3479//3919 3460//3922 3459//3918 
f 3478//3917 3477//3916 3474//3912 
f 3477//3916 3476//3915 3473//3911 
f 3476//3915 3459//3918 3458//3914 
f 3475//3913 3474//3912 3471//3908 
f 3474//3912 3473//3911 3470//3907 
f 3473//3911 3458//3914 3457//3910 
f 3472//3909 3471//3908 3468//3903 
f 3471//3908 3470//3907 3467//3900 
f 3470//3907 3457//3910 3456//3897 
f 3445//3905 3442//3932 3469//3906 
f 3449//3902 3446//3904 3468//3903 
f 3453//3899 3450//3901 3467//3900 
o mesh140
f 3495//3949 3496//3950 3444//3951 
f 3496//3950 3443//3952 3444//3951 
f 3497//3953 3495//3949 3448//3954 
f 3495//3949 3447//3955 3448//3954 
f 3488//3956 3497//3953 3452//3957 
f 3497//3953 3451//3958 3452//3957 
f 3496//3950 3495//3949 3498//3959 
f 3495//3949 3497//3953 3499//3960 
f 3497//3953 3488//3956 3489//3961 
f 3500//3962 3498//3959 3501//3963 
f 3498//3959 3499//3960 3502//3964 
f 3499//3960 3489//3961 3490//3965 
f 3503//3966 3501//3963 3504//3967 
f 3501//3963 3502//3964 3505//3968 
f 3502//3964 3490//3965 3491//3969 
f 3506//3970 3504//3967 3507//3971 
f 3504//3967 3505//3968 3508//3972 
f 3505//3968 3491//3969 3492//3973 
f 3509//3974 3507//3971 3510//3975 
f 3507//3971 3508//3972 3511//3976 
f 3508//3972 3492//3973 3493//3977 
f 3512//3978 3510//3975 3513//3979 
f 3510//3975 3511//3976 3514//3980 
f 3511//3976 3493//3977 3494//3981 
f 3515//3982 3513//3979 3168//3983 
f 3513//3979 3514//3980 3170//3983 
f 3514//3980 3494//3981 3171//3983 
f 3167//3983 3229//3984 3232//3985 
f 3167//3983 3226//3986 3229//3984 
f 3167//3983 3166//3987 3227//3988 
f 3227//3988 3226//3986 3167//3983 
f 3515//3982 3231//3989 3234//3990 
f 3515//3982 3232//3985 3231//3989 
f 3509//3974 3236//3991 3235//3992 
f 3512//3978 3234//3990 3236//3991 
f 3236//3991 3509//3974 3512//3978 
f 3509//3974 3241//3993 3245//3994 
f 3509//3974 3239//3995 3241//3993 
f 3509//3974 3240//3996 3239//3995 
f 3506//3970 3244//3997 3246//3998 
f 3506//3970 3245//3994 3244//3997 
f 3503//3966 3249//3999 3248//4000 
f 3503//3966 3246//3998 3249//3999 
f 3500//3962 3253//4001 3252//4002 
f 3500//3962 3248//4000 3253//4001 
f 3496//3950 3252//4002 3257//4003 
f 3257//4003 3443//3952 3496//3950 
f 3257//4003 3256//4004 3443//3952 
f 3252//4002 3496//3950 3500//3962 
f 3248//4000 3500//3962 3503//3966 
f 3246//3998 3503//3966 3506//3970 
f 3245//3994 3506//3970 3509//3974 
f 3235//3992 3240//3996 3509//3974 
f 3234//3990 3512//3978 3515//3982 
f 3232//3985 3515//3982 3167//3983 
f 3171//3983 3170//3983 3514//3980 
f 3170//3983 3168//3983 3513//3979 
f 3168//3983 3167//3983 3515//3982 
f 3494//3981 3514//3980 3511//3976 
f 3514//3980 3513//3979 3510//3975 
f 3513//3979 3515//3982 3512//3978 
f 3493//3977 3511//3976 3508//3972 
f 3511//3976 3510//3975 3507//3971 
f 3510//3975 3512//3978 3509//3974 
f 3492//3973 3508//3972 3505//3968 
f 3508//3972 3507//3971 3504//3967 
f 3507//3971 3509//3974 3506//3970 
f 3491//3969 3505//3968 3502//3964 
f 3505//3968 3504//3967 3501//3963 
f 3504//3967 3506//3970 3503//3966 
f 3490//3965 3502//3964 3499//3960 
f 3502//3964 3501//3963 3498//3959 
f 3501//3963 3503//3966 3500//3962 
f 3489//3961 3499//3960 3497//3953 
f 3499//3960 3498//3959 3495//3949 
f 3498//3959 3500//3962 3496//3950 
f 3452//3957 3455//4005 3488//3956 
f 3448//3954 3451//3958 3497//3953 
f 3444//3951 3447//3955 3495//3949 
o mesh141
f 3516//4006 3529//4007 3530//4008 
f 3529//4007 3531//4009 3532//4010 
f 3531//4009 3533//4011 3534//4012 
f 3533//4011 3535//4013 3536//4014 
f 3535//4013 3537//4015 3538//4016 
f 3537//4015 3494//4017 3493//4018 
f 3517//4019 3530//4008 3539//4020 
f 3530//4008 3532//4010 3540//4021 
f 3532//4010 3534//4012 3541//4022 
f 3534//4012 3536//4014 3542//4023 
f 3536//4014 3538//4016 3543//4024 
f 3538//4016 3493//4018 3492//4025 
f 3518//4026 3539//4020 3544//4027 
f 3539//4020 3540//4021 3545//4028 
f 3540//4021 3541//4022 3546//4029 
f 3541//4022 3542//4023 3547//4030 
f 3542//4023 3543//4024 3548//4031 
f 3543//4024 3492//4025 3491//4032 
f 3519//4033 3544//4027 3549//4034 
f 3544//4027 3545//4028 3550//4035 
f 3545//4028 3546//4029 3551//4036 
f 3546//4029 3547//4030 3552//4037 
f 3547//4030 3548//4031 3553//4038 
f 3548//4031 3491//4032 3490//4039 
f 3520//4040 3549//4034 3554//4041 
f 3549//4034 3550//4035 3555//4042 
f 3550//4035 3551//4036 3556//4043 
f 3551//4036 3552//4037 3557//4044 
f 3552//4037 3553//4038 3558//4045 
f 3553//4038 3490//4039 3489//4046 
f 3521//4047 3554//4041 3559//4048 
f 3554//4041 3555//4042 3560//4049 
f 3555//4042 3556//4043 3561//4050 
f 3556//4043 3557//4044 3562//4051 
f 3557//4044 3558//4045 3563//4052 
f 3558//4045 3489//4046 3488//4053 
f 3522//4054 3559//4048 3523//4055 
f 3559//4048 3560//4049 3524//4056 
f 3560//4049 3561//4050 3525//4057 
f 3561//4050 3562//4051 3526//4058 
f 3562//4051 3563//4052 3527//4059 
f 3563//4052 3488//4053 3455//4060 
f 3455//4060 3527//4059 3563//4052 
f 3527//4059 3526//4058 3562//4051 
f 3526//4058 3525//4057 3561//4050 
f 3525//4057 3524//4056 3560//4049 
f 3524//4056 3523//4055 3559//4048 
f 3523//4055 3528//4061 3522//4054 
f 3488//4053 3563//4052 3558//4045 
f 3563//4052 3562//4051 3557//4044 
f 3562//4051 3561//4050 3556//4043 
f 3561//4050 3560//4049 3555//4042 
f 3560//4049 3559//4048 3554//4041 
f 3559//4048 3522//4054 3521//4047 
f 3489//4046 3558//4045 3553//4038 
f 3558//4045 3557//4044 3552//4037 
f 3557//4044 3556//4043 3551//4036 
f 3556//4043 3555//4042 3550//4035 
f 3555//4042 3554//4041 3549//4034 
f 3554//4041 3521//4047 3520//4040 
f 3490//4039 3553//4038 3548//4031 
f 3553//4038 3552//4037 3547//4030 
f 3552//4037 3551//4036 3546//4029 
f 3551//4036 3550//4035 3545//4028 
f 3550//4035 3549//4034 3544//4027 
f 3549//4034 3520//4040 3519//4033 
f 3491//4032 3548//4031 3543//4024 
f 3548//4031 3547//4030 3542//4023 
f 3547//4030 3546//4029 3541//4022 
f 3546//4029 3545//4028 3540//4021 
f 3545//4028 3544//4027 3539//4020 
f 3544//4027 3519//4033 3518//4026 
f 3492//4025 3543//4024 3538//4016 
f 3543//4024 3542//4023 3536//4014 
f 3542//4023 3541//4022 3534//4012 
f 3541//4022 3540//4021 3532//4010 
f 3540//4021 3539//4020 3530//4008 
f 3539//4020 3518//4026 3517//4019 
f 3493//4018 3538//4016 3537//4015 
f 3538//4016 3536//4014 3535//4013 
f 3536//4014 3534//4012 3533//4011 
f 3534//4012 3532//4010 3531//4009 
f 3532//4010 3530//4008 3529//4007 
f 3530//4008 3517//4019 3516//4006 
f 3494//4017 3537//4015 3171//4062 
f 3537//4015 3535//4013 3171//4062 
f 3535//4013 3533//4011 3171//4062 
f 3533//4011 3531//4009 3171//4062 
f 3531//4009 3529//4007 3171//4062 
f 3529//4007 3516//4006 3171//4062 
o mesh142
f 3527//4063 3455//4064 3454//4064 
f 3526//4065 3527//4063 3564//4066 
f 3525//4067 3526//4065 3565//4068 
f 3524//4069 3525//4067 3566//4070 
f 3523//4071 3524//4069 3567//4072 
f 3528//4073 3523//4071 3568//4074 
f 3568//4074 3569//4073 3528//4073 
f 3567//4072 3568//4074 3523//4071 
f 3566//4070 3567//4072 3524//4069 
f 3565//4068 3566//4070 3525//4067 
f 3564//4066 3565//4068 3526//4065 
f 3454//4064 3564//4066 3527//4063 
o mesh143
f 3522//4075 3528//4076 3570//4076 
f 3570//4076 3571//4077 3522//4075 
f 3521//4078 3522//4075 3572//4079 
f 3572//4079 3573//4080 3521//4078 
f 3520//4081 3521//4078 3574//4082 
f 3574//4082 3575//4083 3520//4081 
f 3575//4083 3576//4084 3520//4081 
f 3519//4085 3520//4081 3577//4086 
f 3577//4086 3578//4087 3519//4085 
f 3518//4088 3519//4085 3579//4089 
f 3579//4089 3580//4090 3518//4088 
f 3517//4091 3518//4088 3581//4092 
f 3581//4092 3582//4093 3517//4091 
f 3516//4094 3517//4091 3583//4095 
f 3583//4095 3584//4096 3516//4094 
f 3584//4096 3585//4097 3516//4094 
f 3171//4098 3516//4094 3586//4099 
f 3586//4099 3587//4100 3171//4098 
f 3587//4100 3172//4101 3171//4098 
f 3585//4097 3586//4099 3516//4094 
f 3582//4093 3583//4095 3517//4091 
f 3580//4090 3581//4092 3518//4088 
f 3578//4087 3579//4089 3519//4085 
f 3576//4084 3577//4086 3520//4081 
f 3573//4080 3574//4082 3521//4078 
f 3571//4077 3572//4079 3522//4075 
o mesh144
f 3588//4102 3589//4103 3590//4103 
f 3591//4104 3588//4102 3592//4105 
f 3593//4106 3591//4104 3594//4107 
f 3595//4108 3593//4106 3596//4109 
f 3597//4110 3595//4108 3598//4111 
f 3599//4112 3597//4110 3600//4113 
f 3600//4113 3601//4114 3599//4112 
f 3602//4115 3599//4112 3603//4116 
f 3172//4117 3602//4115 3604//4118 
f 3604//4118 3169//4117 3172//4117 
f 3603//4116 3604//4118 3602//4115 
f 3601//4114 3603//4116 3599//4112 
f 3598//4111 3600//4113 3597//4110 
f 3596//4109 3598//4111 3595//4108 
f 3594//4107 3596//4109 3593//4106 
f 3592//4105 3594//4107 3591//4104 
f 3590//4103 3592//4105 3588//4102 
o mesh145
f 3462//4119 3612//4120 3613//4121 
f 3612//4120 3614//4122 3615//4123 
f 3614//4122 3616//4124 3617//4125 
f 3616//4124 3618//4126 3619//4127 
f 3618//4126 3620//4128 3621//4129 
f 3620//4128 3605//4130 3606//4131 
f 3461//4132 3613//4121 3622//4133 
f 3613//4121 3615//4123 3623//4134 
f 3615//4123 3617//4125 3624//4135 
f 3617//4125 3619//4127 3625//4136 
f 3619//4127 3621//4129 3626//4137 
f 3621//4129 3606//4131 3607//4138 
f 3460//4139 3622//4133 3627//4140 
f 3622//4133 3623//4134 3628//4141 
f 3623//4134 3624//4135 3629//4142 
f 3624//4135 3625//4136 3630//4143 
f 3625//4136 3626//4137 3631//4144 
f 3626//4137 3607//4138 3608//4145 
f 3459//4146 3627//4140 3632//4147 
f 3627//4140 3628//4141 3633//4148 
f 3628//4141 3629//4142 3634//4149 
f 3629//4142 3630//4143 3635//4150 
f 3630//4143 3631//4144 3636//4151 
f 3631//4144 3608//4145 3609//4152 
f 3458//4153 3632//4147 3637//4154 
f 3632//4147 3633//4148 3638//4155 
f 3633//4148 3634//4149 3639//4156 
f 3634//4149 3635//4150 3640//4157 
f 3635//4150 3636//4151 3641//4158 
f 3636//4151 3609//4152 3610//4159 
f 3457//4160 3637//4154 3642//4161 
f 3637//4154 3638//4155 3643//4162 
f 3638//4155 3639//4156 3644//4163 
f 3639//4156 3640//4157 3645//4164 
f 3640//4157 3641//4158 3646//4165 
f 3641//4158 3610//4159 3611//4166 
f 3456//4167 3642//4161 3564//4168 
f 3642//4161 3643//4162 3565//4169 
f 3643//4162 3644//4163 3566//4170 
f 3644//4163 3645//4164 3567//4171 
f 3645//4164 3646//4165 3568//4172 
f 3646//4165 3611//4166 3569//4173 
f 3569//4173 3568//4172 3646//4165 
f 3568//4172 3567//4171 3645//4164 
f 3567//4171 3566//4170 3644//4163 
f 3566//4170 3565//4169 3643//4162 
f 3565//4169 3564//4168 3642//4161 
f 3564//4168 3454//4174 3456//4167 
f 3611//4166 3646//4165 3641//4158 
f 3646//4165 3645//4164 3640//4157 
f 3645//4164 3644//4163 3639//4156 
f 3644//4163 3643//4162 3638//4155 
f 3643//4162 3642//4161 3637//4154 
f 3642//4161 3456//4167 3457//4160 
f 3610//4159 3641//4158 3636//4151 
f 3641//4158 3640//4157 3635//4150 
f 3640//4157 3639//4156 3634//4149 
f 3639//4156 3638//4155 3633//4148 
f 3638//4155 3637//4154 3632//4147 
f 3637//4154 3457//4160 3458//4153 
f 3609//4152 3636//4151 3631//4144 
f 3636//4151 3635//4150 3630//4143 
f 3635//4150 3634//4149 3629//4142 
f 3634//4149 3633//4148 3628//4141 
f 3633//4148 3632//4147 3627//4140 
f 3632//4147 3458//4153 3459//4146 
f 3608//4145 3631//4144 3626//4137 
f 3631//4144 3630//4143 3625//4136 
f 3630//4143 3629//4142 3624//4135 
f 3629//4142 3628//4141 3623//4134 
f 3628//4141 3627//4140 3622//4133 
f 3627//4140 3459//4146 3460//4139 
f 3607//4138 3626//4137 3621//4129 
f 3626//4137 3625//4136 3619//4127 
f 3625//4136 3624//4135 3617//4125 
f 3624//4135 3623//4134 3615//4123 
f 3623//4134 3622//4133 3613//4121 
f 3622//4133 3460//4139 3461//4132 
f 3606//4131 3621//4129 3620//4128 
f 3621//4129 3619//4127 3618//4126 
f 3619//4127 3617//4125 3616//4124 
f 3617//4125 3615//4123 3614//4122 
f 3615//4123 3613//4121 3612//4120 
f 3613//4121 3461//4132 3462//4119 
f 3605//4130 3620//4128 3466//4175 
f 3620//4128 3618//4126 3466//4175 
f 3618//4126 3616//4124 3466//4175 
f 3616//4124 3614//4122 3466//4175 
f 3614//4122 3612//4120 3466//4175 
f 3612//4120 3462//4119 3466//4175 
o mesh146
f 3647//4176 3570//4176 3528//4176 
f 3528//4176 3569//4176 3647//4176 
o mesh147
f 3665//4177 3666//4178 3648//4179 
f 3666//4178 3649//4180 3648//4179 
f 3666//4178 3665//4177 3667//4181 
f 3668//4182 3667//4181 3669//4183 
f 3670//4184 3669//4183 3671//4185 
f 3672//4186 3671//4185 3673//4187 
f 3674//4188 3673//4187 3675//4189 
f 3676//4190 3675//4189 3677//4191 
f 3677//4191 3573//4192 3572//4193 
f 3572//4193 3678//4194 3677//4191 
f 3665//4177 3650//4195 3651//4196 
f 3651//4196 3679//4197 3665//4177 
f 3665//4177 3679//4197 3680//4198 
f 3667//4181 3680//4198 3681//4199 
f 3669//4183 3681//4199 3682//4200 
f 3671//4185 3682//4200 3683//4201 
f 3673//4187 3683//4201 3684//4202 
f 3675//4189 3684//4202 3685//4203 
f 3677//4191 3685//4203 3574//4204 
f 3685//4203 3575//4205 3574//4204 
f 3686//4206 3679//4197 3652//4207 
f 3679//4197 3686//4206 3687//4208 
f 3680//4198 3687//4208 3688//4209 
f 3681//4199 3688//4209 3689//4210 
f 3682//4200 3689//4210 3690//4211 
f 3683//4201 3690//4211 3691//4212 
f 3684//4202 3691//4212 3692//4213 
f 3692//4213 3576//4214 3575//4205 
f 3693//4215 3686//4206 3653//4216 
f 3686//4206 3654//4217 3653//4216 
f 3686//4206 3693//4215 3694//4218 
f 3687//4208 3694//4218 3695//4219 
f 3688//4209 3695//4219 3696//4220 
f 3689//4210 3696//4220 3697//4221 
f 3690//4211 3697//4221 3698//4222 
f 3691//4212 3698//4222 3699//4223 
f 3699//4223 3578//4224 3577//4225 
f 3577//4225 3692//4213 3699//4223 
f 3693//4215 3655//4226 3656//4227 
f 3656//4227 3700//4228 3693//4215 
f 3693//4215 3700//4228 3701//4229 
f 3694//4218 3701//4229 3702//4230 
f 3695//4219 3702//4230 3703//4231 
f 3696//4220 3703//4231 3704//4232 
f 3697//4221 3704//4232 3705//4233 
f 3698//4222 3705//4233 3706//4234 
f 3699//4223 3706//4234 3579//4235 
f 3706//4234 3580//4236 3579//4235 
f 3700//4228 3657//4237 3658//4238 
f 3658//4238 3707//4239 3700//4228 
f 3700//4228 3707//4239 3708//4240 
f 3701//4229 3708//4240 3709//4241 
f 3702//4230 3709//4241 3710//4242 
f 3703//4231 3710//4242 3711//4243 
f 3704//4232 3711//4243 3712//4244 
f 3705//4233 3712//4244 3713//4245 
f 3706//4234 3713//4245 3581//4246 
f 3713//4245 3582//4247 3581//4246 
f 3707//4239 3659//4248 3660//4249 
f 3660//4249 3714//4250 3707//4239 
f 3707//4239 3714//4250 3715//4251 
f 3708//4240 3715//4251 3716//4252 
f 3709//4241 3716//4252 3717//4253 
f 3710//4242 3717//4253 3718//4254 
f 3711//4243 3718//4254 3719//4255 
f 3712//4244 3719//4255 3720//4256 
f 3713//4245 3720//4256 3583//4257 
f 3720//4256 3584//4258 3583//4257 
f 3721//4259 3714//4250 3661//4260 
f 3714//4250 3721//4259 3722//4261 
f 3715//4251 3722//4261 3723//4262 
f 3716//4252 3723//4262 3724//4263 
f 3717//4253 3724//4263 3725//4264 
f 3718//4254 3725//4264 3726//4265 
f 3719//4255 3726//4265 3727//4266 
f 3727//4266 3585//4267 3584//4258 
f 3728//4268 3721//4259 3662//4269 
f 3721//4259 3663//4270 3662//4269 
f 3721//4259 3728//4268 3729//4271 
f 3722//4261 3729//4271 3730//4272 
f 3723//4262 3730//4272 3731//4273 
f 3724//4263 3731//4273 3732//4274 
f 3725//4264 3732//4274 3733//4275 
f 3726//4265 3733//4275 3734//4276 
f 3734//4276 3587//4277 3586//4278 
f 3586//4278 3727//4266 3734//4276 
f 3588//4279 3728//4268 3664//4280 
f 3591//4281 3729//4271 3728//4268 
f 3593//4282 3730//4272 3729//4271 
f 3595//4283 3731//4273 3730//4272 
f 3595//4283 3597//4284 3732//4274 
f 3597//4284 3599//4285 3733//4275 
f 3599//4285 3602//4286 3734//4276 
f 3602//4286 3172//4287 3587//4277 
f 3587//4277 3734//4276 3602//4286 
f 3734//4276 3733//4275 3599//4285 
f 3733//4275 3732//4274 3597//4284 
f 3732//4274 3731//4273 3595//4283 
f 3730//4272 3593//4282 3595//4283 
f 3729//4271 3591//4281 3593//4282 
f 3728//4268 3588//4279 3591//4281 
f 3664//4280 3589//4288 3588//4279 
f 3586//4278 3585//4267 3727//4266 
f 3734//4276 3727//4266 3726//4265 
f 3733//4275 3726//4265 3725//4264 
f 3732//4274 3725//4264 3724//4263 
f 3731//4273 3724//4263 3723//4262 
f 3730//4272 3723//4262 3722//4261 
f 3729//4271 3722//4261 3721//4259 
f 3662//4269 3664//4280 3728//4268 
f 3584//4258 3720//4256 3727//4266 
f 3727//4266 3720//4256 3719//4255 
f 3726//4265 3719//4255 3718//4254 
f 3725//4264 3718//4254 3717//4253 
f 3724//4263 3717//4253 3716//4252 
f 3723//4262 3716//4252 3715//4251 
f 3722//4261 3715//4251 3714//4250 
f 3661//4260 3663//4270 3721//4259 
f 3583//4257 3582//4247 3713//4245 
f 3720//4256 3713//4245 3712//4244 
f 3719//4255 3712//4244 3711//4243 
f 3718//4254 3711//4243 3710//4242 
f 3717//4253 3710//4242 3709//4241 
f 3716//4252 3709//4241 3708//4240 
f 3715//4251 3708//4240 3707//4239 
f 3660//4249 3661//4260 3714//4250 
f 3581//4246 3580//4236 3706//4234 
f 3713//4245 3706//4234 3705//4233 
f 3712//4244 3705//4233 3704//4232 
f 3711//4243 3704//4232 3703//4231 
f 3710//4242 3703//4231 3702//4230 
f 3709//4241 3702//4230 3701//4229 
f 3708//4240 3701//4229 3700//4228 
f 3658//4238 3659//4248 3707//4239 
f 3579//4235 3578//4224 3699//4223 
f 3706//4234 3699//4223 3698//4222 
f 3705//4233 3698//4222 3697//4221 
f 3704//4232 3697//4221 3696//4220 
f 3703//4231 3696//4220 3695//4219 
f 3702//4230 3695//4219 3694//4218 
f 3701//4229 3694//4218 3693//4215 
f 3656//4227 3657//4237 3700//4228 
f 3577//4225 3576//4214 3692//4213 
f 3699//4223 3692//4213 3691//4212 
f 3698//4222 3691//4212 3690//4211 
f 3697//4221 3690//4211 3689//4210 
f 3696//4220 3689//4210 3688//4209 
f 3695//4219 3688//4209 3687//4208 
f 3694//4218 3687//4208 3686//4206 
f 3653//4216 3655//4226 3693//4215 
f 3575//4205 3685//4203 3692//4213 
f 3692//4213 3685//4203 3684//4202 
f 3691//4212 3684//4202 3683//4201 
f 3690//4211 3683//4201 3682//4200 
f 3689//4210 3682//4200 3681//4199 
f 3688//4209 3681//4199 3680//4198 
f 3687//4208 3680//4198 3679//4197 
f 3652//4207 3654//4217 3686//4206 
f 3574//4204 3573//4192 3677//4191 
f 3685//4203 3677//4191 3675//4189 
f 3684//4202 3675//4189 3673//4187 
f 3683//4201 3673//4187 3671//4185 
f 3682//4200 3671//4185 3669//4183 
f 3681//4199 3669//4183 3667//4181 
f 3680//4198 3667//4181 3665//4177 
f 3651//4196 3652//4207 3679//4197 
f 3572//4193 3571//4289 3678//4194 
f 3677//4191 3678//4194 3676//4190 
f 3675//4189 3676//4190 3674//4188 
f 3673//4187 3674//4188 3672//4186 
f 3671//4185 3672//4186 3670//4184 
f 3669//4183 3670//4184 3668//4182 
f 3667//4181 3668//4182 3666//4178 
f 3648//4179 3650//4195 3665//4177 
f 3570//4290 3678//4194 3571//4289 
f 3570//4290 3676//4190 3678//4194 
f 3570//4290 3674//4188 3676//4190 
f 3570//4290 3672//4186 3674//4188 
f 3570//4290 3670//4184 3672//4186 
f 3570//4290 3668//4182 3670//4184 
f 3570//4290 3666//4178 3668//4182 
f 3570//4290 3649//4180 3666//4178 
o mesh148
f 3589//4291 3735//4291 3736//4291 
f 3736//4291 3737//4291 3589//4291 
f 3737//4291 3590//4291 3589//4291 
o mesh149
f 3466//4292 3738//4293 3739//4294 
f 3466//4292 3740//4295 3738//4293 
f 3605//4296 3741//4297 3742//4298 
f 3605//4296 3743//4299 3741//4297 
f 3605//4296 3739//4294 3743//4299 
f 3606//4300 3744//4301 3745//4302 
f 3606//4300 3742//4298 3744//4301 
f 3607//4303 3746//4304 3747//4305 
f 3607//4303 3745//4302 3746//4304 
f 3608//4306 3748//4307 3749//4308 
f 3608//4306 3747//4305 3748//4307 
f 3609//4309 3750//4310 3751//4311 
f 3609//4309 3752//4312 3750//4310 
f 3609//4309 3749//4308 3752//4312 
f 3610//4313 3753//4314 3754//4315 
f 3610//4313 3751//4311 3753//4314 
f 3611//4316 3755//4317 3647//4318 
f 3611//4316 3754//4315 3755//4317 
f 3647//4318 3569//4318 3611//4316 
f 3754//4315 3611//4316 3610//4313 
f 3751//4311 3610//4313 3609//4309 
f 3749//4308 3609//4309 3608//4306 
f 3747//4305 3608//4306 3607//4303 
f 3745//4302 3607//4303 3606//4300 
f 3742//4298 3606//4300 3605//4296 
f 3739//4294 3605//4296 3466//4292 
o mesh150
f 3664//4319 3662//4320 3756//4320 
f 3756//4320 3757//4319 3664//4319 
f 3735//4321 3589//4321 3664//4319 
f 3661//4322 3660//4323 3758//4323 
f 3758//4323 3759//4322 3661//4322 
f 3760//4324 3663//4324 3661//4322 
f 3759//4322 3760//4324 3661//4322 
f 3756//4320 3662//4320 3663//4324 
f 3659//4325 3658//4326 3761//4326 
f 3761//4326 3762//4325 3659//4325 
f 3758//4323 3660//4323 3659//4325 
f 3763//4327 3657//4327 3656//4328 
f 3656//4328 3764//4328 3763//4327 
f 3761//4326 3658//4326 3657//4327 
f 3655//4329 3653//4330 3765//4330 
f 3766//4329 3656//4328 3655//4329 
f 3765//4330 3766//4329 3655//4329 
f 3767//4331 3652//4331 3651//4332 
f 3767//4331 3654//4333 3652//4331 
f 3651//4332 3768//4332 3767//4331 
f 3767//4331 3769//4333 3654//4333 
f 3765//4330 3653//4330 3654//4333 
f 3650//4334 3648//4335 3770//4335 
f 3770//4335 3771//4334 3650//4334 
f 3768//4332 3651//4332 3650//4334 
f 3772//4336 3649//4336 3570//4337 
f 3772//4336 3648//4335 3649//4336 
f 3570//4337 3647//4337 3772//4336 
f 3772//4336 3770//4335 3648//4335 
f 3771//4334 3768//4332 3650//4334 
f 3769//4333 3765//4330 3654//4333 
f 3766//4329 3764//4328 3656//4328 
f 3763//4327 3761//4326 3657//4327 
f 3762//4325 3758//4323 3659//4325 
f 3760//4324 3756//4320 3663//4324 
f 3757//4319 3735//4321 3664//4319 
o mesh151
f 3780//4338 3781//4339 3754//4340 
f 3781//4339 3755//4341 3754//4340 
f 3781//4339 3780//4338 3782//4342 
f 3783//4343 3782//4342 3784//4344 
f 3785//4345 3784//4344 3786//4346 
f 3787//4347 3786//4346 3788//4348 
f 3789//4349 3788//4348 3790//4350 
f 3791//4351 3790//4350 3792//4352 
f 3792//4352 3771//4353 3770//4354 
f 3770//4354 3793//4355 3792//4352 
f 3780//4338 3753//4356 3751//4357 
f 3751//4357 3794//4358 3780//4338 
f 3780//4338 3794//4358 3795//4359 
f 3782//4342 3795//4359 3796//4360 
f 3784//4344 3796//4360 3797//4361 
f 3786//4346 3797//4361 3798//4362 
f 3788//4348 3798//4362 3799//4363 
f 3790//4350 3799//4363 3800//4364 
f 3792//4352 3800//4364 3768//4365 
f 3800//4364 3767//4366 3768//4365 
f 3801//4367 3794//4358 3750//4368 
f 3794//4358 3801//4367 3802//4369 
f 3795//4359 3802//4369 3803//4370 
f 3796//4360 3803//4370 3804//4371 
f 3797//4361 3804//4371 3805//4372 
f 3798//4362 3805//4372 3806//4373 
f 3799//4363 3806//4373 3807//4374 
f 3807//4374 3769//4375 3767//4366 
f 3808//4376 3801//4367 3749//4377 
f 3801//4367 3752//4378 3749//4377 
f 3801//4367 3808//4376 3809//4379 
f 3802//4369 3809//4379 3810//4380 
f 3803//4370 3810//4380 3811//4381 
f 3804//4371 3811//4381 3812//4382 
f 3805//4372 3812//4382 3813//4383 
f 3806//4373 3813//4383 3814//4384 
f 3814//4384 3766//4385 3765//4386 
f 3765//4386 3807//4374 3814//4384 
f 3808//4376 3748//4387 3747//4388 
f 3747//4388 3815//4389 3808//4376 
f 3808//4376 3815//4389 3816//4390 
f 3809//4379 3816//4390 3817//4391 
f 3810//4380 3817//4391 3818//4392 
f 3811//4381 3818//4392 3819//4393 
f 3812//4382 3819//4393 3820//4394 
f 3813//4383 3820//4394 3821//4395 
f 3814//4384 3821//4395 3764//4396 
f 3821//4395 3763//4397 3764//4396 
f 3815//4389 3746//4398 3745//4399 
f 3745//4399 3822//4400 3815//4389 
f 3815//4389 3822//4400 3823//4401 
f 3816//4390 3823//4401 3824//4402 
f 3817//4391 3824//4402 3825//4403 
f 3818//4392 3825//4403 3826//4404 
f 3819//4393 3826//4404 3827//4405 
f 3820//4394 3827//4405 3828//4406 
f 3821//4395 3828//4406 3761//4407 
f 3828//4406 3762//4408 3761//4407 
f 3822//4400 3744//4409 3742//4410 
f 3742//4410 3829//4411 3822//4400 
f 3822//4400 3829//4411 3830//4412 
f 3823//4401 3830//4412 3831//4413 
f 3824//4402 3831//4413 3832//4414 
f 3825//4403 3832//4414 3833//4415 
f 3826//4404 3833//4415 3834//4416 
f 3827//4405 3834//4416 3835//4417 
f 3828//4406 3835//4417 3758//4418 
f 3835//4417 3759//4419 3758//4418 
f 3836//4420 3829//4411 3741//4421 
f 3829//4411 3836//4420 3837//4422 
f 3830//4412 3837//4422 3838//4423 
f 3831//4413 3838//4423 3839//4424 
f 3832//4414 3839//4424 3840//4425 
f 3833//4415 3840//4425 3841//4426 
f 3834//4416 3841//4426 3842//4427 
f 3842//4427 3760//4428 3759//4419 
f 3843//4429 3836//4420 3739//4430 
f 3836//4420 3743//4431 3739//4430 
f 3836//4420 3843//4429 3844//4432 
f 3837//4422 3844//4432 3845//4433 
f 3838//4423 3845//4433 3846//4434 
f 3839//4424 3846//4434 3847//4435 
f 3840//4425 3847//4435 3848//4436 
f 3841//4426 3848//4436 3849//4437 
f 3849//4437 3757//4438 3756//4439 
f 3756//4439 3842//4427 3849//4437 
f 3773//4440 3843//4429 3738//4441 
f 3774//4442 3844//4432 3843//4429 
f 3775//4443 3845//4433 3844//4432 
f 3776//4444 3846//4434 3845//4433 
f 3776//4444 3777//4445 3847//4435 
f 3777//4445 3778//4446 3848//4436 
f 3778//4446 3779//4447 3849//4437 
f 3779//4447 3735//4448 3757//4438 
f 3757//4438 3849//4437 3779//4447 
f 3849//4437 3848//4436 3778//4446 
f 3848//4436 3847//4435 3777//4445 
f 3847//4435 3846//4434 3776//4444 
f 3845//4433 3775//4443 3776//4444 
f 3844//4432 3774//4442 3775//4443 
f 3843//4429 3773//4440 3774//4442 
f 3738//4441 3740//4449 3773//4440 
f 3756//4439 3760//4428 3842//4427 
f 3849//4437 3842//4427 3841//4426 
f 3848//4436 3841//4426 3840//4425 
f 3847//4435 3840//4425 3839//4424 
f 3846//4434 3839//4424 3838//4423 
f 3845//4433 3838//4423 3837//4422 
f 3844//4432 3837//4422 3836//4420 
f 3739//4430 3738//4441 3843//4429 
f 3759//4419 3835//4417 3842//4427 
f 3842//4427 3835//4417 3834//4416 
f 3841//4426 3834//4416 3833//4415 
f 3840//4425 3833//4415 3832//4414 
f 3839//4424 3832//4414 3831//4413 
f 3838//4423 3831//4413 3830//4412 
f 3837//4422 3830//4412 3829//4411 
f 3741//4421 3743//4431 3836//4420 
f 3758//4418 3762//4408 3828//4406 
f 3835//4417 3828//4406 3827//4405 
f 3834//4416 3827//4405 3826//4404 
f 3833//4415 3826//4404 3825//4403 
f 3832//4414 3825//4403 3824//4402 
f 3831//4413 3824//4402 3823//4401 
f 3830//4412 3823//4401 3822//4400 
f 3742//4410 3741//4421 3829//4411 
f 3761//4407 3763//4397 3821//4395 
f 3828//4406 3821//4395 3820//4394 
f 3827//4405 3820//4394 3819//4393 
f 3826//4404 3819//4393 3818//4392 
f 3825//4403 3818//4392 3817//4391 
f 3824//4402 3817//4391 3816//4390 
f 3823//4401 3816//4390 3815//4389 
f 3745//4399 3744//4409 3822//4400 
f 3764//4396 3766//4385 3814//4384 
f 3821//4395 3814//4384 3813//4383 
f 3820//4394 3813//4383 3812//4382 
f 3819//4393 3812//4382 3811//4381 
f 3818//4392 3811//4381 3810//4380 
f 3817//4391 3810//4380 3809//4379 
f 3816//4390 3809//4379 3808//4376 
f 3747//4388 3746//4398 3815//4389 
f 3765//4386 3769//4375 3807//4374 
f 3814//4384 3807//4374 3806//4373 
f 3813//4383 3806//4373 3805//4372 
f 3812//4382 3805//4372 3804//4371 
f 3811//4381 3804//4371 3803//4370 
f 3810//4380 3803//4370 3802//4369 
f 3809//4379 3802//4369 3801//4367 
f 3749//4377 3748//4387 3808//4376 
f 3767//4366 3800//4364 3807//4374 
f 3807//4374 3800//4364 3799//4363 
f 3806//4373 3799//4363 3798//4362 
f 3805//4372 3798//4362 3797//4361 
f 3804//4371 3797//4361 3796//4360 
f 3803//4370 3796//4360 3795//4359 
f 3802//4369 3795//4359 3794//4358 
f 3750//4368 3752//4378 3801//4367 
f 3768//4365 3771//4353 3792//4352 
f 3800//4364 3792//4352 3790//4350 
f 3799//4363 3790//4350 3788//4348 
f 3798//4362 3788//4348 3786//4346 
f 3797//4361 3786//4346 3784//4344 
f 3796//4360 3784//4344 3782//4342 
f 3795//4359 3782//4342 3780//4338 
f 3751//4357 3750//4368 3794//4358 
f 3770//4354 3772//4450 3793//4355 
f 3792//4352 3793//4355 3791//4351 
f 3790//4350 3791//4351 3789//4349 
f 3788//4348 3789//4349 3787//4347 
f 3786//4346 3787//4347 3785//4345 
f 3784//4344 3785//4345 3783//4343 
f 3782//4342 3783//4343 3781//4339 
f 3754//4340 3753//4356 3780//4338 
f 3647//4451 3793//4355 3772//4450 
f 3647//4451 3791//4351 3793//4355 
f 3647//4451 3789//4349 3791//4351 
f 3647//4451 3787//4347 3789//4349 
f 3647//4451 3785//4345 3787//4347 
f 3647//4451 3783//4343 3785//4345 
f 3647//4451 3781//4339 3783//4343 
f 3647//4451 3755//4341 3781//4339 
o mesh152
f 3774//4452 3773//4453 3850//4454 
f 3850//4454 3851//4455 3774//4452 
f 3775//4456 3774//4452 3852//4457 
f 3852//4457 3853//4458 3775//4456 
f 3776//4459 3775//4456 3854//4460 
f 3777//4461 3776//4459 3855//4462 
f 3778//4463 3777//4461 3856//4464 
f 3779//4465 3778//4463 3857//4466 
f 3735//4467 3779//4465 3858//4468 
f 3773//4453 3859//4469 3860//4470 
f 3773//4453 3740//4471 3861//4471 
f 3861//4471 3859//4469 3773//4453 
f 3860//4470 3850//4454 3773//4453 
f 3858//4468 3736//4472 3735//4467 
f 3857//4466 3858//4468 3779//4465 
f 3856//4464 3857//4466 3778//4463 
f 3855//4462 3856//4464 3777//4461 
f 3854//4460 3855//4462 3776//4459 
f 3853//4458 3854//4460 3775//4456 
f 3851//4455 3852//4457 3774//4452 
o mesh153
f 3440//4471 3862//4471 3863//4471 
f 3863//4471 3864//4471 3440//4471 
f 3440//4471 3865//4471 3866//4471 
f 3440//4471 3867//4471 3868//4471 
f 3866//4471 3862//4471 3440//4471 
f 3440//4471 3869//4471 3867//4471 
f 3440//4471 3870//4471 3871//4471 
f 3872//4471 3873//4471 3874//4471 
f 3875//4471 3872//4471 3876//4471 
f 3740//4471 3877//4471 3878//4471 
f 3864//4471 3879//4471 3440//4471 
f 3871//4471 3869//4471 3440//4471 
f 3872//4471 3880//4471 3881//4471 
f 3874//4471 3882//4471 3872//4471 
f 3873//4471 3872//4471 3883//4471 
f 3876//4471 3884//4471 3875//4471 
f 3740//4471 3885//4471 3877//4471 
f 3740//4471 3886//4471 3887//4471 
f 3866//4471 3888//4471 3862//4471 
f 3870//4471 3889//4471 3871//4471 
f 3882//4471 3880//4471 3872//4471 
f 3875//4471 3883//4471 3872//4471 
f 3887//4471 3885//4471 3740//4471 
f 3466//4471 3890//4471 3886//4471 
f 3891//4471 3892//4471 3465//4471 
f 3868//4471 3865//4471 3440//4471 
f 3883//4471 3893//4471 3873//4471 
f 3886//4471 3740//4471 3466//4471 
f 3466//4471 3894//4471 3895//4471 
f 3466//4471 3463//4471 3896//4471 
f 3897//4471 3896//4471 3463//4471 
f 3892//4471 3897//4471 3464//4471 
f 3879//4471 3891//4471 3440//4471 
f 3861//4471 3898//4471 3872//4471 
f 3740//4471 3899//4471 3898//4471 
f 3740//4471 3900//4471 3901//4471 
f 3895//4471 3890//4471 3466//4471 
f 3463//4471 3464//4471 3897//4471 
f 3465//4471 3440//4471 3891//4471 
f 3285//4471 3870//4471 3440//4471 
f 3898//4471 3861//4471 3740//4471 
f 3878//4471 3900//4471 3740//4471 
f 3464//4471 3465//4471 3892//4471 
f 3440//4471 3276//4471 3284//4471 
f 3740//4471 3902//4471 3899//4471 
f 3896//4471 3894//4471 3466//4471 
f 3440//4471 3279//4471 3276//4471 
f 3901//4471 3902//4471 3740//4471 
f 3881//4471 3861//4471 3872//4471 
f 3440//4471 3284//4471 3285//4471 
o mesh154
f 3984//4473 3985//4474 3986//4475 
f 3987//4476 3984//4473 3988//4477 
f 3989//4478 3987//4476 3990//4479 
f 3991//4480 3903//4481 3904//4482 
f 3904//4482 3992//4483 3991//4480 
f 3991//4480 3905//4484 3903//4481 
f 3993//4485 3991//4480 3992//4483 
f 3986//4475 3993//4485 3994//4486 
f 3988//4477 3986//4475 3995//4487 
f 3990//4479 3988//4477 3996//4488 
f 3997//4489 3990//4479 3998//4490 
f 3992//4483 3906//4491 3907//4492 
f 3907//4492 3999//4493 3992//4483 
f 3994//4486 3992//4483 3999//4493 
f 3995//4487 3994//4486 4000//4494 
f 3996//4488 3995//4487 4001//4495 
f 3998//4490 3996//4488 4002//4496 
f 4003//4497 3998//4490 4004//4498 
f 3999//4493 3908//4499 3909//4500 
f 4000//4494 3999//4493 4005//4501 
f 4001//4495 4000//4494 4006//4502 
f 4002//4496 4001//4495 4007//4503 
f 4004//4498 4002//4496 4008//4504 
f 4009//4505 3910//4506 4010//4507 
f 4011//4508 4005//4501 3911//4509 
f 4005//4501 3909//4500 3911//4509 
f 4006//4502 4005//4501 4011//4508 
f 4007//4503 4006//4502 4012//4510 
f 4008//4504 4007//4503 4013//4511 
f 4009//4505 4008//4504 4014//4512 
f 4015//4513 4011//4508 3912//4514 
f 4011//4508 3913//4515 3912//4514 
f 4012//4510 4011//4508 4015//4513 
f 4013//4511 4012//4510 4016//4516 
f 4014//4512 4013//4511 4017//4517 
f 4018//4518 4014//4512 4019//4519 
f 4015//4513 3914//4520 3915//4521 
f 3915//4521 4020//4522 4015//4513 
f 4016//4516 4015//4513 4020//4522 
f 4017//4517 4016//4516 4021//4523 
f 4019//4519 4017//4517 4022//4524 
f 4023//4525 4019//4519 4024//4526 
f 4020//4522 3916//4527 3917//4528 
f 3917//4528 4025//4529 4020//4522 
f 4021//4523 4020//4522 4025//4529 
f 4022//4524 4021//4523 4026//4530 
f 4024//4526 4022//4524 4027//4531 
f 4028//4532 4024//4526 4029//4533 
f 4025//4529 3918//4534 3919//4535 
f 4026//4530 4025//4529 4030//4536 
f 4027//4531 4026//4530 4031//4537 
f 4029//4533 4027//4531 4032//4538 
f 4033//4539 4029//4533 4034//4540 
f 4030//4536 3919//4535 3920//4541 
f 4031//4537 4030//4536 4035//4542 
f 4032//4538 4031//4537 4036//4543 
f 4034//4540 4032//4538 4037//4544 
f 4038//4545 4034//4540 4039//4546 
f 4040//4547 4035//4542 3921//4548 
f 4035//4542 3920//4541 3921//4548 
f 4036//4543 4035//4542 4040//4547 
f 4037//4544 4036//4543 4041//4549 
f 4039//4546 4037//4544 4042//4550 
f 4043//4551 4039//4546 4044//4552 
f 4045//4553 4040//4547 3922//4554 
f 4040//4547 3923//4555 3922//4554 
f 4041//4549 4040//4547 4045//4553 
f 4042//4550 4041//4549 4046//4556 
f 4044//4552 4042//4550 4047//4557 
f 4048//4558 4044//4552 4049//4559 
f 4045//4553 3924//4560 3925//4561 
f 3925//4561 4050//4562 4045//4553 
f 4046//4556 4045//4553 4050//4562 
f 4047//4557 4046//4556 4051//4563 
f 4049//4559 4047//4557 4052//4564 
f 4053//4565 4049//4559 4054//4566 
f 4055//4567 4050//4562 3926//4568 
f 4051//4563 4050//4562 4055//4567 
f 4052//4564 4051//4563 4056//4569 
f 4054//4566 4052//4564 4057//4570 
f 4058//4571 4054//4566 4059//4572 
f 4060//4573 4055//4567 3927//4574 
f 4055//4567 3928//4575 3927//4574 
f 4056//4569 4055//4567 4060//4573 
f 4057//4570 4056//4569 4061//4576 
f 4059//4572 4057//4570 4062//4577 
f 4063//4578 4059//4572 4064//4579 
f 4060//4573 3929//4580 3930//4581 
f 3930//4581 4065//4582 4060//4573 
f 4061//4576 4060//4573 4065//4582 
f 4062//4577 4061//4576 4066//4583 
f 4064//4579 4062//4577 4067//4584 
f 4068//4585 4064//4579 4069//4586 
f 4070//4587 4065//4582 3931//4588 
f 3931//4588 3932//4589 4070//4587 
f 4066//4583 4065//4582 4070//4587 
f 4067//4584 4066//4583 4071//4590 
f 4069//4586 4067//4584 4072//4591 
f 4073//4592 4069//4586 4074//4593 
f 4075//4594 4070//4587 3933//4595 
f 4071//4590 4070//4587 4075//4594 
f 4072//4591 4071//4590 4076//4596 
f 4074//4593 4072//4591 4077//4597 
f 4078//4598 4074//4593 4079//4599 
f 4080//4600 4081//4601 3934//4602 
f 4075//4594 3935//4603 3936//4604 
f 3936//4604 4082//4605 4075//4594 
f 4076//4596 4075//4594 4082//4605 
f 4077//4597 4076//4596 4083//4606 
f 4079//4599 4077//4597 4084//4607 
f 4080//4600 4079//4599 4085//4608 
f 4081//4601 4080//4600 4086//4609 
f 4082//4605 3937//4610 3938//4611 
f 3938//4611 4087//4612 4082//4605 
f 4083//4606 4082//4605 4087//4612 
f 4084//4607 4083//4606 4088//4613 
f 4085//4608 4084//4607 4089//4614 
f 4086//4609 4085//4608 4090//4615 
f 4091//4616 4086//4609 4092//4617 
f 4087//4612 3939//4618 3940//4619 
f 3940//4619 4093//4620 4087//4612 
f 4088//4613 4087//4612 4093//4620 
f 4089//4614 4088//4613 4094//4621 
f 4090//4615 4089//4614 4095//4622 
f 4092//4617 4090//4615 4096//4623 
f 4097//4624 4092//4617 4098//4625 
f 4098//4625 4096//4623 4099//4626 
f 4100//4627 4098//4625 4101//4628 
f 4093//4620 3941//4629 3891//4630 
f 4094//4621 4093//4620 3879//4631 
f 3879//4631 3864//4632 4094//4621 
f 4095//4622 4094//4621 3863//4633 
f 4096//4623 3888//4634 3866//4635 
f 4096//4623 4095//4622 3862//4636 
f 3862//4636 3888//4634 4096//4623 
f 4099//4626 3865//4637 3868//4638 
f 3868//4638 4101//4628 4099//4626 
f 4102//4639 4101//4628 3867//4640 
f 3867//4640 3869//4641 4102//4639 
f 3942//4642 4102//4639 3871//4643 
f 3871//4643 3889//4644 3942//4642 
f 3942//4642 3943//4645 4100//4627 
f 4097//4624 4100//4627 3944//4646 
f 4100//4627 3943//4645 3944//4646 
f 4091//4616 4097//4624 3945//4647 
f 4081//4601 4091//4616 3946//4648 
f 4091//4616 3947//4649 3946//4648 
f 4091//4616 3948//4650 3947//4649 
f 4081//4601 3949//4651 3950//4652 
f 4073//4592 3951//4653 3952//4654 
f 4078//4598 3934//4602 3951//4653 
f 3951//4653 4073//4592 4078//4598 
f 3953//4655 3954//4656 4068//4585 
f 3955//4657 3956//4658 4063//4578 
f 4068//4585 3954//4656 3955//4657 
f 4058//4571 4063//4578 3956//4658 
f 4053//4565 4058//4571 3957//4659 
f 4058//4571 3958//4660 3957//4659 
f 4048//4558 4053//4565 3959//4661 
f 4053//4565 3960//4662 3959//4661 
f 4043//4551 4048//4558 3961//4663 
f 4048//4558 3962//4664 3961//4663 
f 4043//4551 3963//4665 3964//4666 
f 3964//4666 4038//4545 4043//4551 
f 4038//4545 3965//4667 3966//4668 
f 3967//4669 4028//4532 4033//4539 
f 4033//4539 3966//4668 3967//4669 
f 4023//4525 4028//4532 3968//4670 
f 4028//4532 3969//4671 3968//4670 
f 4023//4525 3970//4672 3971//4673 
f 3971//4673 4018//4518 4023//4525 
f 4009//4505 4018//4518 3972//4674 
f 4018//4518 3973//4675 3974//4676 
f 3974//4676 3972//4674 4018//4518 
f 4010//4507 3910//4506 3975//4677 
f 4010//4507 3976//4678 3977//4679 
f 3977//4679 3978//4680 4010//4507 
f 3978//4680 4003//4497 4010//4507 
f 3997//4489 4003//4497 3979//4681 
f 4003//4497 3980//4682 3979//4681 
f 3989//4478 3997//4489 3981//4683 
f 3997//4489 3982//4684 3981//4683 
f 3983//4685 3860//4686 3859//4687 
f 3989//4478 3881//4688 3880//4689 
f 3989//4478 3861//4690 3881//4688 
f 3989//4478 3859//4687 3861//4690 
f 3987//4476 3882//4691 3874//4692 
f 3987//4476 3880//4689 3882//4691 
f 3984//4473 3874//4692 3873//4693 
f 3985//4474 3873//4693 3893//4694 
f 3986//4475 3883//4695 3875//4696 
f 3986//4475 3985//4474 3883//4695 
f 3993//4485 3884//4697 3876//4698 
f 3993//4485 3875//4696 3884//4697 
f 3991//4480 3876//4698 3872//4699 
f 3872//4699 3905//4484 3991//4480 
f 3876//4698 3991//4480 3993//4485 
f 3875//4696 3993//4485 3986//4475 
f 3893//4694 3883//4695 3985//4474 
f 3873//4693 3985//4474 3984//4473 
f 3874//4692 3984//4473 3987//4476 
f 3880//4689 3987//4476 3989//4478 
f 3859//4687 3989//4478 3983//4685 
f 3981//4683 3983//4685 3989//4478 
f 3979//4681 3982//4684 3997//4489 
f 3978//4680 3980//4682 4003//4497 
f 3975//4677 3976//4678 4010//4507 
f 3972//4674 3910//4506 4009//4505 
f 3971//4673 3973//4675 4018//4518 
f 3968//4670 3970//4672 4023//4525 
f 3967//4669 3969//4671 4028//4532 
f 3966//4668 4033//4539 4038//4545 
f 3964//4666 3965//4667 4038//4545 
f 3961//4663 3963//4665 4043//4551 
f 3959//4661 3962//4664 4048//4558 
f 3957//4659 3960//4662 4053//4565 
f 3956//4658 3958//4660 4058//4571 
f 4063//4578 4068//4585 3955//4657 
f 4068//4585 4073//4592 3953//4655 
f 3952//4654 3953//4655 4073//4592 
f 3950//4652 3934//4602 4081//4601 
f 3946//4648 3949//4651 4081//4601 
f 3945//4647 3948//4650 4091//4616 
f 3944//4646 3945//4647 4097//4624 
f 4100//4627 4102//4639 3942//4642 
f 3889//4644 3870//4700 3942//4642 
f 3869//4641 3871//4643 4102//4639 
f 3868//4638 3867//4640 4101//4628 
f 3865//4637 4099//4626 3866//4635 
f 3866//4635 4099//4626 4096//4623 
f 3863//4633 3862//4636 4095//4622 
f 3864//4632 3863//4633 4094//4621 
f 3891//4630 3879//4631 4093//4620 
f 4101//4628 4102//4639 4100//4627 
f 4099//4626 4101//4628 4098//4625 
f 4098//4625 4100//4627 4097//4624 
f 4096//4623 4098//4625 4092//4617 
f 4095//4622 4096//4623 4090//4615 
f 4094//4621 4095//4622 4089//4614 
f 4093//4620 4094//4621 4088//4613 
f 3940//4619 3941//4629 4093//4620 
f 4092//4617 4097//4624 4091//4616 
f 4090//4615 4092//4617 4086//4609 
f 4089//4614 4090//4615 4085//4608 
f 4088//4613 4089//4614 4084//4607 
f 4087//4612 4088//4613 4083//4606 
f 3938//4611 3939//4618 4087//4612 
f 4086//4609 4091//4616 4081//4601 
f 4085//4608 4086//4609 4080//4600 
f 4084//4607 4085//4608 4079//4599 
f 4083//4606 4084//4607 4077//4597 
f 4082//4605 4083//4606 4076//4596 
f 3936//4604 3937//4610 4082//4605 
f 3934//4602 4078//4598 4080//4600 
f 4079//4599 4080//4600 4078//4598 
f 4077//4597 4079//4599 4074//4593 
f 4076//4596 4077//4597 4072//4591 
f 4075//4594 4076//4596 4071//4590 
f 3933//4595 3935//4603 4075//4594 
f 4074//4593 4078//4598 4073//4592 
f 4072//4591 4074//4593 4069//4586 
f 4071//4590 4072//4591 4067//4584 
f 4070//4587 4071//4590 4066//4583 
f 3932//4589 3933//4595 4070//4587 
f 4069//4586 4073//4592 4068//4585 
f 4067//4584 4069//4586 4064//4579 
f 4066//4583 4067//4584 4062//4577 
f 4065//4582 4066//4583 4061//4576 
f 3930//4581 3931//4588 4065//4582 
f 4064//4579 4068//4585 4063//4578 
f 4062//4577 4064//4579 4059//4572 
f 4061//4576 4062//4577 4057//4570 
f 4060//4573 4061//4576 4056//4569 
f 3927//4574 3929//4580 4060//4573 
f 4059//4572 4063//4578 4058//4571 
f 4057//4570 4059//4572 4054//4566 
f 4056//4569 4057//4570 4052//4564 
f 4055//4567 4056//4569 4051//4563 
f 3926//4568 3928//4575 4055//4567 
f 4054//4566 4058//4571 4053//4565 
f 4052//4564 4054//4566 4049//4559 
f 4051//4563 4052//4564 4047//4557 
f 4050//4562 4051//4563 4046//4556 
f 3925//4561 3926//4568 4050//4562 
f 4049//4559 4053//4565 4048//4558 
f 4047//4557 4049//4559 4044//4552 
f 4046//4556 4047//4557 4042//4550 
f 4045//4553 4046//4556 4041//4549 
f 3922//4554 3924//4560 4045//4553 
f 4044//4552 4048//4558 4043//4551 
f 4042//4550 4044//4552 4039//4546 
f 4041//4549 4042//4550 4037//4544 
f 4040//4547 4041//4549 4036//4543 
f 3921//4548 3923//4555 4040//4547 
f 4039//4546 4043//4551 4038//4545 
f 4037//4544 4039//4546 4034//4540 
f 4036//4543 4037//4544 4032//4538 
f 4035//4542 4036//4543 4031//4537 
f 3920//4541 4035//4542 4030//4536 
f 4034//4540 4038//4545 4033//4539 
f 4032//4538 4034//4540 4029//4533 
f 4031//4537 4032//4538 4027//4531 
f 4030//4536 4031//4537 4026//4530 
f 3919//4535 4030//4536 4025//4529 
f 4029//4533 4033//4539 4028//4532 
f 4027//4531 4029//4533 4024//4526 
f 4026//4530 4027//4531 4022//4524 
f 4025//4529 4026//4530 4021//4523 
f 3917//4528 3918//4534 4025//4529 
f 4024//4526 4028//4532 4023//4525 
f 4022//4524 4024//4526 4019//4519 
f 4021//4523 4022//4524 4017//4517 
f 4020//4522 4021//4523 4016//4516 
f 3915//4521 3916//4527 4020//4522 
f 4019//4519 4023//4525 4018//4518 
f 4017//4517 4019//4519 4014//4512 
f 4016//4516 4017//4517 4013//4511 
f 4015//4513 4016//4516 4012//4510 
f 3912//4514 3914//4520 4015//4513 
f 4014//4512 4018//4518 4009//4505 
f 4013//4511 4014//4512 4008//4504 
f 4012//4510 4013//4511 4007//4503 
f 4011//4508 4012//4510 4006//4502 
f 3911//4509 3913//4515 4011//4508 
f 4010//4507 4004//4498 4009//4505 
f 4008//4504 4009//4505 4004//4498 
f 4007//4503 4008//4504 4002//4496 
f 4006//4502 4007//4503 4001//4495 
f 4005//4501 4006//4502 4000//4494 
f 3909//4500 4005//4501 3999//4493 
f 4004//4498 4010//4507 4003//4497 
f 4002//4496 4004//4498 3998//4490 
f 4001//4495 4002//4496 3996//4488 
f 4000//4494 4001//4495 3995//4487 
f 3999//4493 4000//4494 3994//4486 
f 3907//4492 3908//4499 3999//4493 
f 3998//4490 4003//4497 3997//4489 
f 3996//4488 3998//4490 3990//4479 
f 3995//4487 3996//4488 3988//4477 
f 3994//4486 3995//4487 3986//4475 
f 3992//4483 3994//4486 3993//4485 
f 3904//4482 3906//4491 3992//4483 
f 3990//4479 3997//4489 3989//4478 
f 3988//4477 3990//4479 3987//4476 
f 3986//4475 3988//4477 3984//4473 
o mesh155
f 3892//4701 3891//4702 3941//4703 
f 3897//4704 3892//4701 3940//4705 
f 3940//4705 3939//4706 3897//4704 
f 3896//4707 3897//4704 3938//4708 
f 3938//4708 3937//4709 3896//4707 
f 3894//4710 3896//4707 3936//4711 
f 3936//4711 3935//4712 3894//4710 
f 3935//4712 3933//4713 3894//4710 
f 3895//4714 3894//4710 3932//4715 
f 3932//4715 3931//4716 3895//4714 
f 3890//4717 3895//4714 3930//4718 
f 3930//4718 3929//4719 3890//4717 
f 3886//4720 3890//4717 3927//4721 
f 3927//4721 3928//4722 3886//4720 
f 3928//4722 3926//4723 3886//4720 
f 3887//4724 3886//4720 3925//4725 
f 3925//4725 3924//4726 3887//4724 
f 3887//4724 3923//4727 3921//4728 
f 3887//4724 3922//4729 3923//4727 
f 3885//4730 3918//4731 3917//4732 
f 3885//4730 3919//4733 3918//4731 
f 3885//4730 3921//4728 3920//4734 
f 3920//4734 3919//4733 3885//4730 
f 3877//4735 3916//4736 3915//4737 
f 3877//4735 3917//4732 3916//4736 
f 3878//4738 3914//4739 3912//4740 
f 3878//4738 3915//4737 3914//4739 
f 3900//4741 3913//4742 3911//4743 
f 3900//4741 3912//4740 3913//4742 
f 3901//4744 3908//4745 3907//4746 
f 3901//4744 3909//4747 3908//4745 
f 3901//4744 3911//4743 3909//4747 
f 3902//4748 3906//4749 3904//4750 
f 3902//4748 3907//4746 3906//4749 
f 3899//4751 3904//4750 3903//4752 
f 3898//4753 3903//4752 3905//4754 
f 3905//4754 3872//4755 3898//4753 
f 3903//4752 3898//4753 3899//4751 
f 3904//4750 3899//4751 3902//4748 
f 3907//4746 3902//4748 3901//4744 
f 3911//4743 3901//4744 3900//4741 
f 3912//4740 3900//4741 3878//4738 
f 3915//4737 3878//4738 3877//4735 
f 3917//4732 3877//4735 3885//4730 
f 3921//4728 3885//4730 3887//4724 
f 3924//4726 3922//4729 3887//4724 
f 3926//4723 3925//4725 3886//4720 
f 3929//4719 3927//4721 3890//4717 
f 3931//4716 3930//4718 3895//4714 
f 3933//4713 3932//4715 3894//4710 
f 3937//4709 3936//4711 3896//4707 
f 3939//4706 3938//4708 3897//4704 
f 3941//4703 3940//4705 3892//4701 
o mesh156
f 4103//4756 1277//4757 1276//4758 
f 4103//4756 1224//4759 1277//4757 
f 4103//4756 1227//4760 1225//4761 
f 1225//4761 1224//4759 4103//4756 
f 4103//4756 1230//4762 1228//4763 
f 1228//4763 1227//4760 4103//4756 
f 4104//4764 1231//4765 1230//4762 
f 1230//4762 4103//4756 4104//4764 
f 4104//4764 2005//4764 1234//4766 
f 1234//4766 1231//4765 4104//4764 
f 2005//4764 1260//4767 1240//4768 
f 1240//4768 1239//4769 2005//4764 
f 1239//4769 1237//4770 2005//4764 
f 1237//4770 1236//4771 2005//4764 
f 2005//4764 2014//4772 1242//4772 
f 1242//4772 1244//4773 2005//4764 
f 1244//4773 1260//4767 2005//4764 
f 1236//4771 1233//4774 2005//4764 
f 1233//4774 1232//4775 2005//4764 
f 1232//4775 1234//4766 2005//4764 
f 4105//4776 4103//4756 1045//4777 
f 1133//4778 4106//4778 4105//4776 
f 4103//4756 1046//4779 1045//4777 
f 4103//4756 1048//4780 1046//4779 
f 4103//4756 1050//4781 1048//4780 
f 4103//4756 1052//4782 1050//4781 
f 4103//4756 1059//4783 1057//4784 
f 1057//4784 1056//4785 4103//4756 
f 4103//4756 1062//4786 1060//4787 
f 1060//4787 1059//4783 4103//4756 
f 1220//4788 1042//4789 1041//4789 
f 4103//4756 1221//4790 1220//4788 
f 1041//4789 4103//4756 1220//4788 
f 1041//4789 1062//4786 4103//4756 
f 1056//4785 1054//4791 4103//4756 
f 1054//4791 1052//4782 4103//4756 
f 1243//4792 1528//4793 1296//4794 
f 1243//4792 1526//4795 1528//4793 
f 1296//4794 1279//4794 1243//4792 
f 1242//4772 1529//4796 1527//4797 
f 2014//4772 1531//4798 1530//4799 
f 1530//4799 1242//4772 2014//4772 
f 1530//4799 1529//4796 1242//4772 
f 1527//4797 1526//4795 1242//4772 
f 2014//4772 1536//4800 1535//4801 
f 1535//4801 1534//4802 2014//4772 
f 1534//4802 1533//4803 2014//4772 
f 1533//4803 1532//4804 2014//4772 
f 1532//4804 1531//4798 2014//4772 
f 2014//4772 1537//4805 1536//4800 
f 2032//4806 1430//4806 1429//4807 
f 1429//4807 2014//4772 2032//4806 
f 1429//4807 1540//4808 2014//4772 
f 1540//4808 1539//4809 2014//4772 
f 1539//4809 1538//4810 2014//4772 
f 1538//4810 1537//4805 2014//4772 
f 2025//4811 3152//4812 3165//4813 
f 2025//4811 3149//4814 3152//4812 
f 2025//4811 3150//4815 3149//4814 
f 2022//4816 3160//4817 3162//4818 
f 2022//4816 3165//4813 3164//4819 
f 3164//4819 3160//4817 2022//4816 
f 3162//4818 2018//4820 2022//4816 
f 2017//4821 3158//4822 3157//4823 
f 2018//4820 3159//4824 3158//4822 
f 3158//4822 2017//4821 2018//4820 
f 2018//4820 3156//4825 3159//4824 
f 2001//4826 3161//4827 3151//4828 
f 2001//4826 2017//4821 3163//4829 
f 3163//4829 3161//4827 2001//4826 
f 4107//4830 4108//4831 2484//4832 
f 4108//4831 2487//4833 2486//4834 
f 2486//4834 2484//4832 4108//4831 
f 4108//4831 2488//4835 2446//4836 
f 4108//4831 2489//4837 2488//4835 
f 2446//4836 2487//4833 4108//4831 
f 4108//4831 2491//4838 2490//4839 
f 2490//4839 2489//4837 4108//4831 
f 4108//4831 2492//4840 2493//4841 
f 4108//4831 2494//4842 2492//4840 
f 4108//4831 2495//4843 2496//4844 
f 2496//4844 2494//4842 4108//4831 
f 4108//4831 3137//4845 2497//4846 
f 2497//4846 2495//4843 4108//4831 
f 2024//4847 3147//4848 3150//4815 
f 2511//4849 3140//4850 3143//4850 
f 3143//4850 2024//4847 2511//4849 
f 2511//4849 3139//4851 3140//4850 
f 3143//4850 3144//4852 2024//4847 
f 3137//4845 2499//4853 2498//4854 
f 3137//4845 2500//4855 2499//4853 
f 3137//4845 2502//4856 2501//4857 
f 3137//4845 2518//4858 2502//4856 
f 3137//4845 2504//4859 2503//4860 
f 2505//4861 2504//4859 3137//4845 
f 3137//4845 3135//4862 2505//4861 
f 3135//4862 2508//4863 2507//4864 
f 2507//4864 2517//4865 3135//4862 
f 2517//4865 2506//4866 3135//4862 
f 2506//4866 2505//4861 3135//4862 
f 2503//4860 2518//4858 3137//4845 
f 3135//4862 2511//4849 2510//4867 
f 2510//4867 2509//4868 3135//4862 
f 2509//4868 2508//4863 3135//4862 
f 2501//4857 2500//4855 3137//4845 
f 2498//4854 2497//4846 3137//4845 
f 3135//4862 3139//4851 2511//4849 
f 3144//4852 3147//4848 2024//4847 
f 3150//4815 2025//4811 2024//4847 
f 2493//4841 2491//4838 4108//4831 
f 4109//4869 4107//4830 1789//4870 
f 2479//4871 2364//4870 1789//4870 
f 4107//4830 2480//4872 2479//4871 
f 4107//4830 2481//4873 2482//4874 
f 4107//4830 2483//4875 2485//4876 
f 2485//4876 2481//4873 4107//4830 
f 2482//4874 2480//4872 4107//4830 
f 1789//4870 4107//4830 2479//4871 
f 4110//4877 4111//4878 4112//4879 
f 4112//4879 4113//4880 4110//4877 
f 4113//4880 4114//4881 4110//4877 
f 4109//4869 4115//4882 4116//4883 
f 4109//4869 4117//4884 4118//4885 
f 4118//4885 4119//4886 4109//4869 
f 4119//4886 4115//4882 4109//4869 
f 4109//4869 4120//4887 4117//4884 
f 4116//4883 4110//4877 4109//4869 
f 4109//4869 4121//4888 4120//4887 
f 4116//4883 4122//4889 4110//4877 
f 4122//4889 4123//4890 4110//4877 
f 4123//4890 4111//4878 4110//4877 
f 4109//4869 4124//4891 4121//4888 
f 1788//4892 4125//4893 4124//4891 
f 1788//4892 4126//4894 4127//4895 
f 1788//4892 4128//4896 4126//4894 
f 1788//4892 1791//4897 4129//4898 
f 4129//4898 4128//4896 1788//4892 
f 4127//4895 4130//4899 1788//4892 
f 1791//4897 4131//4900 4129//4898 
f 4130//4899 4132//4901 1788//4892 
f 1791//4897 4133//4902 4131//4900 
f 1791//4897 4134//4903 4133//4902 
f 1791//4897 4135//4904 4136//4905 
f 1791//4897 4137//4906 4135//4904 
f 1791//4897 4138//4907 4137//4906 
f 4136//4905 4134//4903 1791//4897 
f 4110//4877 4139//4907 4138//4907 
f 4138//4907 1791//4897 4110//4877 
f 4132//4901 4125//4893 1788//4892 
f 4124//4891 4109//4869 1788//4892 
f 1783//4908 4140//4908 4141//4909 
f 4141//4909 1791//4897 1783//4908 
f 1783//4908 1782//4910 4142//4911 
f 1782//4910 4143//4910 4142//4911 
f 1784//4912 4144//4912 4145//4913 
f 4145//4913 1782//4910 1784//4912 
f 1946//4914 1992//4914 1980//4915 
f 1945//4916 2036//4916 1992//4914 
f 1944//4917 2037//4917 2036//4916 
f 1948//4918 2035//4918 2037//4917 
f 2024//4847 2512//4919 2513//4920 
f 2514//4921 2656//4922 2398//4923 
f 2398//4923 2515//4924 2514//4921 
f 2398//4923 2352//4923 2516//4925 
f 2516//4925 2515//4924 2398//4923 
f 2512//4919 2659//4926 2658//4927 
f 2512//4919 2661//4928 2660//4929 
f 2660//4929 2659//4926 2512//4919 
f 2512//4919 2664//4930 2662//4931 
f 2512//4919 2663//4932 2664//4930 
f 2662//4931 2661//4928 2512//4919 
f 2024//4847 2667//4933 2663//4932 
f 2663//4932 2512//4919 2024//4847 
f 2024//4847 2671//4934 2670//4935 
f 2670//4935 2669//4936 2024//4847 
f 2669//4936 2668//4937 2024//4847 
f 2668//4937 2666//4938 2024//4847 
f 2666//4938 2665//4939 2024//4847 
f 2665//4939 2667//4933 2024//4847 
f 2658//4927 2657//4940 2512//4919 
f 2024//4847 2672//4941 2671//4934 
f 2672//4941 2024//4847 1950//4942 
f 1950//4942 2424//4942 2672//4941 
f 2657//4940 2656//4922 2512//4919 
f 2514//4921 2512//4919 2656//4922 
f 2035//4918 1948//4918 1950//4942 
f 1950//4942 2024//4847 2035//4918 
f 1817//4943 1816//4944 3129//4944 
f 3129//4944 3131//4945 1817//4943 
f 3131//4945 3136//4946 1817//4943 
f 4108//4831 4146//4947 1817//4943 
f 1817//4943 3137//4845 4108//4831 
f 4146//4947 1823//4948 1817//4943 
f 1816//4944 3125//4949 3127//4950 
f 1816//4944 3123//4951 3125//4949 
f 1818//4952 3124//4952 3123//4951 
f 3123//4951 1816//4944 1818//4952 
f 1818//4952 2980//4953 2977//4954 
f 2977//4954 2976//4955 1818//4952 
f 1818//4952 2978//4956 2979//4957 
f 1818//4952 2755//4958 2819//4959 
f 2819//4959 2978//4956 1818//4952 
f 2979//4957 2980//4953 1818//4952 
f 1818//4952 2758//4960 2755//4958 
f 1818//4952 2759//4961 2758//4960 
f 2976//4955 3130//4962 1818//4952 
f 3130//4962 3128//4963 1818//4952 
f 3128//4963 3126//4964 1818//4952 
f 1818//4952 2760//4965 2759//4961 
f 1818//4952 1812//4966 2761//4967 
f 2761//4967 2762//4968 1818//4952 
f 2762//4968 2760//4965 1818//4952 
f 1812//4966 2764//4969 2763//4970 
f 1812//4966 2766//4971 2765//4972 
f 1812//4966 2769//4973 2768//4974 
f 1815//4975 2771//4976 2769//4973 
f 1815//4975 2770//4977 2771//4976 
f 1815//4975 2773//4978 2772//4979 
f 2772//4979 2770//4977 1815//4975 
f 2769//4973 1812//4966 1815//4975 
f 2768//4974 2767//4980 1812//4966 
f 2767//4980 2766//4971 1812//4966 
f 1815//4975 2774//4981 2775//4982 
f 1815//4975 2778//4983 2777//4984 
f 2777//4984 2774//4981 1815//4975 
f 2775//4982 2773//4978 1815//4975 
f 2765//4972 2764//4969 1812//4966 
f 1815//4975 2776//4985 2778//4983 
f 4147//4986 3138//4987 1814//4988 
f 1814//4988 1821//4988 4148//4989 
f 1989//4990 3142//4991 3141//4991 
f 3141//4991 4147//4986 1989//4990 
f 1989//4990 3145//4992 3142//4991 
f 3141//4991 3138//4987 4147//4986 
f 1989//4990 3153//4993 3155//4994 
f 1989//4990 3154//4995 3153//4993 
f 1989//4990 2001//4826 3148//4996 
f 3148//4996 3154//4995 1989//4990 
f 3155//4994 3146//4997 1989//4990 
f 3146//4997 3145//4992 1989//4990 
f 1814//4988 2780//4998 2776//4985 
f 1814//4988 2779//4999 2780//4998 
f 1814//4988 2782//5000 2781//5001 
f 2781//5001 2779//4999 1814//4988 
f 1814//4988 2784//5002 2783//5003 
f 2783//5003 2782//5000 1814//4988 
f 3134//5004 2818//5005 2785//5006 
f 3134//5004 2786//5007 2818//5005 
f 2785//5006 1814//4988 3134//5004 
f 2785//5006 2784//5002 1814//4988 
f 3134//5004 2789//5008 2788//5009 
f 2788//5009 2787//5010 3134//5004 
f 3134//5004 2791//5011 2790//5012 
f 3134//5004 2793//5013 2792//5014 
f 2792//5014 2791//5011 3134//5004 
f 2796//5015 3027//5016 3024//5017 
f 3024//5017 3023//5018 2796//5015 
f 2796//5015 3026//5019 3025//5020 
f 3025//5020 3027//5016 2796//5015 
f 2796//5015 3132//5021 3026//5019 
f 2796//5015 3133//5022 3132//5021 
f 2793//5013 3134//5004 3133//5022 
f 3133//5022 2796//5015 2793//5013 
f 3023//5018 2797//5023 2796//5015 
f 2790//5012 2789//5008 3134//5004 
f 2787//5010 2786//5007 3134//5004 
f 1814//4988 3138//4987 3134//5004 
f 2776//4985 1815//4975 1814//4988 
f 1980//4915 1983//5024 1673//5025 
f 1664//5025 3603//5026 3601//5027 
f 1664//5025 3604//5028 3603//5026 
f 1664//5025 1673//5025 3173//5029 
f 3173//5029 3169//5029 1664//5025 
f 1673//5025 3334//5030 3173//5029 
f 3169//5029 3604//5028 1664//5025 
f 1673//5025 1983//5024 3336//5031 
f 3336//5031 3334//5030 1673//5025 
f 3601//5027 4149//5032 1664//5025 
f 4144//4912 1784//4912 1664//5025 
f 1664//5025 4149//5032 4144//4912 
f 4150//5033 3592//5034 3590//5035 
f 4150//5033 3594//5036 3592//5034 
f 4150//5033 3596//5037 3594//5036 
f 4150//5033 3600//5038 3598//5039 
f 3598//5039 3596//5037 4150//5033 
f 4149//5032 3601//5027 3600//5038 
f 3600//5038 4151//5040 4149//5032 
f 3600//5038 4150//5033 4151//5040 
f 4152//5041 3979//5042 3980//5043 
f 4152//5041 3981//5044 3982//5045 
f 3983//5046 3851//5047 3850//5048 
f 3850//5048 3860//5049 3983//5046 
f 3981//5044 4152//5041 3853//5050 
f 4152//5041 3854//5051 3853//5050 
f 3853//5050 3852//5052 3981//5044 
f 3852//5052 3851//5047 3981//5044 
f 4152//5041 3855//5053 3854//5051 
f 3983//5046 3981//5044 3851//5047 
f 3982//5045 3979//5042 4152//5041 
f 4152//5041 4150//5033 3858//5054 
f 4150//5033 3737//5055 3736//5056 
f 3736//5056 3858//5054 4150//5033 
f 3858//5054 3857//5057 4152//5041 
f 3857//5057 3856//5058 4152//5041 
f 3856//5058 3855//5053 4152//5041 
f 2002//5059 3315//5060 3319//5061 
f 2002//5059 3312//5062 3315//5060 
f 2002//5059 3309//5063 3312//5062 
f 2002//5059 3301//5064 3306//5065 
f 2002//5059 3302//5066 3301//5064 
f 2002//5059 3298//5067 3297//5068 
f 3297//5068 3302//5066 2002//5059 
f 3262//5069 3286//5070 3290//5070 
f 3290//5070 2002//5059 3262//5069 
f 2002//5059 3282//5071 3262//5069 
f 3290//5070 3298//5067 2002//5059 
f 2002//5059 3263//5072 3283//5073 
f 2002//5059 3264//5074 3263//5072 
f 2002//5059 3265//5075 3264//5074 
f 2002//5059 3267//5076 3266//5077 
f 3266//5077 3265//5075 2002//5059 
f 2002//5059 3944//5078 3271//5079 
f 3271//5079 3268//5080 2002//5059 
f 3268//5080 3267//5076 2002//5059 
f 3944//5078 3277//5081 3280//5082 
f 3280//5082 3275//5083 3944//5078 
f 3275//5083 3274//5084 3944//5078 
f 3274//5084 3273//5085 3944//5078 
f 3273//5085 3272//5086 3944//5078 
f 3272//5086 3270//5087 3944//5078 
f 3270//5087 3269//5088 3944//5078 
f 3269//5088 3271//5079 3944//5078 
f 3283//5073 3282//5071 2002//5059 
f 3944//5078 3943//5089 3285//5090 
f 3285//5090 3278//5091 3944//5078 
f 3943//5089 3942//5092 3285//5090 
f 3942//5092 3870//5093 3285//5090 
f 3278//5091 3277//5081 3944//5078 
f 3306//5065 3305//5094 2002//5059 
f 2002//5059 3947//5095 3948//5096 
f 3948//5096 3945//5097 2002//5059 
f 3945//5097 3944//5078 2002//5059 
f 3305//5094 3309//5063 2002//5059 
f 1984//5098 3321//5099 3323//5100 
f 1984//5098 3318//5101 3321//5099 
f 3323//5100 1983//5024 1984//5098 
f 1984//5098 3319//5061 3318//5101 
f 3323//5100 3347//5102 1983//5024 
f 3347//5102 3345//5103 1983//5024 
f 3345//5103 3343//5104 1983//5024 
f 3343//5104 3341//5105 1983//5024 
f 3341//5105 3339//5106 1983//5024 
f 3339//5106 3337//5107 1983//5024 
f 2010//5108 2029//5109 181//5110 
f 2029//5109 180//5109 179//5111 
f 179//5111 181//5110 2029//5109 
f 181//5110 177//5112 2010//5108 
f 1995//5113 182//5114 183//5115 
f 1995//5113 2010//5108 178//5116 
f 178//5116 182//5114 1995//5113 
f 2010//5108 176//5117 178//5116 
f 1996//5118 1995//5113 184//5119 
f 184//5119 170//5120 1996//5118 
f 170//5120 169//5121 1996//5118 
f 189//5122 3950//5123 3949//5124 
f 3949//5124 3946//5125 189//5122 
f 189//5122 3951//5126 3934//5127 
f 189//5122 192//5128 3952//5129 
f 3952//5129 3951//5126 189//5122 
f 3934//5127 3950//5123 189//5122 
f 3947//5095 2002//5059 162//5130 
f 162//5130 163//5130 3947//5095 
f 2002//5059 174//5131 162//5130 
f 163//5130 186//5132 3947//5095 
f 2002//5059 164//5133 174//5131 
f 2002//5059 1996//5118 172//5134 
f 172//5134 164//5133 2002//5059 
f 186//5132 189//5122 3947//5095 
f 192//5128 3954//5135 3953//5136 
f 192//5128 3955//5137 3954//5135 
f 3953//5136 3952//5129 192//5128 
f 192//5128 3957//5138 3958//5139 
f 3958//5139 3956//5140 192//5128 
f 192//5128 3959//5141 3960//5142 
f 3960//5142 3957//5138 192//5128 
f 192//5128 3961//5143 3962//5144 
f 3962//5144 3959//5141 192//5128 
f 4153//5145 3964//5146 3963//5147 
f 3963//5147 192//5128 4153//5145 
f 4153//5145 3966//5148 3965//5149 
f 3965//5149 3964//5146 4153//5145 
f 4153//5145 3968//5150 3969//5151 
f 3969//5151 3967//5152 4153//5145 
f 4153//5145 3971//5153 3970//5154 
f 4153//5145 3974//5155 3973//5156 
f 3973//5156 3971//5153 4153//5145 
f 4153//5145 3975//5157 3910//5158 
f 3910//5158 3972//5159 4153//5145 
f 3972//5159 3974//5155 4153//5145 
f 3970//5154 3968//5150 4153//5145 
f 4153//5145 3977//5160 3976//5161 
f 4152//5041 3978//5162 3977//5160 
f 3977//5160 4153//5145 4152//5041 
f 3976//5161 3975//5157 4153//5145 
f 3967//5152 3966//5148 4153//5145 
f 3963//5147 3961//5143 192//5128 
f 3956//5140 3955//5137 192//5128 
f 4154//5163 194//5164 219//5165 
f 219//5165 4155//5166 4154//5163 
f 219//5165 4156//5165 4155//5166 
f 4153//5145 191//5167 194//5164 
f 4153//5145 192//5128 191//5167 
f 4156//5165 212//5168 210//5169 
f 4156//5165 219//5165 217//5170 
f 217//5170 216//5171 4156//5165 
f 216//5171 212//5168 4156//5165 
f 4157//5172 4158//5173 4159//5174 
f 4159//5174 4160//5175 4161//5176 
f 4159//5174 4161//5176 4157//5172 
f 4162//5177 4163//5178 4160//5175 
f 4160//5175 4159//5174 4162//5177 
f 4157//5172 4164//5179 4158//5173 
f 4162//5177 4165//5180 4163//5178 
f 4164//5179 4166//5181 4158//5173 
f 4162//5177 4167//5182 4168//5183 
f 4168//5183 4165//5180 4162//5177 
f 4167//5182 4169//5184 4168//5183 
f 4167//5182 4170//5185 4171//5186 
f 4167//5182 4172//5187 4170//5185 
f 4167//5182 4173//5188 4172//5187 
f 4167//5182 4174//5189 4173//5188 
f 210//5169 4175//5188 4174//5189 
f 210//5169 4176//5190 4177//5191 
f 4177//5191 4178//5192 210//5169 
f 4178//5192 4179//5193 210//5169 
f 4179//5193 4175//5188 210//5169 
f 4174//5189 4167//5182 210//5169 
f 210//5169 209//5194 4180//5195 
f 213//5196 4181//5197 4180//5195 
f 4182//5198 215//5199 220//5200 
f 4182//5198 4181//5197 213//5196 
f 213//5196 215//5199 4182//5198 
f 4182//5198 505//5201 504//5202 
f 4182//5198 508//5203 507//5204 
f 4182//5198 259//5205 261//5206 
f 4182//5198 263//5207 259//5205 
f 4182//5198 262//5208 263//5207 
f 261//5206 509//5209 4182//5198 
f 509//5209 508//5203 4182//5198 
f 507//5204 505//5201 4182//5198 
f 504//5202 4183//5210 4184//5211 
f 504//5202 4185//5212 4183//5210 
f 4184//5211 4186//5213 504//5202 
f 504//5202 4158//5173 4187//5214 
f 4187//5214 4185//5212 504//5202 
f 4158//5173 4188//5214 4187//5214 
f 504//5202 4186//5213 4182//5198 
f 220//5200 262//5208 4182//5198 
f 4180//5195 209//5194 213//5196 
f 4180//5195 4189//5215 210//5169 
f 4189//5215 4176//5190 210//5169 
f 4171//5186 4169//5184 4167//5182 
f 4190//5216 490//5217 491//5218 
f 4190//5216 493//5219 492//5220 
f 492//5220 490//5217 4190//5216 
f 491//5218 488//5221 4190//5216 
f 4190//5216 494//5222 495//5223 
f 4190//5216 4158//5173 497//5224 
f 4158//5173 496//5225 497//5224 
f 497//5224 494//5222 4190//5216 
f 495//5223 493//5219 4190//5216 
f 4158//5173 498//5226 499//5227 
f 499//5227 496//5225 4158//5173 
f 4158//5173 501//5228 500//5229 
f 500//5229 498//5226 4158//5173 
f 4158//5173 502//5230 503//5231 
f 503//5231 501//5228 4158//5173 
f 4158//5173 504//5202 506//5232 
f 506//5232 502//5230 4158//5173 
f 470//5233 313//5234 206//5235 
f 470//5233 317//5236 314//5237 
f 470//5233 316//5238 315//5239 
f 315//5239 317//5236 470//5233 
f 314//5237 313//5234 470//5233 
f 205//5240 471//5241 470//5233 
f 206//5235 205//5240 470//5233 
f 472//5242 471//5241 203//5243 
f 188//5244 473//5245 474//5246 
f 474//5246 472//5242 188//5244 
f 203//5243 188//5244 472//5242 
f 188//5244 475//5247 476//5248 
f 476//5248 473//5245 188//5244 
f 2005//4764 166//5249 165//5250 
f 2005//4764 175//5251 168//5252 
f 168//5252 167//5253 2005//4764 
f 167//5253 166//5249 2005//4764 
f 2005//4764 173//5254 175//5251 
f 2005//4764 4104//4764 161//5255 
f 161//5255 160//5255 2005//4764 
f 4104//4764 187//5256 161//5255 
f 160//5255 173//5254 2005//4764 
f 188//5244 4104//4764 477//5257 
f 477//5257 478//5258 188//5244 
f 478//5258 475//5247 188//5244 
f 4104//4764 479//5259 480//5260 
f 480//5260 477//5257 4104//4764 
f 4104//4764 481//5261 482//5262 
f 4104//4764 484//5263 481//5261 
f 4104//4764 485//5264 486//5265 
f 486//5265 483//5266 4104//4764 
f 4191//5267 4190//5216 487//5268 
f 489//5269 4104//4764 4191//5267 
f 487//5268 489//5269 4191//5267 
f 489//5269 485//5264 4104//4764 
f 483//5266 484//5263 4104//4764 
f 482//5262 479//5259 4104//4764 
f 188//5244 187//5256 4104//4764 
f 165//5250 2006//5270 2005//4764 
f 2006//5270 185//5271 180//5109 
f 2006//5270 165//5250 171//5272 
f 171//5272 185//5271 2006//5270 
f 1967//5273 1420//5274 1419//5275 
f 1967//5273 1421//5276 1420//5274 
f 1422//5277 1421//5276 1967//5273 
f 1967//5273 1966//5278 1422//5277 
f 1966//5278 1423//5279 1422//5277 
f 1966//5278 1424//5280 1423//5279 
f 1966//5278 1425//5281 1424//5280 
f 1966//5278 1426//5282 1425//5281 
f 1966//5278 4192//5283 1135//5284 
f 4192//5283 1136//5285 1135//5284 
f 1135//5284 1427//5284 1966//5278 
f 4193//5286 1134//5287 1148//5288 
f 1133//4778 1134//5287 4193//5286 
f 4193//5286 4106//4778 1133//4778 
f 1148//5288 4192//5283 4193//5286 
f 1148//5288 1146//5289 4192//5283 
f 1146//5289 1144//5290 4192//5283 
f 1144//5290 1142//5291 4192//5283 
f 1142//5291 1140//5292 4192//5283 
f 1140//5292 1138//5293 4192//5283 
f 1138//5293 1136//5285 4192//5283 
f 1427//5284 1426//5282 1966//5278 
f 2032//4806 1977//5294 1967//5273 
f 1967//5273 1430//4806 2032//4806 
f 4194//5295 4192//5283 1667//5296 
f 1966//5278 1668//5296 1667//5296 
f 1667//5296 4192//5283 1966//5278 
f 1962//5297 1952//5297 1668//5296 
f 1668//5296 1966//5278 1962//5297 
f 1792//5298 4195//5299 4196//5300 
f 4196//5300 1795//5301 1792//5298 
f 1792//5298 4197//5302 4195//5299 
f 4197//5302 1792//5298 1787//5303 
f 1989//4990 2639//5304 2638//5305 
f 1989//4990 2641//5306 2640//5307 
f 1989//4990 2642//5308 2641//5306 
f 1989//4990 2643//5309 2642//5308 
f 1989//4990 2646//5310 2644//5311 
f 1989//4990 2645//5312 2646//5310 
f 2644//5311 2643//5309 1989//4990 
f 4147//4986 2649//5313 2645//5312 
f 2645//5312 1989//4990 4147//4986 
f 4147//4986 2653//5314 2652//5315 
f 2652//5315 2651//5316 4147//4986 
f 2651//5316 2650//5317 4147//4986 
f 2650//5317 2648//5318 4147//4986 
f 2648//5318 2647//5319 4147//4986 
f 2647//5319 2649//5313 4147//4986 
f 4147//4986 4198//5320 2654//5320 
f 2654//5320 2653//5314 4147//4986 
f 2640//5307 2639//5304 1989//4990 
f 1988//5321 1999//5320 1955//5322 
f 2638//5305 2637//5323 1955//5322 
f 1955//5322 1999//5320 2638//5305 
f 2637//5323 2420//5322 1955//5322 
f 1958//5324 1961//5324 1969//5325 
f 1988//5321 1954//5326 1968//5327 
f 1956//5328 1969//5325 1968//5327 
f 1968//5327 1954//5326 1956//5328 
f 2655//5329 4198//5320 1794//5330 
f 1794//5330 2418//5330 2655//5329 
f 1794//5330 4199//5331 4200//5332 
f 1794//5330 4201//5333 4199//5331 
f 1794//5330 4202//5334 4201//5333 
f 4200//5332 1786//5335 1794//5330 
f 1794//5330 4203//5336 4202//5334 
f 1794//5330 4198//5320 4204//5337 
f 4204//5337 4203//5336 1794//5330 
f 4198//5320 4205//5337 4204//5337 
f 4198//5320 4206//5338 4207//5339 
f 4206//5338 4208//5340 4207//5339 
f 4207//5339 4209//5341 4198//5320 
f 4206//5338 4210//5342 4211//5343 
f 4211//5343 4208//5340 4206//5338 
f 4209//5341 4212//5344 4198//5320 
f 4212//5344 4213//5345 4198//5320 
f 4213//5345 4205//5337 4198//5320 
f 4200//5332 4214//5346 1786//5335 
f 4215//5347 4216//5348 4217//5349 
f 4218//5350 4219//5351 4215//5347 
f 4215//5347 4220//5352 4218//5350 
f 4219//5351 4216//5348 4215//5347 
f 4220//5352 4221//5353 4218//5350 
f 4217//5349 4210//5342 4215//5347 
f 4220//5352 4222//5354 4221//5353 
f 4217//5349 4223//5355 4210//5342 
f 4220//5352 4224//5356 4222//5354 
f 1787//5303 4225//5357 4224//5356 
f 1787//5303 4226//5358 4227//5359 
f 1787//5303 1786//5335 4228//5360 
f 4228//5360 4226//5358 1787//5303 
f 4227//5359 4229//5361 1787//5303 
f 1786//5335 4230//5362 4228//5360 
f 4229//5361 4231//5363 1787//5303 
f 4231//5363 4225//5357 1787//5303 
f 1786//5335 4232//5364 4230//5362 
f 4224//5356 4220//5352 1787//5303 
f 1786//5335 4214//5346 4232//5364 
f 4223//5355 4233//5364 4210//5342 
f 4233//5364 4211//5343 4210//5342 
f 2655//5329 2654//5320 4198//5320 
f 1968//5327 1975//5365 1988//5321 
f 1969//5325 1956//5328 1958//5324 
f 1955//5322 1954//5326 1988//5321 
f 2638//5305 1999//5320 1989//4990 
f 1787//5303 4220//5352 4197//5302 
f 4196//5300 4194//5295 1795//5301 
f 1667//5296 1795//5301 4194//5295 
f 1419//5275 1430//4806 1967//5273 
f 180//5109 2029//5109 2006//5270 
f 205//5240 203//5243 471//5241 
f 488//5221 487//5268 4190//5216 
f 4166//5181 4188//5214 4158//5173 
f 210//5169 4167//5182 4156//5165 
f 4154//5163 4153//5145 194//5164 
f 3946//5125 3947//5095 189//5122 
f 169//5121 172//5134 1996//5118 
f 183//5115 184//5119 1995//5113 
f 177//5112 176//5117 2010//5108 
f 3337//5107 3336//5031 1983//5024 
f 3319//5061 1984//5098 2002//5059 
f 3980//5043 3978//5162 4152//5041 
f 3590//5035 3737//5055 4150//5033 
f 1673//5025 1957//5366 1980//4915 
f 1814//4988 4148//4989 4147//4986 
f 2763//4970 2761//4967 1812//4966 
f 3126//4964 3124//4952 1818//4952 
f 3127//4950 3129//4944 1816//4944 
f 3136//4946 3137//4845 1817//4943 
f 2513//4920 2511//4849 2024//4847 
f 2037//4917 1944//4917 1948//4918 
f 2036//4916 1945//4916 1944//4917 
f 1992//4914 1946//4914 1945//4916 
f 1980//4915 1957//5366 1946//4914 
f 4145//4913 4143//4910 1782//4910 
f 4142//4911 4140//4908 1783//4908 
f 4141//4909 4110//4877 1791//4897 
f 4114//4881 4139//4907 4110//4877 
f 1789//4870 1788//4892 4109//4869 
f 2484//4832 2483//4875 4107//4830 
f 3151//4828 3148//4996 2001//4826 
f 3157//4823 3163//4829 2017//4821 
f 3162//4818 3156//4825 2018//4820 
f 3165//4813 2022//4816 2025//4811 
f 1243//4792 1242//4772 1526//4795 
f 1045//4777 1133//4778 4105//4776 
f 1276//4758 1221//4790 4103//4756 
o mesh157
f 4234//5367 4235//5368 4124//5368 
f 4236//5369 4234//5367 4125//5370 
f 4237//5371 4236//5369 4132//5372 
f 4238//5373 4237//5371 4130//5374 
f 4239//5375 4238//5373 4127//5376 
f 4240//5377 4239//5375 4126//5378 
f 4241//5379 4240//5377 4128//5380 
f 4241//5379 4129//5379 4131//5381 
f 4242//5381 4131//5381 4133//5382 
f 4243//5382 4133//5382 4134//5383 
f 4244//5383 4134//5383 4136//5384 
f 4245//5384 4136//5384 4135//5385 
f 4246//5385 4135//5385 4137//5386 
f 4247//5386 4137//5386 4138//5387 
f 4248//5388 4249//5387 4138//5387 
f 4250//5389 4248//5388 4139//5388 
f 4251//5390 4250//5389 4114//5389 
f 4252//5391 4251//5390 4113//5390 
f 4253//5392 4252//5391 4112//5391 
f 4254//5393 4253//5392 4111//5392 
f 4255//5394 4254//5393 4123//5393 
f 4256//5395 4255//5394 4122//5394 
f 4256//5395 4116//5395 4115//5396 
f 4257//5396 4115//5396 4119//5397 
f 4258//5397 4119//5397 4118//5398 
f 4259//5398 4118//5398 4117//5399 
f 4260//5399 4117//5399 4120//5400 
f 4261//5400 4120//5400 4121//5401 
f 4262//5401 4121//5401 4124//5368 
f 4124//5368 4235//5368 4262//5401 
f 4121//5401 4262//5401 4261//5400 
f 4120//5400 4261//5400 4260//5399 
f 4117//5399 4260//5399 4259//5398 
f 4118//5398 4259//5398 4258//5397 
f 4119//5397 4258//5397 4257//5396 
f 4115//5396 4257//5396 4256//5395 
f 4122//5394 4116//5395 4256//5395 
f 4123//5393 4122//5394 4255//5394 
f 4111//5392 4123//5393 4254//5393 
f 4112//5391 4111//5392 4253//5392 
f 4113//5390 4112//5391 4252//5391 
f 4114//5389 4113//5390 4251//5390 
f 4139//5388 4114//5389 4250//5389 
f 4138//5387 4139//5388 4248//5388 
f 4138//5387 4249//5387 4247//5386 
f 4137//5386 4247//5386 4246//5385 
f 4135//5385 4246//5385 4245//5384 
f 4136//5384 4245//5384 4244//5383 
f 4134//5383 4244//5383 4243//5382 
f 4133//5382 4243//5382 4242//5381 
f 4131//5381 4242//5381 4241//5379 
f 4128//5380 4129//5379 4241//5379 
f 4126//5378 4128//5380 4240//5377 
f 4127//5376 4126//5378 4239//5375 
f 4130//5374 4127//5376 4238//5373 
f 4132//5372 4130//5374 4237//5371 
f 4125//5370 4132//5372 4236//5369 
f 4124//5368 4125//5370 4234//5367 
o mesh158
f 4263//5402 4264//5403 4174//5403 
f 4265//5404 4263//5402 4175//5405 
f 4266//5406 4265//5404 4179//5407 
f 4267//5408 4266//5406 4178//5409 
f 4268//5410 4267//5408 4177//5411 
f 4269//5412 4268//5410 4176//5413 
f 4270//5414 4269//5412 4189//5415 
f 4181//5416 4271//5416 4272//5417 
f 4272//5417 4180//5418 4181//5416 
f 4271//5416 4181//5416 4182//5419 
f 4273//5419 4182//5419 4186//5420 
f 4274//5420 4186//5420 4184//5421 
f 4275//5421 4184//5421 4183//5422 
f 4276//5422 4183//5422 4185//5423 
f 4277//5423 4185//5423 4187//5424 
f 4278//5425 4279//5424 4187//5424 
f 4280//5426 4278//5425 4188//5425 
f 4281//5427 4280//5426 4166//5426 
f 4282//5428 4281//5427 4164//5427 
f 4283//5429 4282//5428 4157//5428 
f 4284//5430 4283//5429 4161//5429 
f 4285//5431 4284//5430 4160//5430 
f 4286//5432 4285//5431 4163//5431 
f 4286//5432 4165//5432 4168//5433 
f 4287//5433 4168//5433 4169//5434 
f 4288//5434 4169//5434 4171//5435 
f 4289//5435 4171//5435 4170//5436 
f 4290//5436 4170//5436 4172//5437 
f 4291//5437 4172//5437 4173//5438 
f 4292//5438 4173//5438 4174//5403 
f 4174//5403 4264//5403 4292//5438 
f 4173//5438 4292//5438 4291//5437 
f 4172//5437 4291//5437 4290//5436 
f 4170//5436 4290//5436 4289//5435 
f 4171//5435 4289//5435 4288//5434 
f 4169//5434 4288//5434 4287//5433 
f 4168//5433 4287//5433 4286//5432 
f 4163//5431 4165//5432 4286//5432 
f 4160//5430 4163//5431 4285//5431 
f 4161//5429 4160//5430 4284//5430 
f 4157//5428 4161//5429 4283//5429 
f 4164//5427 4157//5428 4282//5428 
f 4166//5426 4164//5427 4281//5427 
f 4188//5425 4166//5426 4280//5426 
f 4187//5424 4188//5425 4278//5425 
f 4187//5424 4279//5424 4277//5423 
f 4185//5423 4277//5423 4276//5422 
f 4183//5422 4276//5422 4275//5421 
f 4184//5421 4275//5421 4274//5420 
f 4186//5420 4274//5420 4273//5419 
f 4182//5419 4273//5419 4271//5416 
f 4272//5417 4270//5414 4180//5418 
f 4189//5415 4180//5418 4270//5414 
f 4176//5413 4189//5415 4269//5412 
f 4177//5411 4176//5413 4268//5410 
f 4178//5409 4177//5411 4267//5408 
f 4179//5407 4178//5409 4266//5406 
f 4175//5405 4179//5407 4265//5404 
f 4174//5403 4175//5405 4263//5402 
o mesh159
f 4293//5439 4294//5440 4224//5440 
f 4295//5441 4293//5439 4225//5442 
f 4296//5443 4295//5441 4231//5444 
f 4297//5445 4296//5443 4229//5446 
f 4298//5447 4297//5445 4227//5448 
f 4299//5449 4298//5447 4226//5450 
f 4300//5451 4299//5449 4228//5452 
f 4300//5451 4230//5451 4232//5453 
f 4301//5453 4232//5453 4214//5454 
f 4214//5454 4302//5455 4301//5453 
f 4302//5455 4200//5455 4199//5456 
f 4303//5456 4199//5456 4201//5457 
f 4304//5457 4201//5457 4202//5458 
f 4305//5458 4202//5458 4203//5459 
f 4306//5459 4203//5459 4204//5460 
f 4307//5461 4308//5460 4204//5460 
f 4309//5462 4307//5461 4205//5461 
f 4310//5463 4309//5462 4213//5462 
f 4311//5464 4310//5463 4212//5463 
f 4312//5465 4311//5464 4209//5464 
f 4313//5466 4312//5465 4207//5465 
f 4313//5466 4208//5466 4211//5467 
f 4211//5467 4314//5468 4313//5466 
f 4315//5469 4314//5468 4233//5468 
f 4315//5469 4223//5469 4217//5470 
f 4316//5470 4217//5470 4216//5471 
f 4317//5471 4216//5471 4219//5472 
f 4318//5472 4219//5472 4218//5473 
f 4319//5473 4218//5473 4221//5474 
f 4320//5474 4221//5474 4222//5475 
f 4321//5475 4222//5475 4224//5440 
f 4224//5440 4294//5440 4321//5475 
f 4222//5475 4321//5475 4320//5474 
f 4221//5474 4320//5474 4319//5473 
f 4218//5473 4319//5473 4318//5472 
f 4219//5472 4318//5472 4317//5471 
f 4216//5471 4317//5471 4316//5470 
f 4217//5470 4316//5470 4315//5469 
f 4233//5468 4223//5469 4315//5469 
f 4211//5467 4233//5468 4314//5468 
f 4207//5465 4208//5466 4313//5466 
f 4209//5464 4207//5465 4312//5465 
f 4212//5463 4209//5464 4311//5464 
f 4213//5462 4212//5463 4310//5463 
f 4205//5461 4213//5462 4309//5462 
f 4204//5460 4205//5461 4307//5461 
f 4204//5460 4308//5460 4306//5459 
f 4203//5459 4306//5459 4305//5458 
f 4202//5458 4305//5458 4304//5457 
f 4201//5457 4304//5457 4303//5456 
f 4199//5456 4303//5456 4302//5455 
f 4214//5454 4200//5455 4302//5455 
f 4232//5453 4301//5453 4300//5451 
f 4228//5452 4230//5451 4300//5451 
f 4226//5450 4228//5452 4299//5449 
f 4227//5448 4226//5450 4298//5447 
f 4229//5446 4227//5448 4297//5445 
f 4231//5444 4229//5446 4296//5443 
f 4225//5442 4231//5444 4295//5441 
f 4224//5440 4225//5442 4293//5439 
o mesh160
f 4322//5476 4248//5476 4250//5476 
f 4323//5476 4250//5476 4251//5476 
f 4322//5476 4249//5476 4248//5476 
f 4322//5476 4324//5476 4247//5476 
f 4324//5476 4325//5476 4246//5476 
f 4325//5476 4326//5476 4245//5476 
f 4327//5476 4261//5476 4262//5476 
f 4327//5476 4328//5476 4258//5476 
f 4328//5476 4256//5476 4257//5476 
f 4251//5476 4252//5476 4323//5476 
f 4247//5476 4249//5476 4322//5476 
f 4245//5476 4246//5476 4325//5476 
f 4326//5476 4329//5476 4244//5476 
f 4330//5476 4331//5476 4240//5476 
f 4331//5476 4332//5476 4239//5476 
f 4333//5476 4334//5476 4236//5476 
f 4334//5476 4335//5476 4234//5476 
f 4327//5476 4260//5476 4261//5476 
f 4257//5476 4258//5476 4328//5476 
f 4323//5476 4254//5476 4255//5476 
f 4250//5476 4323//5476 4322//5476 
f 4244//5476 4245//5476 4326//5476 
f 4239//5476 4240//5476 4331//5476 
f 4332//5476 4336//5476 4238//5476 
f 4336//5476 4333//5476 4237//5476 
f 4234//5476 4236//5476 4334//5476 
f 4262//5476 4335//5476 4327//5476 
f 4258//5476 4259//5476 4327//5476 
f 4323//5476 4253//5476 4254//5476 
f 4246//5476 4247//5476 4324//5476 
f 4329//5476 4337//5476 4243//5476 
f 4337//5476 4338//5476 4242//5476 
f 4238//5476 4239//5476 4332//5476 
f 4236//5476 4237//5476 4333//5476 
f 4259//5476 4260//5476 4327//5476 
f 4252//5476 4253//5476 4323//5476 
f 4242//5476 4243//5476 4337//5476 
f 4237//5476 4238//5476 4336//5476 
f 4328//5476 4255//5476 4256//5476 
f 4243//5476 4244//5476 4329//5476 
f 4338//5476 4330//5476 4241//5476 
f 4335//5476 4235//5476 4234//5476 
f 4255//5476 4328//5476 4323//5476 
f 4240//5476 4241//5476 4330//5476 
f 4241//5476 4242//5476 4338//5476 
f 4262//5476 4235//5476 4335//5476 
o mesh161
f 4324//5477 4322//5478 4339//5478 
f 4325//5479 4324//5477 4340//5480 
f 4326//5481 4325//5479 4341//5482 
f 4329//5483 4326//5481 4342//5484 
f 4337//5485 4329//5483 4343//5486 
f 4338//5487 4337//5485 4344//5488 
f 4330//5489 4338//5487 4345//5490 
f 4331//5491 4330//5489 4346//5492 
f 4332//5493 4331//5491 4347//5494 
f 4336//5495 4332//5493 4348//5496 
f 4333//5497 4336//5495 4349//5498 
f 4334//5499 4333//5497 4350//5500 
f 4335//5501 4334//5499 4351//5502 
f 4351//5502 4352//5501 4335//5501 
f 4350//5500 4351//5502 4334//5499 
f 4349//5498 4350//5500 4333//5497 
f 4348//5496 4349//5498 4336//5495 
f 4347//5494 4348//5496 4332//5493 
f 4346//5492 4347//5494 4331//5491 
f 4345//5490 4346//5492 4330//5489 
f 4344//5488 4345//5490 4338//5487 
f 4343//5486 4344//5488 4337//5485 
f 4342//5484 4343//5486 4329//5483 
f 4341//5482 4342//5484 4326//5481 
f 4340//5480 4341//5482 4325//5479 
f 4339//5478 4340//5480 4324//5477 
o mesh162
f 4327//5503 4335//5503 4352//5503 
f 4352//5503 4353//5503 4327//5503 
o mesh163
f 4354//5504 4339//5504 4322//5504 
f 4322//5504 4323//5504 4354//5504 
o mesh164
f 4351//5505 4355//5505 4356//5505 
f 4350//5505 4357//5505 4355//5505 
f 4353//5505 4352//5505 4358//5505 
f 4352//5505 4356//5505 4359//5505 
f 4355//5505 4351//5505 4350//5505 
f 4349//5505 4360//5505 4357//5505 
f 4361//5505 4362//5505 4363//5505 
f 4364//5505 4365//5505 4361//5505 
f 4359//5505 4358//5505 4352//5505 
f 4357//5505 4350//5505 4349//5505 
f 4347//5505 4366//5505 4367//5505 
f 4346//5505 4368//5505 4366//5505 
f 4341//5505 4369//5505 4370//5505 
f 4340//5505 4371//5505 4369//5505 
f 4361//5505 4372//5505 4373//5505 
f 4361//5505 4365//5505 4362//5505 
f 4353//5505 4374//5505 4364//5505 
f 4356//5505 4352//5505 4351//5505 
f 4348//5505 4367//5505 4360//5505 
f 4366//5505 4347//5505 4346//5505 
f 4342//5505 4370//5505 4375//5505 
f 4369//5505 4341//5505 4340//5505 
f 4339//5505 4376//5505 4371//5505 
f 4354//5505 4377//5505 4378//5505 
f 4363//5505 4372//5505 4361//5505 
f 4358//5505 4374//5505 4353//5505 
f 4367//5505 4348//5505 4347//5505 
f 4345//5505 4379//5505 4368//5505 
f 4344//5505 4380//5505 4379//5505 
f 4343//5505 4375//5505 4380//5505 
f 4370//5505 4342//5505 4341//5505 
f 4339//5505 4381//5505 4376//5505 
f 4339//5505 4354//5505 4382//5505 
f 4354//5505 4383//5505 4377//5505 
f 4361//5505 4353//5505 4364//5505 
f 4368//5505 4346//5505 4345//5505 
f 4380//5505 4344//5505 4343//5505 
f 4371//5505 4340//5505 4339//5505 
f 4378//5505 4382//5505 4354//5505 
f 4354//5505 4373//5505 4384//5505 
f 4360//5505 4349//5505 4348//5505 
f 4375//5505 4343//5505 4342//5505 
f 4384//5505 4383//5505 4354//5505 
f 4379//5505 4345//5505 4344//5505 
f 4373//5505 4354//5505 4361//5505 
f 4382//5505 4381//5505 4339//5505 
o mesh165
f 4385//5506 4386//5507 4359//5507 
f 4387//5508 4385//5506 4356//5509 
f 4388//5510 4387//5508 4355//5511 
f 4389//5512 4388//5510 4357//5513 
f 4390//5514 4389//5512 4360//5515 
f 4391//5516 4390//5514 4367//5517 
f 4392//5518 4391//5516 4366//5519 
f 4393//5520 4392//5518 4368//5521 
f 4394//5522 4393//5520 4379//5523 
f 4395//5524 4394//5522 4380//5525 
f 4396//5526 4395//5524 4375//5527 
f 4397//5528 4396//5526 4370//5529 
f 4398//5530 4397//5528 4369//5531 
f 4399//5532 4398//5530 4371//5533 
f 4400//5534 4399//5532 4376//5535 
f 4401//5536 4400//5534 4381//5537 
f 4402//5538 4401//5536 4382//5539 
f 4403//5540 4402//5538 4378//5541 
f 4404//5542 4403//5540 4377//5543 
f 4405//5544 4404//5542 4383//5545 
f 4406//5546 4405//5544 4384//5547 
f 4407//5548 4406//5546 4373//5549 
f 4408//5550 4407//5548 4372//5551 
f 4409//5552 4408//5550 4363//5553 
f 4410//5554 4409//5552 4362//5555 
f 4411//5556 4410//5554 4365//5557 
f 4412//5558 4411//5556 4364//5559 
f 4413//5560 4412//5558 4374//5561 
f 4386//5507 4413//5560 4358//5560 
f 4358//5560 4359//5507 4386//5507 
f 4374//5561 4358//5560 4413//5560 
f 4364//5559 4374//5561 4412//5558 
f 4365//5557 4364//5559 4411//5556 
f 4362//5555 4365//5557 4410//5554 
f 4363//5553 4362//5555 4409//5552 
f 4372//5551 4363//5553 4408//5550 
f 4373//5549 4372//5551 4407//5548 
f 4384//5547 4373//5549 4406//5546 
f 4383//5545 4384//5547 4405//5544 
f 4377//5543 4383//5545 4404//5542 
f 4378//5541 4377//5543 4403//5540 
f 4382//5539 4378//5541 4402//5538 
f 4381//5537 4382//5539 4401//5536 
f 4376//5535 4381//5537 4400//5534 
f 4371//5533 4376//5535 4399//5532 
f 4369//5531 4371//5533 4398//5530 
f 4370//5529 4369//5531 4397//5528 
f 4375//5527 4370//5529 4396//5526 
f 4380//5525 4375//5527 4395//5524 
f 4379//5523 4380//5525 4394//5522 
f 4368//5521 4379//5523 4393//5520 
f 4366//5519 4368//5521 4392//5518 
f 4367//5517 4366//5519 4391//5516 
f 4360//5515 4367//5517 4390//5514 
f 4357//5513 4360//5515 4389//5512 
f 4355//5511 4357//5513 4388//5510 
f 4356//5509 4355//5511 4387//5508 
f 4359//5507 4356//5509 4385//5506 
o mesh166
f 4414//5562 4402//5562 4403//5562 
f 4414//5562 4401//5562 4402//5562 
f 4415//5562 4400//5562 4401//5562 
f 4415//5562 4416//5562 4397//5562 
f 4417//5562 4396//5562 4397//5562 
f 4418//5562 4395//5562 4396//5562 
f 4401//5562 4414//5562 4415//5562 
f 4397//5562 4398//5562 4415//5562 
f 4396//5562 4417//5562 4418//5562 
f 4419//5562 4420//5562 4413//5562 
f 4420//5562 4407//5562 4408//5562 
f 4415//5562 4399//5562 4400//5562 
f 4397//5562 4416//5562 4417//5562 
f 4421//5562 4391//5562 4392//5562 
f 4422//5562 4390//5562 4391//5562 
f 4423//5562 4419//5562 4387//5562 
f 4420//5562 4412//5562 4413//5562 
f 4420//5562 4410//5562 4411//5562 
f 4408//5562 4409//5562 4420//5562 
f 4414//5562 4406//5562 4407//5562 
f 4414//5562 4404//5562 4405//5562 
f 4398//5562 4399//5562 4415//5562 
f 4424//5562 4394//5562 4395//5562 
f 4425//5562 4393//5562 4394//5562 
f 4391//5562 4421//5562 4422//5562 
f 4426//5562 4389//5562 4390//5562 
f 4388//5562 4427//5562 4423//5562 
f 4419//5562 4386//5562 4385//5562 
f 4411//5562 4412//5562 4420//5562 
f 4407//5562 4420//5562 4414//5562 
f 4403//5562 4404//5562 4414//5562 
f 4394//5562 4424//5562 4425//5562 
f 4428//5562 4392//5562 4393//5562 
f 4390//5562 4422//5562 4426//5562 
f 4427//5562 4388//5562 4389//5562 
f 4385//5562 4387//5562 4419//5562 
f 4409//5562 4410//5562 4420//5562 
f 4395//5562 4418//5562 4424//5562 
f 4392//5562 4428//5562 4421//5562 
f 4387//5562 4388//5562 4423//5562 
f 4405//5562 4406//5562 4414//5562 
f 4389//5562 4426//5562 4427//5562 
f 4393//5562 4425//5562 4428//5562 
f 4413//5562 4386//5562 4419//5562 
o mesh167
f 4429//5563 4430//5563 4431//5563 
f 4431//5563 4419//5563 4429//5563 
f 4431//5563 4420//5563 4419//5563 
o mesh168
f 4415//5564 4432//5564 4433//5564 
f 4433//5564 4434//5564 4415//5564 
f 4415//5564 4414//5564 4432//5564 
f 4433//5564 4435//5564 4434//5564 
o mesh169
f 4436//5565 4437//5565 4265//5565 
f 4437//5565 4438//5565 4263//5565 
f 4439//5565 4291//5565 4292//5565 
f 4263//5565 4265//5565 4437//5565 
f 4439//5565 4290//5565 4291//5565 
f 4282//5565 4283//5565 4440//5565 
f 4441//5565 4278//5565 4280//5565 
f 4442//5565 4270//5565 4272//5565 
f 4442//5565 4443//5565 4269//5565 
f 4438//5565 4264//5565 4263//5565 
f 4292//5565 4438//5565 4439//5565 
f 4444//5565 4281//5565 4282//5565 
f 4441//5565 4279//5565 4278//5565 
f 4441//5565 4445//5565 4277//5565 
f 4446//5565 4447//5565 4275//5565 
f 4447//5565 4448//5565 4274//5565 
f 4269//5565 4270//5565 4442//5565 
f 4443//5565 4449//5565 4268//5565 
f 4450//5565 4436//5565 4266//5565 
f 4292//5565 4264//5565 4438//5565 
f 4451//5565 4440//5565 4284//5565 
f 4444//5565 4280//5565 4281//5565 
f 4277//5565 4279//5565 4441//5565 
f 4445//5565 4446//5565 4276//5565 
f 4274//5565 4275//5565 4447//5565 
f 4268//5565 4269//5565 4443//5565 
f 4449//5565 4450//5565 4267//5565 
f 4265//5565 4266//5565 4436//5565 
f 4451//5565 4287//5565 4288//5565 
f 4284//5565 4285//5565 4451//5565 
f 4280//5565 4444//5565 4441//5565 
f 4275//5565 4276//5565 4446//5565 
f 4452//5565 4453//5565 4271//5565 
f 4267//5565 4268//5565 4449//5565 
f 4439//5565 4289//5565 4290//5565 
f 4451//5565 4286//5565 4287//5565 
f 4440//5565 4283//5565 4284//5565 
f 4276//5565 4277//5565 4445//5565 
f 4448//5565 4452//5565 4273//5565 
f 4453//5565 4272//5565 4271//5565 
f 4266//5565 4267//5565 4450//5565 
f 4288//5565 4439//5565 4451//5565 
f 4440//5565 4444//5565 4282//5565 
f 4271//5565 4273//5565 4452//5565 
f 4288//5565 4289//5565 4439//5565 
f 4273//5565 4274//5565 4448//5565 
f 4285//5565 4286//5565 4451//5565 
f 4272//5565 4453//5565 4442//5565 
o mesh170
f 4445//5566 4441//5567 4454//5567 
f 4446//5568 4445//5566 4455//5569 
f 4447//5570 4446//5568 4456//5571 
f 4448//5572 4447//5570 4457//5573 
f 4452//5574 4448//5572 4458//5575 
f 4453//5576 4452//5574 4459//5577 
f 4442//5578 4453//5576 4460//5579 
f 4443//5580 4442//5578 4461//5581 
f 4449//5582 4443//5580 4462//5583 
f 4450//5584 4449//5582 4463//5585 
f 4436//5586 4450//5584 4464//5587 
f 4437//5588 4436//5586 4465//5589 
f 4438//5590 4437//5588 4466//5591 
f 4466//5591 4467//5590 4438//5590 
f 4465//5589 4466//5591 4437//5588 
f 4464//5587 4465//5589 4436//5586 
f 4463//5585 4464//5587 4450//5584 
f 4462//5583 4463//5585 4449//5582 
f 4461//5581 4462//5583 4443//5580 
f 4460//5579 4461//5581 4442//5578 
f 4459//5577 4460//5579 4453//5576 
f 4458//5575 4459//5577 4452//5574 
f 4457//5573 4458//5575 4448//5572 
f 4456//5571 4457//5573 4447//5570 
f 4455//5569 4456//5571 4446//5568 
f 4454//5567 4455//5569 4445//5566 
o mesh171
f 4468//5592 4454//5592 4441//5592 
f 4441//5592 4444//5592 4468//5592 
o mesh172
f 4439//5593 4438//5593 4467//5593 
f 4467//5593 4469//5593 4439//5593 
o mesh173
f 4469//5594 4467//5594 4470//5594 
f 4461//5594 4460//5594 4471//5594 
f 4470//5594 4472//5594 4469//5594 
f 4461//5594 4473//5594 4474//5594 
f 4460//5594 4475//5594 4471//5594 
f 4467//5594 4476//5594 4470//5594 
f 4466//5594 4477//5594 4478//5594 
f 4465//5594 4479//5594 4477//5594 
f 4471//5594 4473//5594 4461//5594 
f 4459//5594 4480//5594 4475//5594 
f 4467//5594 4478//5594 4476//5594 
f 4477//5594 4466//5594 4465//5594 
f 4462//5594 4474//5594 4481//5594 
f 4475//5594 4460//5594 4459//5594 
f 4454//5594 4482//5594 4483//5594 
f 4484//5594 4468//5594 4485//5594 
f 4478//5594 4467//5594 4466//5594 
f 4463//5594 4481//5594 4486//5594 
f 4474//5594 4462//5594 4461//5594 
f 4457//5594 4487//5594 4488//5594 
f 4456//5594 4489//5594 4487//5594 
f 4454//5594 4490//5594 4482//5594 
f 4454//5594 4468//5594 4491//5594 
f 4485//5594 4492//5594 4484//5594 
f 4493//5594 4469//5594 4494//5594 
f 4472//5594 4495//5594 4469//5594 
f 4464//5594 4486//5594 4479//5594 
f 4481//5594 4463//5594 4462//5594 
f 4458//5594 4488//5594 4480//5594 
f 4487//5594 4457//5594 4456//5594 
f 4455//5594 4483//5594 4489//5594 
f 4491//5594 4490//5594 4454//5594 
f 4484//5594 4496//5594 4468//5594 
f 4493//5594 4497//5594 4498//5594 
f 4494//5594 4499//5594 4493//5594 
f 4479//5594 4465//5594 4464//5594 
f 4480//5594 4459//5594 4458//5594 
f 4489//5594 4456//5594 4455//5594 
f 4496//5594 4491//5594 4468//5594 
f 4493//5594 4500//5594 4497//5594 
f 4469//5594 4501//5594 4494//5594 
f 4486//5594 4464//5594 4463//5594 
f 4483//5594 4455//5594 4454//5594 
f 4498//5594 4485//5594 4493//5594 
f 4495//5594 4501//5594 4469//5594 
f 4498//5594 4492//5594 4485//5594 
f 4488//5594 4458//5594 4457//5594 
f 4499//5594 4500//5594 4493//5594 
o mesh174
f 4502//5595 4503//5596 4476//5596 
f 4504//5597 4502//5595 4478//5598 
f 4505//5599 4504//5597 4477//5600 
f 4506//5601 4505//5599 4479//5602 
f 4507//5603 4506//5601 4486//5604 
f 4508//5605 4507//5603 4481//5606 
f 4509//5607 4508//5605 4474//5608 
f 4510//5609 4509//5607 4471//5610 
f 4509//5607 4473//5611 4471//5610 
f 4511//5612 4510//5609 4475//5613 
f 4512//5614 4511//5612 4480//5615 
f 4513//5616 4512//5614 4488//5617 
f 4514//5618 4513//5616 4487//5619 
f 4515//5620 4514//5618 4489//5621 
f 4516//5622 4515//5620 4483//5623 
f 4517//5624 4516//5622 4482//5625 
f 4518//5626 4517//5624 4490//5627 
f 4519//5628 4518//5626 4491//5629 
f 4520//5630 4519//5628 4496//5631 
f 4521//5632 4520//5630 4484//5633 
f 4522//5634 4521//5632 4492//5635 
f 4523//5636 4522//5634 4498//5637 
f 4524//5638 4523//5636 4497//5639 
f 4525//5640 4524//5638 4500//5641 
f 4526//5642 4525//5640 4499//5643 
f 4527//5644 4526//5642 4494//5645 
f 4528//5646 4527//5644 4501//5647 
f 4529//5648 4528//5646 4495//5649 
f 4530//5650 4529//5648 4472//5651 
f 4503//5596 4530//5650 4470//5650 
f 4470//5650 4476//5596 4503//5596 
f 4472//5651 4470//5650 4530//5650 
f 4495//5649 4472//5651 4529//5648 
f 4501//5647 4495//5649 4528//5646 
f 4494//5645 4501//5647 4527//5644 
f 4499//5643 4494//5645 4526//5642 
f 4500//5641 4499//5643 4525//5640 
f 4497//5639 4500//5641 4524//5638 
f 4498//5637 4497//5639 4523//5636 
f 4492//5635 4498//5637 4522//5634 
f 4484//5633 4492//5635 4521//5632 
f 4496//5631 4484//5633 4520//5630 
f 4491//5629 4496//5631 4519//5628 
f 4490//5627 4491//5629 4518//5626 
f 4482//5625 4490//5627 4517//5624 
f 4483//5623 4482//5625 4516//5622 
f 4489//5621 4483//5623 4515//5620 
f 4487//5619 4489//5621 4514//5618 
f 4488//5617 4487//5619 4513//5616 
f 4480//5615 4488//5617 4512//5614 
f 4475//5613 4480//5615 4511//5612 
f 4471//5610 4475//5613 4510//5609 
f 4474//5608 4473//5611 4509//5607 
f 4481//5606 4474//5608 4508//5605 
f 4486//5604 4481//5606 4507//5603 
f 4479//5602 4486//5604 4506//5601 
f 4477//5600 4479//5602 4505//5599 
f 4478//5598 4477//5600 4504//5597 
f 4476//5596 4478//5598 4502//5595 
o mesh175
f 4531//5652 4517//5652 4518//5652 
f 4532//5652 4519//5652 4520//5652 
f 4531//5652 4516//5652 4517//5652 
f 4533//5652 4513//5652 4514//5652 
f 4534//5652 4512//5652 4513//5652 
f 4535//5652 4536//5652 4504//5652 
f 4537//5652 4532//5652 4522//5652 
f 4532//5652 4518//5652 4519//5652 
f 4531//5652 4515//5652 4516//5652 
f 4531//5652 4538//5652 4514//5652 
f 4513//5652 4533//5652 4534//5652 
f 4505//5652 4539//5652 4535//5652 
f 4522//5652 4523//5652 4537//5652 
f 4518//5652 4532//5652 4531//5652 
f 4514//5652 4538//5652 4533//5652 
f 4540//5652 4510//5652 4511//5652 
f 4541//5652 4509//5652 4510//5652 
f 4542//5652 4508//5652 4509//5652 
f 4543//5652 4507//5652 4508//5652 
f 4536//5652 4502//5652 4504//5652 
f 4536//5652 4544//5652 4530//5652 
f 4544//5652 4528//5652 4529//5652 
f 4544//5652 4537//5652 4525//5652 
f 4532//5652 4521//5652 4522//5652 
f 4514//5652 4515//5652 4531//5652 
f 4545//5652 4511//5652 4512//5652 
f 4510//5652 4540//5652 4541//5652 
f 4508//5652 4542//5652 4543//5652 
f 4546//5652 4506//5652 4507//5652 
f 4539//5652 4505//5652 4506//5652 
f 4536//5652 4503//5652 4502//5652 
f 4529//5652 4530//5652 4544//5652 
f 4537//5652 4524//5652 4525//5652 
f 4520//5652 4521//5652 4532//5652 
f 4511//5652 4545//5652 4540//5652 
f 4507//5652 4543//5652 4546//5652 
f 4504//5652 4505//5652 4535//5652 
f 4544//5652 4527//5652 4528//5652 
f 4525//5652 4526//5652 4544//5652 
f 4512//5652 4534//5652 4545//5652 
f 4506//5652 4546//5652 4539//5652 
f 4526//5652 4527//5652 4544//5652 
f 4509//5652 4541//5652 4542//5652 
f 4523//5652 4524//5652 4537//5652 
f 4530//5652 4503//5652 4536//5652 
o mesh176
f 4547//5653 4548//5653 4531//5653 
f 4531//5653 4532//5653 4547//5653 
o mesh177
f 4544//5654 4536//5654 4549//5654 
f 4549//5654 4550//5654 4544//5654 
o mesh178
f 4551//5655 4307//5655 4309//5655 
f 4552//5655 4310//5655 4311//5655 
f 4551//5655 4308//5655 4307//5655 
f 4551//5655 4553//5655 4306//5655 
f 4554//5655 4555//5655 4304//5655 
f 4555//5655 4556//5655 4303//5655 
f 4557//5655 4320//5655 4321//5655 
f 4558//5655 4315//5655 4316//5655 
f 4552//5655 4309//5655 4310//5655 
f 4306//5655 4308//5655 4551//5655 
f 4553//5655 4554//5655 4305//5655 
f 4303//5655 4304//5655 4555//5655 
f 4321//5655 4559//5655 4557//5655 
f 4557//5655 4318//5655 4319//5655 
f 4316//5655 4557//5655 4558//5655 
f 4558//5655 4552//5655 4312//5655 
f 4309//5655 4552//5655 4551//5655 
f 4304//5655 4305//5655 4554//5655 
f 4560//5655 4561//5655 4299//5655 
f 4561//5655 4562//5655 4298//5655 
f 4319//5655 4320//5655 4557//5655 
f 4316//5655 4317//5655 4557//5655 
f 4312//5655 4313//5655 4558//5655 
f 4305//5655 4306//5655 4553//5655 
f 4556//5655 4563//5655 4302//5655 
f 4563//5655 4564//5655 4301//5655 
f 4298//5655 4299//5655 4561//5655 
f 4562//5655 4565//5655 4297//5655 
f 4565//5655 4566//5655 4296//5655 
f 4566//5655 4567//5655 4295//5655 
f 4567//5655 4559//5655 4293//5655 
f 4317//5655 4318//5655 4557//5655 
f 4311//5655 4312//5655 4552//5655 
f 4301//5655 4302//5655 4563//5655 
f 4564//5655 4560//5655 4300//5655 
f 4297//5655 4298//5655 4562//5655 
f 4295//5655 4296//5655 4566//5655 
f 4559//5655 4294//5655 4293//5655 
f 4558//5655 4314//5655 4315//5655 
f 4302//5655 4303//5655 4556//5655 
f 4299//5655 4300//5655 4560//5655 
f 4293//5655 4295//5655 4567//5655 
f 4313//5655 4314//5655 4558//5655 
f 4296//5655 4297//5655 4565//5655 
f 4300//5655 4301//5655 4564//5655 
f 4321//5655 4294//5655 4559//5655 
o mesh179
f 4568//5656 4569//5657 4559//5657 
f 4570//5658 4568//5656 4567//5659 
f 4571//5660 4570//5658 4566//5661 
f 4572//5662 4571//5660 4565//5663 
f 4573//5664 4572//5662 4562//5665 
f 4574//5666 4573//5664 4561//5667 
f 4575//5668 4574//5666 4560//5669 
f 4576//5670 4575//5668 4564//5671 
f 4577//5672 4576//5670 4563//5673 
f 4578//5674 4577//5672 4556//5675 
f 4579//5676 4578//5674 4555//5677 
f 4580//5678 4579//5676 4554//5679 
f 4581//5680 4580//5678 4553//5681 
f 4553//5681 4551//5680 4581//5680 
f 4554//5679 4553//5681 4580//5678 
f 4555//5677 4554//5679 4579//5676 
f 4556//5675 4555//5677 4578//5674 
f 4563//5673 4556//5675 4577//5672 
f 4564//5671 4563//5673 4576//5670 
f 4560//5669 4564//5671 4575//5668 
f 4561//5667 4560//5669 4574//5666 
f 4562//5665 4561//5667 4573//5664 
f 4565//5663 4562//5665 4572//5662 
f 4566//5661 4565//5663 4571//5660 
f 4567//5659 4566//5661 4570//5658 
f 4559//5657 4567//5659 4568//5656 
o mesh180
f 4582//5682 4581//5682 4551//5682 
f 4551//5682 4552//5682 4582//5682 
o mesh181
f 4557//5683 4559//5683 4569//5683 
f 4569//5683 4583//5683 4557//5683 
o mesh182
f 4570//5684 4584//5684 4585//5684 
f 4571//5684 4586//5684 4584//5684 
f 4583//5684 4569//5684 4587//5684 
f 4568//5684 4585//5684 4588//5684 
f 4584//5684 4570//5684 4571//5684 
f 4583//5684 4589//5684 4590//5684 
f 4587//5684 4591//5684 4583//5684 
f 4569//5684 4588//5684 4592//5684 
f 4585//5684 4568//5684 4570//5684 
f 4583//5684 4593//5684 4589//5684 
f 4591//5684 4594//5684 4583//5684 
f 4588//5684 4569//5684 4568//5684 
f 4573//5684 4595//5684 4596//5684 
f 4574//5684 4597//5684 4595//5684 
f 4583//5684 4598//5684 4593//5684 
f 4592//5684 4587//5684 4569//5684 
f 4572//5684 4596//5684 4586//5684 
f 4595//5684 4573//5684 4574//5684 
f 4581//5684 4582//5684 4599//5684 
f 4582//5684 4600//5684 4601//5684 
f 4600//5684 4582//5684 4602//5684 
f 4594//5684 4598//5684 4583//5684 
f 4596//5684 4572//5684 4573//5684 
f 4581//5684 4603//5684 4604//5684 
f 4599//5684 4605//5684 4581//5684 
f 4602//5684 4606//5684 4600//5684 
f 4586//5684 4571//5684 4572//5684 
f 4575//5684 4607//5684 4597//5684 
f 4578//5684 4608//5684 4609//5684 
f 4579//5684 4610//5684 4608//5684 
f 4580//5684 4604//5684 4610//5684 
f 4581//5684 4611//5684 4603//5684 
f 4601//5684 4599//5684 4582//5684 
f 4602//5684 4612//5684 4613//5684 
f 4597//5684 4574//5684 4575//5684 
f 4576//5684 4614//5684 4607//5684 
f 4577//5684 4609//5684 4614//5684 
f 4608//5684 4578//5684 4579//5684 
f 4604//5684 4580//5684 4581//5684 
f 4613//5684 4606//5684 4602//5684 
f 4590//5684 4602//5684 4583//5684 
f 4614//5684 4576//5684 4577//5684 
f 4610//5684 4579//5684 4580//5684 
f 4590//5684 4612//5684 4602//5684 
f 4609//5684 4577//5684 4578//5684 
f 4607//5684 4575//5684 4576//5684 
f 4605//5684 4611//5684 4581//5684 
o mesh183
f 4615//5685 4616//5686 4592//5686 
f 4617//5687 4615//5685 4588//5688 
f 4618//5689 4617//5687 4585//5690 
f 4619//5691 4618//5689 4584//5692 
f 4620//5693 4619//5691 4586//5694 
f 4621//5695 4620//5693 4596//5696 
f 4622//5697 4621//5695 4595//5698 
f 4623//5699 4622//5697 4597//5700 
f 4624//5701 4623//5699 4607//5702 
f 4625//5703 4624//5701 4614//5704 
f 4626//5705 4625//5703 4609//5706 
f 4627//5707 4626//5705 4608//5708 
f 4628//5709 4627//5707 4610//5710 
f 4629//5711 4628//5709 4604//5712 
f 4630//5713 4629//5711 4611//5714 
f 4629//5711 4603//5715 4611//5714 
f 4631//5716 4630//5713 4605//5717 
f 4632//5718 4631//5716 4599//5719 
f 4633//5720 4632//5718 4601//5721 
f 4634//5722 4633//5720 4600//5723 
f 4635//5724 4634//5722 4606//5725 
f 4636//5726 4635//5724 4613//5727 
f 4637//5728 4636//5726 4612//5729 
f 4638//5730 4637//5728 4590//5731 
f 4639//5732 4638//5730 4589//5733 
f 4640//5734 4639//5732 4593//5735 
f 4641//5736 4640//5734 4598//5737 
f 4642//5738 4641//5736 4594//5739 
f 4643//5740 4642//5738 4591//5741 
f 4616//5686 4643//5740 4587//5740 
f 4587//5740 4592//5686 4616//5686 
f 4591//5741 4587//5740 4643//5740 
f 4594//5739 4591//5741 4642//5738 
f 4598//5737 4594//5739 4641//5736 
f 4593//5735 4598//5737 4640//5734 
f 4589//5733 4593//5735 4639//5732 
f 4590//5731 4589//5733 4638//5730 
f 4612//5729 4590//5731 4637//5728 
f 4613//5727 4612//5729 4636//5726 
f 4606//5725 4613//5727 4635//5724 
f 4600//5723 4606//5725 4634//5722 
f 4601//5721 4600//5723 4633//5720 
f 4599//5719 4601//5721 4632//5718 
f 4605//5717 4599//5719 4631//5716 
f 4611//5714 4605//5717 4630//5713 
f 4604//5712 4603//5715 4629//5711 
f 4610//5710 4604//5712 4628//5709 
f 4608//5708 4610//5710 4627//5707 
f 4609//5706 4608//5708 4626//5705 
f 4614//5704 4609//5706 4625//5703 
f 4607//5702 4614//5704 4624//5701 
f 4597//5700 4607//5702 4623//5699 
f 4595//5698 4597//5700 4622//5697 
f 4596//5696 4595//5698 4621//5695 
f 4586//5694 4596//5696 4620//5693 
f 4584//5692 4586//5694 4619//5691 
f 4585//5690 4584//5692 4618//5689 
f 4588//5688 4585//5690 4617//5687 
f 4592//5686 4588//5688 4615//5685 
o mesh184
f 4654//5742 4655//5742 4656//5742 
f 4657//5742 4658//5742 4659//5742 
f 4660//5742 4654//5742 4661//5742 
f 4662//5742 4661//5742 4657//5742 
f 4663//5742 4664//5742 4665//5742 
f 4666//5742 4667//5742 4532//5742 
f 4657//5742 4547//5742 4532//5742 
f 4532//5742 4667//5742 4657//5742 
f 4668//5742 4644//5742 4547//5742 
f 4547//5742 4657//5742 4668//5742 
f 4668//5742 4664//5742 4550//5742 
f 4664//5742 4663//5742 4544//5742 
f 4544//5742 4550//5742 4664//5742 
f 4666//5742 4537//5742 4544//5742 
f 4544//5742 4663//5742 4666//5742 
f 4659//5742 4669//5742 4430//5742 
f 4669//5742 4670//5742 4431//5742 
f 4431//5742 4430//5742 4669//5742 
f 4664//5742 4668//5742 4435//5742 
f 4668//5742 4659//5742 4645//5742 
f 4645//5742 4435//5742 4668//5742 
f 4665//5742 4664//5742 4433//5742 
f 4433//5742 4432//5742 4665//5742 
f 4671//5742 4672//5742 4414//5742 
f 4670//5742 4671//5742 4420//5742 
f 4672//5742 4432//5742 4414//5742 
f 4414//5742 4420//5742 4671//5742 
f 4659//5742 4658//5742 4646//5742 
f 4669//5742 4647//5742 4648//5742 
f 4646//5742 4647//5742 4659//5742 
f 4647//5742 4669//5742 4659//5742 
f 4673//5742 4649//5742 4650//5742 
f 4674//5742 4648//5742 4649//5742 
f 4649//5742 4673//5742 4674//5742 
f 4650//5742 4656//5742 4673//5742 
f 4661//5742 4656//5742 4651//5742 
f 4657//5742 4652//5742 4653//5742 
f 4651//5742 4652//5742 4661//5742 
f 4652//5742 4657//5742 4661//5742 
f 4485//5742 4667//5742 4666//5742 
f 4655//5742 4557//5742 4583//5742 
f 4675//5742 4558//5742 4557//5742 
f 4656//5742 4583//5742 4602//5742 
f 4557//5742 4655//5742 4675//5742 
f 4583//5742 4656//5742 4655//5742 
f 4108//5742 4107//5742 4327//5742 
f 4109//5742 4328//5742 4327//5742 
f 4671//5742 4146//5742 4353//5742 
f 4353//5742 4146//5742 4108//5742 
f 4327//5742 4107//5742 4109//5742 
f 4327//5742 4353//5742 4108//5742 
f 4109//5742 4110//5742 4328//5742 
f 4110//5742 4141//5742 4328//5742 
f 4141//5742 4140//5742 4323//5742 
f 4142//5742 4672//5742 4354//5742 
f 4672//5742 4671//5742 4361//5742 
f 4323//5742 4328//5742 4141//5742 
f 4361//5742 4354//5742 4672//5742 
f 4354//5742 4323//5742 4142//5742 
f 4665//5742 4672//5742 4142//5742 
f 4142//5742 4143//5742 4665//5742 
f 4665//5742 4149//5742 4151//5742 
f 4665//5742 4145//5742 4144//5742 
f 4144//5742 4149//5742 4665//5742 
f 4676//5742 4152//5742 4153//5742 
f 4676//5742 4150//5742 4152//5742 
f 4676//5742 4151//5742 4150//5742 
f 4663//5742 4676//5742 4154//5742 
f 4167//5742 4451//5742 4439//5742 
f 4666//5742 4663//5742 4469//5742 
f 4663//5742 4155//5742 4439//5742 
f 4439//5742 4155//5742 4156//5742 
f 4439//5742 4469//5742 4663//5742 
f 4439//5742 4156//5742 4167//5742 
f 4167//5742 4162//5742 4451//5742 
f 4451//5742 4162//5742 4159//5742 
f 4158//5742 4190//5742 4444//5742 
f 4444//5742 4190//5742 4191//5742 
f 4440//5742 4159//5742 4158//5742 
f 4662//5742 4468//5742 4444//5742 
f 4191//5742 4662//5742 4444//5742 
f 4667//5742 4485//5742 4468//5742 
f 4468//5742 4662//5742 4667//5742 
f 4662//5742 4103//5742 4105//5742 
f 4662//5742 4104//5742 4103//5742 
f 4662//5742 4191//5742 4104//5742 
f 4660//5742 4105//5742 4106//5742 
f 4660//5742 4193//5742 4192//5742 
f 4192//5742 4654//5742 4660//5742 
f 4192//5742 4194//5742 4654//5742 
f 4196//5742 4195//5742 4655//5742 
f 4675//5742 4655//5742 4220//5742 
f 4655//5742 4197//5742 4220//5742 
f 4655//5742 4195//5742 4197//5742 
f 4675//5742 4215//5742 4210//5742 
f 4206//5742 4552//5742 4558//5742 
f 4558//5742 4675//5742 4206//5742 
f 4206//5742 4198//5742 4552//5742 
f 4148//5742 4582//5742 4552//5742 
f 4552//5742 4147//5742 4148//5742 
f 4673//5742 4602//5742 4582//5742 
f 4582//5742 4148//5742 4673//5742 
f 4674//5742 4673//5742 1806//5742 
f 1820//5742 1808//5742 1806//5742 
f 1806//5742 4673//5742 1820//5742 
f 4148//5742 1821//5742 1820//5742 
f 1820//5742 4673//5742 4148//5742 
f 4674//5742 1803//5742 1802//5742 
f 1867//5742 4670//5742 1805//5742 
f 4669//5742 1802//5742 1805//5742 
f 1805//5742 4670//5742 4669//5742 
f 4146//5742 4671//5742 1822//5742 
f 4670//5742 1867//5742 1822//5742 
f 1822//5742 4671//5742 4670//5742 
f 1822//5742 1823//5742 4146//5742 
f 1805//5742 1811//5742 1867//5742 
f 1802//5742 4669//5742 4674//5742 
f 1806//5742 1803//5742 4674//5742 
f 4198//5742 4147//5742 4552//5742 
f 4210//5742 4206//5742 4675//5742 
f 4220//5742 4215//5742 4675//5742 
f 4655//5742 4654//5742 4196//5742 
f 4194//5742 4196//5742 4654//5742 
f 4106//5742 4193//5742 4660//5742 
f 4105//5742 4660//5742 4662//5742 
f 4444//5742 4440//5742 4158//5742 
f 4159//5742 4440//5742 4451//5742 
f 4469//5742 4493//5742 4666//5742 
f 4154//5742 4155//5742 4663//5742 
f 4153//5742 4154//5742 4676//5742 
f 4151//5742 4676//5742 4665//5742 
f 4143//5742 4145//5742 4665//5742 
f 4140//5742 4142//5742 4323//5742 
f 4353//5742 4361//5742 4671//5742 
f 4602//5742 4673//5742 4656//5742 
f 4666//5742 4493//5742 4485//5742 
f 4653//5742 4658//5742 4657//5742 
f 4650//5742 4651//5742 4656//5742 
f 4648//5742 4674//5742 4669//5742 
f 4646//5742 4658//5742 4653//5742 
f 4420//5742 4431//5742 4670//5742 
f 4432//5742 4672//5742 4665//5742 
f 4435//5742 4433//5742 4664//5742 
f 4430//5742 4645//5742 4659//5742 
f 4550//5742 4644//5742 4668//5742 
f 4532//5742 4537//5742 4666//5742 
f 4665//5742 4676//5742 4663//5742 
f 4657//5742 4667//5742 4662//5742 
f 4661//5742 4662//5742 4660//5742 
f 4659//5742 4668//5742 4657//5742 
f 4656//5742 4661//5742 4654//5742 
o mesh185
f 4677//5743 4630//5743 4631//5743 
f 4649//5743 4631//5743 4632//5743 
f 4677//5743 4629//5743 4630//5743 
f 4677//5743 4678//5743 4627//5743 
f 4679//5743 4626//5743 4627//5743 
f 4680//5743 4650//5743 4643//5743 
f 4632//5743 4633//5743 4649//5743 
f 4677//5743 4628//5743 4629//5743 
f 4627//5743 4678//5743 4679//5743 
f 4681//5743 4625//5743 4626//5743 
f 4650//5743 4642//5743 4643//5743 
f 4650//5743 4640//5743 4641//5743 
f 4650//5743 4637//5743 4638//5743 
f 4631//5743 4649//5743 4677//5743 
f 4626//5743 4679//5743 4681//5743 
f 4682//5743 4621//5743 4622//5743 
f 4683//5743 4620//5743 4621//5743 
f 4684//5743 4680//5743 4617//5743 
f 4641//5743 4642//5743 4650//5743 
f 4638//5743 4639//5743 4650//5743 
f 4649//5743 4634//5743 4635//5743 
f 4627//5743 4628//5743 4677//5743 
f 4685//5743 4624//5743 4625//5743 
f 4686//5743 4623//5743 4624//5743 
f 4621//5743 4682//5743 4683//5743 
f 4687//5743 4619//5743 4620//5743 
f 4618//5743 4688//5743 4684//5743 
f 4680//5743 4616//5743 4615//5743 
f 4639//5743 4640//5743 4650//5743 
f 4649//5743 4636//5743 4637//5743 
f 4633//5743 4634//5743 4649//5743 
f 4624//5743 4685//5743 4686//5743 
f 4689//5743 4622//5743 4623//5743 
f 4620//5743 4683//5743 4687//5743 
f 4688//5743 4618//5743 4619//5743 
f 4615//5743 4617//5743 4680//5743 
f 4637//5743 4650//5743 4649//5743 
f 4625//5743 4681//5743 4685//5743 
f 4622//5743 4689//5743 4682//5743 
f 4617//5743 4618//5743 4684//5743 
f 4635//5743 4636//5743 4649//5743 
f 4619//5743 4687//5743 4688//5743 
f 4623//5743 4686//5743 4689//5743 
f 4643//5743 4616//5743 4680//5743 
o mesh186
f 4677//5744 4649//5744 4648//5744 
f 4648//5744 4690//5744 4677//5744 
f 4648//5744 4647//5744 4690//5744 
o mesh187
f 4691//5745 4652//5745 4651//5745 
f 4651//5745 4680//5745 4691//5745 
f 4651//5745 4650//5745 4680//5745 
o mesh188
f 4417//5746 4416//5747 4692//5747 
f 4418//5748 4417//5746 4693//5749 
f 4424//5750 4418//5748 4694//5751 
f 4425//5752 4424//5750 4695//5753 
f 4428//5754 4425//5752 4696//5755 
f 4421//5756 4428//5754 4697//5757 
f 4422//5758 4421//5756 4698//5759 
f 4426//5760 4422//5758 4699//5761 
f 4427//5762 4426//5760 4700//5763 
f 4423//5764 4427//5762 4701//5765 
f 4419//5766 4423//5764 4702//5767 
f 4423//5764 4703//5768 4704//5769 
f 4704//5769 4702//5767 4423//5764 
f 4416//5747 4705//5770 4706//5771 
f 4415//5772 4434//5772 4705//5770 
f 4705//5770 4416//5747 4415//5772 
f 4706//5771 4692//5747 4416//5747 
f 4702//5767 4429//5773 4419//5766 
f 4701//5765 4703//5768 4423//5764 
f 4700//5763 4701//5765 4427//5762 
f 4699//5761 4700//5763 4426//5760 
f 4698//5759 4699//5761 4422//5758 
f 4697//5757 4698//5759 4421//5756 
f 4696//5755 4697//5757 4428//5754 
f 4695//5753 4696//5755 4425//5752 
f 4694//5751 4695//5753 4424//5750 
f 4693//5749 4694//5751 4418//5748 
f 4692//5747 4693//5749 4417//5746 
o mesh189
f 4645//5774 4700//5774 4699//5774 
f 4645//5774 4696//5774 4695//5774 
f 4699//5774 4698//5774 4645//5774 
f 4645//5774 4703//5774 4701//5774 
f 4645//5774 4694//5774 4693//5774 
f 4645//5774 4697//5774 4696//5774 
f 4701//5774 4700//5774 4645//5774 
f 4645//5774 4430//5774 4704//5774 
f 4645//5774 4692//5774 4706//5774 
f 4695//5774 4694//5774 4645//5774 
f 4704//5774 4703//5774 4645//5774 
f 4693//5774 4692//5774 4645//5774 
f 4706//5774 4435//5774 4645//5774 
f 4704//5774 4430//5774 4429//5774 
f 4706//5774 4707//5774 4434//5774 
f 4429//5774 4708//5774 4704//5774 
f 4698//5774 4697//5774 4645//5774 
f 4434//5774 4435//5774 4706//5774 
o mesh190
f 4705//5775 4707//5776 4706//5777 
o mesh191
f 4707//5778 4705//5778 4434//5778 
o mesh192
f 4708//5779 4702//5780 4704//5781 
o mesh193
f 4708//5782 4429//5782 4702//5782 
o mesh194
f 4679//5783 4678//5784 4709//5784 
f 4681//5785 4679//5783 4710//5786 
f 4685//5787 4681//5785 4711//5788 
f 4686//5789 4685//5787 4712//5790 
f 4689//5791 4686//5789 4713//5792 
f 4682//5793 4689//5791 4714//5794 
f 4683//5795 4682//5793 4715//5796 
f 4687//5797 4683//5795 4716//5798 
f 4688//5799 4687//5797 4717//5800 
f 4684//5801 4688//5799 4718//5802 
f 4680//5803 4684//5801 4719//5804 
f 4684//5801 4720//5805 4721//5806 
f 4721//5806 4719//5804 4684//5801 
f 4678//5784 4722//5807 4723//5808 
f 4677//5809 4690//5809 4722//5807 
f 4722//5807 4678//5784 4677//5809 
f 4723//5808 4709//5784 4678//5784 
f 4719//5804 4691//5810 4680//5803 
f 4718//5802 4720//5805 4684//5801 
f 4717//5800 4718//5802 4688//5799 
f 4716//5798 4717//5800 4687//5797 
f 4715//5796 4716//5798 4683//5795 
f 4714//5794 4715//5796 4682//5793 
f 4713//5792 4714//5794 4689//5791 
f 4712//5790 4713//5792 4686//5789 
f 4711//5788 4712//5790 4685//5787 
f 4710//5786 4711//5788 4681//5785 
f 4709//5784 4710//5786 4679//5783 
o mesh195
f 4653//5811 4720//5811 4718//5811 
f 4653//5811 4711//5811 4710//5811 
f 4718//5811 4717//5811 4653//5811 
f 4653//5811 4712//5811 4711//5811 
f 4717//5811 4716//5811 4653//5811 
f 4653//5811 4713//5811 4712//5811 
f 4716//5811 4715//5811 4653//5811 
f 4653//5811 4652//5811 4721//5811 
f 4653//5811 4709//5811 4723//5811 
f 4653//5811 4714//5811 4713//5811 
f 4646//5811 4723//5811 4690//5811 
f 4721//5811 4720//5811 4653//5811 
f 4710//5811 4709//5811 4653//5811 
f 4723//5811 4724//5811 4690//5811 
f 4723//5811 4646//5811 4653//5811 
f 4715//5811 4714//5811 4653//5811 
f 4721//5811 4652//5811 4691//5811 
f 4691//5811 4725//5811 4721//5811 
f 4690//5811 4647//5811 4646//5811 
o mesh196
f 4725//5812 4719//5813 4721//5814 
o mesh197
f 4722//5815 4724//5816 4723//5817 
o mesh198
f 4724//5818 4722//5818 4690//5818 
o mesh199
f 4725//5819 4691//5819 4719//5819 
o mesh200
f 4533//5820 4538//5821 4726//5821 
f 4534//5822 4533//5820 4727//5823 
f 4545//5824 4534//5822 4728//5825 
f 4540//5826 4545//5824 4729//5827 
f 4541//5828 4540//5826 4730//5829 
f 4542//5830 4541//5828 4731//5831 
f 4543//5832 4542//5830 4732//5833 
f 4546//5834 4543//5832 4733//5835 
f 4539//5836 4546//5834 4734//5837 
f 4535//5838 4539//5836 4735//5839 
f 4536//5840 4535//5838 4736//5841 
f 4535//5838 4737//5842 4738//5843 
f 4738//5843 4736//5841 4535//5838 
f 4538//5821 4739//5844 4740//5845 
f 4531//5846 4548//5846 4739//5844 
f 4739//5844 4538//5821 4531//5846 
f 4740//5845 4726//5821 4538//5821 
f 4736//5841 4549//5847 4536//5840 
f 4735//5839 4737//5842 4535//5838 
f 4734//5837 4735//5839 4539//5836 
f 4733//5835 4734//5837 4546//5834 
f 4732//5833 4733//5835 4543//5832 
f 4731//5831 4732//5833 4542//5830 
f 4730//5829 4731//5831 4541//5828 
f 4729//5827 4730//5829 4540//5826 
f 4728//5825 4729//5827 4545//5824 
f 4727//5823 4728//5825 4534//5822 
f 4726//5821 4727//5823 4533//5820 
o mesh201
f 4644//5848 4735//5848 4734//5848 
f 4644//5848 4729//5848 4728//5848 
f 4644//5848 4737//5848 4735//5848 
f 4728//5848 4727//5848 4644//5848 
f 4734//5848 4733//5848 4644//5848 
f 4644//5848 4730//5848 4729//5848 
f 4733//5848 4732//5848 4644//5848 
f 4644//5848 4550//5848 4738//5848 
f 4644//5848 4726//5848 4740//5848 
f 4644//5848 4731//5848 4730//5848 
f 4738//5848 4737//5848 4644//5848 
f 4727//5848 4726//5848 4644//5848 
f 4740//5848 4741//5848 4548//5848 
f 4740//5848 4547//5848 4644//5848 
f 4732//5848 4731//5848 4644//5848 
f 4738//5848 4550//5848 4549//5848 
f 4549//5848 4742//5848 4738//5848 
f 4548//5848 4547//5848 4740//5848 
o mesh202
f 4739//5849 4741//5850 4740//5851 
o mesh203
f 4742//5852 4736//5853 4738//5854 
o mesh204
f 4741//5855 4739//5855 4548//5855 
o mesh205
f 4742//5856 4549//5856 4736//5856 
