# Blender 5.0.1
# www.blender.org
mtllib hull2.mtl
o hull
v 0.212328 0.777882 -0.634951
v 0.435946 0.702536 -0.634951
v 0.638138 0.580880 -0.634951
v 0.809449 0.418602 -0.634951
v 0.941876 0.223292 -0.634951
v 1.029217 0.004082 -0.634951
v 1.067394 -0.228774 -0.634951
v 1.054614 -0.464404 -0.634951
v 0.991490 -0.691766 -0.634951
v 0.880954 -0.900252 -0.634951
v 0.728193 -1.080097 -0.634951
v 0.540340 -1.222900 -0.634951
v 0.326180 -1.321985 -0.634951
v 0.095726 -1.372706 -0.634951
v -0.140243 -1.372706 -0.634951
v -0.370696 -1.321985 -0.634951
v -0.584856 -1.222900 -0.634951
v -0.772709 -1.080097 -0.634951
v -0.925471 -0.900252 -0.634951
v -1.036006 -0.691766 -0.634951
v -1.099131 -0.464404 -0.634951
v -1.111910 -0.228774 -0.634951
v -1.073733 0.004082 -0.634951
v -0.986393 0.223292 -0.634951
v -0.853965 0.418602 -0.634951
v -0.682654 0.580880 -0.634951
v -0.480462 0.702536 -0.634951
v -0.256845 0.777882 -0.634951
v -0.022258 0.803394 -0.634951
v -0.022258 -0.287856 -0.634951
v -0.986393 0.223292 -1.507950
v -0.853965 0.418602 -1.507950
v -1.073733 0.004082 -1.507950
v -1.111910 -0.228774 -1.507950
v -1.099131 -0.464404 -1.507950
v -1.036006 -0.691766 -1.507950
v -0.925471 -0.900252 -1.507950
v 0.991490 -0.691766 -1.507950
v 0.880954 -0.900252 -1.507950
v 1.054614 -0.464404 -1.507950
v 1.067394 -0.228774 -1.507950
v 1.029217 0.004082 -1.507950
v 0.941876 0.223292 -1.507950
v 0.809449 0.418602 -1.507950
v -0.793889 0.483775 -0.836412
v -0.793889 0.483775 -1.507950
v -0.682654 0.580880 -0.836412
v -0.480462 0.702536 -0.836412
v -0.256845 0.777882 -0.836412
v -0.022258 0.803394 -0.836412
v 0.212328 0.777882 -0.836412
v 0.435946 0.702536 -0.836412
v 0.638138 0.580880 -0.836412
v 0.749373 0.483775 -0.836412
v 0.749373 -1.059487 -0.836412
v 0.749373 -1.059487 -1.507950
v 0.728193 -1.080097 -0.836412
v 0.540340 -1.222900 -0.836412
v 0.326180 -1.321985 -0.836412
v 0.095726 -1.372706 -0.836412
v -0.140243 -1.372706 -0.836412
v -0.370696 -1.321985 -0.836412
v -0.584856 -1.222900 -0.836412
v -0.772709 -1.080097 -0.836412
v -0.793889 -1.059487 -0.836412
v -0.793889 -1.059487 -1.507950
v 0.749373 0.483775 -1.507950
v -1.031312 0.721198 -0.836412
v -0.815070 0.898665 -0.836412
v -0.568355 1.030535 -0.836412
v -0.300656 1.111744 -0.836412
v -0.022258 1.139163 -0.836412
v 0.256140 1.111744 -0.836412
v 0.523838 1.030535 -0.836412
v 0.770553 0.898665 -0.836412
v 0.986796 0.721198 -0.836412
v -0.022258 -1.714875 -0.836412
v -0.300656 -1.687456 -0.836412
v 0.256140 -1.687456 -0.836412
v -0.568355 -1.606247 -0.836412
v 0.523838 -1.606247 -0.836412
v 0.770553 -1.474377 -0.836412
v -0.815070 -1.474377 -0.836412
v 0.986796 -1.296910 -0.836412
v -1.031312 -1.296910 -0.836412
v 0.992732 0.727134 -1.507950
v 0.986796 0.721198 -1.188970
v 0.992732 0.727134 -1.188970
v 0.801061 0.887967 -1.507950
v 0.584374 1.013068 -1.507950
v 0.801061 0.887967 -1.188970
v 0.349254 1.098649 -1.507950
v 0.584374 1.013068 -1.188970
v 0.349254 1.098649 -1.188970
v 0.523838 1.030535 -1.188970
v 0.770553 0.898665 -1.188970
v 0.347081 1.090537 -1.188970
v 0.303630 0.928374 -1.172181
v 0.303630 0.928374 -1.507950
v 0.347081 1.090537 -1.172181
v -0.912604 0.602490 -1.340066
v -0.912604 0.602490 -1.507950
v -1.031312 0.721198 -1.340066
v -0.815070 0.898665 -1.340066
v -0.358027 1.099099 -1.172181
v -0.568355 1.030535 -1.340066
v -0.358027 1.099099 -1.340066
v -0.300656 1.111744 -1.172181
v -0.022258 1.139163 -1.172181
v 0.256140 1.111744 -1.172181
v 0.043640 0.969552 -1.172181
v -0.219230 0.955779 -1.172181
v -0.219230 0.955779 -1.507950
v 0.043640 0.969552 -1.507950
v -0.473492 0.887645 -1.507950
v -0.348146 0.928374 -1.340066
v -0.348146 0.928374 -1.172181
v -0.473492 0.887645 -1.340066
v -0.708033 0.768145 -1.340066
v -0.708033 0.768145 -1.507950
v -0.358027 0.965255 -1.172181
v -0.358027 0.965255 -1.340066
v -1.037248 -1.302846 -1.507950
v -1.031312 -1.296910 -1.188970
v -1.037248 -1.302846 -1.188970
v -0.845578 -1.463680 -1.507950
v -0.628890 -1.588781 -1.507950
v -0.845578 -1.463680 -1.188970
v -0.393771 -1.674361 -1.507950
v -0.628890 -1.588781 -1.188970
v -0.393771 -1.674361 -1.188970
v -0.568355 -1.606247 -1.188970
v -0.815070 -1.474377 -1.188970
v -0.391598 -1.666249 -1.188970
v -0.348146 -1.504086 -1.172181
v -0.348146 -1.504086 -1.507950
v -0.391598 -1.666249 -1.172181
v 0.868088 -1.178202 -1.340066
v 0.868088 -1.178202 -1.507950
v 0.986796 -1.296910 -1.340066
v 0.770553 -1.474377 -1.340066
v 0.313511 -1.674811 -1.172181
v 0.523838 -1.606247 -1.340066
v 0.313511 -1.674811 -1.340066
v 0.256140 -1.687456 -1.172181
v -0.022258 -1.714875 -1.172181
v -0.300656 -1.687456 -1.172181
v -0.088156 -1.545265 -1.172181
v 0.174714 -1.531492 -1.172181
v 0.174714 -1.531492 -1.507950
v -0.088156 -1.545265 -1.507950
v 0.428975 -1.463357 -1.507950
v 0.303630 -1.504086 -1.340066
v 0.303630 -1.504086 -1.172181
v 0.428975 -1.463357 -1.340066
v 0.663517 -1.343857 -1.340066
v 0.663517 -1.343857 -1.507950
v 0.313511 -1.540967 -1.172181
v 0.313511 -1.540967 -1.340066
v -1.143452 -1.768162 -1.507950
v -1.143452 1.863988 -1.507950
v 1.098936 -1.768162 -1.507950
v 1.098936 1.863988 -1.507950
v 1.017505 -2.292204 -1.559564
v -0.769284 -2.774308 -1.704026
v -0.864092 -2.670434 -1.664022
v -0.944482 -2.552344 -1.624965
v -1.010051 -2.426008 -1.589750
v 0.825741 -2.662429 -1.661182
v 0.704870 -2.796106 -1.712420
v -0.749387 -2.796106 -1.712420
v 0.923369 -2.511152 -1.612750
v -1.123400 -2.034320 -1.521166
v 1.078696 -2.035568 -1.521294
v -1.062021 -2.292204 -1.559564
v 0.087038 -3.116075 -1.844955
v -0.022258 -3.123223 -1.847916
v 0.196014 -3.094652 -1.836084
v -0.240530 -3.094652 -1.836084
v -0.348866 -3.059017 -1.821323
v -0.131554 -3.116075 -1.844955
v 0.304349 -3.059017 -1.821323
v 0.411727 -3.009275 -1.800720
v 0.517831 -2.945570 -1.774329
v -0.551933 -2.952481 -1.777190
v 1.078884 2.130146 -1.521166
v -1.123212 2.131395 -1.521294
v -1.062021 2.388030 -1.559564
v 1.017505 2.388030 -1.559564
v -0.307621 2.841318 -1.692059
v 0.825593 2.758451 -1.661249
v 0.923369 2.606978 -1.612750
v -0.272447 2.891932 -1.712420
v 0.704870 2.891932 -1.712420
v -0.385841 2.775239 -1.667239
v -0.337256 2.810998 -1.680421
v -0.530822 2.729964 -1.651364
v -0.485677 2.736189 -1.653492
v -0.632507 2.739103 -1.654500
v -0.590745 2.731435 -1.651867
v -0.724687 2.778288 -1.668340
v -0.689456 2.759243 -1.661524
v -0.953998 2.631866 -1.620043
v -0.773448 2.815713 -1.682201
v -0.882546 2.741837 -1.655440
v -0.798953 2.842527 -1.692529
v -0.428457 2.753830 -1.659624
v -0.240456 3.108987 -1.802332
v -0.001286 3.218784 -1.847809
v 0.087038 3.211934 -1.844955
v -0.233946 3.034265 -1.771374
v 0.196014 3.190512 -1.836084
v -0.089650 3.216366 -1.846788
v -0.263813 3.179229 -1.831423
v -0.177885 3.204547 -1.841906
v 0.304349 3.154853 -1.821323
v 0.411727 3.105092 -1.800720
v -0.245028 2.960228 -1.740705
v 0.517831 3.041397 -1.774329
v -0.265822 3.183460 -1.833169
v -0.332468 2.945158 -1.662605
v -0.325470 2.964606 -1.658213
v -0.331463 2.949678 -1.650376
v -0.331200 2.939598 -1.674364
v -0.327706 2.933205 -1.685216
v -0.322119 2.926228 -1.694745
v -0.314651 2.918921 -1.702595
v -0.305583 2.911561 -1.708471
v -0.295261 2.904437 -1.712144
v -0.284074 2.897808 -1.713481
v -0.307977 3.015878 -1.685115
v -0.309816 3.003589 -1.678668
v -0.301741 3.069769 -1.713387
v -0.301068 3.062040 -1.709331
v -0.307148 3.123895 -1.741773
v -0.324330 3.175537 -1.768883
v -0.306207 3.121008 -1.740289
v -0.324647 3.176477 -1.769380
v -0.325080 3.177417 -1.770514
v -0.325121 3.177484 -1.769910
v -0.323526 3.176544 -1.780084
v -0.323442 3.176477 -1.780601
v -0.322886 3.176208 -1.784033
v -0.320799 3.176141 -1.789982
v -0.320468 3.176141 -1.790923
v -0.318288 3.176141 -1.797141
v -0.317025 3.176342 -1.799538
v -0.316365 3.176409 -1.800794
v -0.314141 3.176745 -1.805018
v -0.311768 3.177349 -1.808255
v -0.310720 3.177618 -1.809685
v -0.306203 3.178693 -1.815837
v -0.304230 3.179297 -1.817804
v -0.299942 3.180573 -1.822075
v -0.298477 3.181110 -1.823130
v -0.290549 3.183864 -1.828844
v -0.289622 3.184199 -1.829516
v -0.296594 3.181782 -1.824486
v -0.278523 3.182520 -1.831584
v -0.288379 3.184669 -1.830221
v -0.288192 3.184736 -1.830322
v -0.272097 3.182319 -1.832397
v -0.276597 3.182453 -1.831826
v -0.309912 2.998848 -1.690185
v -0.307777 2.993657 -1.701299
v -0.303482 2.988204 -1.711641
v -0.297177 2.982671 -1.720848
v -0.289079 2.977251 -1.728604
v -0.279464 2.972127 -1.734641
v -0.268665 2.967480 -1.738757
v -0.257053 2.963464 -1.740799
v -0.300172 3.057513 -1.720189
v -0.297233 3.053068 -1.730706
v -0.292342 3.048830 -1.740571
v -0.285650 3.044942 -1.749469
v -0.277364 3.041511 -1.757124
v -0.267738 3.038650 -1.763309
v -0.257070 3.036448 -1.767828
v -0.245689 3.034970 -1.770548
v -0.304457 3.117180 -1.750563
v -0.300951 3.113755 -1.760556
v -0.295783 3.110867 -1.769997
v -0.289097 3.108718 -1.778613
v -0.281074 3.107241 -1.786188
v -0.271938 3.106502 -1.792494
v -0.261937 3.106570 -1.797369
v -0.251346 3.107443 -1.800680
v -0.322347 3.173522 -1.779177
v -0.318617 3.171306 -1.788733
v -0.313549 3.169895 -1.797819
v -0.307266 3.169358 -1.806207
v -0.299923 3.169694 -1.813694
v -0.291696 3.170902 -1.820108
v -0.282789 3.172917 -1.825272
v -0.273418 3.175738 -1.829080
v -0.352998 2.917914 -1.634192
v -0.359232 2.908721 -1.629505
v -0.420985 2.855246 -1.604067
v -0.390183 2.878481 -1.614919
v -0.454629 2.837920 -1.596257
v -0.435133 2.847960 -1.600783
v -0.485692 2.828102 -1.591939
v -0.499803 2.823643 -1.589978
v -0.582751 2.819802 -1.588313
v -0.539132 2.818701 -1.587836
v -0.615721 2.826000 -1.591006
v -0.593424 2.821810 -1.589186
v -0.645639 2.836846 -1.595801
v -0.660681 2.842299 -1.598211
v -0.688495 2.857711 -1.605196
v -0.726991 2.887997 -1.619405
v -0.693748 2.861847 -1.607136
v -0.796770 2.845381 -1.693435
v -0.794420 2.848457 -1.694409
v -0.790324 2.856697 -1.696102
v -0.788484 2.862129 -1.696854
v -0.791485 2.854359 -1.695625
v -0.780841 2.868858 -1.695343
v -0.783917 2.866152 -1.695974
v -0.780976 2.868744 -1.695403
v -0.771923 2.876729 -1.691367
v -0.766215 2.881785 -1.687325
v -0.763509 2.884189 -1.684551
v -0.758499 2.888642 -1.679420
v -0.765289 2.882612 -1.686364
v -0.754168 2.892503 -1.673276
v -0.750239 2.896015 -1.665513
v -0.748453 2.897607 -1.661994
v -0.750992 2.895344 -1.667004
v -0.748117 2.897909 -1.661020
v -0.745955 2.899863 -1.654788
v -0.745613 2.900165 -1.653694
v -0.742980 2.902563 -1.641176
v -0.745673 2.900112 -1.653976
v -0.741919 2.903577 -1.627497
v -0.741919 2.903577 -1.626973
v -0.735432 2.896814 -1.623683
v -0.742866 2.902670 -1.640619
v -0.742772 2.902757 -1.640169
v -0.535444 2.818607 -1.587796
v -0.382628 2.884182 -1.617579
v -0.318198 2.849451 -1.693785
v -0.328349 2.858235 -1.692939
v -0.337670 2.867320 -1.689541
v -0.345785 2.876339 -1.683738
v -0.352368 2.884942 -1.675761
v -0.357156 2.892765 -1.665923
v -0.359958 2.899507 -1.654627
v -0.360659 2.904900 -1.642325
v -0.346763 2.820574 -1.682543
v -0.355877 2.830728 -1.681979
v -0.364221 2.841050 -1.678749
v -0.371449 2.851109 -1.672994
v -0.377263 2.860484 -1.664942
v -0.381421 2.868798 -1.654930
v -0.383753 2.875694 -1.643372
v -0.384160 2.880892 -1.630747
v -0.393391 2.786608 -1.669811
v -0.400617 2.798461 -1.669576
v -0.407212 2.810293 -1.666540
v -0.412893 2.821602 -1.660832
v -0.417418 2.831903 -1.652693
v -0.420594 2.840754 -1.642486
v -0.422284 2.847785 -1.630627
v -0.422416 2.852681 -1.617639
v -0.434158 2.766308 -1.662451
v -0.439612 2.779215 -1.662404
v -0.444580 2.791981 -1.659482
v -0.448846 2.804055 -1.653801
v -0.452225 2.814914 -1.645622
v -0.454570 2.824080 -1.635294
v -0.455779 2.831158 -1.623267
v -0.455799 2.835839 -1.610064
v -0.488788 2.749606 -1.656534
v -0.491762 2.763393 -1.656642
v -0.494468 2.776938 -1.653801
v -0.496786 2.789657 -1.648147
v -0.498613 2.800972 -1.639934
v -0.499870 2.810388 -1.629512
v -0.500502 2.817499 -1.617344
v -0.500478 2.821985 -1.603973
v -0.531844 2.743717 -1.654480
v -0.532821 2.757819 -1.654634
v -0.533709 2.771646 -1.651827
v -0.534469 2.784587 -1.646186
v -0.535067 2.796063 -1.637953
v -0.535477 2.805572 -1.627497
v -0.535682 2.812690 -1.615289
v -0.535670 2.817096 -1.601851
v -0.588980 2.745114 -1.654963
v -0.587291 2.759136 -1.655111
v -0.585757 2.772902 -1.652297
v -0.584443 2.785789 -1.646649
v -0.583408 2.797225 -1.638423
v -0.582697 2.806714 -1.627974
v -0.582344 2.813826 -1.615772
v -0.582362 2.818258 -1.602355
v -0.628816 2.752366 -1.657501
v -0.625288 2.766005 -1.657582
v -0.622077 2.779423 -1.654735
v -0.619326 2.792027 -1.649074
v -0.617155 2.803269 -1.640861
v -0.615659 2.812650 -1.630459
v -0.614905 2.819755 -1.618310
v -0.614926 2.824275 -1.604967
v -0.683210 2.771438 -1.664297
v -0.677233 2.784070 -1.664197
v -0.671787 2.796601 -1.661249
v -0.667106 2.808480 -1.655561
v -0.663393 2.819198 -1.647388
v -0.660809 2.828284 -1.637093
v -0.659466 2.835355 -1.625107
v -0.659423 2.840096 -1.611958
v -0.716931 2.789495 -1.670879
v -0.709504 2.801201 -1.670610
v -0.702721 2.812906 -1.667554
v -0.696879 2.824107 -1.661846
v -0.692218 2.834327 -1.653721
v -0.688944 2.843138 -1.643520
v -0.687193 2.850156 -1.631694
v -0.763744 2.825060 -1.684269
v -0.754443 2.834999 -1.683658
v -0.745921 2.845126 -1.680401
v -0.738535 2.855018 -1.674632
v -0.732591 2.864272 -1.666594
v -0.728320 2.872511 -1.656608
v -0.687042 2.855085 -1.618734
v -0.725916 2.879388 -1.645092
v -0.725466 2.884619 -1.632520
v -0.788974 2.851344 -1.694537
v -0.778766 2.860041 -1.693671
v -0.769392 2.869046 -1.690259
v -0.761233 2.878004 -1.684457
v -0.754604 2.886547 -1.676479
v -0.749776 2.894343 -1.666661
v -0.332755 3.192325 -1.768681
v -0.353095 3.221671 -1.765095
v -0.360894 3.232953 -1.763719
v -0.390062 3.261359 -1.757789
v -0.385012 3.257666 -1.758931
v -0.435041 3.291847 -1.747326
v -0.424957 3.286810 -1.749912
v -0.455095 3.301920 -1.742189
v -0.485742 3.311389 -1.733284
v -0.503062 3.316694 -1.728255
v -0.539125 3.320925 -1.716328
v -0.535297 3.321059 -1.717732
v -0.593451 3.318104 -1.696290
v -0.590951 3.318776 -1.697330
v -0.645859 3.303531 -1.674283
v -0.641562 3.305479 -1.676251
v -0.693350 3.277207 -1.651867
v -0.674797 3.290101 -1.661054
v -0.717146 3.260620 -1.640089
v -0.735163 3.242556 -1.630533
v -0.743739 3.234027 -1.625980
v -0.768129 3.199376 -1.612341
v -0.771688 3.194339 -1.610346
v -0.789182 3.156599 -1.600125
v -0.790915 3.150085 -1.599091
v -0.802398 3.096967 -1.592188
v -0.800961 3.112479 -1.593061
v -0.804574 3.073530 -1.590858
v -0.802230 3.042679 -1.592288
v -0.793755 2.996732 -1.597399
v -0.790854 2.989661 -1.599111
v -0.768223 2.940202 -1.612300
v -0.775597 2.952505 -1.608090
v -0.761233 2.928551 -1.616289
v -0.824901 2.905067 -1.681482
v -0.826190 2.906592 -1.680938
v -0.845699 2.939047 -1.672349
v -0.865590 2.988144 -1.663337
v -0.864273 2.984907 -1.663928
v -0.876059 3.039865 -1.658482
v -0.872365 3.021640 -1.660194
v -0.876865 3.090922 -1.658106
v -0.876596 3.074134 -1.658233
v -0.871110 3.130275 -1.660785
v -0.872708 3.119328 -1.660040
v -0.854697 3.181513 -1.668300
v -0.858216 3.170500 -1.666688
v -0.806817 3.258068 -1.689232
v -0.840770 3.209785 -1.674538
v -0.785959 3.279961 -1.697888
v -0.803553 3.261493 -1.690588
v -0.769439 3.292653 -1.704382
v -0.735345 3.318843 -1.717785
v -0.770332 3.291981 -1.704032
v -0.704575 3.335430 -1.729114
v -0.719040 3.327640 -1.723789
v -0.677949 3.344697 -1.738193
v -0.642899 3.356919 -1.750147
v -0.600147 3.363970 -1.763437
v -0.616390 3.361284 -1.758386
v -0.536512 3.363702 -1.781320
v -0.548473 3.363769 -1.777955
v -0.487926 3.354635 -1.793475
v -0.509340 3.358665 -1.788116
v -0.451285 3.340869 -1.801600
v -0.430843 3.333214 -1.806140
v -0.388328 3.307762 -1.814447
v -0.414723 3.323543 -1.809289
v -0.348858 3.273380 -1.821276
v -0.344033 3.269149 -1.822109
v -0.366765 3.288959 -1.818180
v -0.337161 3.260620 -1.823163
v -0.314908 3.233020 -1.826595
v -0.303729 3.212807 -1.828153
v -0.801129 3.028147 -1.592960
v -0.332400 3.193265 -1.778741
v -0.360940 3.234162 -1.773751
v -0.330723 3.194944 -1.788572
v -0.327764 3.197227 -1.797947
v -0.359824 3.236378 -1.783563
v -0.323588 3.200182 -1.806664
v -0.357573 3.239467 -1.792924
v -0.318291 3.203741 -1.814520
v -0.354237 3.243361 -1.801620
v -0.311992 3.207703 -1.821343
v -0.349892 3.248063 -1.809457
v -0.304835 3.212135 -1.826964
v -0.344637 3.253368 -1.816253
v -0.385422 3.259009 -1.768963
v -0.384803 3.261560 -1.778768
v -0.383170 3.265120 -1.788116
v -0.380560 3.269619 -1.796805
v -0.377031 3.274991 -1.804629
v -0.338590 3.259210 -1.821867
v -0.372665 3.281169 -1.811411
v -0.425995 3.288355 -1.759965
v -0.426219 3.291175 -1.769796
v -0.425623 3.295204 -1.779157
v -0.424222 3.300442 -1.787840
v -0.422048 3.306688 -1.795650
v -0.367561 3.287885 -1.816998
v -0.419151 3.313739 -1.802399
v -0.456612 3.303464 -1.752296
v -0.457478 3.306352 -1.762161
v -0.457670 3.310650 -1.771556
v -0.457186 3.316224 -1.780252
v -0.456036 3.322872 -1.788055
v -0.415598 3.321596 -1.807926
v -0.454247 3.330528 -1.794770
v -0.505320 3.318037 -1.738489
v -0.507194 3.320925 -1.748468
v -0.508637 3.325356 -1.757950
v -0.509615 3.331199 -1.766693
v -0.510103 3.338250 -1.774490
v -0.451863 3.338989 -1.800237
v -0.510089 3.346443 -1.781145
v -0.538013 3.322133 -1.728094
v -0.540539 3.324887 -1.738187
v -0.542811 3.329252 -1.747756
v -0.544770 3.335094 -1.756553
v -0.546366 3.342346 -1.764356
v -0.509574 3.355576 -1.786490
v -0.547558 3.350741 -1.770958
v -0.594323 3.319178 -1.708001
v -0.597883 3.321462 -1.718376
v -0.601535 3.325491 -1.728161
v -0.605175 3.331132 -1.737092
v -0.608703 3.338384 -1.744915
v -0.548316 3.360142 -1.776196
v -0.612019 3.346846 -1.751416
v -0.645296 3.305143 -1.687325
v -0.649635 3.306755 -1.698062
v -0.654446 3.310247 -1.708135
v -0.659584 3.315418 -1.717248
v -0.664894 3.322267 -1.725119
v -0.615034 3.356382 -1.756419
v -0.670215 3.330460 -1.731505
v -0.678591 3.289295 -1.672477
v -0.683313 3.290303 -1.683530
v -0.688810 3.293257 -1.693859
v -0.694905 3.298025 -1.703126
v -0.701405 3.304404 -1.711037
v -0.675384 3.339862 -1.736212
v -0.708094 3.312262 -1.717329
v -0.720725 3.259076 -1.652082
v -0.725728 3.259411 -1.663653
v -0.731967 3.261560 -1.674391
v -0.739233 3.265522 -1.683926
v -0.747265 3.271029 -1.691911
v -0.714755 3.321260 -1.721808
v -0.755780 3.278013 -1.698069
v -0.746969 3.232147 -1.638430
v -0.751979 3.232080 -1.650410
v -0.758587 3.233624 -1.661477
v -0.766544 3.236848 -1.671221
v -0.775556 3.241683 -1.679266
v -0.764476 3.286139 -1.702179
v -0.785280 3.247794 -1.685323
v -0.774294 3.192459 -1.623381
v -0.779136 3.191989 -1.635891
v -0.786012 3.192929 -1.647388
v -0.794648 3.195212 -1.657401
v -0.804694 3.198839 -1.665526
v -0.795353 3.255046 -1.689158
v -0.815761 3.203607 -1.671456
v -0.791250 3.155054 -1.613603
v -0.795857 3.154517 -1.626510
v -0.802821 3.155054 -1.638316
v -0.811840 3.156599 -1.648536
v -0.822551 3.159084 -1.656729
v -0.827392 3.209315 -1.674941
v -0.834497 3.162508 -1.662565
v -0.802572 3.111606 -1.606868
v -0.806964 3.111270 -1.620077
v -0.813942 3.111539 -1.632124
v -0.823202 3.112277 -1.642493
v -0.834363 3.113486 -1.650739
v -0.847183 3.166605 -1.665788
v -0.846921 3.115165 -1.656501
v -0.806031 3.073395 -1.604772
v -0.810342 3.073395 -1.618082
v -0.817319 3.073395 -1.630210
v -0.826654 3.073463 -1.640632
v -0.837942 3.073597 -1.648892
v -0.860358 3.117247 -1.659536
v -0.850702 3.073731 -1.654634
v -0.802734 3.028986 -1.606767
v -0.807119 3.029316 -1.619983
v -0.814096 3.029114 -1.632037
v -0.823363 3.028389 -1.642412
v -0.834524 3.027180 -1.650658
v -0.864374 3.073933 -1.657609
v -0.847095 3.025535 -1.656420
v -0.795656 2.998102 -1.610997
v -0.800182 2.998600 -1.624025
v -0.807159 2.998190 -1.635925
v -0.816279 2.996894 -1.646193
v -0.827157 2.994771 -1.654406
v -0.860540 3.023520 -1.659449
v -0.839339 2.991904 -1.660215
v -0.778095 2.954345 -1.621218
v -0.782896 2.954849 -1.633816
v -0.789793 2.953996 -1.645373
v -0.798516 2.951820 -1.655426
v -0.808717 2.948408 -1.663572
v -0.852313 2.988426 -1.663371
v -0.819972 2.943902 -1.669482
v -0.764107 2.930459 -1.629095
v -0.769036 2.930828 -1.641391
v -0.775825 2.929632 -1.652720
v -0.784219 2.926933 -1.662619
v -0.793876 2.922823 -1.670717
v -0.831838 2.938483 -1.672913
v -0.804433 2.917471 -1.676694
v -0.815466 2.911084 -1.680320
v -0.352296 3.222208 -0.668528
v -0.324221 3.175604 -0.668528
v -0.306834 3.123962 -0.668528
v -0.300947 3.069836 -0.668528
v -0.306834 3.015703 -0.668528
v -0.324221 2.964096 -0.668528
v -0.485403 3.312463 -0.668528
v -0.509304 3.317903 -0.669354
v -0.493226 3.314276 -0.672134
v -0.525912 3.320253 -0.668528
v -0.485403 3.312463 -0.673490
v -0.461665 3.304606 -0.681307
v -0.434816 3.292317 -0.668528
v -0.434877 3.292183 -0.695624
v -0.432640 3.291175 -0.696820
v -0.389744 3.261762 -0.668528
v -0.407199 3.275327 -0.717698
v -0.386321 3.258807 -1.097567
v -0.389868 3.261628 -1.101891
v -0.361253 3.233356 -1.037048
v -0.365328 3.237989 -1.053265
v -0.358853 3.230469 -1.020924
v -0.358027 3.229461 -0.836412
v -0.358027 3.229461 -1.004297
v -0.358855 3.230469 -0.819758
v -0.370807 3.243899 -0.772166
v -0.365331 3.237989 -0.787430
v -0.361253 3.233356 -0.803661
v -0.386321 3.258807 -0.743142
v -0.370807 3.243899 -1.068543
v -0.389868 3.261628 -0.738818
v -0.432800 3.291108 -1.143688
v -0.434816 3.292317 -1.145320
v -0.407199 3.275327 -1.123011
v -0.461665 3.304606 -1.159402
v -0.485522 3.312127 -1.166641
v -0.525912 3.320253 -1.172181
v -0.539140 3.321327 -1.172181
v -0.509308 3.317903 -1.171355
v -0.493159 3.314478 -1.168958
v -0.593514 3.318373 -1.172181
v -0.645984 3.303800 -1.172181
v -0.694099 3.278282 -1.172181
v -0.735600 3.243026 -1.172181
v -0.768552 3.199645 -1.172181
v -0.791418 3.150219 -1.172181
v -0.803123 3.097034 -1.172181
v -0.803123 3.042612 -1.172181
v -0.791418 2.989426 -1.172181
v -0.768552 2.940008 -1.172181
v -0.735600 2.896653 -1.172181
v -0.694099 2.861404 -1.172181
v -0.645984 2.835893 -1.172181
v -0.593514 2.821327 -1.172181
v -0.539140 2.818379 -1.172181
v -0.509304 2.821790 -1.171355
v -0.493226 2.825423 -1.168575
v -0.525912 2.819447 -1.172181
v -0.485403 2.827189 -1.167218
v -0.461665 2.835067 -1.159402
v -0.434877 2.847476 -1.145085
v -0.432640 2.848511 -1.143889
v -0.407199 2.864352 -1.123011
v -0.352296 2.917437 -0.668528
v -0.386321 2.880865 -0.743142
v -0.389868 2.878058 -0.738818
v -0.361253 2.906323 -0.803661
v -0.365328 2.901670 -0.787444
v -0.358853 2.909177 -0.819785
v -0.358027 2.910178 -1.004297
v -0.358027 2.910178 -0.836412
v -0.358855 2.909171 -1.020951
v -0.370807 2.895753 -1.068543
v -0.365331 2.901663 -1.053279
v -0.361253 2.906323 -1.037048
v -0.386321 2.880865 -1.097567
v -0.370807 2.895753 -0.772166
v -0.389868 2.878058 -1.101891
v -0.389744 2.877904 -0.668528
v -0.432800 2.848585 -0.697021
v -0.434816 2.847342 -0.695389
v -0.407199 2.864352 -0.717698
v -0.485403 2.827189 -0.668528
v -0.434816 2.847342 -0.668528
v -0.461665 2.835067 -0.681307
v -0.493159 2.825168 -0.671751
v -0.509308 2.821790 -0.669354
v -0.485522 2.827565 -0.674068
v -0.525912 2.819447 -0.668528
v -0.358027 1.575965 -0.836412
v -0.358027 1.575965 -1.004297
v -0.358027 3.237721 -1.004297
v -0.358027 3.237721 -0.836412
v -0.361253 1.575965 -1.037048
v -0.370807 1.575965 -1.068543
v -0.386321 1.575965 -1.097567
v -0.407199 1.575965 -1.123011
v -0.432640 1.575965 -1.143889
v -0.461665 1.575965 -1.159402
v -0.493159 1.575965 -1.168958
v -0.525912 1.575965 -1.172181
v -0.493159 1.575965 -0.671751
v -0.525912 1.575965 -0.668528
v -0.461665 1.575965 -0.681307
v -0.432640 1.575965 -0.696820
v -0.407199 1.575965 -0.717698
v -0.386321 1.575965 -0.743142
v -0.370807 1.575965 -0.772166
v -0.361253 1.575965 -0.803661
v -0.361994 1.539689 -0.836412
v -0.373706 1.505125 -0.836412
v -0.361994 1.539689 -1.004297
v -0.392612 1.473905 -0.836412
v -0.373706 1.505125 -1.004297
v -0.417816 1.447514 -0.836412
v -0.392612 1.473905 -1.004297
v -0.448128 1.427186 -0.836412
v -0.417816 1.447514 -1.004297
v -0.482116 1.413896 -0.836412
v -0.448128 1.427186 -1.004297
v -0.482116 1.413896 -1.004297
v -0.518483 3.338384 -1.172020
v -0.493167 3.336504 -1.168897
v -0.525912 3.338452 -1.172181
v -0.461813 3.330595 -1.159100
v -0.465554 3.331736 -1.160953
v -0.492372 3.336437 -1.168797
v -0.437808 3.323476 -1.147207
v -0.432968 3.321193 -1.143460
v -0.409738 3.310448 -1.125496
v -0.407320 3.308904 -1.122897
v -0.386454 3.293593 -1.097473
v -0.396720 3.302054 -1.111508
v -0.371145 3.276200 -1.068415
v -0.373932 3.280498 -1.075621
v -0.384587 3.292115 -1.094921
v -0.361626 3.257330 -1.036967
v -0.365473 3.267403 -1.053742
v -0.359961 3.252965 -1.029701
v -0.359961 3.252965 -0.811008
v -0.361626 3.257330 -0.803742
v -0.365473 3.267403 -0.786967
v -0.371145 3.276200 -0.772294
v -0.373932 3.280498 -0.765088
v -0.384587 3.292115 -0.745788
v -0.386454 3.293593 -0.743236
v -0.396720 3.302054 -0.729201
v -0.407320 3.308904 -0.717812
v -0.432968 3.321193 -0.697249
v -0.409738 3.310448 -0.715213
v -0.437808 3.323476 -0.693502
v -0.461813 3.330595 -0.681609
v -0.493167 3.336504 -0.671812
v -0.492372 3.336437 -0.671912
v -0.465554 3.331736 -0.679756
v -0.518483 3.338384 -0.668689
v -0.525912 3.338452 -0.668528
v -0.359961 3.263105 -0.821168
v -0.359961 3.263105 -1.019541
v -0.361626 3.270358 -1.023899
v -0.365473 3.287146 -1.033965
v -0.361626 3.270358 -0.816810
v -0.365473 3.287146 -0.806744
v -0.371145 3.301853 -0.797940
v -0.371145 3.301853 -1.042769
v -0.373932 3.309038 -1.047094
v -0.373932 3.309038 -0.793615
v -0.384587 3.328311 -1.058671
v -0.384587 3.328311 -0.782038
v -0.386454 3.330863 -0.780507
v -0.386454 3.330863 -1.060202
v -0.396720 3.344966 -0.772086
v -0.396720 3.344966 -1.068623
v -0.407320 3.356315 -1.075460
v -0.409738 3.358933 -0.763691
v -0.409738 3.358933 -1.077017
v -0.432968 3.376863 -1.087796
v -0.407320 3.356315 -0.765249
v -0.437808 3.380624 -0.750670
v -0.437808 3.380624 -1.090039
v -0.461813 3.392510 -1.097177
v -0.432968 3.376863 -0.752913
v -0.465554 3.394391 -0.742417
v -0.465554 3.394391 -1.098292
v -0.492372 3.402248 -1.102999
v -0.461813 3.392510 -0.743532
v -0.492372 3.402248 -0.737710
v -0.493167 3.402315 -1.103053
v -0.518483 3.405471 -0.735782
v -0.518483 3.405471 -1.104927
v -0.525912 3.405605 -1.105027
v -0.493167 3.402315 -0.737656
v -0.525912 3.405605 -0.735682
v -0.517368 1.544349 -1.168958
v -0.509152 1.513942 -1.159402
v -0.501580 1.485925 -1.143889
v -0.494943 1.461360 -1.123011
v -0.489497 1.441208 -1.097567
v -0.485450 1.426232 -1.068543
v -0.482958 1.417006 -1.037048
v -0.493933 1.568887 -1.168958
v -0.463184 1.562085 -1.159402
v -0.496218 1.562145 -1.168958
v -0.467665 1.548856 -1.159402
v -0.499907 1.556054 -1.168958
v -0.474900 1.536909 -1.159402
v -0.504824 1.550903 -1.168958
v -0.484545 1.526809 -1.159402
v -0.510737 1.546941 -1.168958
v -0.496145 1.519032 -1.159402
v -0.434844 1.555813 -1.143889
v -0.441351 1.536606 -1.143889
v -0.451854 1.519267 -1.143889
v -0.465857 1.504601 -1.143889
v -0.482698 1.493306 -1.143889
v -0.410004 1.550313 -1.123011
v -0.418287 1.525869 -1.123011
v -0.431654 1.503795 -1.123011
v -0.449477 1.485133 -1.123011
v -0.470910 1.470762 -1.123011
v -0.389619 1.545800 -1.097567
v -0.399358 1.517065 -1.097567
v -0.415077 1.491103 -1.097567
v -0.436033 1.469157 -1.097567
v -0.461237 1.452261 -1.097567
v -0.374471 1.542449 -1.068543
v -0.385293 1.510517 -1.068543
v -0.402759 1.481675 -1.068543
v -0.426044 1.457291 -1.068543
v -0.454049 1.438515 -1.068543
v -0.365144 1.540380 -1.037048
v -0.376631 1.506481 -1.037048
v -0.395173 1.475866 -1.037048
v -0.419893 1.449978 -1.037048
v -0.449623 1.430047 -1.037048
v -1.253510 0.973038 -1.004297
v -1.257654 0.969613 -1.004297
v -1.022730 1.163151 -1.004297
v -1.025839 1.161371 -1.004297
v -0.763106 1.311527 -1.004297
v -0.764792 1.310916 -1.004297
v -1.121412 1.299392 -1.172181
v -0.835505 1.463181 -1.172181
v -1.375307 1.089369 -1.172181
v -1.449277 1.012571 -1.172181
v -1.449277 0.995367 -1.171785
v -1.449277 0.963576 -1.167178
v -1.449277 0.921867 -1.161134
v -1.449277 0.915259 -1.159113
v -1.449277 0.883965 -1.149550
v -1.449277 0.870440 -1.142976
v -1.449277 0.826414 -1.121554
v -1.449277 0.806396 -1.107519
v -1.449277 0.795570 -1.097137
v -1.449277 0.776620 -1.078965
v -1.449277 0.768313 -1.068019
v -1.449277 0.755312 -1.044401
v -1.449277 0.752995 -1.037001
v -1.449277 0.749241 -1.025014
v -1.449277 0.747052 -1.004297
v -1.027672 1.164024 -1.037048
v -1.259910 0.971910 -1.037048
v -0.766148 1.313844 -1.037048
v -1.033112 1.171874 -1.068543
v -0.770171 1.322506 -1.068543
v -1.266605 0.978726 -1.068543
v -1.041942 1.184633 -1.097567
v -0.776705 1.336575 -1.097567
v -1.277478 0.989793 -1.097567
v -1.053828 1.201797 -1.123011
v -0.785502 1.355512 -1.123011
v -1.292111 1.004687 -1.123011
v -1.068314 1.222709 -1.143889
v -0.796220 1.378587 -1.143889
v -1.309940 1.022839 -1.143889
v -1.084840 1.246569 -1.159402
v -0.808448 1.404911 -1.159402
v -1.330281 1.043543 -1.159402
v -1.102770 1.272463 -1.168958
v -0.821711 1.433472 -1.168958
v -1.352354 1.066006 -1.168958
v -1.021689 1.161384 -0.836412
v -0.776349 1.305496 -0.836412
v -0.762730 1.310513 -0.836412
v -1.251624 0.970842 -0.836412
v -1.046717 1.146685 -0.836412
v -1.449277 0.747052 -0.836412
v -1.284670 0.942483 -0.836412
v -0.517368 1.544349 -0.671751
v -0.509152 1.513942 -0.681307
v -0.501580 1.485925 -0.696820
v -0.494943 1.461360 -0.717698
v -0.489497 1.441208 -0.743142
v -0.485450 1.426232 -0.772166
v -0.482958 1.417006 -0.803661
v -0.510737 1.546941 -0.671751
v -0.496145 1.519032 -0.681307
v -0.504824 1.550903 -0.671751
v -0.484545 1.526809 -0.681307
v -0.499907 1.556054 -0.671751
v -0.474900 1.536909 -0.681307
v -0.496218 1.562145 -0.671751
v -0.467665 1.548856 -0.681307
v -0.493933 1.568887 -0.671751
v -0.463184 1.562085 -0.681307
v -0.482698 1.493306 -0.696820
v -0.465857 1.504601 -0.696820
v -0.451854 1.519267 -0.696820
v -0.441351 1.536606 -0.696820
v -0.434844 1.555813 -0.696820
v -0.470910 1.470762 -0.717698
v -0.449477 1.485133 -0.717698
v -0.431654 1.503795 -0.717698
v -0.418287 1.525869 -0.717698
v -0.410004 1.550313 -0.717698
v -0.461237 1.452261 -0.743142
v -0.436033 1.469157 -0.743142
v -0.415077 1.491103 -0.743142
v -0.399358 1.517065 -0.743142
v -0.389619 1.545800 -0.743142
v -0.454049 1.438515 -0.772166
v -0.426044 1.457291 -0.772166
v -0.402759 1.481675 -0.772166
v -0.385293 1.510517 -0.772166
v -0.374471 1.542449 -0.772166
v -0.449623 1.430047 -0.803661
v -0.419893 1.449978 -0.803661
v -0.395173 1.475866 -0.803661
v -0.376631 1.506481 -0.803661
v -0.365144 1.540380 -0.803661
v -0.848163 1.457244 -0.668528
v -1.144285 1.283309 -0.668528
v -1.404902 1.059660 -0.668528
v -1.452293 0.748032 -0.804749
v -1.452575 0.748120 -0.803675
v -1.458054 0.749899 -0.782837
v -1.462708 0.751403 -0.772462
v -1.471344 0.754190 -0.753209
v -1.477851 0.756286 -0.743324
v -1.483123 0.757978 -0.735326
v -1.498965 0.763048 -0.718181
v -1.498965 0.763048 -0.718181
v -1.505821 0.765237 -0.710761
v -1.522213 0.770455 -0.697955
v -1.523986 0.771012 -0.696994
v -1.552372 0.779977 -0.681536
v -1.552929 0.780152 -0.681341
v -1.572861 0.786404 -0.674478
v -1.606867 0.796981 -0.668843
v -1.616309 0.799895 -0.668528
v -1.584532 0.790030 -0.672544
v -1.584539 0.790037 -0.672544
v -1.617162 0.800164 -0.668528
v -0.777726 1.308411 -0.803661
v -1.048591 1.149310 -0.803661
v -1.286980 0.944733 -0.803661
v -0.781815 1.317047 -0.772166
v -1.054144 1.157087 -0.772166
v -1.293823 0.951401 -0.772166
v -0.788450 1.331069 -0.743142
v -1.063156 1.169711 -0.743142
v -1.304930 0.962233 -0.743142
v -0.797381 1.349946 -0.717698
v -1.075291 1.186701 -0.717698
v -1.319885 0.976805 -0.717698
v -0.808267 1.372939 -0.696820
v -1.090078 1.207405 -0.696820
v -1.338104 0.994561 -0.696820
v -0.820677 1.399176 -0.681307
v -1.106947 1.231023 -0.681307
v -1.358888 1.014821 -0.681307
v -0.834155 1.427643 -0.671751
v -1.125247 1.256655 -0.671751
v -1.381445 1.036801 -0.671751
v -1.449277 -0.177912 -1.172181
v -1.449277 -0.177912 -0.836412
v -1.617162 -0.090854 -0.668528
v -1.584411 -0.096118 -0.671751
v -1.600562 -0.092969 -0.669354
v -1.552916 -0.105533 -0.681307
v -1.568818 -0.100222 -0.675639
v -1.523892 -0.118467 -0.696820
v -1.519420 -0.121147 -0.700486
v -1.498448 -0.133752 -0.717698
v -1.477892 -0.149653 -0.743398
v -1.475279 -0.151668 -0.746661
v -1.462057 -0.164051 -0.772166
v -1.456577 -0.169746 -0.787457
v -1.452501 -0.174212 -0.803661
v -1.450103 -0.176952 -0.819772
v -1.529493 3.338452 -1.172181
v -1.529493 -0.115620 -1.172181
v -1.519292 -0.120932 -1.172181
v -1.475279 -0.151668 -1.172181
v -1.586748 3.405605 -1.105027
v -1.575970 3.404329 -1.118129
v -0.525912 3.404329 -1.118129
v -1.565433 3.400502 -1.130727
v -0.525912 3.400502 -1.130727
v -1.555562 3.394257 -1.142338
v -0.525912 3.394257 -1.142338
v -1.546791 3.385930 -1.152512
v -0.525912 3.385930 -1.152512
v -1.539499 3.375789 -1.160866
v -0.525912 3.375789 -1.160866
v -1.536544 3.370148 -1.164217
v -1.534032 3.364172 -1.167071
v -0.525912 3.364172 -1.167071
v -1.532085 3.357993 -1.169267
v -1.530641 3.351547 -1.170892
v -0.525912 3.351547 -1.170892
v -1.529781 3.345100 -1.171852
v -0.364845 3.284796 -1.036510
v -0.359793 3.261896 -1.020816
v -0.364395 3.282445 -1.039042
v -0.359673 3.260620 -1.022099
v -0.364125 3.279961 -1.041567
v -0.359601 3.259344 -1.023375
v -0.364034 3.277476 -1.044072
v -0.359577 3.258068 -1.024651
v -0.364125 3.274991 -1.046550
v -0.359601 3.256793 -1.025920
v -0.364395 3.272439 -1.048988
v -0.359673 3.255517 -1.027189
v -0.364845 3.269955 -1.051385
v -0.359793 3.254241 -1.028445
v -0.372649 3.305882 -1.050888
v -0.371728 3.302524 -1.054655
v -0.371173 3.299032 -1.058389
v -0.370988 3.295473 -1.062049
v -0.371173 3.291780 -1.065621
v -0.371728 3.288086 -1.069093
v -0.372649 3.284326 -1.072431
v -0.382576 3.324618 -1.063694
v -0.381126 3.320589 -1.068664
v -0.380249 3.316224 -1.073546
v -0.379956 3.311724 -1.078280
v -0.380249 3.306957 -1.082826
v -0.381126 3.302121 -1.087144
v -0.382576 3.297085 -1.091187
v -0.394018 3.340936 -1.074842
v -0.392061 3.336437 -1.080980
v -0.390876 3.331468 -1.086943
v -0.390479 3.326096 -1.092658
v -0.390876 3.320387 -1.098043
v -0.392061 3.314411 -1.103026
v -0.394018 3.308300 -1.107532
v -0.406470 3.354971 -1.084391
v -0.404094 3.350204 -1.091630
v -0.402650 3.344697 -1.098607
v -0.402166 3.338653 -1.105202
v -0.402650 3.332005 -1.111293
v -0.404094 3.325088 -1.116766
v -0.406470 3.317835 -1.121527
v -0.433995 3.377267 -1.099601
v -0.431199 3.372499 -1.108916
v -0.429492 3.366455 -1.117733
v -0.428918 3.359269 -1.125832
v -0.429492 3.351144 -1.133004
v -0.431199 3.342346 -1.139054
v -0.433995 3.333012 -1.143829
v -0.462147 3.391906 -1.109614
v -0.459631 3.387474 -1.120574
v -0.458087 3.381228 -1.130808
v -0.457568 3.373439 -1.139988
v -0.458087 3.364239 -1.147824
v -0.459631 3.353964 -1.154050
v -0.462147 3.343018 -1.158482
v -0.490165 3.400502 -1.115523
v -0.488529 3.396473 -1.127591
v -0.487522 3.390227 -1.138759
v -0.487183 3.382035 -1.148624
v -0.487522 3.372163 -1.156823
v -0.488529 3.361015 -1.163055
v -0.490165 3.348928 -1.167098
v -0.517962 3.404128 -1.118001
v -0.517575 3.400300 -1.130573
v -0.517336 3.394122 -1.142157
v -0.517256 3.385728 -1.152324
v -0.517336 3.375588 -1.160664
v -0.517575 3.363970 -1.166869
v -0.517962 3.351413 -1.170704
v -1.752094 3.405605 -0.869909
v -1.826064 3.405605 -0.735682
v -1.858278 3.338452 -0.668528
v -1.857687 3.351547 -0.669817
v -0.525912 3.351547 -0.669817
v -1.855934 3.364172 -0.673638
v -0.525912 3.364172 -0.673638
v -1.853060 3.375789 -0.679843
v -0.525912 3.375789 -0.679843
v -1.849158 3.385930 -0.688197
v -0.525912 3.385930 -0.688197
v -1.844337 3.394257 -0.698371
v -0.525912 3.394257 -0.698371
v -1.838756 3.400502 -0.709982
v -0.525912 3.400502 -0.709982
v -1.832592 3.404329 -0.722580
v -0.525912 3.404329 -0.722580
v -0.364845 3.269955 -0.789324
v -0.359793 3.254241 -0.812264
v -0.364395 3.272439 -0.791721
v -0.359673 3.255517 -0.813520
v -0.364125 3.274991 -0.794159
v -0.359601 3.256793 -0.814789
v -0.364034 3.277476 -0.796637
v -0.359577 3.258068 -0.816058
v -0.364125 3.279961 -0.799142
v -0.359601 3.259344 -0.817334
v -0.364395 3.282445 -0.801667
v -0.359673 3.260620 -0.818610
v -0.364845 3.284796 -0.804199
v -0.359793 3.261896 -0.819892
v -0.372649 3.284326 -0.768278
v -0.371728 3.288086 -0.771616
v -0.371173 3.291780 -0.775087
v -0.370988 3.295473 -0.778660
v -0.371173 3.299032 -0.782320
v -0.371728 3.302524 -0.786054
v -0.372649 3.305882 -0.789821
v -0.382576 3.297085 -0.749522
v -0.381126 3.302121 -0.753565
v -0.380249 3.306957 -0.757883
v -0.379956 3.311724 -0.762429
v -0.380249 3.316224 -0.767163
v -0.381126 3.320589 -0.772045
v -0.382576 3.324618 -0.777015
v -0.394018 3.308300 -0.733177
v -0.392061 3.314411 -0.737683
v -0.390876 3.320387 -0.742666
v -0.390479 3.326096 -0.748051
v -0.390876 3.331468 -0.753766
v -0.392061 3.336437 -0.759729
v -0.394018 3.340936 -0.765867
v -0.406470 3.317835 -0.719182
v -0.404094 3.325088 -0.723943
v -0.402650 3.332005 -0.729416
v -0.402166 3.338653 -0.735507
v -0.402650 3.344697 -0.742101
v -0.404094 3.350204 -0.749079
v -0.406470 3.354971 -0.756318
v -0.433995 3.333012 -0.696880
v -0.431199 3.342346 -0.701655
v -0.429492 3.351144 -0.707705
v -0.428918 3.359269 -0.714877
v -0.429492 3.366455 -0.722976
v -0.431199 3.372499 -0.731793
v -0.433995 3.377267 -0.741108
v -0.462147 3.343018 -0.682227
v -0.459631 3.353964 -0.686659
v -0.458087 3.364239 -0.692885
v -0.457568 3.373439 -0.700721
v -0.458087 3.381228 -0.709901
v -0.459631 3.387474 -0.720135
v -0.462147 3.391906 -0.731095
v -0.490165 3.348928 -0.673611
v -0.488529 3.361015 -0.677654
v -0.487522 3.372163 -0.683886
v -0.487183 3.382035 -0.692085
v -0.487522 3.390227 -0.701950
v -0.488529 3.396473 -0.713118
v -0.490165 3.400502 -0.725185
v -0.517962 3.351413 -0.670005
v -0.517575 3.363970 -0.673840
v -0.517336 3.375588 -0.680045
v -0.517256 3.385728 -0.688385
v -0.517336 3.394122 -0.698552
v -0.517575 3.400300 -0.710136
v -0.517962 3.404128 -0.722708
v -1.519735 -0.121664 -1.182798
v -1.487904 -0.141373 -1.217443
v -1.411470 -0.237249 -0.668528
v -1.438788 -0.191040 -0.668528
v -1.438788 -0.191040 -1.267526
v -1.424182 -0.212919 -1.281756
v -1.394560 -0.288205 -0.668528
v -1.411470 -0.237249 -1.293924
v -1.401739 -0.262002 -1.303091
v -1.388839 -0.341579 -0.668528
v -1.394560 -0.288205 -1.309779
v -1.390276 -0.314738 -1.313735
v -1.390283 -0.368521 -1.313728
v -1.394560 -0.394953 -1.309779
v -1.388839 -0.341579 -1.315058
v -1.394560 -0.394953 -0.668528
v -1.401739 -0.421150 -1.303091
v -1.411470 -0.445909 -1.293924
v -1.411470 -0.445909 -0.668528
v -1.424122 -0.470132 -1.281816
v -1.438788 -0.492118 -1.267526
v -1.517378 -0.561159 -1.139309
v -1.487904 -0.541785 -1.217443
v -1.519292 -0.562227 -1.183537
v -1.475850 -0.530859 -1.229886
v -1.519346 -0.562119 -1.140498
v -1.494029 -0.546311 -1.118418
v -1.438788 -0.492118 -0.668528
v -1.462057 -0.519107 -0.772166
v -1.475353 -0.531410 -0.747286
v -1.452501 -0.508947 -0.803661
v -1.456570 -0.513406 -0.787477
v -1.450103 -0.506207 -0.819792
v -1.449277 -0.505246 -1.004297
v -1.450016 -0.506106 -1.020044
v -1.449277 -0.505246 -0.836412
v -1.460868 -0.517898 -1.065588
v -1.455885 -0.512674 -1.050942
v -1.452199 -0.508604 -1.035483
v -1.474970 -0.531215 -1.093557
v -1.456402 -0.513225 -1.249965
v -1.475293 -0.531470 -1.093981
v -1.475279 -0.531490 -0.668528
v -1.498448 -0.549407 -0.717698
v -1.519420 -0.562012 -0.700486
v -1.477569 -0.533458 -0.743142
v -1.568818 -0.582937 -0.668528
v -1.519292 -0.562227 -0.668528
v -1.552916 -0.577625 -0.681307
v -1.523892 -0.564691 -0.696820
v -1.568818 -0.582937 -0.675639
v -1.584411 -0.587040 -0.671751
v -1.600568 -0.590196 -0.669347
v -1.568818 -0.100222 -0.668528
v -1.519292 -0.120932 -0.668528
v -1.475279 -0.151668 -0.668528
v -1.475279 -0.151668 -1.230645
v -1.456450 -0.169874 -1.249912
v -1.617162 -0.592305 -0.668528
v -1.544193 -0.574193 -1.155493
v -1.449277 -1.322764 -1.004297
v -1.452246 -1.323731 -1.035483
v -1.458054 -1.325611 -1.057872
v -1.452575 -1.323832 -1.037034
v -1.461405 -1.326692 -1.065346
v -1.452293 -1.323744 -1.035960
v -1.471344 -1.329903 -1.087500
v -1.462708 -1.327116 -1.068247
v -1.475226 -1.331152 -1.093390
v -1.483123 -1.333690 -1.105383
v -1.477851 -1.331998 -1.097385
v -1.494647 -1.337377 -1.117854
v -1.505821 -1.340949 -1.129948
v -1.498965 -1.338760 -1.122528
v -1.517539 -1.344676 -1.139101
v -1.522213 -1.346167 -1.142754
v -1.544193 -1.353118 -1.155493
v -1.523959 -1.346718 -1.143768
v -1.449277 -1.322764 -0.836412
v -1.450815 -1.323268 -0.813734
v -1.453139 -1.324020 -0.803809
v -1.458054 -1.325611 -0.782837
v -1.466247 -1.328257 -0.762865
v -1.478127 -1.332078 -0.743478
v -1.462379 -1.327008 -0.772301
v -1.496782 -1.338068 -0.719390
v -1.498588 -1.338639 -0.717866
v -1.483123 -1.333690 -0.735326
v -1.478127 -1.332078 -0.743478
v -1.498588 -1.338639 -0.717866
v -1.522213 -1.346167 -0.697955
v -1.540956 -1.352097 -0.686821
v -1.553211 -1.355945 -0.682079
v -1.523952 -1.346718 -0.696927
v -1.582054 -1.364984 -0.672241
v -1.584431 -1.365722 -0.671979
v -1.572861 -1.362116 -0.674478
v -1.553211 -1.355945 -0.682079
v -1.584438 -1.365722 -0.671979
v -1.616309 -1.375607 -0.668528
v -1.617162 -1.375876 -0.668528
v -1.371607 -1.422172 -1.004297
v -1.371607 -1.422172 -0.836412
v -1.475051 -1.509129 -0.671751
v -1.500120 -1.530202 -0.668528
v -1.450943 -1.488862 -0.681307
v -1.428722 -1.470187 -0.696820
v -1.409247 -1.453815 -0.717698
v -1.393271 -1.440377 -0.743142
v -1.381392 -1.430398 -0.772166
v -1.374079 -1.424247 -0.803661
v -1.500120 -1.562953 -0.671751
v -1.500120 -1.594448 -0.681307
v -1.500120 -1.623472 -0.696820
v -1.500120 -1.648917 -0.717698
v -1.500120 -1.669795 -0.743142
v -1.500120 -1.685308 -0.772166
v -1.500120 -1.694864 -0.803661
v -1.465723 -1.694528 -0.836412
v -1.432784 -1.683991 -0.836412
v -1.402706 -1.666934 -0.836412
v -1.376758 -1.644075 -0.836412
v -1.356041 -1.616381 -0.836412
v -1.341442 -1.585033 -0.836412
v -1.333571 -1.551362 -0.836412
v -1.332772 -1.516785 -0.836412
v -1.339071 -1.482785 -0.836412
v -1.352200 -1.450793 -0.836412
v -1.500120 -1.698087 -0.836412
v -1.493411 -1.562261 -0.671751
v -1.486957 -1.593085 -0.681307
v -1.486984 -1.560207 -0.671751
v -1.474353 -1.589056 -0.681307
v -1.481115 -1.556876 -0.671751
v -1.462842 -1.582529 -0.681307
v -1.476052 -1.552417 -0.671751
v -1.452910 -1.573778 -0.681307
v -1.472009 -1.547018 -0.671751
v -1.444986 -1.563182 -0.681307
v -1.469162 -1.540900 -0.671751
v -1.439399 -1.551188 -0.681307
v -1.467631 -1.534332 -0.671751
v -1.436384 -1.538301 -0.681307
v -1.467469 -1.527583 -0.671751
v -1.436082 -1.525072 -0.681307
v -1.468698 -1.520949 -0.671751
v -1.438486 -1.512057 -0.681307
v -1.471264 -1.514710 -0.671751
v -1.443516 -1.499815 -0.681307
v -1.481008 -1.621498 -0.696820
v -1.462708 -1.615642 -0.696820
v -1.446000 -1.606167 -0.696820
v -1.431582 -1.593468 -0.696820
v -1.420072 -1.578083 -0.696820
v -1.411960 -1.560663 -0.696820
v -1.407588 -1.541954 -0.696820
v -1.407145 -1.522748 -0.696820
v -1.410644 -1.503858 -0.696820
v -1.417943 -1.486082 -0.696820
v -1.475796 -1.646399 -0.717698
v -1.452507 -1.638951 -0.717698
v -1.431233 -1.626884 -0.717698
v -1.412887 -1.610720 -0.717698
v -1.398240 -1.591138 -0.717698
v -1.387919 -1.568977 -0.717698
v -1.382352 -1.545164 -0.717698
v -1.381788 -1.520713 -0.717698
v -1.386240 -1.496672 -0.717698
v -1.395527 -1.474055 -0.717698
v -1.471519 -1.666834 -0.743142
v -1.444134 -1.658077 -0.743142
v -1.419119 -1.643887 -0.743142
v -1.397549 -1.624883 -0.743142
v -1.380324 -1.601856 -0.743142
v -1.368182 -1.575793 -0.743142
v -1.361642 -1.547796 -0.743142
v -1.360977 -1.519048 -0.743142
v -1.366215 -1.490776 -0.743142
v -1.377134 -1.464177 -0.743142
v -1.468342 -1.682017 -0.772166
v -1.437908 -1.672286 -0.772166
v -1.410120 -1.656525 -0.772166
v -1.386146 -1.635405 -0.772166
v -1.367007 -1.609820 -0.772166
v -1.353523 -1.580863 -0.772166
v -1.346250 -1.549751 -0.772166
v -1.345511 -1.517806 -0.772166
v -1.351327 -1.486391 -0.772166
v -1.363462 -1.456837 -0.772166
v -1.466382 -1.691365 -0.803661
v -1.434080 -1.681037 -0.803661
v -1.404573 -1.664308 -0.803661
v -1.379129 -1.641886 -0.803661
v -1.358808 -1.614729 -0.803661
v -1.344491 -1.583979 -0.803661
v -1.336775 -1.550953 -0.803661
v -1.335989 -1.517047 -0.803661
v -1.342167 -1.483698 -0.803661
v -1.355047 -1.452317 -0.803661
v -1.771811 -1.698087 -0.836412
v -1.790264 -1.694864 -0.803661
v -1.807261 -1.685308 -0.772166
v -1.822297 -1.669795 -0.743142
v -1.834989 -1.648917 -0.717698
v -1.845075 -1.623472 -0.696820
v -1.852382 -1.594448 -0.681307
v -1.856801 -1.562953 -0.671751
v -1.858278 -1.530202 -0.668528
v -1.500120 -1.698087 -1.004297
v -1.663760 -1.698087 -1.004297
v -1.752094 -1.698087 -0.869909
v -1.352200 -1.450793 -1.004297
v -1.339071 -1.482785 -1.004297
v -1.332772 -1.516785 -1.004297
v -1.333571 -1.551362 -1.004297
v -1.341442 -1.585033 -1.004297
v -1.356041 -1.616381 -1.004297
v -1.376758 -1.644075 -1.004297
v -1.402706 -1.666934 -1.004297
v -1.432784 -1.683991 -1.004297
v -1.465723 -1.694528 -1.004297
v -1.475051 -1.509129 -1.168958
v -1.500120 -1.562953 -1.168958
v -1.500120 -1.594448 -1.159402
v -1.450943 -1.488862 -1.159402
v -1.500120 -1.623472 -1.143889
v -1.428722 -1.470187 -1.143889
v -1.500120 -1.648917 -1.123011
v -1.409247 -1.453815 -1.123011
v -1.500120 -1.669795 -1.097567
v -1.393271 -1.440377 -1.097567
v -1.500120 -1.685308 -1.068543
v -1.381392 -1.430398 -1.068543
v -1.500120 -1.694864 -1.037048
v -1.374079 -1.424247 -1.037048
v -1.500120 -1.530202 -1.172181
v -1.471264 -1.514710 -1.168958
v -1.443516 -1.499815 -1.159402
v -1.468698 -1.520949 -1.168958
v -1.438486 -1.512057 -1.159402
v -1.467469 -1.527583 -1.168958
v -1.436082 -1.525072 -1.159402
v -1.467631 -1.534332 -1.168958
v -1.436384 -1.538301 -1.159402
v -1.469162 -1.540900 -1.168958
v -1.439399 -1.551188 -1.159402
v -1.472009 -1.547018 -1.168958
v -1.444986 -1.563182 -1.159402
v -1.476052 -1.552417 -1.168958
v -1.452910 -1.573778 -1.159402
v -1.481115 -1.556876 -1.168958
v -1.462842 -1.582529 -1.159402
v -1.486984 -1.560207 -1.168958
v -1.474353 -1.589056 -1.159402
v -1.493411 -1.562261 -1.168958
v -1.486957 -1.593085 -1.159402
v -1.417943 -1.486082 -1.143889
v -1.410644 -1.503858 -1.143889
v -1.407145 -1.522748 -1.143889
v -1.407588 -1.541954 -1.143889
v -1.411960 -1.560663 -1.143889
v -1.420072 -1.578083 -1.143889
v -1.431582 -1.593468 -1.143889
v -1.446000 -1.606167 -1.143889
v -1.462708 -1.615642 -1.143889
v -1.481008 -1.621498 -1.143889
v -1.395527 -1.474055 -1.123011
v -1.386240 -1.496672 -1.123011
v -1.381788 -1.520713 -1.123011
v -1.382352 -1.545164 -1.123011
v -1.387919 -1.568977 -1.123011
v -1.398240 -1.591138 -1.123011
v -1.412887 -1.610720 -1.123011
v -1.431233 -1.626884 -1.123011
v -1.452507 -1.638951 -1.123011
v -1.475796 -1.646399 -1.123011
v -1.377134 -1.464177 -1.097567
v -1.366215 -1.490776 -1.097567
v -1.360977 -1.519048 -1.097567
v -1.361642 -1.547796 -1.097567
v -1.368182 -1.575793 -1.097567
v -1.380324 -1.601856 -1.097567
v -1.397549 -1.624883 -1.097567
v -1.419119 -1.643887 -1.097567
v -1.444134 -1.658077 -1.097567
v -1.471519 -1.666834 -1.097567
v -1.363462 -1.456837 -1.068543
v -1.351327 -1.486391 -1.068543
v -1.345511 -1.517806 -1.068543
v -1.346250 -1.549751 -1.068543
v -1.353523 -1.580863 -1.068543
v -1.367007 -1.609820 -1.068543
v -1.386146 -1.635405 -1.068543
v -1.410120 -1.656525 -1.068543
v -1.437908 -1.672286 -1.068543
v -1.468342 -1.682017 -1.068543
v -1.355047 -1.452317 -1.037048
v -1.342167 -1.483698 -1.037048
v -1.335989 -1.517047 -1.037048
v -1.336775 -1.550953 -1.037048
v -1.344491 -1.583979 -1.037048
v -1.358808 -1.614729 -1.037048
v -1.379129 -1.641886 -1.037048
v -1.404573 -1.664308 -1.037048
v -1.434080 -1.681037 -1.037048
v -1.466382 -1.691365 -1.037048
v -1.534214 -1.419842 -1.166863
v -1.533173 -1.436281 -1.168038
v -1.541325 -1.372283 -1.158757
v -1.529493 -1.494403 -1.172181
v -1.529493 -1.530202 -1.172181
v -1.530218 -1.546715 -1.171369
v -1.532360 -1.562953 -1.168958
v -1.535939 -1.579084 -1.164908
v -1.540781 -1.594448 -1.159402
v -1.547033 -1.609585 -1.152230
v -1.554232 -1.623472 -1.143889
v -1.571907 -1.648917 -1.123011
v -1.592799 -1.669795 -1.097567
v -1.615806 -1.685308 -1.068543
v -1.639813 -1.694864 -1.037048
v -0.435254 3.069836 -0.668528
v -0.436802 3.088840 -0.668528
v -0.435427 3.063477 -0.668528
v -0.439538 3.038395 -0.668528
v -0.443601 3.113352 -0.668528
v -0.463205 2.993758 -0.668528
v -0.448944 3.014791 -0.668528
v -0.481654 2.976278 -0.668528
v -0.455504 3.135782 -0.668528
v -0.503428 2.963176 -0.668528
v -1.591321 -0.448240 -0.668528
v -1.569543 -0.435138 -0.668528
v -1.615403 -0.456352 -0.668528
v -1.640666 -0.459099 -0.668528
v -0.527510 2.955063 -0.668528
v -1.523147 -0.341579 -0.668528
v -1.524698 -0.322568 -0.668528
v -1.551096 -0.417658 -0.668528
v -1.536839 -0.396625 -0.668528
v -1.665929 -0.456352 -0.668528
v -1.523321 -0.347939 -0.668528
v -1.527431 -0.373021 -0.668528
v -0.471956 3.155122 -0.668528
v -0.552774 2.952317 -0.668528
v -1.627960 -0.224752 -0.668528
v -1.653371 -0.224752 -0.668528
v -1.603140 -0.230211 -0.668528
v -1.580080 -0.240882 -0.668528
v -1.559846 -0.256260 -0.668528
v -1.543393 -0.275627 -0.668528
v -1.531494 -0.298084 -0.668528
v -1.690011 -0.448240 -0.668528
v -1.744492 -0.396625 -0.668528
v -1.730236 -0.417658 -0.668528
v -0.656603 3.014791 -0.668528
v -0.515249 3.181177 -0.668528
v -0.540067 3.186684 -0.668528
v -0.492186 3.170567 -0.668528
v -0.578037 2.955063 -0.668528
v -0.623893 2.976278 -0.668528
v -0.602119 2.963176 -0.668528
v -0.642342 2.993758 -0.668528
v -1.701252 -0.240882 -0.668528
v -1.721485 -0.256260 -0.668528
v -1.711789 -0.435138 -0.668528
v -1.753901 -0.373021 -0.668528
v -1.678191 -0.230211 -0.668528
v -1.749838 -0.298084 -0.668528
v -1.756634 -0.322568 -0.668528
v -1.737938 -0.275627 -0.668528
v -0.666009 3.038395 -0.668528
v -0.565480 3.186684 -0.668528
v -0.590298 3.181177 -0.668528
v -1.758011 -0.347939 -0.668528
v -0.613361 3.170567 -0.668528
v -0.670120 3.063477 -0.668528
v -0.633591 3.155122 -0.668528
v -0.661946 3.113352 -0.668528
v -0.668745 3.088840 -0.668528
v -0.650043 3.135782 -0.668528
v -0.578037 2.955063 -0.332759
v -0.552774 2.952317 -0.332759
v -0.602119 2.963176 -0.332759
v -0.623893 2.976278 -0.332759
v -0.642342 2.993758 -0.332759
v -0.656603 3.014791 -0.332759
v -0.666009 3.038395 -0.332759
v -0.670120 3.063477 -0.332759
v -0.668745 3.088840 -0.332759
v -0.661946 3.113352 -0.332759
v -0.650043 3.135782 -0.332759
v -0.633591 3.155122 -0.332759
v -0.613361 3.170567 -0.332759
v -0.590298 3.181177 -0.332759
v -0.565480 3.186684 -0.332759
v -0.540067 3.186684 -0.332759
v -0.515249 3.181177 -0.332759
v -0.492186 3.170567 -0.332759
v -0.471956 3.155122 -0.332759
v -0.455504 3.135782 -0.332759
v -0.443601 3.113352 -0.332759
v -0.436802 3.088840 -0.332759
v -0.435427 3.063477 -0.332759
v -0.439538 3.038395 -0.332759
v -0.448944 3.014791 -0.332759
v -0.463205 2.993758 -0.332759
v -0.481654 2.976278 -0.332759
v -0.503428 2.963176 -0.332759
v -0.527510 2.955063 -0.332759
v -1.665929 -0.456352 -0.332759
v -1.640666 -0.459099 -0.332759
v -1.690011 -0.448240 -0.332759
v -1.711789 -0.435138 -0.332759
v -1.730236 -0.417658 -0.332759
v -1.744492 -0.396625 -0.332759
v -1.753901 -0.373021 -0.332759
v -1.758011 -0.347939 -0.332759
v -1.756634 -0.322568 -0.332759
v -1.749838 -0.298084 -0.332759
v -1.737938 -0.275627 -0.332759
v -1.721485 -0.256260 -0.332759
v -1.701252 -0.240882 -0.332759
v -1.678191 -0.230211 -0.332759
v -1.653371 -0.224752 -0.332759
v -1.627960 -0.224752 -0.332759
v -1.603140 -0.230211 -0.332759
v -1.580080 -0.240882 -0.332759
v -1.559846 -0.256260 -0.332759
v -1.543393 -0.275627 -0.332759
v -1.531494 -0.298084 -0.332759
v -1.524698 -0.322568 -0.332759
v -1.523321 -0.347939 -0.332759
v -1.527431 -0.373021 -0.332759
v -1.536839 -0.396625 -0.332759
v -1.551096 -0.417658 -0.332759
v -1.569543 -0.435138 -0.332759
v -1.591321 -0.448240 -0.332759
v -1.615403 -0.456352 -0.332759
v 1.366228 2.955063 -0.332759
v 1.340965 2.952317 -0.332759
v 1.583444 -0.312052 -0.332759
v 1.291620 2.963176 -0.332759
v 1.608855 -0.312052 -0.332759
v 1.932718 3.405605 -0.332759
v 1.454200 3.038395 -0.332759
v 1.444792 3.014791 -0.332759
v -1.977234 3.405605 -0.332759
v -1.977234 -1.698087 -0.332759
v 1.558624 -0.317511 -0.332759
v 1.633675 -0.317511 -0.332759
v 1.237138 3.014791 -0.332759
v 1.227730 3.038395 -0.332759
v 1.932718 -1.698087 -0.332759
v 1.699976 -0.483925 -0.332759
v 1.685719 -0.504958 -0.332759
v 1.713494 -0.435239 -0.332759
v 1.709384 -0.460321 -0.332759
v 1.705322 -0.385384 -0.332759
v 1.712117 -0.409868 -0.332759
v 1.390310 2.963176 -0.332759
v 1.430535 2.993758 -0.332759
v 1.251395 2.993758 -0.332759
v 1.535563 -0.328182 -0.332759
v 1.412088 2.976278 -0.332759
v 1.546805 -0.535540 -0.332759
v 1.667272 -0.522438 -0.332759
v 1.645494 -0.535540 -0.332759
v 1.676969 -0.343560 -0.332759
v 1.693422 -0.362927 -0.332759
v 1.656736 -0.328182 -0.332759
v 1.269842 2.976278 -0.332759
v 1.525027 -0.522438 -0.332759
v 1.621413 -0.543652 -0.332759
v 1.498877 -0.362927 -0.332759
v 1.515330 -0.343560 -0.332759
v 1.456933 3.088840 -0.332759
v 1.458310 3.063477 -0.332759
v 1.438237 3.135782 -0.332759
v 1.450137 3.113352 -0.332759
v 1.280379 3.170567 -0.332759
v 1.303439 3.181177 -0.332759
v 1.478805 -0.435239 -0.332759
v 1.315702 2.955063 -0.332759
v 1.570886 -0.543652 -0.332759
v 1.378490 3.181177 -0.332759
v 1.401551 3.170567 -0.332759
v 1.224997 3.088840 -0.332759
v 1.482915 -0.460321 -0.332759
v 1.506580 -0.504958 -0.332759
v 1.492323 -0.483925 -0.332759
v 1.596150 -0.546399 -0.332759
v 1.421785 3.155122 -0.332759
v 1.480182 -0.409868 -0.332759
v 1.486978 -0.385384 -0.332759
v 1.353670 3.186684 -0.332759
v 1.260145 3.155122 -0.332759
v 1.231793 3.113352 -0.332759
v 1.223620 3.063477 -0.332759
v 1.328259 3.186684 -0.332759
v 1.243693 3.135782 -0.332759
v 1.340965 2.952317 -0.668528
v 1.315702 2.955063 -0.668528
v 1.291620 2.963176 -0.668528
v 1.269842 2.976278 -0.668528
v 1.251395 2.993758 -0.668528
v 1.237138 3.014791 -0.668528
v 1.227730 3.038395 -0.668528
v 1.223620 3.063477 -0.668528
v 1.224997 3.088840 -0.668528
v 1.231793 3.113352 -0.668528
v 1.243693 3.135782 -0.668528
v 1.260145 3.155122 -0.668528
v 1.280379 3.170567 -0.668528
v 1.303439 3.181177 -0.668528
v 1.328259 3.186684 -0.668528
v 1.353670 3.186684 -0.668528
v 1.378490 3.181177 -0.668528
v 1.401551 3.170567 -0.668528
v 1.421785 3.155122 -0.668528
v 1.438237 3.135782 -0.668528
v 1.450137 3.113352 -0.668528
v 1.456933 3.088840 -0.668528
v 1.458484 3.069836 -0.668528
v 1.458310 3.063477 -0.668528
v 1.454200 3.038395 -0.668528
v 1.444792 3.014791 -0.668528
v 1.430535 2.993758 -0.668528
v 1.412088 2.976278 -0.668528
v 1.390310 2.963176 -0.668528
v 1.366228 2.955063 -0.668528
v 1.596150 -0.546399 -0.668528
v 1.570886 -0.543652 -0.668528
v 1.546805 -0.535540 -0.668528
v 1.525027 -0.522438 -0.668528
v 1.506580 -0.504958 -0.668528
v 1.492323 -0.483925 -0.668528
v 1.482915 -0.460321 -0.668528
v 1.478805 -0.435239 -0.668528
v 1.480182 -0.409868 -0.668528
v 1.486978 -0.385384 -0.668528
v 1.498877 -0.362927 -0.668528
v 1.515330 -0.343560 -0.668528
v 1.535563 -0.328182 -0.668528
v 1.558624 -0.317511 -0.668528
v 1.583444 -0.312052 -0.668528
v 1.608855 -0.312052 -0.668528
v 1.633675 -0.317511 -0.668528
v 1.656736 -0.328182 -0.668528
v 1.676969 -0.343560 -0.668528
v 1.693422 -0.362927 -0.668528
v 1.705322 -0.385384 -0.668528
v 1.712117 -0.409868 -0.668528
v 1.713669 -0.428879 -0.668528
v 1.713494 -0.435239 -0.668528
v 1.709384 -0.460321 -0.668528
v 1.699976 -0.483925 -0.668528
v 1.685719 -0.504958 -0.668528
v 1.667272 -0.522438 -0.668528
v 1.645494 -0.535540 -0.668528
v 1.621413 -0.543652 -0.668528
v 0.397453 3.405605 0.634875
v 1.996554 3.405605 0.170894
v 1.949359 3.405605 0.604879
v 1.949359 3.405605 -0.263090
v -0.441970 3.405605 0.634875
v -1.752094 3.405605 1.211697
v -1.935391 3.405605 0.815504
v 1.584901 3.405605 1.392623
v 1.484976 3.405605 1.513970
v 0.397453 3.405605 0.970642
v 1.809967 3.405605 1.018570
v -2.029238 3.405605 0.389166
v -0.441970 3.405605 0.970642
v -1.529493 3.405605 1.513970
v -2.029238 3.405605 -0.047378
v 0.397453 3.993202 0.634875
v -0.441970 3.993202 0.634875
v 0.397453 3.573490 0.970642
v 0.397453 3.993202 0.970642
v -0.441970 3.993202 0.970642
v -0.441970 3.573490 0.970642
v -0.022258 4.077144 0.970642
v -0.266697 4.077144 0.970642
v 0.514973 3.573490 0.970642
v 0.514973 4.077144 0.970642
v -0.559489 4.077144 0.970642
v -0.559489 3.573490 0.970642
v -0.559489 4.077144 1.474295
v -0.559489 3.573490 1.474295
v 0.514973 3.573490 1.474295
v 0.514973 4.077144 1.474295
v -0.348866 3.573490 2.163112
v -0.861681 3.573490 1.474295
v -0.861681 3.573490 2.006912
v -0.769499 3.573490 2.046325
v 0.517831 3.573490 2.116118
v 0.817165 3.573490 2.006912
v 0.087038 3.573490 2.186743
v 0.817165 3.573490 1.474295
v -0.861681 4.077144 1.474295
v -0.861681 4.077144 2.006912
v 0.817165 4.077144 1.474295
v 0.817165 4.077144 2.006912
v -0.741066 3.785226 1.474295
v -0.748970 3.792680 1.474295
v -0.666087 3.801746 1.474295
v -0.672199 3.792680 1.474295
v -0.755081 3.801746 1.474295
v -0.662056 3.811819 1.474295
v -0.684619 3.868497 1.474295
v -0.675949 3.861849 1.474295
v -0.705139 3.875414 1.474295
v -0.694502 3.873063 1.474295
v -0.760877 3.822564 1.474295
v -0.731732 3.779585 1.474295
v -0.680105 3.785226 1.474295
v -0.760286 3.833443 1.474295
v -0.759117 3.811819 1.474295
v -0.660294 3.822564 1.474295
v -0.660883 3.833443 1.474295
v -0.668898 3.853589 1.474295
v -0.716031 3.875414 1.474295
v -0.736553 3.868497 1.474295
v -0.726668 3.873063 1.474295
v -0.752274 3.853589 1.474295
v -0.745223 3.861849 1.474295
v -0.757371 3.843986 1.474295
v -0.721410 3.776160 1.474295
v -0.689437 3.779585 1.474295
v -0.663797 3.843986 1.474295
v -0.710585 3.774952 1.474295
v -0.699760 3.776160 1.474295
v 0.710565 3.801746 1.474295
v 0.704454 3.792680 1.474295
v 0.714601 3.811819 1.474295
v 0.715769 3.833443 1.474295
v 0.716360 3.822564 1.474295
v 0.671515 3.875414 1.474295
v 0.682152 3.873063 1.474295
v 0.615777 3.822564 1.474295
v 0.635589 3.785226 1.474295
v 0.627682 3.792680 1.474295
v 0.712855 3.843986 1.474295
v 0.692037 3.868497 1.474295
v 0.640102 3.868497 1.474295
v 0.649985 3.873063 1.474295
v 0.545424 4.077144 1.474295
v 0.616367 3.833443 1.474295
v 0.621571 3.801746 1.474295
v 0.696550 3.785226 1.474295
v 0.687216 3.779585 1.474295
v 0.700707 3.861849 1.474295
v 0.619281 3.843986 1.474295
v 0.617539 3.811819 1.474295
v 0.707758 3.853589 1.474295
v 0.631433 3.861849 1.474295
v 0.655244 3.776160 1.474295
v 0.644921 3.779585 1.474295
v 0.660623 3.875414 1.474295
v 0.624382 3.853589 1.474295
v 0.676894 3.776160 1.474295
v 0.666069 3.774952 1.474295
v 0.666069 3.774952 0.802760
v 0.655244 3.776160 0.802760
v 0.644921 3.779585 0.802760
v 0.635589 3.785226 0.802760
v 0.627682 3.792680 0.802760
v 0.621571 3.801746 0.802760
v 0.617539 3.811819 0.802760
v 0.615777 3.822564 0.802760
v 0.616367 3.833443 0.802760
v 0.619281 3.843986 0.802760
v 0.624382 3.853589 0.802760
v 0.631433 3.861849 0.802760
v 0.640102 3.868497 0.802760
v 0.649985 3.873063 0.802760
v 0.660623 3.875414 0.802760
v 0.671515 3.875414 0.802760
v 0.682152 3.873063 0.802760
v 0.692037 3.868497 0.802760
v 0.700707 3.861849 0.802760
v 0.707758 3.853589 0.802760
v 0.712855 3.843986 0.802760
v 0.715769 3.833443 0.802760
v 0.716360 3.822564 0.802760
v 0.714601 3.811819 0.802760
v 0.710565 3.801746 0.802760
v 0.704454 3.792680 0.802760
v 0.696550 3.785226 0.802760
v 0.687216 3.779585 0.802760
v 0.676894 3.776160 0.802760
v 0.666069 3.825317 0.802760
v -0.710585 3.774952 0.802760
v -0.721410 3.776160 0.802760
v -0.731732 3.779585 0.802760
v -0.741066 3.785226 0.802760
v -0.748970 3.792680 0.802760
v -0.755081 3.801746 0.802760
v -0.759117 3.811819 0.802760
v -0.760877 3.822564 0.802760
v -0.760286 3.833443 0.802760
v -0.757371 3.843986 0.802760
v -0.752274 3.853589 0.802760
v -0.745223 3.861849 0.802760
v -0.736553 3.868497 0.802760
v -0.726668 3.873063 0.802760
v -0.716031 3.875414 0.802760
v -0.705139 3.875414 0.802760
v -0.694502 3.873063 0.802760
v -0.684619 3.868497 0.802760
v -0.675949 3.861849 0.802760
v -0.668898 3.853589 0.802760
v -0.663797 3.843986 0.802760
v -0.660883 3.833443 0.802760
v -0.660294 3.822564 0.802760
v -0.662056 3.811819 0.802760
v -0.666087 3.801746 0.802760
v -0.672199 3.792680 0.802760
v -0.680105 3.785226 0.802760
v -0.689437 3.779585 0.802760
v -0.699760 3.776160 0.802760
v -0.710585 3.825317 0.802760
v 0.926290 -1.698087 0.842432
v 1.809967 -1.698087 1.018570
v 1.949359 -1.698087 0.604879
v 1.996554 -1.698087 0.170894
v 0.254751 -1.698087 0.842432
v 1.584901 -1.698087 1.392623
v 0.926290 -1.698087 1.513970
v 1.484976 -1.698087 1.513970
v -1.398912 -1.698087 -0.164874
v -2.012953 -1.698087 -0.164874
v -1.398912 -1.698087 0.506663
v -1.752094 -1.698087 1.211697
v -1.529493 -1.698087 1.513970
v -1.935391 -1.698087 0.815504
v 1.949359 -1.698087 -0.263090
v -2.012953 -1.698087 0.506663
v 0.254751 -1.698087 1.513970
v -1.398912 -2.033856 0.506663
v -2.012953 -2.033856 0.506663
v -2.012953 -2.033856 -0.164874
v -1.398912 -2.033856 -0.164874
v 0.254751 -2.033856 0.842432
v 0.926290 -2.033856 0.842432
v -1.935391 -2.033856 -0.473715
v -1.858278 -2.033856 -0.668528
v -1.858278 -2.033856 1.010317
v -1.935391 -2.033856 0.815504
v 0.254751 -2.033856 1.010317
v 1.656588 -2.033856 -0.668528
v 1.656588 -2.033856 1.010317
v 0.926290 -2.033856 1.010317
v 0.254751 -3.309779 1.010317
v -1.858278 -3.309779 1.010317
v 1.656588 -3.309779 -0.668528
v -1.858278 -3.309779 -0.668528
v 1.656588 -3.309779 1.010317
v 0.926290 -3.309779 1.010317
v 1.949359 -3.309779 -0.263090
v 2.128848 -3.309779 -0.197950
v 2.035571 -3.309779 -0.556180
v 1.809967 -3.309779 -0.676781
v 1.584901 -3.309779 -1.050834
v 1.883098 -3.309779 -0.893500
v -2.011013 -3.309779 1.069869
v -1.830483 -3.309779 1.393039
v -1.752094 -3.309779 1.211697
v -1.155191 -3.309779 1.841842
v -1.320046 -3.309779 1.925616
v -1.004826 -3.309779 2.119704
v 1.996554 -3.309779 0.170894
v 2.160242 -3.309779 0.170894
v 1.675807 -3.309779 -1.200191
v 0.517831 -3.309779 -1.774329
v 0.923369 -3.309779 -1.612750
v 0.791499 -3.309779 -1.854222
v -2.134334 -3.309779 0.720836
v -1.487904 -3.309779 1.559232
v -1.597929 -3.309779 1.681049
v -0.769499 -3.309779 2.046325
v 1.284697 -3.309779 -1.367766
v 1.419663 -3.309779 -1.467443
v 1.122043 -3.309779 -1.687566
v -1.155191 -3.309779 -1.500053
v -0.769499 -3.309779 -1.704536
v -1.004826 -3.309779 -1.777915
v -0.661344 -3.309779 2.257725
v 0.437550 -3.309779 -1.962615
v 0.087038 -3.309779 -1.844955
v 0.070370 -3.309779 -2.009636
v -0.299475 -3.309779 -1.993928
v -0.661344 -3.309779 -1.915936
v -1.487904 -3.309779 -1.217443
v -1.320046 -3.309779 -1.583827
v 0.254751 -3.309779 0.842432
v -0.348866 -3.309779 2.163112
v 0.087038 -3.309779 2.186743
v -0.299475 -3.309779 2.335717
v 0.070370 -3.309779 2.351425
v 0.437550 -3.309779 2.304404
v 0.517831 -3.309779 2.116118
v 0.791499 -3.309779 2.196011
v 1.284697 -3.309779 1.709555
v 0.923369 -3.309779 1.954539
v 1.122043 -3.309779 2.029355
v 1.419663 -3.309779 1.809232
v 1.675807 -3.309779 1.541980
v -0.348866 -3.309779 -1.821323
v -1.597929 -3.309779 -1.339260
v -2.011013 -3.309779 -0.728080
v -1.752094 -3.309779 -0.869909
v -2.196895 -3.309779 0.355983
v -2.134334 -3.309779 -0.379047
v 1.584901 -3.309779 1.392623
v 1.949359 -3.309779 0.604879
v 1.809967 -3.309779 1.018570
v 2.035571 -3.309779 0.897968
v -1.830483 -3.309779 -1.051251
v 0.926290 -3.309779 0.842432
v -2.204758 -3.309779 0.170894
v -2.196895 -3.309779 -0.014194
v 1.883098 -3.309779 1.235289
v 2.128848 -3.309779 0.539739
v 0.926290 -3.645548 0.842432
v 0.926290 -3.645548 1.513970
v 0.254751 -3.645548 1.513970
v 0.254751 -3.645548 0.842432
v 1.414566 -3.645548 -0.989254
v 0.666310 -3.645548 -1.542662
v 0.946000 -3.645548 -1.401652
v 0.366810 -3.645548 -1.634387
v 0.056119 -3.645548 -1.674169
v 1.414566 -3.645548 1.331043
v 1.197833 -3.645548 1.557184
v -1.552291 -3.645548 1.205016
v -1.705053 -3.645548 0.931565
v -0.256826 -3.645548 -1.660879
v 1.589965 -3.645548 1.071534
v 1.797907 -3.645548 0.482993
v 1.718981 -3.645548 0.786113
v 0.946000 -3.645548 1.743441
v -1.809403 -3.645548 0.636230
v 1.197833 -3.645548 -1.215395
v 1.589965 -3.645548 -0.729745
v -0.853663 -3.645548 -1.478100
v -0.563023 -3.645548 -1.594887
v 0.366810 -3.645548 1.976176
v 0.056119 -3.645548 2.015958
v 0.666310 -3.645548 1.884451
v -1.355517 -3.645548 1.448717
v -0.563023 -3.645548 1.936676
v -0.853663 -3.645548 1.819889
v -1.355517 -3.645548 -1.106928
v 1.718981 -3.645548 -0.444324
v 1.797907 -3.645548 -0.141204
v -1.120385 -3.645548 -1.313869
v 1.824473 -3.645548 0.170894
v -1.809403 -3.645548 -0.294441
v -1.705053 -3.645548 -0.589777
v -1.862334 -3.645548 0.327508
v -1.862334 -3.645548 0.014281
v -1.120385 -3.645548 1.655658
v -0.256826 -3.645548 2.002668
v -1.552291 -3.645548 -0.863227
v 1.889981 -3.639097 0.170894
v 1.862475 -3.639097 -0.152274
v 1.780749 -3.639097 -0.466147
v 1.647153 -3.639097 -0.761690
v 1.465529 -3.639097 -1.030406
v 1.241107 -3.639097 -1.264565
v 0.980342 -3.639097 -1.457430
v 0.690734 -3.639097 -1.603449
v 0.380611 -3.639097 -1.698418
v 0.058899 -3.639097 -1.739617
v -0.265146 -3.639097 -1.725851
v -0.582204 -3.639097 -1.657522
v -0.883157 -3.639097 -1.536591
v -1.159334 -3.639097 -1.366538
v -1.402807 -3.639097 -1.152257
v -1.606565 -3.639097 -0.899906
v -1.764739 -3.639097 -0.616759
v -1.872790 -3.639097 -0.310947
v -1.927608 -3.639097 0.008725
v -1.927608 -3.639097 0.333063
v -1.872790 -3.639097 0.652736
v -1.764739 -3.639097 0.958548
v -1.606565 -3.639097 1.241695
v -1.402807 -3.639097 1.494045
v -1.159334 -3.639097 1.708326
v -0.883157 -3.639097 1.878380
v -0.582204 -3.639097 1.999310
v -0.265146 -3.639097 2.067640
v 0.058899 -3.639097 2.081406
v 0.380611 -3.639097 2.040207
v 0.690734 -3.639097 1.945238
v 0.980342 -3.639097 1.799219
v 1.241107 -3.639097 1.606354
v 1.465529 -3.639097 1.372195
v 1.647153 -3.639097 1.103479
v 1.780749 -3.639097 0.807936
v 1.862475 -3.639097 0.494063
v 1.952965 -3.619990 0.170894
v 1.924552 -3.619990 -0.162920
v 1.840133 -3.619990 -0.487131
v 1.702138 -3.619990 -0.792413
v 1.514537 -3.619990 -1.069980
v 1.282722 -3.619990 -1.311848
v 1.013368 -3.619990 -1.511066
v 0.714218 -3.619990 -1.661893
v 0.393881 -3.619990 -1.759992
v 0.061573 -3.619990 -1.802547
v -0.273147 -3.619990 -1.788330
v -0.600649 -3.619990 -1.717745
v -0.911509 -3.619990 -1.592832
v -1.196792 -3.619990 -1.417178
v -1.448284 -3.619990 -1.195839
v -1.658750 -3.619990 -0.935182
v -1.822136 -3.619990 -0.642700
v -1.933745 -3.619990 -0.326818
v -1.990369 -3.619990 0.003384
v -1.990369 -3.619990 0.338405
v -1.933745 -3.619990 0.668607
v -1.822136 -3.619990 0.984489
v -1.658750 -3.619990 1.276971
v -1.448284 -3.619990 1.537628
v -1.196792 -3.619990 1.758967
v -0.911509 -3.619990 1.934621
v -0.600649 -3.619990 2.059534
v -0.273147 -3.619990 2.130119
v 0.061573 -3.619990 2.144336
v 0.393881 -3.619990 2.101780
v 0.714218 -3.619990 2.003682
v 1.013368 -3.619990 1.852855
v 1.282722 -3.619990 1.653636
v 1.514537 -3.619990 1.411769
v 1.702138 -3.619990 1.134202
v 1.840133 -3.619990 0.828920
v 1.924552 -3.619990 0.504709
v 2.011019 -3.588961 0.170894
v 1.981767 -3.588961 -0.172730
v 1.894870 -3.588961 -0.506472
v 1.752820 -3.588961 -0.820725
v 1.559705 -3.588961 -1.106451
v 1.321074 -3.588961 -1.355424
v 1.043802 -3.588961 -1.560498
v 0.735862 -3.588961 -1.715757
v 0.406111 -3.588961 -1.816743
v 0.064037 -3.588961 -1.860548
v -0.280520 -3.588961 -1.845908
v -0.617647 -3.588961 -1.773255
v -0.937646 -3.588961 -1.644668
v -1.231309 -3.588961 -1.463850
v -1.490194 -3.588961 -1.236004
v -1.706846 -3.588961 -0.967684
v -1.875033 -3.588961 -0.666614
v -1.989926 -3.588961 -0.341445
v -2.048209 -3.588961 -0.001539
v -2.048209 -3.588961 0.343328
v -1.989926 -3.588961 0.683234
v -1.875033 -3.588961 1.008403
v -1.706846 -3.588961 1.309473
v -1.490194 -3.588961 1.577793
v -1.231309 -3.588961 1.805639
v -0.937646 -3.588961 1.986457
v -0.617647 -3.588961 2.115043
v -0.280520 -3.588961 2.187697
v 0.064037 -3.588961 2.202337
v 0.406111 -3.588961 2.158532
v 0.735862 -3.588961 2.057546
v 1.043802 -3.588961 1.902287
v 1.321074 -3.588961 1.697212
v 1.559705 -3.588961 1.448240
v 1.752820 -3.588961 1.162514
v 1.894870 -3.588961 0.848261
v 1.981767 -3.588961 0.514519
v 2.061895 -3.547204 0.170894
v 2.031918 -3.547204 -0.181329
v 1.942845 -3.547204 -0.523422
v 1.797242 -3.547204 -0.845538
v 1.599292 -3.547204 -1.138409
v 1.354691 -3.547204 -1.393621
v 1.070483 -3.547204 -1.603825
v 0.754833 -3.547204 -1.762967
v 0.416830 -3.547204 -1.866477
v 0.066196 -3.547204 -1.911383
v -0.286983 -3.547204 -1.896381
v -0.632546 -3.547204 -1.821901
v -0.960552 -3.547204 -1.690098
v -1.261569 -3.547204 -1.504760
v -1.526927 -3.547204 -1.271213
v -1.748998 -3.547204 -0.996178
v -1.921403 -3.547204 -0.687573
v -2.039164 -3.547204 -0.354266
v -2.098904 -3.547204 -0.005854
v -2.098904 -3.547204 0.347643
v -2.039164 -3.547204 0.696055
v -1.921403 -3.547204 1.029361
v -1.748998 -3.547204 1.337967
v -1.526927 -3.547204 1.613002
v -1.261569 -3.547204 1.846549
v -0.960552 -3.547204 2.031887
v -0.632546 -3.547204 2.163690
v -0.286983 -3.547204 2.238170
v 0.066196 -3.547204 2.253172
v 0.416830 -3.547204 2.208266
v 0.754833 -3.547204 2.104755
v 1.070483 -3.547204 1.945614
v 1.354691 -3.547204 1.735410
v 1.599292 -3.547204 1.480198
v 1.797242 -3.547204 1.187327
v 1.942845 -3.547204 0.865211
v 2.031918 -3.547204 0.523118
v 2.103651 -3.496322 0.170894
v 2.073076 -3.496322 -0.188386
v 1.982217 -3.496322 -0.537329
v 1.833693 -3.496322 -0.865899
v 1.631775 -3.496322 -1.164646
v 1.382278 -3.496322 -1.424968
v 1.092375 -3.496322 -1.639383
v 0.770399 -3.496322 -1.801714
v 0.425628 -3.496322 -1.907300
v 0.067968 -3.496322 -1.953099
v -0.292287 -3.496322 -1.937795
v -0.644774 -3.496322 -1.861830
v -0.979355 -3.496322 -1.727389
v -1.286396 -3.496322 -1.538330
v -1.557073 -3.496322 -1.300102
v -1.783596 -3.496322 -1.019561
v -1.959452 -3.496322 -0.704771
v -2.079577 -3.496322 -0.364789
v -2.140512 -3.496322 -0.009395
v -2.140512 -3.496322 0.351184
v -2.079577 -3.496322 0.706577
v -1.959452 -3.496322 1.046560
v -1.783596 -3.496322 1.361350
v -1.557073 -3.496322 1.641891
v -1.286396 -3.496322 1.880119
v -0.979355 -3.496322 2.069177
v -0.644774 -3.496322 2.203619
v -0.292287 -3.496322 2.279584
v 0.067968 -3.496322 2.294888
v 0.425628 -3.496322 2.249089
v 0.770399 -3.496322 2.143503
v 1.092375 -3.496322 1.981172
v 1.382278 -3.496322 1.766757
v 1.631775 -3.496322 1.506435
v 1.833693 -3.496322 1.207688
v 1.982217 -3.496322 0.879118
v 2.073076 -3.496322 0.530175
v 2.134683 -3.438273 0.170894
v 2.103658 -3.438273 -0.193630
v 2.011476 -3.438273 -0.547664
v 1.860783 -3.438273 -0.881036
v 1.655916 -3.438273 -1.184134
v 1.402780 -3.438273 -1.448257
v 1.108639 -3.438273 -1.665802
v 0.781970 -3.438273 -1.830503
v 0.432165 -3.438273 -1.937634
v 0.069285 -3.438273 -1.984104
v -0.296228 -3.438273 -1.968571
v -0.653860 -3.438273 -1.891499
v -0.993323 -3.438273 -1.755089
v -1.304850 -3.438273 -1.563278
v -1.579475 -3.438273 -1.321578
v -1.809303 -3.438273 -1.036940
v -1.987724 -3.438273 -0.717550
v -2.109601 -3.438273 -0.372607
v -2.171430 -3.438273 -0.012027
v -2.171430 -3.438273 0.353816
v -2.109601 -3.438273 0.714395
v -1.987724 -3.438273 1.059339
v -1.809303 -3.438273 1.378729
v -1.579475 -3.438273 1.663367
v -1.304850 -3.438273 1.905067
v -0.993323 -3.438273 2.096878
v -0.653860 -3.438273 2.233288
v -0.296228 -3.438273 2.310360
v 0.069285 -3.438273 2.325893
v 0.432165 -3.438273 2.279423
v 0.781970 -3.438273 2.172292
v 1.108639 -3.438273 2.007591
v 1.402780 -3.438273 1.790046
v 1.655916 -3.438273 1.525923
v 1.860783 -3.438273 1.222825
v 2.011476 -3.438273 0.889453
v 2.103658 -3.438273 0.535419
v 2.153789 -3.375284 0.170894
v 2.122488 -3.375284 -0.196859
v 2.029487 -3.375284 -0.554031
v 1.877464 -3.375284 -0.890350
v 1.670784 -3.375284 -1.196142
v 1.415405 -3.375284 -1.462601
v 1.118659 -3.375284 -1.682073
v 0.789095 -3.375284 -1.848232
v 0.436190 -3.375284 -1.956309
v 0.070096 -3.375284 -2.003189
v -0.298655 -3.375284 -1.987529
v -0.659455 -3.375284 -1.909771
v -1.001925 -3.375284 -1.772153
v -1.316205 -3.375284 -1.578643
v -1.593269 -3.375284 -1.334794
v -1.825137 -3.375284 -1.047638
v -2.005137 -3.375284 -0.725420
v -2.128089 -3.375284 -0.377422
v -2.190468 -3.375284 -0.013647
v -2.190468 -3.375284 0.355436
v -2.128089 -3.375284 0.719210
v -2.005137 -3.375284 1.067209
v -1.825137 -3.375284 1.389427
v -1.593269 -3.375284 1.676583
v -1.316205 -3.375284 1.920432
v -1.001925 -3.375284 2.113942
v -0.659455 -3.375284 2.251560
v -0.298655 -3.375284 2.329318
v 0.070096 -3.375284 2.344978
v 0.436190 -3.375284 2.298098
v 0.789095 -3.375284 2.190021
v 1.118659 -3.375284 2.023862
v 1.415405 -3.375284 1.804390
v 1.670784 -3.375284 1.537930
v 1.877464 -3.375284 1.232139
v 2.029487 -3.375284 0.895819
v 2.122488 -3.375284 0.538648
v 1.466959 3.329856 1.513970
v 1.453239 3.322469 1.513970
v 1.471216 3.333079 1.513970
v 1.465703 2.810333 1.513970
v 1.476985 2.800892 1.513970
v 1.482156 2.794606 1.513970
v 1.469309 2.808104 1.513970
v 1.484976 2.789852 1.513970
v 1.436639 2.822012 1.513970
v 1.450056 2.818480 1.513970
v 1.452178 3.322066 1.513970
v 1.443838 3.319178 1.513970
v 1.476925 3.338855 1.513970
v 1.475514 2.802678 1.513970
v 1.458276 2.814927 1.513970
v 1.403700 2.823838 1.513970
v 1.412799 2.824691 1.513970
v 1.436558 3.317903 1.513970
v 1.421489 3.315284 1.513970
v 1.484976 3.349801 1.513970
v 1.479423 3.341339 1.513970
v 1.432664 2.823059 1.513970
v 1.407293 3.315082 1.513970
v -0.302423 3.042612 1.513970
v 1.090515 3.043566 1.513970
v 1.101414 2.992173 1.513970
v -0.302423 3.097034 1.513970
v 1.090515 3.096093 1.513970
v 1.387207 2.822294 1.513970
v 1.403700 3.315485 1.513970
v 1.122742 2.944158 1.513970
v 1.101414 3.147466 1.513970
v 1.340146 2.818009 1.513970
v -0.314129 2.989426 1.513970
v 1.287913 2.823663 1.513970
v 1.192548 2.866394 1.513970
v -0.314129 3.150219 1.513970
v 1.237991 3.299637 1.513970
v 1.192548 3.273313 1.513970
v 1.287913 3.316022 1.513970
v 1.387207 3.317365 1.513970
v 1.237991 2.840029 1.513970
v 1.340146 3.321663 1.513970
v 1.153565 2.901616 1.513970
v 1.406346 -0.594387 1.513970
v 1.443992 -0.629542 1.513970
v 1.443992 -0.228217 1.513970
v -0.459563 2.835893 1.513970
v -0.411452 2.861404 1.513970
v -0.336994 3.199645 1.513970
v 1.122742 3.195481 1.513970
v 1.153565 3.238056 1.513970
v -0.336994 2.940008 1.513970
v 1.484976 -0.202920 1.513970
v -0.369949 2.896653 1.513970
v 1.376644 -0.552308 1.513970
v 1.345646 -0.454633 1.513970
v 1.356122 -0.505065 1.513970
v 1.345646 -0.403126 1.513970
v 1.376644 -0.305450 1.513970
v 1.356122 -0.352693 1.513970
v 1.406346 -0.263372 1.513970
v -1.390162 -0.315826 1.513970
v -1.400638 -0.265393 1.513970
v -0.512033 3.318373 1.513970
v -0.566407 3.321327 1.513970
v -1.421160 -0.218150 1.513970
v -0.620144 3.312463 1.513970
v -0.670731 3.292317 1.513970
v -0.459563 3.303800 1.513970
v -1.488509 -0.140917 1.513970
v -0.566407 2.818379 1.513970
v -0.620144 2.827189 1.513970
v -1.529493 -0.115620 1.513970
v -1.450862 -0.176072 1.513970
v -1.529493 -0.567538 1.513970
v -0.753248 3.222208 1.513970
v -0.781325 3.175604 1.513970
v -0.411452 3.278282 1.513970
v 1.484976 -0.654838 1.513970
v -0.512033 2.821327 1.513970
v -0.670731 2.847342 1.513970
v -0.798711 3.015703 1.513970
v -0.781325 2.964096 1.513970
v -1.390162 -0.367333 1.513970
v -1.421160 -0.465008 1.513970
v -1.400638 -0.417765 1.513970
v -1.488509 -0.542242 1.513970
v -0.798711 3.123962 1.513970
v -0.715803 3.261762 1.513970
v -0.369949 3.243026 1.513970
v -0.715803 2.877904 1.513970
v -0.804600 3.069836 1.513970
v -1.450862 -0.507087 1.513970
v -0.753248 2.917437 1.513970
v 1.340139 3.321327 1.574227
v 1.332094 3.321529 1.584220
v 1.288122 3.314746 1.634854
v 1.273912 3.312598 1.651212
v 1.237985 3.299637 1.689322
v 1.237991 3.299637 1.689315
v 1.202373 3.307628 1.775668
v 1.194005 3.274320 1.732898
v 1.167386 3.252293 1.757752
v 1.192622 3.273178 1.734194
v 1.137267 3.217911 1.784546
v 1.154331 3.237385 1.769363
v 1.122977 3.195347 1.796768
v 1.120136 3.190847 1.799199
v 1.102723 3.151428 1.813664
v 1.092852 3.112949 1.821675
v 1.101696 3.147399 1.814497
v 1.089138 3.070978 1.824650
v 1.091354 3.096026 1.822877
v 1.090004 3.048938 1.823959
v 1.097243 3.006470 1.818130
v 1.090911 3.043633 1.823233
v 1.107229 2.976110 1.809964
v 1.101890 2.992334 1.814329
v 1.123353 2.944473 1.796432
v 1.127765 2.935811 1.792732
v 1.143022 2.914160 1.779536
v 1.176895 2.878797 1.749002
v 1.154338 2.902348 1.769336
v 1.192595 2.866461 1.734221
v 1.194240 2.865171 1.732676
v 1.238267 2.840533 1.688845
v 1.243283 2.837726 1.683842
v 1.276746 2.826336 1.648110
v 1.340166 2.818204 1.574274
v 1.288088 2.824879 1.634900
v 1.341677 2.818009 1.572515
v 1.383453 2.821622 1.518993
v 1.359734 3.320992 1.549884
v 1.408159 3.363500 1.594984
v 1.398993 3.365112 1.604641
v 1.331362 3.361015 1.668665
v 1.373387 3.363567 1.628884
v 1.284509 3.348457 1.709340
v 1.270621 3.344697 1.721395
v 1.300780 3.352822 1.695218
v 1.256378 3.337579 1.732844
v 1.213695 3.316291 1.767146
v 1.173900 3.285736 1.797104
v 1.169984 3.282781 1.800052
v 1.169555 3.282243 1.800361
v 1.130545 3.238325 1.828196
v 1.104523 3.194944 1.845992
v 1.113240 3.209449 1.840035
v 1.090044 3.159352 1.855642
v 1.078877 3.112882 1.862968
v 1.080462 3.119463 1.861927
v 1.075600 3.069769 1.865097
v 1.077628 3.045809 1.863774
v 1.079642 3.022063 1.862465
v 1.087231 2.989332 1.857502
v 1.098029 2.961879 1.850310
v 1.105765 2.942224 1.845159
v 1.140799 2.889897 1.820890
v 1.153223 2.873646 1.812186
v 1.170737 2.856227 1.799501
v 1.173853 2.853937 1.797137
v 1.202897 2.832582 1.775118
v 1.223701 2.817291 1.759343
v 1.260575 2.798971 1.729722
v 1.262738 2.798320 1.727868
v 1.284435 2.791779 1.709253
v 1.323028 2.780135 1.676153
v 1.304346 2.785769 1.692176
v 1.385327 2.776501 1.617091
v 1.409072 2.775118 1.594581
v 1.437801 2.780699 1.564073
v 1.181528 2.848296 1.791322
v 1.119303 2.918028 1.835959
v 1.399993 3.345435 1.588094
v 1.405359 3.355844 1.592654
v 1.371574 3.357926 1.626829
v 1.393392 3.336504 1.582191
v 1.367329 3.347786 1.622020
v 1.385790 3.329386 1.575161
v 1.361890 3.338989 1.616010
v 1.377450 3.324349 1.567243
v 1.355430 3.331736 1.608993
v 1.368659 3.321462 1.558715
v 1.348157 3.326297 1.601189
v 1.340293 3.322872 1.592842
v 1.300270 3.349935 1.693700
v 1.298282 3.340735 1.688449
v 1.295206 3.332408 1.682230
v 1.291110 3.325289 1.675206
v 1.286107 3.319514 1.667564
v 1.280325 3.315216 1.659499
v 1.256176 3.336101 1.731837
v 1.255532 3.327572 1.726351
v 1.253853 3.319850 1.720011
v 1.251194 3.313000 1.712974
v 1.247601 3.307292 1.705398
v 1.243162 3.302793 1.697454
v 1.203132 3.300308 1.769779
v 1.203138 3.293526 1.763305
v 1.202205 3.287415 1.756241
v 1.200345 3.282109 1.748719
v 1.197591 3.277745 1.740889
v 1.171388 3.275998 1.794592
v 1.172395 3.269955 1.788045
v 1.172496 3.264448 1.780953
v 1.171683 3.259680 1.773452
v 1.169964 3.255584 1.765669
v 1.135474 3.237519 1.821387
v 1.137610 3.232684 1.814752
v 1.138865 3.228252 1.807634
v 1.139235 3.224223 1.800146
v 1.138698 3.220798 1.792410
v 1.115046 3.207099 1.836046
v 1.117813 3.203137 1.829364
v 1.119727 3.199510 1.822233
v 1.120761 3.196220 1.814752
v 1.120895 3.193332 1.807036
v 1.094289 3.162441 1.850531
v 1.097693 3.159823 1.843809
v 1.100265 3.157337 1.836651
v 1.101978 3.155122 1.829176
v 1.102797 3.153107 1.821474
v 1.082523 3.118792 1.858563
v 1.086291 3.117381 1.851807
v 1.089239 3.116105 1.844642
v 1.091334 3.114897 1.837168
v 1.092543 3.113822 1.829472
v 1.078098 3.071179 1.861544
v 1.082000 3.071112 1.854782
v 1.085095 3.071112 1.847617
v 1.087332 3.071045 1.840136
v 1.088688 3.071045 1.832447
v 1.079132 3.046084 1.860846
v 1.083000 3.046762 1.854090
v 1.086062 3.047400 1.846925
v 1.088265 3.047978 1.839444
v 1.089588 3.048488 1.831755
v 1.087755 2.997868 1.855004
v 1.091361 2.999929 1.848268
v 1.094141 3.001843 1.841103
v 1.096068 3.003589 1.833629
v 1.097102 3.005140 1.825933
v 1.099661 2.963451 1.846824
v 1.102905 2.966500 1.840109
v 1.105309 2.969334 1.832957
v 1.106840 2.971899 1.825476
v 1.107484 2.974169 1.817774
v 1.124145 2.917928 1.829566
v 1.126630 2.922312 1.822911
v 1.128248 2.926349 1.815779
v 1.128987 2.929982 1.808298
v 1.128819 2.933151 1.800576
v 1.142337 2.893591 1.816370
v 1.144251 2.898701 1.809749
v 1.145292 2.903382 1.802637
v 1.145433 2.907566 1.795150
v 1.144668 2.911179 1.787407
v 1.182724 2.854172 1.785856
v 1.183382 2.860491 1.779328
v 1.183113 2.866219 1.772250
v 1.181924 2.871235 1.764742
v 1.179836 2.875453 1.756946
v 1.203407 2.839176 1.769557
v 1.203407 2.845979 1.763090
v 1.202467 2.852097 1.756019
v 1.200593 2.857395 1.748498
v 1.197833 2.861787 1.740668
v 1.262684 2.801073 1.726351
v 1.261844 2.809703 1.720891
v 1.259964 2.817539 1.714572
v 1.257090 2.824409 1.707541
v 1.253296 2.830144 1.699952
v 1.248655 2.834616 1.691995
v 1.303748 2.788925 1.690591
v 1.301653 2.798212 1.685360
v 1.298463 2.806540 1.679148
v 1.294253 2.813678 1.672131
v 1.289136 2.819453 1.664482
v 1.283253 2.823710 1.656403
v 1.383292 2.782068 1.615171
v 1.378665 2.792289 1.610443
v 1.372823 2.801154 1.604473
v 1.365973 2.808359 1.597449
v 1.358324 2.813678 1.589605
v 1.350138 2.816928 1.581204
v 1.434295 2.788589 1.561985
v 1.427929 2.799200 1.557654
v 1.420300 2.808137 1.551851
v 1.411705 2.815068 1.544800
v 1.402458 2.819728 1.536762
v 1.392922 2.821944 1.528052
v -1.488509 -0.542242 1.558594
v -1.487898 -0.541671 1.559218
v -1.450862 -0.507087 1.597315
v -1.435242 -0.487243 1.612793
v -1.421160 -0.465008 1.626459
v -1.409872 -0.442330 1.637224
v -1.400638 -0.417765 1.645907
v -1.394171 -0.393120 1.651924
v -1.388839 -0.341579 1.656846
v -1.390162 -0.367333 1.655631
v -1.394184 -0.289965 1.651911
v -1.400638 -0.265393 1.645907
v -1.390162 -0.315826 1.655631
v -1.409804 -0.240989 1.637291
v -1.421160 -0.218150 1.626459
v -1.435202 -0.195970 1.612834
v -1.450862 -0.176072 1.597315
v -1.487904 -0.141373 1.559232
v -1.488549 -0.140977 1.558533
v 1.443992 -0.228217 1.558594
v 1.406346 -0.263372 1.597315
v 1.390726 -0.283216 1.612793
v 1.376644 -0.305450 1.626459
v 1.365355 -0.328128 1.637224
v 1.356122 -0.352693 1.645907
v 1.349655 -0.377338 1.651924
v 1.344323 -0.428879 1.656846
v 1.345646 -0.403126 1.655631
v 1.349668 -0.480494 1.651911
v 1.356122 -0.505065 1.645907
v 1.345646 -0.454633 1.655631
v 1.365288 -0.529469 1.637291
v 1.376644 -0.552308 1.626459
v 1.390686 -0.574489 1.612834
v 1.406346 -0.594387 1.597315
v 1.443992 -0.629542 1.558594
v -0.315728 2.989977 2.013312
v -0.306787 3.015918 2.026924
v -0.304147 3.042780 2.041020
v -0.300996 3.074806 2.057835
v -0.304042 3.096832 2.069379
v -0.309102 3.133431 2.088565
v -0.315093 3.149884 2.097214
v -0.325121 3.177484 2.111699
v -0.368041 3.241011 2.104138
v -0.370077 3.242892 2.103721
v -0.338214 3.201659 2.109557
v -0.337097 3.199577 2.109738
v -0.394967 3.266060 2.098597
v -0.412094 3.277274 2.094575
v -0.436186 3.293056 2.088914
v -0.459831 3.303128 2.082568
v -0.472118 3.308367 2.079264
v -0.512191 3.317634 2.067008
v -0.559059 3.321596 2.051160
v -0.566329 3.320656 2.048353
v -0.520622 3.319582 2.064430
v -0.609790 3.315149 2.031558
v -0.619984 3.311993 2.027206
v -0.644488 3.304338 2.016744
v -0.670112 3.291108 2.004783
v -0.690976 3.280363 1.995046
v -0.714802 3.260553 1.982844
v -0.752341 3.223417 1.963047
v -0.753134 3.222141 1.962597
v -0.734304 3.244369 1.972859
v -0.778538 3.181379 1.948173
v -0.781056 3.175469 1.946695
v -0.789974 3.154383 1.941444
v -0.797805 3.123761 1.936743
v -0.801485 3.109323 1.934527
v -0.804567 3.074000 1.932654
v -0.804258 3.069836 1.932842
v -0.801263 3.028960 1.934668
v -0.797993 3.015878 1.936636
v -0.791270 2.988990 1.940672
v -0.772239 2.946340 1.951819
v -0.759520 2.926053 1.959045
v -0.780358 2.964532 1.947065
v -0.726991 2.887997 1.961194
v -0.715172 2.878703 1.956836
v -0.752952 2.917672 1.962665
v -0.741919 2.903577 1.968762
v -0.688495 2.857711 1.946984
v -0.670509 2.847745 1.942472
v -0.660681 2.842299 1.940000
v -0.620011 2.827559 1.933486
v -0.582751 2.819802 1.930102
v -0.615721 2.826000 1.932795
v -0.566382 2.819386 1.929927
v -0.535444 2.818607 1.929585
v -0.512114 2.821904 1.931015
v -0.499803 2.823643 1.931767
v -0.459697 2.836322 1.937341
v -0.454629 2.837920 1.938046
v -0.420985 2.855246 1.945856
v -0.411949 2.862062 1.949039
v -0.382628 2.884182 1.959368
v -0.370361 2.897050 1.965619
v -0.359232 2.908721 1.971294
v -0.331463 2.949678 1.992165
v -0.325812 2.960725 1.997967
v -0.337698 2.940478 1.987478
v -0.325080 3.177417 2.112303
v -0.324614 3.176879 2.116843
v -0.323494 3.176544 2.121846
v -0.323378 3.176544 2.122363
v -0.321582 3.176006 2.130381
v -0.318288 3.176141 2.138930
v -0.316967 3.176409 2.141267
v -0.316263 3.176477 2.142509
v -0.311639 3.177282 2.150682
v -0.310782 3.177551 2.151776
v -0.311930 3.177282 2.150172
v -0.306203 3.178693 2.157626
v -0.304184 3.179297 2.159526
v -0.305705 3.178827 2.158096
v -0.296804 3.181647 2.166450
v -0.289847 3.187691 2.171882
v -0.290557 3.183864 2.170559
v -0.288372 3.184669 2.171996
v -0.310067 3.223887 2.169049
v -0.316236 3.234900 2.168189
v -0.336521 3.260889 2.165093
v -0.348849 3.272439 2.163011
v -0.345977 3.269753 2.163502
v -0.379826 3.301450 2.157787
v -0.411282 3.322671 2.151870
v -0.428391 3.330528 2.148257
v -0.467260 3.348323 2.140051
v -0.503868 3.358531 2.131416
v -0.530707 3.361418 2.124357
v -0.567569 3.365447 2.114661
v -0.606347 3.363365 2.103365
v -0.577485 3.364910 2.111773
v -0.639174 3.356046 2.092842
v -0.670291 3.349129 2.082870
v -0.709114 3.333281 2.069271
v -0.681880 3.344428 2.078807
v -0.769479 3.293794 2.046271
v -0.738273 3.315082 2.058245
v -0.762918 3.299771 2.048930
v -0.798637 3.267201 2.034445
v -0.791774 3.273447 2.037232
v -0.813189 3.248331 2.028227
v -0.833591 3.221873 2.019497
v -0.845047 3.199241 2.014380
v -0.857692 3.174260 2.008732
v -0.872325 3.124432 2.002010
v -0.877577 3.076484 1.999566
v -0.874105 3.025246 2.001184
v -0.873453 3.022365 2.001486
v -0.865872 2.989104 2.004992
v -0.860640 2.976177 2.007362
v -0.845235 2.938154 2.014346
v -0.838110 2.926060 2.017489
v -0.829723 2.911816 2.021189
v -0.783937 2.866132 2.037649
v -0.780841 2.868865 2.036896
v -0.822175 2.902724 2.024386
v -0.788484 2.862129 2.038642
v -0.787684 2.862835 2.038568
v -0.778296 2.871108 2.036272
v -0.771923 2.876729 2.033156
v -0.763489 2.884203 2.026682
v -0.763368 2.884310 2.026548
v -0.765302 2.882598 2.028072
v -0.757418 2.889602 2.019557
v -0.756223 2.890670 2.017724
v -0.758499 2.888642 2.021209
v -0.751797 2.894619 2.010948
v -0.746163 2.899682 1.996443
v -0.745814 2.899991 1.995335
v -0.748158 2.897882 2.002816
v -0.750857 2.895458 2.008934
v -0.748453 2.897607 2.003783
v -0.742953 2.902590 1.982985
v -0.742853 2.902683 1.982401
v -0.744316 2.901340 1.990554
v -0.741919 2.903577 1.969286
v -0.742772 2.902757 1.981958
v -0.873285 3.115635 2.001560
v -0.288192 3.184736 2.172111
v -0.774831 2.948214 1.964854
v -0.767364 2.928303 1.984067
v -0.762428 2.927960 1.971804
v -0.774133 2.927074 1.995355
v -0.779666 2.948691 1.977378
v -0.782473 2.924320 2.005240
v -0.786536 2.947764 1.988875
v -0.792063 2.920150 2.013332
v -0.795179 2.945461 1.998887
v -0.802525 2.914717 2.019322
v -0.805238 2.941875 2.007020
v -0.813465 2.908237 2.022975
v -0.816319 2.937153 2.012949
v -0.793258 2.990474 1.954197
v -0.797831 2.990991 1.967151
v -0.804789 2.990521 1.978997
v -0.813848 2.989084 1.989237
v -0.824626 2.986733 1.997444
v -0.827983 2.931479 2.016435
v -0.836673 2.983584 2.003266
v -0.802861 3.029785 1.948475
v -0.807240 3.030108 1.961684
v -0.814210 3.029913 1.973738
v -0.823471 3.029208 1.984107
v -0.834625 3.028019 1.992353
v -0.849479 2.979749 2.006469
v -0.847196 3.026408 1.998122
v -0.806024 3.073933 1.946561
v -0.810329 3.073933 1.959864
v -0.817293 3.073933 1.971986
v -0.826620 3.074000 1.982408
v -0.837902 3.074134 1.990668
v -0.860640 3.024433 2.001164
v -0.850648 3.074268 1.996416
v -0.803076 3.108517 1.948341
v -0.807448 3.108181 1.961563
v -0.814418 3.108383 1.973618
v -0.823686 3.109054 1.983993
v -0.834853 3.110196 1.992239
v -0.864314 3.074470 1.999398
v -0.847431 3.111807 1.998008
v -0.792009 3.152905 1.954935
v -0.796602 3.152368 1.967856
v -0.803560 3.152838 1.979675
v -0.812592 3.154383 1.989902
v -0.823316 3.156801 1.998102
v -0.860889 3.113688 2.001043
v -0.835297 3.160091 2.003931
v -0.780949 3.179566 1.961362
v -0.785710 3.179096 1.974020
v -0.792620 3.179834 1.985625
v -0.801404 3.181916 1.995711
v -0.811705 3.185140 2.003870
v -0.848022 3.164120 2.007154
v -0.823101 3.189437 2.009760
v -0.755410 3.221537 1.975652
v -0.760386 3.221268 1.987780
v -0.767082 3.222678 1.998968
v -0.775248 3.225633 2.008786
v -0.784568 3.230133 2.016858
v -0.835129 3.194608 2.013158
v -0.794695 3.235908 2.022875
v -0.737682 3.242623 1.985128
v -0.742698 3.242690 1.996953
v -0.749185 3.244436 2.007893
v -0.756894 3.247928 2.017550
v -0.765550 3.253032 2.025574
v -0.805232 3.242757 2.026615
v -0.774831 3.259479 2.031672
v -0.694730 3.279222 2.006664
v -0.699585 3.280028 2.017892
v -0.705381 3.282647 2.028354
v -0.711928 3.287146 2.037716
v -0.719006 3.293257 2.045647
v -0.784401 3.267067 2.035614
v -0.726373 3.300779 2.051899
v -0.648232 3.304002 2.027837
v -0.652606 3.305546 2.038595
v -0.657478 3.308971 2.048689
v -0.662698 3.314142 2.057808
v -0.668109 3.320925 2.065679
v -0.733793 3.309508 2.056250
v -0.673545 3.329117 2.072058
v -0.613326 3.315284 2.042356
v -0.617196 3.317298 2.052845
v -0.621291 3.321193 2.062724
v -0.625490 3.326700 2.071716
v -0.629676 3.333818 2.079552
v -0.678841 3.338452 2.076759
v -0.633727 3.342212 2.086013
v -0.562078 3.322402 2.061636
v -0.565062 3.324954 2.071830
v -0.567931 3.329252 2.081473
v -0.570610 3.335094 2.090317
v -0.573027 3.342346 2.098127
v -0.637529 3.351748 2.090915
v -0.575118 3.350808 2.104688
v -0.523133 3.320790 2.074724
v -0.525365 3.323611 2.084757
v -0.527261 3.327976 2.094279
v -0.528774 3.333885 2.103050
v -0.529865 3.341070 2.110846
v -0.576829 3.360276 2.109839
v -0.530508 3.349398 2.117468
v -0.473902 3.309844 2.089404
v -0.475128 3.312799 2.099296
v -0.475767 3.317164 2.108711
v -0.475802 3.322805 2.117421
v -0.475234 3.329654 2.125217
v -0.530685 3.358665 2.122759
v -0.474076 3.337579 2.131912
v -0.437403 3.294600 2.098980
v -0.437866 3.297421 2.108818
v -0.437565 3.301584 2.118186
v -0.436507 3.306957 2.126869
v -0.434717 3.313336 2.134672
v -0.472355 3.346241 2.137345
v -0.432236 3.320656 2.141408
v -0.395531 3.267537 2.108630
v -0.395122 3.270156 2.118428
v -0.393748 3.273849 2.127776
v -0.391441 3.278550 2.136459
v -0.388253 3.284191 2.144275
v -0.429123 3.328714 2.146915
v -0.384258 3.290571 2.151051
v -0.368194 3.242287 2.114170
v -0.367225 3.244570 2.123968
v -0.365159 3.247794 2.133322
v -0.362041 3.251890 2.142012
v -0.357943 3.256860 2.149842
v -0.379547 3.297622 2.156625
v -0.352957 3.262433 2.156638
v -0.337934 3.202666 2.119603
v -0.336366 3.204412 2.129428
v -0.333546 3.206964 2.138796
v -0.329537 3.210121 2.147506
v -0.324430 3.213881 2.155356
v -0.347195 3.268544 2.162239
v -0.318339 3.218179 2.162172
v -0.306201 3.179834 2.158076
v -0.311405 3.222947 2.167793
v -0.299506 3.183125 2.164905
v -0.291926 3.186751 2.170532
v -0.233856 3.050476 2.119878
v -0.244124 3.124634 2.150608
v -0.241190 2.975834 2.088961
v -0.265289 2.905927 2.060004
v -0.332468 2.945158 2.004394
v -0.331200 2.939598 2.016153
v -0.327706 2.933205 2.027005
v -0.322119 2.926228 2.036534
v -0.314651 2.918921 2.044384
v -0.305583 2.911561 2.050260
v -0.295261 2.904437 2.053933
v -0.284074 2.897808 2.055270
v -0.272447 2.891932 2.054209
v -0.265822 3.183460 2.174958
v -0.271940 3.182386 2.174206
v -0.285781 3.183998 2.172433
v -0.276688 3.182386 2.173608
v -0.276555 3.182386 2.173621
v -0.307205 3.129670 2.098732
v -0.299898 3.070441 2.068559
v -0.303619 3.126514 2.108624
v -0.298440 3.124030 2.117978
v -0.296812 3.066170 2.078955
v -0.291808 3.122216 2.126540
v -0.291832 3.062228 2.088719
v -0.283899 3.121142 2.134095
v -0.285107 3.058702 2.097557
v -0.274926 3.120873 2.140428
v -0.276840 3.055700 2.105199
v -0.265128 3.121343 2.145370
v -0.267280 3.053316 2.111410
v -0.254768 3.122619 2.148795
v -0.256713 3.051618 2.116010
v -0.306669 3.011178 2.038286
v -0.304349 3.006121 2.049273
v -0.299904 3.000910 2.059507
v -0.293485 2.995719 2.068647
v -0.285307 2.990722 2.076383
v -0.275646 2.986089 2.082453
v -0.245459 3.050664 2.118864
v -0.264825 2.981972 2.086657
v -0.326640 2.956125 2.010035
v -0.325189 2.950611 2.021652
v -0.321512 2.944393 2.032397
v -0.315747 2.937704 2.041859
v -0.308108 2.930788 2.049689
v -0.298878 2.923904 2.055599
v -0.253210 2.978521 2.088853
v -0.288400 2.917303 2.059366
v -0.277063 2.911239 2.060857
v -0.307621 2.841318 2.033848
v -0.337256 2.810998 2.022210
v -0.385841 2.775239 2.009028
v -0.428457 2.753830 2.001412
v -0.485677 2.736189 1.995281
v -0.530822 2.729964 1.993152
v -0.590745 2.731435 1.993656
v -0.632507 2.739103 1.996289
v -0.689456 2.759243 2.003313
v -0.724687 2.778288 2.010129
v -0.791499 2.854373 2.037407
v -0.792405 2.852023 2.037031
v -0.796549 2.845374 2.035318
v -0.798953 2.842527 2.034318
v -0.796374 2.845650 2.035392
v -0.773448 2.815713 2.023989
v -0.360659 2.904900 1.984114
v -0.359958 2.899507 1.996416
v -0.357156 2.892765 2.007711
v -0.352368 2.884942 2.017550
v -0.345785 2.876339 2.025527
v -0.337670 2.867320 2.031329
v -0.328349 2.858235 2.034727
v -0.318198 2.849451 2.035573
v -0.384160 2.880892 1.972536
v -0.383753 2.875694 1.985161
v -0.381421 2.868798 1.996718
v -0.377263 2.860484 2.006731
v -0.371449 2.851109 2.014783
v -0.364221 2.841050 2.020538
v -0.355877 2.830728 2.023768
v -0.422416 2.852681 1.959428
v -0.422284 2.847785 1.972415
v -0.420594 2.840754 1.984275
v -0.417418 2.831903 1.994482
v -0.412893 2.821602 2.002621
v -0.407212 2.810293 2.008329
v -0.346763 2.820574 2.024332
v -0.400617 2.798461 2.011365
v -0.455799 2.835839 1.951853
v -0.455779 2.831158 1.965055
v -0.454570 2.824080 1.977083
v -0.452225 2.814914 1.987411
v -0.448846 2.804055 1.995590
v -0.444580 2.791981 2.001271
v -0.393391 2.786608 2.011600
v -0.439612 2.779215 2.004193
v -0.500478 2.821985 1.945762
v -0.500502 2.817499 1.959132
v -0.499870 2.810388 1.971301
v -0.498613 2.800972 1.981723
v -0.496786 2.789657 1.989936
v -0.494468 2.776938 1.995590
v -0.434158 2.766308 2.004240
v -0.491762 2.763393 1.998431
v -0.535670 2.817096 1.943640
v -0.535682 2.812690 1.957077
v -0.535477 2.805572 1.969286
v -0.535067 2.796063 1.979742
v -0.534469 2.784587 1.987975
v -0.533709 2.771646 1.993616
v -0.488788 2.749606 1.998323
v -0.532821 2.757819 1.996423
v -0.582362 2.818258 1.944144
v -0.582344 2.813826 1.957561
v -0.582697 2.806714 1.969763
v -0.583408 2.797225 1.980212
v -0.584443 2.785789 1.988438
v -0.585757 2.772902 1.994086
v -0.531844 2.743717 1.996268
v -0.587291 2.759136 1.996900
v -0.588980 2.745114 1.996752
v -0.614926 2.824275 1.946756
v -0.614905 2.819755 1.960099
v -0.615659 2.812650 1.972247
v -0.617155 2.803269 1.982650
v -0.619326 2.792027 1.990862
v -0.622077 2.779423 1.996524
v -0.625288 2.766005 1.999371
v -0.628816 2.752366 1.999290
v -0.659423 2.840096 1.953747
v -0.659466 2.835355 1.966895
v -0.660809 2.828284 1.978882
v -0.663393 2.819198 1.989177
v -0.667106 2.808480 1.997350
v -0.671787 2.796601 2.003037
v -0.677233 2.784070 2.005985
v -0.683210 2.771438 2.006086
v -0.687042 2.855085 1.960523
v -0.687193 2.850156 1.973483
v -0.688944 2.843138 1.985309
v -0.692218 2.834327 1.995510
v -0.696879 2.824107 2.003635
v -0.702721 2.812906 2.009343
v -0.709504 2.801201 2.012399
v -0.716931 2.789495 2.012667
v -0.725466 2.884619 1.974309
v -0.725916 2.879388 1.986880
v -0.728320 2.872511 1.998397
v -0.732591 2.864272 2.008383
v -0.738535 2.855018 2.016421
v -0.745921 2.845126 2.022190
v -0.754443 2.834999 2.025447
v -0.763744 2.825060 2.026058
v -0.749776 2.894343 2.008450
v -0.754604 2.886547 2.018268
v -0.761233 2.878004 2.026246
v -0.769392 2.869046 2.032048
v -0.778766 2.860041 2.035459
v -0.788974 2.851344 2.036326
v 0.196014 3.190512 2.177872
v 0.087038 3.211934 2.186743
v 0.304349 3.154853 2.163112
v -0.001286 3.218784 2.189597
v 0.411727 3.105092 2.142509
v -0.089650 3.216366 2.188577
v 0.517831 3.041397 2.116118
v -0.177885 3.204547 2.183695
v 0.704870 2.891932 2.054209
v -0.883164 2.740991 1.996940
v -0.955072 2.629985 1.961275
v -1.062021 2.388030 1.901353
v 1.017505 2.388030 1.901353
v 0.825741 2.758256 2.002970
v 0.923369 2.606978 1.954539
v -1.123400 2.130146 1.862955
v 1.078696 2.131395 1.863082
v 1.098936 1.863988 1.849739
v -1.143452 1.863988 1.849739
v -1.143452 -1.768162 1.849739
v 1.098936 -1.768162 1.849739
v 1.078884 -2.034320 1.862955
v -1.123212 -2.035568 1.863082
v -1.062021 -2.292204 1.901353
v 1.017505 -2.292204 1.901353
v -0.769499 -2.776853 2.046325
v 0.825593 -2.662624 2.003037
v 0.923369 -2.511152 1.954539
v -0.749387 -2.796106 2.054209
v 0.704870 -2.796106 2.054209
v -0.943360 -2.554224 1.967325
v -0.863656 -2.670998 2.006006
v -1.009668 -2.426861 1.931754
v 0.087038 -3.116075 2.186743
v -0.240530 -3.094652 2.177872
v -0.131554 -3.116075 2.186743
v -0.022258 -3.123223 2.189705
v 0.304349 -3.059017 2.163112
v -0.551933 -2.952481 2.118979
v 0.196014 -3.094652 2.177872
v -0.348866 -3.059017 2.163112
v 0.411727 -3.009275 2.142509
v 0.517831 -2.945570 2.116118
v 1.572646 0.800164 -0.668528
v 1.360386 1.059660 -0.668528
v 1.099768 1.283309 -0.668528
v 1.813762 3.338452 -0.668528
v 0.803647 1.457244 -0.668528
v 0.481396 1.575965 -0.668528
v 0.481396 3.338452 -0.668528
v 1.813762 -1.530202 -0.668528
v 1.394272 -0.278340 -0.668528
v 1.430763 -0.238968 -0.668528
v 1.474776 -0.208232 -0.668528
v 1.572646 -0.679605 -0.668528
v 1.524302 -0.670237 -0.668528
v 1.344323 -0.428879 -0.668528
v 1.350044 -0.375505 -0.668528
v 1.366953 -0.324549 -0.668528
v 1.524302 -0.187522 -0.668528
v 1.572646 -0.178154 -0.668528
v 1.572646 -1.375876 -0.668528
v 1.474776 -0.649527 -0.668528
v 1.430763 -0.618790 -0.668528
v 1.394272 -0.579418 -0.668528
v 1.366953 -0.533209 -0.668528
v 1.350044 -0.482253 -0.668528
v 1.455603 -1.530202 -0.668528
v 1.562351 -1.372693 -0.668843
v 1.540022 -1.365749 -0.672544
v 1.571793 -1.375607 -0.668528
v 1.539895 -0.674340 -0.671751
v 1.556045 -0.677490 -0.669354
v 1.528344 -1.362116 -0.674478
v 1.508413 -1.355864 -0.681341
v 1.540016 -1.365743 -0.672544
v 1.508400 -0.664925 -0.681307
v 1.524302 -0.670237 -0.675639
v 1.507856 -1.355690 -0.681536
v 1.479376 -0.651991 -0.696820
v 1.454448 -1.338760 -0.718181
v 1.474903 -0.649312 -0.700486
v 1.453931 -0.636707 -0.717698
v 1.479470 -1.346725 -0.696994
v 1.479470 -1.346725 -0.696994
v 1.477697 -1.346167 -0.697955
v 1.461305 -1.340949 -0.710761
v 1.433335 -1.331998 -0.743324
v 1.433375 -0.620805 -0.743398
v 1.454448 -1.338760 -0.718181
v 1.438607 -1.333690 -0.735326
v 1.418192 -1.327116 -0.772462
v 1.430763 -0.618790 -0.746661
v 1.417540 -0.606407 -0.772166
v 1.426828 -1.329903 -0.753209
v 1.408058 -1.323832 -0.803675
v 1.412061 -0.600712 -0.787457
v 1.407984 -0.596247 -0.803661
v 1.413538 -1.325611 -0.782837
v 1.407776 -1.323744 -0.804749
v 1.405587 -0.593507 -0.819772
v 1.404761 -0.592547 -0.836412
v 1.404761 -1.322764 -0.836412
v 1.562351 0.796981 -0.668843
v 1.571793 0.799895 -0.668528
v 1.556052 -0.180262 -0.669347
v 1.540022 0.790037 -0.672544
v 1.539895 -0.183418 -0.671751
v 1.528344 0.786404 -0.674478
v 1.540016 0.790030 -0.672544
v 1.524302 -0.187522 -0.675639
v 1.508413 0.780152 -0.681341
v 1.479470 0.771012 -0.696994
v 1.507856 0.779977 -0.681536
v 1.508400 -0.192833 -0.681307
v 1.479376 -0.205767 -0.696820
v 1.461305 0.765237 -0.710761
v 1.477697 0.770455 -0.697955
v 1.454448 0.763048 -0.718181
v 1.474903 -0.208447 -0.700486
v 1.453931 -0.221052 -0.717698
v 1.438607 0.757978 -0.735326
v 1.454448 0.763048 -0.718181
v 1.433335 0.756286 -0.743324
v 1.433053 -0.237001 -0.743142
v 1.418192 0.751403 -0.772462
v 1.426828 0.754190 -0.753209
v 1.430837 -0.239049 -0.747286
v 1.417540 -0.251351 -0.772166
v 1.408058 0.748120 -0.803675
v 1.413538 0.749899 -0.782837
v 1.412054 -0.257053 -0.787477
v 1.407984 -0.261512 -0.803661
v 1.404761 0.747052 -0.836412
v 1.407776 0.748032 -0.804749
v 1.405587 -0.264252 -0.819792
v 1.404761 -0.265212 -0.836412
v 1.430763 -0.618790 -1.172181
v 1.474776 -0.649527 -1.172181
v 1.474776 -0.649527 -1.183537
v 1.394272 -0.579418 -1.267526
v 1.379666 -0.557539 -1.281756
v 1.366953 -0.533209 -1.293924
v 1.357223 -0.508457 -1.303091
v 1.350044 -0.482253 -1.309779
v 1.345760 -0.455721 -1.313735
v 1.345766 -0.401937 -1.313728
v 1.350044 -0.375505 -1.309779
v 1.344323 -0.428879 -1.315058
v 1.357223 -0.349308 -1.303091
v 1.366953 -0.324549 -1.293924
v 1.379605 -0.300327 -1.281816
v 1.394272 -0.278340 -1.267526
v 1.430763 -0.238968 -1.172181
v 1.430763 -0.238968 -1.230645
v 1.474776 -0.208232 -1.183537
v 1.404761 -0.265212 -1.172181
v 1.411886 -0.257234 -1.249965
v 1.404761 -0.592547 -1.172181
v 1.430763 -0.618790 -1.230645
v 1.411933 -0.600585 -1.249912
v 1.474776 -0.208232 -1.172181
v 1.484976 -0.202920 -1.172181
v 1.484976 -0.654838 -1.172181
v 1.404761 -1.322764 -1.172181
v 1.327091 -1.422172 -0.836412
v 1.327091 -1.422172 -1.172181
v 1.484976 -1.530202 -1.172181
v 1.307683 -1.450793 -1.172181
v 1.294555 -1.482785 -1.172181
v 1.288256 -1.516785 -1.172181
v 1.287719 -1.530202 -1.172181
v 1.289055 -1.551362 -1.170845
v 1.290942 -1.562953 -1.168958
v 1.487844 -1.562953 -1.168958
v 1.485702 -1.546776 -1.171362
v 1.296926 -1.585033 -1.162974
v 1.300498 -1.594448 -1.159402
v 1.496265 -1.594448 -1.159402
v 1.491430 -1.579110 -1.164902
v 1.311525 -1.616381 -1.148375
v 1.316541 -1.623083 -1.143359
v 1.509716 -1.623472 -1.143889
v 1.502470 -1.609477 -1.152283
v 1.332242 -1.644075 -1.127658
v 1.337325 -1.648420 -1.122575
v 1.527391 -1.648917 -1.123011
v 1.358519 -1.666538 -1.101381
v 1.362333 -1.669795 -1.097567
v 1.548282 -1.669795 -1.097567
v 1.388402 -1.683729 -1.071498
v 1.391357 -1.685308 -1.068543
v 1.571289 -1.685308 -1.068543
v 1.421247 -1.694373 -1.038653
v 1.422852 -1.694864 -1.037048
v 1.595297 -1.694864 -1.037048
v 1.584827 -1.690693 -1.050781
v 1.455603 -1.698087 -1.004297
v 1.619244 -1.698087 -1.004297
v 1.455603 -1.698087 -0.836412
v 1.727294 -1.698087 -0.836412
v 1.294555 -1.482785 -0.836412
v 1.288256 -1.516785 -0.836412
v 1.307683 -1.450793 -0.836412
v 1.421207 -1.694528 -0.836412
v 1.388268 -1.683991 -0.836412
v 1.358190 -1.666934 -0.836412
v 1.332242 -1.644075 -0.836412
v 1.311525 -1.616381 -0.836412
v 1.296926 -1.585033 -0.836412
v 1.289055 -1.551362 -0.836412
v 1.812284 -1.562953 -0.671751
v 1.455603 -1.562953 -0.671751
v 1.809961 -1.579520 -0.676781
v 1.807866 -1.594448 -0.681307
v 1.455603 -1.594448 -0.681307
v 1.800559 -1.623472 -0.696820
v 1.455603 -1.623472 -0.696820
v 1.790473 -1.648917 -0.717698
v 1.455603 -1.648917 -0.717698
v 1.777781 -1.669795 -0.743142
v 1.455603 -1.669795 -0.743142
v 1.762745 -1.685308 -0.772166
v 1.455603 -1.685308 -0.772166
v 1.745748 -1.694864 -0.803661
v 1.455603 -1.694864 -0.803661
v 1.329562 -1.424247 -0.803661
v 1.336875 -1.430398 -0.772166
v 1.348755 -1.440377 -0.743142
v 1.364731 -1.453815 -0.717698
v 1.384205 -1.470187 -0.696820
v 1.406426 -1.488862 -0.681307
v 1.430535 -1.509129 -0.671751
v 1.426747 -1.514710 -0.671751
v 1.398999 -1.499815 -0.681307
v 1.424182 -1.520949 -0.671751
v 1.393970 -1.512057 -0.681307
v 1.422953 -1.527583 -0.671751
v 1.391565 -1.525072 -0.681307
v 1.423114 -1.534332 -0.671751
v 1.391868 -1.538301 -0.681307
v 1.424645 -1.540900 -0.671751
v 1.394883 -1.551188 -0.681307
v 1.427493 -1.547018 -0.671751
v 1.400470 -1.563182 -0.681307
v 1.431535 -1.552417 -0.671751
v 1.408394 -1.573778 -0.681307
v 1.436599 -1.556876 -0.671751
v 1.418326 -1.582529 -0.681307
v 1.442468 -1.560207 -0.671751
v 1.429836 -1.589056 -0.681307
v 1.448895 -1.562261 -0.671751
v 1.442441 -1.593085 -0.681307
v 1.373427 -1.486082 -0.696820
v 1.366127 -1.503858 -0.696820
v 1.362629 -1.522748 -0.696820
v 1.363072 -1.541954 -0.696820
v 1.367444 -1.560663 -0.696820
v 1.375556 -1.578083 -0.696820
v 1.387066 -1.593468 -0.696820
v 1.401484 -1.606167 -0.696820
v 1.418192 -1.615642 -0.696820
v 1.436491 -1.621498 -0.696820
v 1.351011 -1.474055 -0.717698
v 1.341724 -1.496672 -0.717698
v 1.337272 -1.520713 -0.717698
v 1.337836 -1.545164 -0.717698
v 1.343403 -1.568977 -0.717698
v 1.353724 -1.591138 -0.717698
v 1.368370 -1.610720 -0.717698
v 1.386717 -1.626884 -0.717698
v 1.407991 -1.638951 -0.717698
v 1.431280 -1.646399 -0.717698
v 1.332618 -1.464177 -0.743142
v 1.321698 -1.490776 -0.743142
v 1.316460 -1.519048 -0.743142
v 1.317125 -1.547796 -0.743142
v 1.323666 -1.575793 -0.743142
v 1.335808 -1.601856 -0.743142
v 1.353032 -1.624883 -0.743142
v 1.374602 -1.643887 -0.743142
v 1.399617 -1.658077 -0.743142
v 1.427003 -1.666834 -0.743142
v 1.318945 -1.456837 -0.772166
v 1.306810 -1.486391 -0.772166
v 1.300995 -1.517806 -0.772166
v 1.301734 -1.549751 -0.772166
v 1.309006 -1.580863 -0.772166
v 1.322491 -1.609820 -0.772166
v 1.341630 -1.635405 -0.772166
v 1.365604 -1.656525 -0.772166
v 1.393392 -1.672286 -0.772166
v 1.423826 -1.682017 -0.772166
v 1.310531 -1.452317 -0.803661
v 1.297651 -1.483698 -0.803661
v 1.291473 -1.517047 -0.803661
v 1.292258 -1.550953 -0.803661
v 1.299974 -1.583979 -0.803661
v 1.314291 -1.614729 -0.803661
v 1.334612 -1.641886 -0.803661
v 1.360057 -1.664308 -0.803661
v 1.389564 -1.681037 -0.803661
v 1.421865 -1.691365 -0.803661
v 1.404761 0.811224 -1.111185
v 1.404761 0.795382 -1.097184
v 1.404761 0.783174 -1.086399
v 1.404761 0.771784 -1.072841
v 1.404761 0.834842 -1.126651
v 1.404761 0.887215 -1.150732
v 1.404761 0.870373 -1.142989
v 1.404761 0.758441 -1.051284
v 1.404761 0.752545 -1.037048
v 1.404761 0.938957 -1.164935
v 1.404761 0.915487 -1.158488
v 1.404761 0.747052 -1.004297
v 1.404761 0.747904 -1.017237
v 1.404761 0.752512 -1.036967
v 1.404761 1.012571 -1.172181
v 1.404761 0.963428 -1.167339
v 1.213138 0.969613 -1.004297
v 1.240154 0.942483 -0.836412
v 1.207107 0.970842 -0.836412
v 1.208994 0.973038 -1.004297
v 0.981323 1.161371 -1.004297
v 1.002201 1.146685 -0.836412
v 0.977172 1.161384 -0.836412
v 0.978213 1.163151 -1.004297
v 0.720275 1.310916 -1.004297
v 0.731833 1.305496 -0.836412
v 0.718214 1.310513 -0.836412
v 0.718590 1.311527 -1.004297
v 0.437600 1.413896 -1.004297
v 0.437600 1.413896 -0.836412
v 0.438441 1.417006 -1.037048
v 0.440933 1.426232 -1.068543
v 0.444981 1.441208 -1.097567
v 0.450427 1.461360 -1.123011
v 0.457064 1.485925 -1.143889
v 0.464635 1.513942 -1.159402
v 0.472852 1.544349 -1.168958
v 0.790988 1.463181 -1.172181
v 1.076896 1.299392 -1.172181
v 1.330791 1.089369 -1.172181
v 0.481396 1.575965 -1.172181
v 0.721632 1.313844 -1.037048
v 0.983156 1.164024 -1.037048
v 1.215394 0.971910 -1.037048
v 0.725654 1.322506 -1.068543
v 0.988595 1.171874 -1.068543
v 1.222089 0.978726 -1.068543
v 0.732188 1.336575 -1.097567
v 0.997426 1.184633 -1.097567
v 1.232961 0.989793 -1.097567
v 0.740986 1.355512 -1.123011
v 1.009312 1.201797 -1.123011
v 1.247594 1.004687 -1.123011
v 0.751703 1.378587 -1.143889
v 1.023797 1.222709 -1.143889
v 1.265424 1.022839 -1.143889
v 0.763932 1.404911 -1.159402
v 1.040324 1.246569 -1.159402
v 1.285764 1.043543 -1.159402
v 0.777195 1.433472 -1.168958
v 1.058254 1.272463 -1.168958
v 1.307838 1.066006 -1.168958
v 0.438441 1.417006 -0.803661
v 0.440933 1.426232 -0.772166
v 0.444981 1.441208 -0.743142
v 0.450427 1.461360 -0.717698
v 0.457064 1.485925 -0.696820
v 0.464635 1.513942 -0.681307
v 0.472852 1.544349 -0.671751
v 1.004074 1.149310 -0.803661
v 1.242464 0.944733 -0.803661
v 0.733209 1.308411 -0.803661
v 1.009628 1.157087 -0.772166
v 0.737299 1.317047 -0.772166
v 1.249307 0.951401 -0.772166
v 1.018640 1.169711 -0.743142
v 0.743934 1.331069 -0.743142
v 1.260414 0.962233 -0.743142
v 1.030775 1.186701 -0.717698
v 0.752865 1.349946 -0.717698
v 1.275369 0.976805 -0.717698
v 1.045562 1.207405 -0.696820
v 0.763751 1.372939 -0.696820
v 1.293588 0.994561 -0.696820
v 1.062431 1.231023 -0.681307
v 0.776161 1.399176 -0.681307
v 1.314372 1.014821 -0.681307
v 1.080730 1.256655 -0.671751
v 0.789639 1.427643 -0.671751
v 1.336929 1.036801 -0.671751
v 0.448643 1.575965 -0.671751
v 0.417149 1.575965 -0.681307
v 0.388124 1.575965 -0.696820
v 0.362683 1.575965 -0.717698
v 0.341805 1.575965 -0.743142
v 0.326290 1.575965 -0.772166
v 0.316737 1.575965 -0.803661
v 0.317478 1.539689 -0.836412
v 0.329190 1.505125 -0.836412
v 0.348095 1.473905 -0.836412
v 0.373299 1.447514 -0.836412
v 0.403612 1.427186 -0.836412
v 0.313511 1.575965 -0.836412
v 0.449417 1.568887 -0.671751
v 0.418667 1.562085 -0.681307
v 0.451702 1.562145 -0.671751
v 0.423149 1.548856 -0.681307
v 0.455390 1.556054 -0.671751
v 0.430384 1.536909 -0.681307
v 0.460307 1.550903 -0.671751
v 0.440029 1.526809 -0.681307
v 0.466221 1.546941 -0.671751
v 0.451629 1.519032 -0.681307
v 0.390328 1.555813 -0.696820
v 0.396835 1.536606 -0.696820
v 0.407338 1.519267 -0.696820
v 0.421341 1.504601 -0.696820
v 0.438182 1.493306 -0.696820
v 0.365488 1.550313 -0.717698
v 0.373770 1.525869 -0.717698
v 0.387138 1.503795 -0.717698
v 0.404961 1.485133 -0.717698
v 0.426394 1.470762 -0.717698
v 0.345103 1.545800 -0.743142
v 0.354842 1.517065 -0.743142
v 0.370560 1.491103 -0.743142
v 0.391517 1.469157 -0.743142
v 0.416720 1.452261 -0.743142
v 0.329955 1.542449 -0.772166
v 0.340776 1.510517 -0.772166
v 0.358242 1.481675 -0.772166
v 0.381528 1.457291 -0.772166
v 0.409533 1.438515 -0.772166
v 0.320627 1.540380 -0.803661
v 0.332115 1.506481 -0.803661
v 0.350657 1.475866 -0.803661
v 0.375377 1.449978 -0.803661
v 0.405106 1.430047 -0.803661
v 0.403612 1.427186 -1.004297
v 0.373299 1.447514 -1.004297
v 0.348095 1.473905 -1.004297
v 0.329190 1.505125 -1.004297
v 0.317478 1.539689 -1.004297
v 0.313511 1.575965 -1.004297
v 0.313511 3.237721 -0.836412
v 0.315444 3.252965 -0.811008
v 0.317110 3.257330 -0.803742
v 0.320956 3.267403 -0.786967
v 0.326628 3.276200 -0.772294
v 0.329416 3.280498 -0.765088
v 0.340071 3.292115 -0.745788
v 0.341937 3.293593 -0.743236
v 0.352204 3.302054 -0.729201
v 0.362803 3.308904 -0.717812
v 0.365222 3.310448 -0.715213
v 0.388451 3.321193 -0.697249
v 0.393291 3.323476 -0.693502
v 0.417297 3.330595 -0.681609
v 0.421038 3.331736 -0.679756
v 0.447856 3.336437 -0.671912
v 0.448651 3.336504 -0.671812
v 0.473966 3.338384 -0.668689
v 0.481396 3.404329 -0.722580
v 0.481396 3.405605 -0.735682
v 1.781548 3.405605 -0.735682
v 0.481396 3.400502 -0.709982
v 1.788075 3.404329 -0.722580
v 0.481396 3.394257 -0.698371
v 1.794240 3.400502 -0.709982
v 0.481396 3.385930 -0.688197
v 1.799820 3.394257 -0.698371
v 0.481396 3.375789 -0.679843
v 1.804642 3.385930 -0.688197
v 0.481396 3.364172 -0.673638
v 1.808544 3.375789 -0.679843
v 1.809961 3.370014 -0.676781
v 0.481396 3.351547 -0.669817
v 1.811418 3.364172 -0.673638
v 1.813171 3.351547 -0.669817
v 0.448643 1.575965 -1.168958
v 0.417149 1.575965 -1.159402
v 0.388124 1.575965 -1.143889
v 0.362683 1.575965 -1.123011
v 0.341805 1.575965 -1.097567
v 0.326290 1.575965 -1.068543
v 0.316737 1.575965 -1.037048
v 0.466221 1.546941 -1.168958
v 0.451629 1.519032 -1.159402
v 0.460307 1.550903 -1.168958
v 0.440029 1.526809 -1.159402
v 0.455390 1.556054 -1.168958
v 0.430384 1.536909 -1.159402
v 0.451702 1.562145 -1.168958
v 0.423149 1.548856 -1.159402
v 0.449417 1.568887 -1.168958
v 0.418667 1.562085 -1.159402
v 0.438182 1.493306 -1.143889
v 0.421341 1.504601 -1.143889
v 0.407338 1.519267 -1.143889
v 0.396835 1.536606 -1.143889
v 0.390328 1.555813 -1.143889
v 0.426394 1.470762 -1.123011
v 0.404961 1.485133 -1.123011
v 0.387138 1.503795 -1.123011
v 0.373770 1.525869 -1.123011
v 0.365488 1.550313 -1.123011
v 0.416720 1.452261 -1.097567
v 0.391517 1.469157 -1.097567
v 0.370560 1.491103 -1.097567
v 0.354842 1.517065 -1.097567
v 0.345103 1.545800 -1.097567
v 0.409533 1.438515 -1.068543
v 0.381528 1.457291 -1.068543
v 0.358242 1.481675 -1.068543
v 0.340776 1.510517 -1.068543
v 0.329955 1.542449 -1.068543
v 0.405106 1.430047 -1.037048
v 0.375377 1.449978 -1.037048
v 0.350657 1.475866 -1.037048
v 0.332115 1.506481 -1.037048
v 0.320627 1.540380 -1.037048
v 0.313511 3.237721 -1.004297
v 0.317110 3.270358 -0.816810
v 0.315444 3.263105 -0.821168
v 0.320956 3.287146 -0.806744
v 0.326628 3.301853 -0.797940
v 0.329416 3.309038 -0.793615
v 0.341937 3.330863 -0.780507
v 0.340071 3.328311 -0.782038
v 0.352204 3.344966 -0.772086
v 0.362803 3.356315 -0.765249
v 0.365222 3.358933 -0.763691
v 0.388451 3.376863 -0.752913
v 0.393291 3.380624 -0.750670
v 0.417297 3.392510 -0.743532
v 0.421038 3.394391 -0.742417
v 0.448651 3.402315 -0.737656
v 0.447856 3.402248 -0.737710
v 0.473966 3.405471 -0.735782
v 0.320329 3.284796 -0.804199
v 0.315277 3.261896 -0.819892
v 0.319879 3.282445 -0.801667
v 0.315157 3.260620 -0.818610
v 0.319609 3.279961 -0.799142
v 0.315085 3.259344 -0.817334
v 0.319518 3.277476 -0.796637
v 0.315061 3.258068 -0.816058
v 0.319609 3.274991 -0.794159
v 0.315085 3.256793 -0.814789
v 0.319879 3.272439 -0.791721
v 0.315157 3.255517 -0.813520
v 0.320329 3.269955 -0.789324
v 0.315277 3.254241 -0.812264
v 0.328133 3.305882 -0.789821
v 0.327212 3.302524 -0.786054
v 0.326657 3.299032 -0.782320
v 0.326472 3.295473 -0.778660
v 0.326657 3.291780 -0.775087
v 0.327212 3.288086 -0.771616
v 0.328133 3.284326 -0.768278
v 0.338060 3.324618 -0.777015
v 0.336609 3.320589 -0.772045
v 0.335733 3.316224 -0.767163
v 0.335440 3.311724 -0.762429
v 0.335733 3.306957 -0.757883
v 0.336609 3.302121 -0.753565
v 0.338060 3.297085 -0.749522
v 0.349502 3.340936 -0.765867
v 0.347545 3.336437 -0.759729
v 0.346359 3.331468 -0.753766
v 0.345962 3.326096 -0.748051
v 0.346359 3.320387 -0.742666
v 0.347545 3.314411 -0.737683
v 0.349502 3.308300 -0.733177
v 0.361954 3.354971 -0.756318
v 0.359577 3.350204 -0.749079
v 0.358134 3.344697 -0.742101
v 0.357650 3.338653 -0.735507
v 0.358134 3.332005 -0.729416
v 0.359577 3.325088 -0.723943
v 0.361954 3.317835 -0.719182
v 0.389479 3.377267 -0.741108
v 0.386683 3.372499 -0.731793
v 0.384976 3.366455 -0.722976
v 0.384401 3.359269 -0.714877
v 0.384976 3.351144 -0.707705
v 0.386683 3.342346 -0.701655
v 0.389479 3.333012 -0.696880
v 0.417630 3.391906 -0.731095
v 0.415114 3.387474 -0.720135
v 0.413571 3.381228 -0.709901
v 0.413051 3.373439 -0.700721
v 0.413571 3.364239 -0.692885
v 0.415114 3.353964 -0.686659
v 0.417630 3.343018 -0.682227
v 0.445649 3.400502 -0.725185
v 0.444012 3.396473 -0.713118
v 0.443006 3.390227 -0.701950
v 0.442667 3.382035 -0.692085
v 0.443006 3.372163 -0.683886
v 0.444012 3.361015 -0.677654
v 0.445649 3.348928 -0.673611
v 0.473445 3.404128 -0.722708
v 0.473059 3.400300 -0.710136
v 0.472820 3.394122 -0.698552
v 0.472740 3.385728 -0.688385
v 0.472820 3.375588 -0.680045
v 0.473059 3.363970 -0.673840
v 0.473445 3.351413 -0.670005
v 0.481396 3.405605 -1.105027
v 1.542232 3.405605 -1.105027
v 1.584901 3.405605 -1.050834
v 0.473966 3.338384 -1.172020
v 0.448651 3.336504 -1.168897
v 0.481396 3.338452 -1.172181
v 0.421038 3.331736 -1.160953
v 0.417297 3.330595 -1.159100
v 0.447856 3.336437 -1.168797
v 0.393291 3.323476 -1.147207
v 0.388451 3.321193 -1.143460
v 0.365222 3.310448 -1.125496
v 0.362803 3.308904 -1.122897
v 0.352204 3.302054 -1.111508
v 0.341937 3.293593 -1.097473
v 0.329416 3.280498 -1.075621
v 0.326628 3.276200 -1.068415
v 0.340071 3.292115 -1.094921
v 0.320956 3.267403 -1.053742
v 0.317110 3.257330 -1.036967
v 0.315444 3.252965 -1.029701
v 0.448651 3.402315 -1.103053
v 0.473966 3.405471 -1.104927
v 0.417297 3.392510 -1.097177
v 0.421038 3.394391 -1.098292
v 0.447856 3.402248 -1.102999
v 0.388451 3.376863 -1.087796
v 0.393291 3.380624 -1.090039
v 0.365222 3.358933 -1.077017
v 0.362803 3.356315 -1.075460
v 0.341937 3.330863 -1.060202
v 0.352204 3.344966 -1.068623
v 0.329416 3.309038 -1.047094
v 0.326628 3.301853 -1.042769
v 0.340071 3.328311 -1.058671
v 0.317110 3.270358 -1.023899
v 0.320956 3.287146 -1.033965
v 0.315444 3.263105 -1.019541
v 0.481396 3.351547 -1.170892
v 0.481396 3.364172 -1.167071
v 0.481396 3.375789 -1.160866
v 0.481396 3.385930 -1.152512
v 0.481396 3.394257 -1.142338
v 0.481396 3.400502 -1.130727
v 0.481396 3.404329 -1.118129
v 0.320329 3.269955 -1.051385
v 0.315277 3.254241 -1.028445
v 0.319879 3.272439 -1.048988
v 0.315157 3.255517 -1.027189
v 0.319609 3.274991 -1.046550
v 0.315085 3.256793 -1.025920
v 0.319518 3.277476 -1.044072
v 0.315061 3.258068 -1.024651
v 0.319609 3.279961 -1.041567
v 0.315085 3.259344 -1.023375
v 0.319879 3.282445 -1.039042
v 0.315157 3.260620 -1.022099
v 0.320329 3.284796 -1.036510
v 0.315277 3.261896 -1.020816
v 0.328133 3.284326 -1.072431
v 0.327212 3.288086 -1.069093
v 0.326657 3.291780 -1.065621
v 0.326472 3.295473 -1.062049
v 0.326657 3.299032 -1.058389
v 0.327212 3.302524 -1.054655
v 0.328133 3.305882 -1.050888
v 0.338060 3.297085 -1.091187
v 0.336609 3.302121 -1.087144
v 0.335733 3.306957 -1.082826
v 0.335440 3.311724 -1.078280
v 0.335733 3.316224 -1.073546
v 0.336609 3.320589 -1.068664
v 0.338060 3.324618 -1.063694
v 0.349502 3.308300 -1.107532
v 0.347545 3.314411 -1.103026
v 0.346359 3.320387 -1.098043
v 0.345962 3.326096 -1.092658
v 0.346359 3.331468 -1.086943
v 0.347545 3.336437 -1.080980
v 0.349502 3.340936 -1.074842
v 0.361954 3.317835 -1.121527
v 0.359577 3.325088 -1.116766
v 0.358134 3.332005 -1.111293
v 0.357650 3.338653 -1.105202
v 0.358134 3.344697 -1.098607
v 0.359577 3.350204 -1.091630
v 0.361954 3.354971 -1.084391
v 0.389479 3.333012 -1.143829
v 0.386683 3.342346 -1.139054
v 0.384976 3.351144 -1.133004
v 0.384401 3.359269 -1.125832
v 0.384976 3.366455 -1.117733
v 0.386683 3.372499 -1.108916
v 0.389479 3.377267 -1.099601
v 0.417630 3.343018 -1.158482
v 0.415114 3.353964 -1.154050
v 0.413571 3.364239 -1.147824
v 0.413051 3.373439 -1.139988
v 0.413571 3.381228 -1.130808
v 0.415114 3.387474 -1.120574
v 0.417630 3.391906 -1.109614
v 0.445649 3.348928 -1.167098
v 0.444012 3.361015 -1.163055
v 0.443006 3.372163 -1.156823
v 0.442667 3.382035 -1.148624
v 0.443006 3.390227 -1.138759
v 0.444012 3.396473 -1.127591
v 0.445649 3.400502 -1.115523
v 0.473445 3.351413 -1.170704
v 0.473059 3.363970 -1.166869
v 0.472820 3.375588 -1.160664
v 0.472740 3.385728 -1.152324
v 0.472820 3.394122 -1.142157
v 0.473059 3.400300 -1.130573
v 0.473445 3.404128 -1.118001
v 1.486212 3.351547 -1.170791
v 1.487568 3.358060 -1.169260
v 1.489516 3.364172 -1.167071
v 1.492041 3.370215 -1.164210
v 1.494982 3.375789 -1.160866
v 1.502275 3.385930 -1.152512
v 1.511045 3.394257 -1.142338
v 1.520917 3.400502 -1.130727
v 1.531454 3.404329 -1.118129
v 1.477133 3.338720 -1.172161
v 1.485796 3.349532 -1.171254
v 1.476918 3.338452 -1.172181
v 1.436572 2.821777 -1.172181
v 1.421489 2.824382 -1.172181
v 1.407293 2.824584 -1.172181
v 1.452192 2.817593 -1.172181
v 1.448660 2.818835 -1.172181
v 1.466959 2.809810 -1.172181
v 1.453239 2.817230 -1.172181
v 1.471216 2.806587 -1.172181
v 1.484976 2.789852 -1.172181
v 1.476938 2.800818 -1.172181
v 1.387207 3.317365 -1.172181
v 1.436652 3.317701 -1.172181
v 1.450157 3.321260 -1.172181
v 1.420287 3.315619 -1.172181
v 1.403693 3.315821 -1.172181
v 1.101414 3.147466 -1.172181
v 1.122742 3.195481 -1.172181
v 1.403700 2.824174 -1.172181
v 1.465757 3.329319 -1.172181
v 1.468517 3.330998 -1.172181
v 1.457410 3.324282 -1.172181
v 1.429427 3.316358 -1.172181
v 1.412799 3.315015 -1.172181
v 1.090515 3.096093 -1.172181
v 1.101414 2.992173 -1.172181
v 1.090515 3.043566 -1.172181
v 1.443838 2.820521 -1.172181
v 1.479423 2.798313 -1.172181
v 1.122742 2.944158 -1.172181
v 1.387207 2.822294 -1.172181
v 1.340146 2.818009 -1.172181
v 1.432664 3.316627 -1.172181
v 1.192548 2.866394 -1.172181
v 1.153565 2.901616 -1.172181
v 1.237991 2.840029 -1.172181
v 1.287913 2.823663 -1.172181
v 1.340146 3.321663 -1.172181
v 1.287913 3.316022 -1.172181
v 1.153565 3.238056 -1.172181
v 1.192548 3.273313 -1.172181
v 1.237991 3.299637 -1.172181
v 1.340152 3.321596 -1.232573
v 1.288101 3.314746 -1.293071
v 1.340602 3.321663 -1.232049
v 1.276007 3.313135 -1.307127
v 1.238394 3.298630 -1.346687
v 1.225695 3.293727 -1.360037
v 1.196087 3.275797 -1.389121
v 1.205133 3.308702 -1.431637
v 1.192790 3.272976 -1.392184
v 1.153901 3.237788 -1.428057
v 1.159905 3.244839 -1.422745
v 1.138476 3.219522 -1.441716
v 1.123480 3.195078 -1.454496
v 1.115530 3.182050 -1.461278
v 1.101857 3.147332 -1.472560
v 1.099506 3.141355 -1.474501
v 1.094101 3.119597 -1.478879
v 1.090636 3.097235 -1.481666
v 1.090609 3.096093 -1.481693
v 1.090944 3.043619 -1.481418
v 1.089581 3.054921 -1.482512
v 1.093261 3.024453 -1.479557
v 1.102065 2.992354 -1.472399
v 1.104765 2.982509 -1.470203
v 1.123507 2.944634 -1.454469
v 1.115912 2.956843 -1.460963
v 1.140249 2.917753 -1.440172
v 1.153653 2.901690 -1.428333
v 1.155446 2.899547 -1.426748
v 1.192588 2.866434 -1.392452
v 1.193018 2.866051 -1.392049
v 1.201184 2.832971 -1.434773
v 1.211116 2.854064 -1.374542
v 1.238683 2.841567 -1.346190
v 1.264215 2.829990 -1.319940
v 1.288048 2.824228 -1.293501
v 1.299659 2.821421 -1.280621
v 1.340199 2.820091 -1.231397
v 1.365879 2.819245 -1.200225
v 1.472432 2.787615 -1.185410
v 1.415687 2.777495 -1.245251
v 1.399066 2.774534 -1.262785
v 1.331422 2.778624 -1.326823
v 1.270675 2.794955 -1.379565
v 1.284509 2.791242 -1.367552
v 1.288713 2.790107 -1.363905
v 1.223184 2.818634 -1.417729
v 1.213742 2.823341 -1.425324
v 1.174296 2.853601 -1.455019
v 1.170018 2.856885 -1.458236
v 1.155815 2.872874 -1.468376
v 1.137153 2.893867 -1.481686
v 1.130565 2.901287 -1.486394
v 1.104543 2.944701 -1.504196
v 1.090058 2.980286 -1.513846
v 1.094631 2.969058 -1.510797
v 1.078877 3.026777 -1.521173
v 1.081086 3.017590 -1.519729
v 1.075600 3.069903 -1.523308
v 1.076903 3.052685 -1.522455
v 1.078266 3.101398 -1.521569
v 1.079636 3.117583 -1.520682
v 1.081865 3.127186 -1.519218
v 1.087224 3.150287 -1.515713
v 1.105752 3.197428 -1.503384
v 1.119290 3.221604 -1.494177
v 1.107075 3.199779 -1.502477
v 1.135387 3.242690 -1.482895
v 1.153203 3.265993 -1.470411
v 1.174282 3.286072 -1.455026
v 1.160570 3.273313 -1.465079
v 1.170710 3.283453 -1.457732
v 1.223674 3.322335 -1.417581
v 1.241100 3.330998 -1.403580
v 1.260541 3.340668 -1.387960
v 1.284435 3.347920 -1.367464
v 1.322995 3.359538 -1.334398
v 1.303433 3.353628 -1.351173
v 1.409032 3.364574 -1.252840
v 1.383957 3.363097 -1.276605
v 1.463776 3.353830 -1.194658
v 1.443381 3.325088 -1.182899
v 1.433913 3.318373 -1.175821
v 1.364791 3.331401 -1.256976
v 1.451923 3.333952 -1.188614
v 1.371607 3.338586 -1.263994
v 1.459183 3.344697 -1.192724
v 1.377396 3.347450 -1.269971
v 1.349030 3.322805 -1.240732
v 1.282494 3.315753 -1.315420
v 1.357189 3.326028 -1.249133
v 1.288357 3.320051 -1.323499
v 1.293440 3.325827 -1.331148
v 1.297617 3.332945 -1.338172
v 1.381982 3.357658 -1.274705
v 1.300780 3.341272 -1.344383
v 1.230443 3.297018 -1.368129
v 1.234412 3.301517 -1.376040
v 1.237521 3.307158 -1.383601
v 1.239697 3.313806 -1.390646
v 1.302848 3.350539 -1.349622
v 1.240892 3.321327 -1.397019
v 1.199747 3.279222 -1.397119
v 1.202581 3.283587 -1.404956
v 1.204522 3.288959 -1.412484
v 1.205536 3.295070 -1.419549
v 1.205610 3.301920 -1.426016
v 1.241087 3.329520 -1.402592
v 1.162208 3.248063 -1.430649
v 1.163625 3.252024 -1.438419
v 1.164149 3.256726 -1.445920
v 1.163759 3.261964 -1.453018
v 1.139947 3.222477 -1.449580
v 1.140531 3.225969 -1.457316
v 1.140215 3.229998 -1.464804
v 1.162470 3.267738 -1.459586
v 1.139000 3.234498 -1.471922
v 1.116107 3.184334 -1.469108
v 1.115791 3.187020 -1.476824
v 1.114576 3.190109 -1.484305
v 1.136911 3.239400 -1.478557
v 1.112487 3.193467 -1.491444
v 1.099460 3.142832 -1.482304
v 1.098513 3.144578 -1.490007
v 1.096673 3.146593 -1.497487
v 1.109546 3.197160 -1.498139
v 1.093973 3.148742 -1.504646
v 1.093839 3.120604 -1.486682
v 1.092677 3.121881 -1.494378
v 1.090636 3.123224 -1.501859
v 1.090448 3.151092 -1.511382
v 1.087728 3.124701 -1.509025
v 1.090239 3.097840 -1.489463
v 1.088943 3.098511 -1.497158
v 1.086761 3.099250 -1.504639
v 1.084008 3.126380 -1.515773
v 1.083725 3.100123 -1.511805
v 1.089145 3.054599 -1.490309
v 1.087802 3.054230 -1.497998
v 1.085586 3.053820 -1.505479
v 1.079877 3.100996 -1.518567
v 1.082503 3.053370 -1.512651
v 1.092973 3.023487 -1.487354
v 1.091777 3.022372 -1.495050
v 1.089695 3.021123 -1.502531
v 1.078615 3.052886 -1.519413
v 1.086761 3.019746 -1.509696
v 1.104926 2.980690 -1.478013
v 1.104180 2.978574 -1.485715
v 1.102549 2.976177 -1.493196
v 1.083007 3.018275 -1.516452
v 1.100050 2.973538 -1.500348
v 1.116510 2.954547 -1.468793
v 1.116201 2.951833 -1.476502
v 1.115006 2.948751 -1.483983
v 1.096720 2.970690 -1.507077
v 1.112931 2.945340 -1.491128
v 1.141793 2.914819 -1.448035
v 1.142445 2.911273 -1.455778
v 1.142196 2.907176 -1.463266
v 1.110009 2.941653 -1.497817
v 1.141048 2.902596 -1.470384
v 1.157575 2.896378 -1.434645
v 1.158824 2.892497 -1.442408
v 1.159166 2.887950 -1.449909
v 1.139027 2.897607 -1.477012
v 1.158609 2.882833 -1.457007
v 1.196571 2.862660 -1.400041
v 1.199284 2.858282 -1.407871
v 1.201104 2.852997 -1.415392
v 1.157145 2.877226 -1.463595
v 1.202003 2.846905 -1.422463
v 1.215333 2.850713 -1.382581
v 1.218745 2.846234 -1.390451
v 1.221283 2.840727 -1.397999
v 1.201957 2.840130 -1.428937
v 1.222882 2.834294 -1.405050
v 1.223526 2.827082 -1.411470
v 1.223184 2.819232 -1.417125
v 1.270306 2.827156 -1.328179
v 1.275732 2.822791 -1.336211
v 1.280352 2.817008 -1.343840
v 1.284059 2.809944 -1.350864
v 1.286758 2.801778 -1.357116
v 1.306905 2.819252 -1.289035
v 1.313627 2.815263 -1.297215
v 1.319637 2.809568 -1.304924
v 1.324774 2.802329 -1.311942
v 1.288377 2.792719 -1.362435
v 1.328884 2.793753 -1.318066
v 1.374951 2.818936 -1.209116
v 1.383943 2.816250 -1.217685
v 1.392519 2.811274 -1.225636
v 1.400383 2.804189 -1.232673
v 1.331852 2.784083 -1.323136
v 1.407253 2.795251 -1.238549
v 1.450909 2.817170 -1.173793
v 1.412873 2.784781 -1.243049
v 1.459753 2.808292 -1.179474
v 1.467308 2.797520 -1.183503
v -1.487904 4.077144 -1.217443
v -1.155191 4.077144 -1.500053
v -1.709754 4.077144 -0.925606
v -1.752094 4.077144 -0.869909
v 1.284697 4.077144 1.709555
v 0.923369 4.077144 1.954539
v 1.584901 4.077144 1.392623
v 1.809967 4.077144 1.018570
v 1.754780 3.895358 1.128877
v 1.762926 3.880719 1.113613
v 1.769306 3.862654 1.101438
v 1.773677 3.842038 1.092963
v 1.711882 3.909662 1.204512
v 1.723238 3.913288 1.185212
v 1.682818 3.872056 1.251775
v 1.691132 3.888509 1.238559
v 1.700990 3.901201 1.222563
v 1.676526 3.852582 1.261646
v 1.672591 3.831092 1.267744
v 1.734513 3.912080 1.165563
v 1.745177 3.906036 1.146478
v 1.671254 3.808529 1.269806
v 1.672591 3.785965 1.267744
v 1.700990 3.715856 1.222563
v 1.691132 3.728548 1.238559
v 1.711882 3.707395 1.204512
v 1.723238 3.703768 1.185212
v 1.682818 3.745001 1.251775
v 1.734513 3.704977 1.165563
v 1.676526 3.764476 1.261646
v 1.745177 3.711021 1.146478
v 1.754780 3.721699 1.128877
v 1.769306 3.754402 1.101438
v 1.762926 3.736338 1.113613
v 1.773677 3.775019 1.092963
v 1.775907 3.797179 1.088611
v 1.775907 3.819878 1.088611
v 1.949359 4.077144 0.604879
v 1.834767 4.077144 0.944969
v 1.978765 4.077144 0.334456
v 1.996554 4.077144 0.170894
v 1.949359 4.077144 -0.263090
v 1.979208 4.077144 0.011377
v 0.837338 4.077144 1.996967
v -1.155191 4.077144 1.841842
v -0.881854 4.077144 1.995570
v 1.809967 4.077144 -0.676781
v 1.584901 4.077144 -1.050834
v 1.703851 4.077144 -0.853147
v 1.284697 4.077144 -1.367766
v 0.923369 4.077144 -1.612750
v 0.837338 4.077144 -1.647025
v 0.545424 4.077144 -1.763336
v 0.517831 4.077144 -1.774329
v -0.098435 3.880719 -1.846479
v -0.348866 4.077144 -1.821323
v -0.266697 4.077144 -1.825775
v -0.061096 3.906036 -1.847540
v -0.081142 3.895358 -1.847057
v -0.022258 4.077144 -1.839032
v -0.039234 3.912080 -1.847842
v -0.112166 3.862654 -1.845915
v -0.016577 3.913288 -1.847909
v -0.121694 3.842038 -1.845465
v 0.087038 4.077144 -1.844955
v 0.005813 3.909662 -1.847721
v 0.026891 3.901201 -1.847318
v 0.061275 3.872056 -1.846190
v 0.045671 3.888509 -1.846774
v 0.072972 3.852582 -1.845666
v 0.080217 3.831092 -1.845310
v 0.082670 3.808529 -1.845190
v 0.080217 3.785965 -1.845310
v 0.026891 3.715856 -1.847318
v 0.045671 3.728548 -1.846774
v 0.061275 3.745001 -1.846190
v 0.072972 3.764476 -1.845666
v -0.016577 3.703768 -1.847909
v -0.039234 3.704977 -1.847842
v -0.061096 3.711021 -1.847540
v -0.112166 3.754402 -1.845915
v -0.098435 3.736338 -1.846479
v -0.121694 3.775019 -1.845465
v -0.081142 3.721699 -1.847057
v -0.126571 3.797179 -1.845217
v -0.126571 3.819878 -1.845217
v 0.005813 3.707395 -1.847721
v -0.769499 4.077144 -1.704536
v -0.881854 4.077144 -1.644964
v -1.935391 4.077144 -0.473715
v -1.759851 4.077144 -0.853147
v -2.029238 4.077144 -0.047378
v -2.029238 4.077144 0.334456
v -2.029238 4.077144 0.011377
v -2.029238 4.077144 0.389166
v -1.487904 4.077144 1.559232
v -1.740416 3.721699 1.230863
v -1.750859 3.711021 1.213746
v -1.731270 3.736338 1.245550
v -1.723910 3.754402 1.257160
v -1.718759 3.775019 1.265185
v -1.716107 3.797179 1.269288
v -1.716107 3.819878 1.269288
v -1.709754 4.077144 1.267395
v -1.740416 3.895358 1.230863
v -1.750859 3.906036 1.213746
v -1.731270 3.880719 1.245550
v -1.752094 4.077144 1.211697
v -1.752081 3.906640 1.211691
v -1.723910 3.862654 1.257160
v -1.718759 3.842038 1.265185
v -1.752081 3.710417 1.211691
v -1.875496 4.077144 0.944969
v -1.794656 3.901201 1.137439
v -1.784469 3.909662 1.155893
v -1.810867 3.872056 1.107092
v -1.803574 3.888509 1.120899
v -1.935391 4.077144 0.815504
v -1.816273 3.852582 1.096703
v -1.819584 3.831092 1.090250
v -1.773436 3.913288 1.175374
v -1.820699 3.808529 1.088067
v -1.819584 3.785965 1.090250
v -1.794656 3.715856 1.137439
v -1.803574 3.728548 1.120899
v -1.784469 3.707395 1.155893
v -1.810867 3.745001 1.107092
v -1.773436 3.703768 1.175374
v -1.816273 3.764476 1.096703
v -1.762053 3.704977 1.194963
v -1.762053 3.912080 1.194963
v 1.133211 3.785965 0.956332
v 1.131989 3.808529 0.958460
v 1.136837 3.764476 0.950060
v 1.142686 3.745001 0.939926
v 1.150490 3.728548 0.926415
v 1.159878 3.715856 0.910150
v 1.170414 3.707395 0.891898
v 1.181609 3.703768 0.872510
v 1.192938 3.704977 0.852888
v 1.203870 3.711021 0.833953
v 1.213890 3.721699 0.816592
v 1.222539 3.736338 0.801616
v 1.229402 3.754402 0.789725
v 1.234170 3.775019 0.781474
v 1.236608 3.819878 0.777250
v 1.236608 3.797179 0.777250
v 1.234170 3.842038 0.781474
v 1.229402 3.862654 0.789725
v 1.222539 3.880719 0.801616
v 1.213890 3.895358 0.816592
v 1.203870 3.906036 0.833953
v 1.192938 3.912080 0.852888
v 1.181609 3.913288 0.872510
v 1.170414 3.909662 0.891898
v 1.159878 3.901201 0.910150
v 1.150490 3.888509 0.926415
v 1.142686 3.872056 0.939926
v 1.136837 3.852582 0.950060
v 1.133211 3.831092 0.956332
v 0.080217 3.785965 -1.222493
v 0.082670 3.808529 -1.222493
v 0.072972 3.764476 -1.222493
v 0.061275 3.745001 -1.222493
v 0.045671 3.728548 -1.222493
v 0.026891 3.715856 -1.222493
v 0.005813 3.707395 -1.222493
v -0.016577 3.703768 -1.222493
v -0.039234 3.704977 -1.222493
v -0.022258 3.703634 -1.222493
v -0.061096 3.711021 -1.222493
v -0.081142 3.721699 -1.222493
v -0.098435 3.736338 -1.222493
v -0.112166 3.754402 -1.222493
v -0.121694 3.775019 -1.222493
v -0.126571 3.819878 -1.222493
v -0.126571 3.797179 -1.222493
v -0.121694 3.842038 -1.222493
v -0.112166 3.862654 -1.222493
v -0.098435 3.880719 -1.222493
v -0.081142 3.895358 -1.222493
v -0.061096 3.906036 -1.222493
v -0.039234 3.912080 -1.222493
v -0.016577 3.913288 -1.222493
v 0.005813 3.909662 -1.222493
v 0.026891 3.901201 -1.222493
v 0.045671 3.888509 -1.222493
v 0.061275 3.872056 -1.222493
v 0.072972 3.852582 -1.222493
v 0.080217 3.831092 -1.222493
v -1.280204 3.785965 0.778842
v -1.281433 3.808529 0.776718
v -1.276585 3.764476 0.785116
v -1.270736 3.745001 0.795247
v -1.262932 3.728548 0.808759
v -1.253544 3.715856 0.825023
v -1.243001 3.707395 0.843278
v -1.231806 3.703768 0.862666
v -1.220478 3.704977 0.882288
v -1.209552 3.711021 0.901225
v -1.199525 3.721699 0.918585
v -1.190876 3.736338 0.933560
v -1.184013 3.754402 0.945453
v -1.179252 3.775019 0.953699
v -1.176814 3.819878 0.957923
v -1.176814 3.797179 0.957923
v -1.179252 3.842038 0.953699
v -1.184013 3.862654 0.945453
v -1.190876 3.880719 0.933560
v -1.199525 3.895358 0.918585
v -1.209552 3.906036 0.901225
v -1.220478 3.912080 0.882288
v -1.231806 3.913288 0.862666
v -1.243001 3.909662 0.843278
v -1.253544 3.901201 0.825023
v -1.262932 3.888509 0.808759
v -1.270736 3.872056 0.795247
v -1.276585 3.852582 0.785116
v -1.280204 3.831092 0.778842
v 1.333920 3.741375 0.608699
v 1.333920 4.077144 0.608699
v 1.323787 3.681205 0.626251
v 1.307663 3.626475 0.654175
v 1.286248 3.579601 0.691268
v 1.034978 4.077144 1.126479
v 1.139772 4.077144 0.944969
v 1.260461 3.542532 0.735938
v 1.168574 3.503784 0.895087
v 1.137502 3.516879 0.948911
v 1.108445 3.542532 0.999236
v 1.061236 3.626475 1.081003
v 1.045112 3.681205 1.108925
v 1.034978 3.741375 1.126479
v 1.082651 3.579601 1.043907
v 1.231403 3.516879 0.786265
v 1.200331 3.503784 0.840086
v 1.159448 3.741375 0.507968
v 1.149315 3.681205 0.525521
v 1.133198 3.626475 0.553444
v 1.111776 3.579601 0.590537
v 1.085988 3.542532 0.635207
v 1.056931 3.516879 0.685534
v 1.025859 3.503784 0.739355
v 0.994102 3.503784 0.794358
v 0.963030 3.516879 0.848181
v 0.933972 3.542532 0.898506
v 0.908179 3.579601 0.943176
v 0.886763 3.626475 0.980272
v 0.870646 3.681205 1.008195
v 0.860513 3.741375 1.025749
v 0.860513 4.077144 1.025749
v 1.159448 4.077144 0.507968
v 0.962365 3.764476 0.849329
v 0.958745 3.785965 0.855601
v 0.968214 3.745001 0.839198
v 0.958745 3.831092 0.855601
v 0.957516 3.808529 0.857730
v 0.976017 3.728548 0.825685
v 0.907144 4.077144 0.944969
v 0.985405 3.901201 0.809421
v 0.995942 3.909662 0.791167
v 0.968214 3.872056 0.839198
v 0.976017 3.888509 0.825685
v 0.995942 3.707395 0.791167
v 0.985405 3.715856 0.809421
v 1.007136 3.703768 0.771776
v 1.054937 3.754402 0.688994
v 1.048067 3.736338 0.700885
v 1.059698 3.775019 0.680743
v 1.007136 3.913288 0.771776
v 1.018465 3.912080 0.752155
v 0.962365 3.852582 0.849329
v 1.039424 3.721699 0.715861
v 1.062135 3.797179 0.676519
v 1.048067 3.880719 0.700885
v 1.054937 3.862654 0.688994
v 1.018465 3.704977 0.752155
v 1.029398 3.711021 0.733222
v 1.062135 3.819878 0.676519
v 1.059698 3.842038 0.680743
v 1.039424 3.895358 0.715861
v 1.029398 3.906036 0.733222
v 0.667956 3.785965 0.687718
v 0.666734 3.808529 0.689843
v 0.671582 3.764476 0.681444
v 0.677431 3.745001 0.671314
v 0.685228 3.728548 0.657800
v 0.694623 3.715856 0.641537
v 0.705159 3.707395 0.623283
v 0.716354 3.703768 0.603892
v 0.727682 3.704977 0.584271
v 0.738615 3.711021 0.565338
v 0.748634 3.721699 0.547977
v 0.757284 3.736338 0.533001
v 0.764147 3.754402 0.521109
v 0.768915 3.775019 0.512859
v 0.771353 3.797179 0.508635
v 0.771353 3.819878 0.508635
v 0.768915 3.842038 0.512859
v 0.764147 3.862654 0.521109
v 0.757284 3.880719 0.533001
v 0.748634 3.895358 0.547977
v 0.738615 3.906036 0.565338
v 0.727682 3.912080 0.584271
v 0.716354 3.913288 0.603892
v 0.705159 3.909662 0.623283
v 0.694623 3.901201 0.641537
v 0.685228 3.888509 0.657800
v 0.677431 3.872056 0.671314
v 0.671582 3.852582 0.681444
v 0.667956 3.831092 0.687718
v 0.814163 4.077144 0.434480
v 0.814163 3.741375 0.434480
v 0.805332 3.704104 0.449777
v 0.792889 3.671199 0.471333
v 0.777349 3.644069 0.498242
v 0.624225 3.741375 0.763465
v 0.624225 4.077144 0.763465
v 0.698672 3.611298 0.634516
v 0.679016 3.623788 0.668569
v 0.633057 3.704104 0.748167
v 0.759379 3.623788 0.529375
v 0.739716 3.611298 0.563428
v 0.661039 3.644069 0.699703
v 0.645502 3.671199 0.726612
v 0.719194 3.607067 0.598972
v 0.150448 3.741375 0.489930
v 0.150448 4.077144 0.489930
v 0.545424 4.077144 0.717969
v 0.640919 4.077144 0.334456
v 0.545424 4.077144 0.279322
v 0.340388 3.741375 0.160945
v 0.340388 4.077144 0.160945
v 0.224170 3.626475 -1.222493
v 0.256413 3.681205 -1.222493
v 0.276681 3.741375 -1.222493
v 0.276681 4.077144 -1.222493
v -0.266697 4.077144 -1.222493
v -0.321198 3.741375 -1.222493
v 0.009498 3.503784 -1.222493
v 0.071646 3.516879 -1.222493
v -0.321198 4.077144 -1.222493
v -0.300929 3.681205 -1.222493
v -0.268687 3.626475 -1.222493
v -0.225855 3.579601 -1.222493
v -0.174274 3.542532 -1.222493
v 0.129758 3.542532 -1.222493
v 0.181338 3.579601 -1.222493
v -0.022258 4.077144 -1.222493
v -0.116162 3.516879 -1.222493
v -0.054014 3.503784 -1.222493
v -0.321198 3.741375 -1.021031
v -0.300929 3.681205 -1.021031
v -0.268687 3.626475 -1.021031
v -0.225855 3.579601 -1.021031
v -0.174274 3.542532 -1.021031
v -0.116162 3.516879 -1.021031
v -0.054014 3.503784 -1.021031
v 0.009498 3.503784 -1.021031
v 0.071646 3.516879 -1.021031
v 0.129758 3.542532 -1.021031
v 0.181338 3.579601 -1.021031
v 0.224170 3.626475 -1.021031
v 0.256413 3.681205 -1.021031
v 0.276681 3.741375 -1.021031
v -0.321198 4.077144 -1.021031
v 0.276681 4.077144 -1.021031
v 0.080217 3.831092 -1.021031
v -0.022258 3.703634 -1.021031
v 0.072972 3.852582 -1.021031
v -0.016577 3.703768 -1.021031
v 0.005813 3.707395 -1.021031
v -0.039234 3.704977 -1.021031
v 0.082670 3.808529 -1.021031
v 0.072972 3.764476 -1.021031
v 0.080217 3.785965 -1.021031
v 0.061275 3.745001 -1.021031
v -0.061096 3.711021 -1.021031
v 0.026891 3.715856 -1.021031
v -0.126571 3.797179 -1.021031
v -0.121694 3.775019 -1.021031
v -0.098435 3.880719 -1.021031
v -0.266697 4.077144 -1.021031
v 0.045671 3.728548 -1.021031
v -0.098435 3.736338 -1.021031
v -0.081142 3.721699 -1.021031
v -0.112166 3.754402 -1.021031
v -0.126571 3.819878 -1.021031
v -0.121694 3.842038 -1.021031
v -0.081142 3.895358 -1.021031
v -0.022258 4.077144 -1.021031
v 0.026891 3.901201 -1.021031
v 0.061275 3.872056 -1.021031
v -0.112166 3.862654 -1.021031
v -0.039234 3.912080 -1.021031
v -0.061096 3.906036 -1.021031
v 0.005813 3.909662 -1.021031
v -0.016577 3.913288 -1.021031
v 0.045671 3.888509 -1.021031
v 0.080217 3.785965 -0.685263
v 0.082670 3.808529 -0.685263
v 0.072972 3.764476 -0.685263
v 0.061275 3.745001 -0.685263
v 0.045671 3.728548 -0.685263
v 0.026891 3.715856 -0.685263
v 0.005813 3.707395 -0.685263
v -0.016577 3.703768 -0.685263
v -0.039234 3.704977 -0.685263
v -0.061096 3.711021 -0.685263
v -0.081142 3.721699 -0.685263
v -0.098435 3.736338 -0.685263
v -0.112166 3.754402 -0.685263
v -0.121694 3.775019 -0.685263
v -0.126571 3.797179 -0.685263
v -0.126571 3.819878 -0.685263
v -0.121694 3.842038 -0.685263
v -0.112166 3.862654 -0.685263
v -0.098435 3.880719 -0.685263
v -0.081142 3.895358 -0.685263
v -0.061096 3.906036 -0.685263
v -0.039234 3.912080 -0.685263
v -0.016577 3.913288 -0.685263
v 0.005813 3.909662 -0.685263
v 0.026891 3.901201 -0.685263
v 0.045671 3.888509 -0.685263
v 0.061275 3.872056 -0.685263
v 0.072972 3.852582 -0.685263
v 0.080217 3.831092 -0.685263
v -0.212198 3.741375 -0.685263
v -0.212198 4.077144 -0.685263
v -0.169644 3.671199 -0.685263
v -0.138572 3.644069 -0.685263
v 0.150018 3.704104 -0.685263
v 0.167682 3.741375 -0.685263
v -0.022258 4.077144 -0.685263
v -0.194534 3.704104 -0.685263
v 0.125128 3.671199 -0.685263
v -0.063301 3.611298 -0.685263
v -0.022258 3.607067 -0.685263
v 0.018784 3.611298 -0.685263
v 0.058106 3.623788 -0.685263
v 0.167682 4.077144 -0.685263
v -0.102622 3.623788 -0.685263
v 0.094056 3.644069 -0.685263
v -0.212198 4.077144 -0.138191
v -0.212198 3.741375 -0.138191
v 0.167682 3.741375 -0.138191
v 0.167682 4.077144 -0.138191
v -1.079495 3.741375 1.126479
v -1.079495 4.077144 1.126479
v -1.089628 3.681205 1.108925
v -1.105752 3.626475 1.081003
v -1.127167 3.579601 1.043907
v -1.152961 3.542532 0.999236
v -1.378437 4.077144 0.608699
v -1.184288 4.077144 0.944969
v -1.378437 3.741375 0.608699
v -1.244848 3.503784 0.840086
v -1.275920 3.516879 0.786265
v -1.304977 3.542532 0.735938
v -1.182019 3.516879 0.948911
v -1.213091 3.503784 0.895087
v -1.330764 3.579601 0.691268
v -1.352180 3.626475 0.654175
v -1.368303 3.681205 0.626251
v -1.193831 3.681205 0.525521
v -1.203964 3.741375 0.507968
v -1.177714 3.626475 0.553444
v -1.156292 3.579601 0.590537
v -1.130505 3.542532 0.635207
v -1.101447 3.516879 0.685534
v -1.070375 3.503784 0.739355
v -1.038618 3.503784 0.794358
v -1.007546 3.516879 0.848181
v -0.978489 3.542532 0.898506
v -0.952695 3.579601 0.943176
v -0.931279 3.626475 0.980272
v -0.915163 3.681205 1.008195
v -0.905029 3.741375 1.025749
v -0.905029 4.077144 1.025749
v -1.203964 4.077144 0.507968
v -1.096263 3.745001 0.694516
v -1.102112 3.764476 0.684385
v -1.088460 3.728548 0.708029
v -1.105732 3.831092 0.678111
v -1.105732 3.785965 0.678111
v -1.068535 3.909662 0.742546
v -1.057334 3.913288 0.761937
v -1.102112 3.852582 0.684385
v -1.106961 3.808529 0.675987
v -1.079072 3.901201 0.724293
v -1.096263 3.872056 0.694516
v -1.068535 3.707395 0.742546
v -1.079072 3.715856 0.724293
v -1.057334 3.703768 0.761937
v -1.088460 3.888509 0.708029
v -1.004779 3.842038 0.852969
v -1.016410 3.880719 0.832828
v -1.009541 3.862654 0.844722
v -0.951661 4.077144 0.944969
v -1.002342 3.797179 0.857193
v -1.004779 3.775019 0.852969
v -1.002342 3.819878 0.857193
v -1.025053 3.895358 0.817852
v -1.046012 3.704977 0.781558
v -1.016410 3.736338 0.832828
v -1.025053 3.721699 0.817852
v -1.009541 3.754402 0.844722
v -1.002033 3.808529 0.857730
v -1.046012 3.912080 0.781558
v -1.035079 3.906036 0.800491
v -1.035079 3.711021 0.800491
v -0.814949 3.785965 0.510226
v -0.816178 3.808529 0.508102
v -0.811329 3.764476 0.516501
v -0.805480 3.745001 0.526632
v -0.797677 3.728548 0.540144
v -0.788289 3.715856 0.556408
v -0.777746 3.707395 0.574662
v -0.766551 3.703768 0.594053
v -0.755222 3.704977 0.613674
v -0.744290 3.711021 0.632607
v -0.734270 3.721699 0.649967
v -0.725621 3.736338 0.664943
v -0.718758 3.754402 0.676835
v -0.713997 3.775019 0.685086
v -0.711552 3.797179 0.689310
v -0.711552 3.819878 0.689310
v -0.713997 3.842038 0.685086
v -0.718758 3.862654 0.676835
v -0.725621 3.880719 0.664943
v -0.734270 3.895358 0.649967
v -0.744290 3.906036 0.632607
v -0.755222 3.912080 0.613674
v -0.766551 3.913288 0.594053
v -0.777746 3.909662 0.574662
v -0.788289 3.901201 0.556408
v -0.797677 3.888509 0.540144
v -0.805480 3.872056 0.526632
v -0.811329 3.852582 0.516501
v -0.814949 3.831092 0.510226
v -0.022258 4.077144 -0.138191
v 0.240211 4.077144 0.334456
v -0.266697 4.077144 0.365684
v -0.194964 4.077144 0.489930
v -0.266697 4.077144 0.531345
v -0.668742 4.077144 0.763465
v -0.858679 4.077144 0.434480
v -0.685435 4.077144 0.334456
v -0.384904 4.077144 0.160945
v -0.284727 4.077144 0.334456
v -1.709754 4.077144 0.011377
v -1.709754 4.077144 0.334456
v -0.881854 4.077144 0.334456
v -0.266697 4.077144 0.011377
v -0.266697 4.077144 0.334456
v -0.022258 4.077144 0.334456
v -1.709754 4.077144 -0.853147
v -0.881854 4.077144 0.011377
v -0.881854 4.077144 -0.853147
v 0.545424 4.077144 -0.853147
v 0.545424 4.077144 0.011377
v 0.837338 4.077144 0.011377
v -0.022258 4.077144 -0.853147
v -0.266697 4.077144 -0.853147
v -0.022258 4.077144 0.011377
v -0.022258 4.077144 0.944969
v 0.545424 4.077144 0.944969
v 0.837338 4.077144 0.944969
v 0.837338 4.077144 0.334456
v -0.881854 4.077144 0.944969
v -0.266697 4.077144 0.944969
v -1.709754 4.077144 0.944969
v 0.837338 4.077144 -0.853147
v -0.668742 3.741375 0.763465
v -0.677574 3.704104 0.748167
v -0.690019 3.671199 0.726612
v -0.858679 3.741375 0.434480
v -0.705555 3.644069 0.699703
v -0.784233 3.611298 0.563428
v -0.803895 3.623788 0.529375
v -0.849849 3.704104 0.449777
v -0.723532 3.623788 0.668569
v -0.743188 3.611298 0.634516
v -0.821866 3.644069 0.498242
v -0.837405 3.671199 0.471333
v -0.763710 3.607067 0.598972
v -0.194964 3.741375 0.489930
v -0.384904 3.741375 0.160945
v 0.331556 3.704104 0.176242
v 0.319111 3.671199 0.197798
v 0.303575 3.644069 0.224706
v 0.285600 3.623788 0.255841
v 0.265939 3.611298 0.289894
v 0.245418 3.607067 0.325437
v 0.224897 3.611298 0.360981
v 0.205236 3.623788 0.395034
v 0.187261 3.644069 0.426168
v 0.171725 3.671199 0.453077
v 0.161937 3.726937 0.489930
v 0.159280 3.704104 0.474632
v 0.156192 3.715050 0.479980
v 0.346132 3.726937 0.170894
v 0.334643 3.715050 0.170894
v 0.340388 3.704776 0.160945
v 0.150448 3.704776 0.489930
v -0.203797 3.704104 0.474632
v -0.216241 3.671199 0.453077
v -0.231778 3.644069 0.426168
v -0.249753 3.623788 0.395034
v -0.269413 3.611298 0.360981
v -0.289934 3.607067 0.325437
v -0.310456 3.611298 0.289894
v -0.330116 3.623788 0.255841
v -0.348091 3.644069 0.224706
v -0.363627 3.671199 0.197798
v -0.390649 3.726937 0.170894
v -0.376072 3.704104 0.176242
v -0.379159 3.715050 0.170894
v -0.206453 3.726937 0.489930
v -0.200709 3.715050 0.479980
v -0.194964 3.704776 0.489930
v -0.384904 3.704776 0.160945
v -0.194534 3.704104 -0.138191
v -0.169644 3.671199 -0.138191
v -0.138572 3.644069 -0.138191
v -0.102622 3.623788 -0.138191
v -0.063301 3.611298 -0.138191
v -0.022258 3.607067 -0.138191
v 0.018784 3.611298 -0.138191
v 0.058106 3.623788 -0.138191
v 0.094056 3.644069 -0.138191
v 0.125128 3.671199 -0.138191
v 0.161937 3.726937 -0.148141
v 0.150018 3.704104 -0.138191
v 0.156192 3.715050 -0.138191
v -0.206453 3.726937 -0.148141
v -0.200709 3.715050 -0.138191
v -0.212198 3.704776 -0.138191
v 0.167682 3.704776 -0.138191
vn -0.0000 -0.0000 -1.0000
vn 0.8835 -0.4684 -0.0000
vn 0.7622 -0.6474 -0.0000
vn 0.9635 -0.2675 -0.0000
vn 0.9985 -0.0541 -0.0000
vn 0.9868 0.1618 -0.0000
vn 0.9290 0.3701 -0.0000
vn 0.8277 0.5612 -0.0000
vn -0.9290 0.3701 -0.0000
vn -0.8277 0.5612 -0.0000
vn -0.9868 0.1618 -0.0000
vn -0.9985 -0.0541 -0.0000
vn -0.9635 -0.2675 -0.0000
vn -0.8835 -0.4684 -0.0000
vn -0.9636 -0.2675 -0.0000
vn -0.7622 -0.6474 -0.0000
vn 0.6052 -0.7961 -0.0000
vn 0.7071 -0.7071 -0.0000
vn 0.4199 -0.9076 -0.0000
vn 0.2150 -0.9766 -0.0000
vn -0.0000 -1.0000 -0.0000
vn -0.2150 -0.9766 -0.0000
vn -0.4199 -0.9076 -0.0000
vn -0.6052 -0.7961 -0.0000
vn -0.7071 -0.7071 -0.0000
vn -0.6877 0.7260 -0.0000
vn -0.7071 0.7071 -0.0000
vn -0.5156 0.8569 -0.0000
vn -0.3193 0.9477 -0.0000
vn -0.1081 0.9941 -0.0000
vn 0.1081 0.9941 -0.0000
vn 0.3193 0.9477 -0.0000
vn 0.5156 0.8569 -0.0000
vn 0.6877 0.7260 -0.0000
vn 0.7071 0.7071 -0.0000
vn -0.5736 -0.8192 -0.0000
vn -0.4226 -0.9063 -0.0000
vn -0.2589 -0.9659 -0.0000
vn 0.9659 -0.2588 -0.0000
vn 0.5556 -0.8315 -0.0000
vn 0.3827 -0.9239 -0.0000
vn 0.1951 -0.9808 -0.0000
vn 0.2353 -0.9719 -0.0000
vn -0.1951 -0.9808 -0.0000
vn -0.3827 -0.9239 -0.0000
vn -0.2588 -0.9659 -0.0000
vn -0.5556 -0.8315 -0.0000
vn -0.0523 -0.9986 -0.0000
vn 0.1564 -0.9877 -0.0000
vn 0.3584 -0.9336 -0.0000
vn 0.2588 -0.9659 -0.0000
vn 0.5446 -0.8387 -0.0000
vn -0.0000 -0.0000 1.0000
vn -0.9659 -0.2588 -0.0000
vn -1.0000 -0.0000 -0.0000
vn 0.5736 0.8192 -0.0000
vn 0.4226 0.9063 -0.0000
vn 0.2589 0.9659 -0.0000
vn -0.9659 0.2588 -0.0000
vn -0.5556 0.8315 -0.0000
vn -0.3827 0.9239 -0.0000
vn -0.1951 0.9808 -0.0000
vn -0.2353 0.9719 -0.0000
vn -0.0000 1.0000 -0.0000
vn 0.1951 0.9808 -0.0000
vn 0.3827 0.9239 -0.0000
vn 0.2588 0.9659 -0.0000
vn 0.5556 0.8315 -0.0000
vn 0.0523 0.9986 -0.0000
vn -0.1564 0.9877 -0.0000
vn -0.3584 0.9336 -0.0000
vn -0.2588 0.9659 -0.0000
vn -0.5446 0.8387 -0.0000
vn 0.9659 0.2588 -0.0000
vn 1.0000 -0.0000 -0.0000
vn -0.0000 0.1951 -0.9808
vn -0.0000 0.3746 -0.9272
vn -0.0000 0.3359 -0.9419
vn -0.0000 0.2920 -0.9564
vn -0.0000 0.2449 -0.9695
vn -0.0000 0.3329 -0.9430
vn -0.0000 0.3827 -0.9239
vn -0.0000 0.2766 -0.9610
vn -0.0000 0.0991 -0.9951
vn -0.0000 0.0995 -0.9950
vn -0.0001 0.3826 -0.9239
vn -0.0000 -0.0991 -0.9951
vn -0.0000 -0.0995 -0.9950
vn -0.0000 -0.1951 -0.9808
vn -0.0000 -0.3638 -0.9315
vn -0.0000 -0.3330 -0.9429
vn -0.0000 -0.2766 -0.9610
vn -0.0000 -0.3827 -0.9239
vn -0.0000 -0.3392 -0.9407
vn -0.0000 -0.3525 -0.9358
vn -0.0000 -0.3223 -0.9466
vn -0.0000 -0.3247 -0.9458
vn -0.0000 -0.3258 -0.9454
vn -0.0000 -0.3229 -0.9464
vn -0.0000 -0.3404 -0.9403
vn -0.0000 -0.3333 -0.9428
vn -0.0000 -0.2859 -0.9583
vn -0.0000 -0.3543 -0.9351
vn -0.0000 -0.3268 -0.9451
vn -0.0000 -0.3643 -0.9313
vn -0.0000 -0.3312 -0.9435
vn -0.0001 -0.3826 -0.9239
vn -0.0000 -0.3826 -0.9239
vn 0.0001 -0.3827 -0.9239
vn -0.9662 0.1924 -0.1714
vn -0.8938 0.4099 -0.1820
vn -0.9078 0.4193 -0.0018
vn -0.8788 0.4771 -0.0000
vn -0.8749 0.3271 -0.3571
vn -0.8229 0.2319 -0.5187
vn -0.9344 0.1152 -0.3371
vn -0.7397 0.1279 -0.6607
vn -0.8705 0.0339 -0.4911
vn -0.6284 0.0191 -0.7776
vn -0.7766 -0.0485 -0.6282
vn -0.4935 -0.0905 -0.8650
vn -0.6560 -0.1292 -0.7437
vn -0.3397 -0.1965 -0.9198
vn -0.5128 -0.2054 -0.8336
vn -0.1732 -0.2952 -0.9396
vn -0.3520 -0.2747 -0.8948
vn -0.1791 -0.3344 -0.9253
vn -0.9862 -0.0364 -0.1616
vn -0.9766 0.2148 -0.0008
vn -0.9648 0.2631 -0.0000
vn -0.9424 -0.1027 -0.3183
vn -0.8696 -0.1657 -0.4652
vn -0.7699 -0.2237 -0.5976
vn -0.6465 -0.2748 -0.7117
vn -0.5031 -0.3174 -0.8038
vn -0.3443 -0.3502 -0.8711
vn -0.1749 -0.3722 -0.9115
vn -0.9531 -0.2613 -0.1530
vn -1.0000 0.0002 -0.0000
vn -0.9995 0.0309 -0.0000
vn -0.9008 -0.3121 -0.3019
vn -0.8239 -0.3543 -0.4424
vn -0.7243 -0.3868 -0.5708
vn -0.6048 -0.4087 -0.6835
vn -0.4688 -0.4194 -0.7774
vn -0.3199 -0.4185 -0.8500
vn -0.1622 -0.4062 -0.8993
vn -0.8717 -0.4679 -0.1459
vn -0.9767 -0.2148 0.0002
vn -0.9076 -0.4198 0.0001
vn -0.9791 -0.2033 -0.0000
vn -0.8161 -0.5009 -0.2882
vn -0.7406 -0.5217 -0.4235
vn -0.6471 -0.5297 -0.5484
vn -0.5377 -0.5247 -0.6599
vn -0.4152 -0.5070 -0.7554
vn -0.2826 -0.4769 -0.8323
vn -0.1426 -0.4353 -0.8889
vn -0.9059 -0.4235 -0.0000
vn -0.9034 -0.4287 -0.0085
vn -0.9040 -0.4275 -0.0000
vn -0.8684 -0.4761 -0.1387
vn -0.8661 -0.4783 -0.1455
vn -0.8493 -0.4920 -0.1917
vn -0.8134 -0.5130 -0.2742
vn -0.8071 -0.5159 -0.2871
vn -0.7613 -0.5321 -0.3705
vn -0.7404 -0.5371 -0.4041
vn -0.7290 -0.5394 -0.4215
vn -0.6883 -0.5451 -0.4786
vn -0.6513 -0.5475 -0.5254
vn -0.6341 -0.5478 -0.5457
vn -0.5557 -0.5448 -0.6280
vn -0.5249 -0.5416 -0.6566
vn -0.4550 -0.5312 -0.7148
vn -0.4330 -0.5269 -0.7313
vn -0.3085 -0.4967 -0.8112
vn -0.2936 -0.4924 -0.8194
vn -0.4041 -0.5209 -0.7519
vn -0.1644 -0.4465 -0.8795
vn -0.2744 -0.4867 -0.8294
vn -0.2715 -0.4858 -0.8308
vn -0.0849 -0.4166 -0.9051
vn -0.1407 -0.4378 -0.8880
vn -0.1575 -0.2428 -0.9572
vn -0.3087 -0.1120 -0.9445
vn -0.4475 0.0233 -0.8940
vn -0.5683 0.1576 -0.8076
vn -0.6663 0.2857 -0.6888
vn -0.7376 0.4022 -0.5423
vn -0.7794 0.5026 -0.3741
vn -0.7898 0.5829 -0.1909
vn -0.7963 0.6049 -0.0012
vn -0.7686 0.6398 -0.0000
vn -0.1416 -0.2100 -0.9674
vn -0.2773 -0.0587 -0.9590
vn -0.4015 0.0950 -0.9109
vn -0.5092 0.2447 -0.8251
vn -0.5957 0.3844 -0.7052
vn -0.6577 0.5081 -0.5562
vn -0.6924 0.6108 -0.3841
vn -0.6985 0.6883 -0.1961
vn -0.1124 -0.1700 -0.9790
vn -0.2200 0.0064 -0.9755
vn -0.3182 0.1827 -0.9302
vn -0.4029 0.3511 -0.8452
vn -0.4702 0.5045 -0.7241
vn -0.5175 0.6364 -0.5720
vn -0.5427 0.7410 -0.3955
vn -0.5446 0.8140 -0.2021
vn -0.5233 0.8521 -0.0000
vn -0.6479 0.7617 -0.0018
vn -0.0849 -0.1455 -0.9857
vn -0.1661 0.0467 -0.9850
vn -0.2401 0.2368 -0.9414
vn -0.3036 0.4166 -0.8569
vn -0.3539 0.5783 -0.7351
vn -0.3889 0.7148 -0.5812
vn -0.4069 0.8202 -0.4022
vn -0.4071 0.8899 -0.2055
vn -0.3897 0.9209 -0.0000
vn -0.4688 0.8833 -0.0021
vn -0.0463 -0.1249 -0.9911
vn -0.0906 0.0804 -0.9926
vn -0.1309 0.2822 -0.9504
vn -0.1654 0.4715 -0.8662
vn -0.1927 0.6400 -0.7438
vn -0.2114 0.7803 -0.5886
vn -0.2208 0.8861 -0.4075
vn -0.2204 0.9529 -0.2083
vn -0.2677 0.9635 -0.0026
vn -0.2104 0.9776 -0.0000
vn -0.0152 -0.1176 -0.9929
vn -0.0297 0.0924 -0.9953
vn -0.0430 0.2983 -0.9535
vn -0.0543 0.4910 -0.8695
vn -0.0632 0.6620 -0.7469
vn -0.0693 0.8035 -0.5912
vn -0.0724 0.9095 -0.4093
vn -0.0722 0.9752 -0.2093
vn 0.0263 -0.1194 -0.9925
vn 0.0514 0.0896 -0.9947
vn 0.0743 0.2945 -0.9528
vn 0.0939 0.4864 -0.8687
vn 0.1092 0.6567 -0.7462
vn 0.1198 0.7980 -0.5906
vn 0.1251 0.9040 -0.4089
vn 0.1248 0.9699 -0.2091
vn 0.1190 0.9929 -0.0000
vn -0.0543 0.9985 -0.0012
vn 0.0550 -0.1283 -0.9902
vn 0.1075 0.0748 -0.9914
vn 0.1553 0.2746 -0.9489
vn 0.1963 0.4624 -0.8647
vn 0.2286 0.6297 -0.7424
vn 0.2509 0.7694 -0.5874
vn 0.2621 0.8752 -0.4066
vn 0.2618 0.9425 -0.2079
vn 0.2500 0.9683 -0.0000
vn 0.1618 0.9868 -0.0016
vn 0.0930 -0.1517 -0.9840
vn 0.1820 0.0364 -0.9826
vn 0.2631 0.2230 -0.9386
vn 0.3328 0.3999 -0.8540
vn 0.3881 0.5595 -0.7323
vn 0.4266 0.6949 -0.5790
vn 0.4466 0.8001 -0.4005
vn 0.4472 0.8707 -0.2047
vn 0.3708 0.9287 -0.0031
vn 0.4285 0.9035 -0.0000
vn 0.1155 -0.1735 -0.9780
vn 0.2262 0.0008 -0.9741
vn 0.3271 0.1751 -0.9286
vn 0.4141 0.3419 -0.8436
vn 0.4835 0.4941 -0.7225
vn 0.5323 0.6253 -0.5707
vn 0.5583 0.7298 -0.3945
vn 0.5390 0.8423 -0.0000
vn 0.1445 -0.2151 -0.9658
vn 0.2830 -0.0671 -0.9568
vn 0.4098 0.0837 -0.9083
vn 0.5199 0.2310 -0.8224
vn 0.6084 0.3688 -0.7027
vn 0.6720 0.4915 -0.5540
vn 0.5606 0.8032 -0.2016
vn 0.7078 0.5939 -0.3825
vn 0.7145 0.6718 -0.1953
vn 0.6918 0.7221 -0.0000
vn 0.5614 0.8275 -0.0018
vn 0.1583 -0.2449 -0.9565
vn 0.3103 -0.1154 -0.9436
vn 0.4499 0.0187 -0.8929
vn 0.5715 0.1520 -0.8064
vn 0.6701 0.2793 -0.6877
vn 0.0422 -0.3341 -0.9416
vn 0.0878 -0.3008 -0.9496
vn 0.1881 -0.2271 -0.9555
vn 0.2458 -0.1851 -0.9515
vn 0.1596 -0.2482 -0.9555
vn 0.3613 -0.0870 -0.9284
vn 0.3156 -0.1269 -0.9404
vn 0.3593 -0.0887 -0.9290
vn 0.4895 0.0361 -0.8713
vn 0.5670 0.1211 -0.8148
vn 0.6036 0.1656 -0.7799
vn 0.6636 0.2464 -0.7063
vn 0.5799 0.1365 -0.8032
vn 0.7420 0.3954 -0.5414
vn 0.7120 0.3242 -0.6228
vn 0.7515 0.4057 -0.5202
vn 0.7647 0.4404 -0.4705
vn 0.7450 0.3906 -0.5408
vn 0.7674 0.4489 -0.4578
vn 0.7805 0.5010 -0.3739
vn 0.7820 0.5095 -0.3591
vn 0.7822 0.5929 -0.1914
vn 0.7816 0.5075 -0.3627
vn 0.7514 0.6598 -0.0070
vn 0.7511 0.6602 -0.0000
vn 0.7262 0.6875 -0.0008
vn 0.7816 0.5962 -0.1836
vn 0.7810 0.5988 -0.1774
vn -0.0688 0.9976 -0.0000
vn -0.6756 0.7372 -0.0000
vn -0.8684 -0.4727 -0.1498
vn -0.8737 -0.4865 -0.0000
vn -0.7959 -0.6054 0.0008
vn -0.7626 -0.6293 -0.1494
vn -0.8434 -0.4482 -0.2962
vn -0.7994 -0.4136 -0.4359
vn -0.7460 -0.5968 -0.2955
vn -0.7372 -0.3696 -0.5657
vn -0.7125 -0.5507 -0.4349
vn -0.6583 -0.3172 -0.6827
vn -0.6628 -0.4921 -0.5644
vn -0.5645 -0.2576 -0.7842
vn -0.5981 -0.4224 -0.6811
vn -0.4580 -0.1923 -0.8679
vn -0.5199 -0.3430 -0.7823
vn -0.6723 -0.7251 -0.1494
vn -0.7620 -0.6476 -0.0000
vn -0.6630 -0.6878 -0.2954
vn -0.6387 -0.6349 -0.4346
vn -0.5998 -0.5675 -0.5640
vn -0.5473 -0.4872 -0.6805
vn -0.4298 -0.2560 -0.8659
vn -0.4823 -0.3958 -0.7815
vn -0.5230 -0.8391 -0.1498
vn -0.6474 -0.7622 0.0009
vn -0.6662 -0.7458 -0.0000
vn -0.5264 -0.7970 -0.2961
vn -0.5175 -0.7366 -0.4355
vn -0.4966 -0.6590 -0.5649
vn -0.4642 -0.5662 -0.6811
vn -0.4063 -0.2954 -0.8647
vn -0.4211 -0.4602 -0.7816
vn -0.4104 -0.8994 -0.1505
vn -0.4682 -0.8836 0.0010
vn -0.5076 -0.8616 -0.0000
vn -0.4234 -0.8558 -0.2974
vn -0.4262 -0.7919 -0.4373
vn -0.4190 -0.7093 -0.5669
vn -0.4019 -0.6099 -0.6830
vn -0.3682 -0.3436 -0.8639
vn -0.3752 -0.4961 -0.7830
vn -0.3879 -0.9217 -0.0000
vn -0.2669 -0.9637 0.0019
vn -0.2310 -0.9609 -0.1524
vn -0.2589 -0.9178 -0.3010
vn -0.2804 -0.8519 -0.4422
vn -0.2950 -0.7650 -0.5725
vn -0.3023 -0.6592 -0.6885
vn -0.3398 -0.3706 -0.8644
vn -0.3021 -0.5370 -0.7876
vn -0.1098 -0.9819 -0.1543
vn -0.1974 -0.9803 -0.0000
vn -0.1474 -0.9410 -0.3046
vn -0.1813 -0.8759 -0.4471
vn -0.2105 -0.7883 -0.5781
vn -0.2342 -0.6805 -0.6943
vn -0.2944 -0.4016 -0.8672
vn -0.2520 -0.5552 -0.7926
vn 0.1014 -0.9821 -0.1589
vn -0.0540 -0.9985 0.0007
vn -0.0694 -0.9976 -0.0000
vn 0.0484 -0.9484 -0.3133
vn -0.0060 -0.8884 -0.4591
vn -0.0602 -0.8036 -0.5921
vn -0.1127 -0.6965 -0.7086
vn -0.2633 -0.4157 -0.8706
vn -0.1621 -0.5701 -0.8054
vn 0.2970 -0.9405 -0.1649
vn 0.1618 -0.9868 0.0003
vn 0.1516 -0.9884 -0.0000
vn 0.2324 -0.9168 -0.3248
vn 0.1607 -0.8653 -0.4749
vn 0.0842 -0.7875 -0.6105
vn 0.0051 -0.6859 -0.7277
vn -0.2070 -0.4278 -0.8799
vn -0.0741 -0.5635 -0.8228
vn 0.4280 -0.8876 -0.1701
vn 0.3701 -0.9290 0.0001
vn 0.3526 -0.9358 -0.0000
vn 0.3578 -0.8718 -0.3347
vn 0.2759 -0.8278 -0.4885
vn 0.1851 -0.7571 -0.6265
vn 0.0884 -0.6620 -0.7443
vn -0.1511 -0.4240 -0.8930
vn -0.0112 -0.5455 -0.8380
vn 0.5994 -0.7803 -0.1786
vn 0.5608 -0.8279 -0.0009
vn 0.4846 -0.8748 -0.0000
vn 0.5249 -0.7754 -0.3509
vn 0.4320 -0.7433 -0.5108
vn 0.3238 -0.6849 -0.6528
vn 0.2042 -0.6024 -0.7717
vn -0.1105 -0.4114 -0.9047
vn 0.0774 -0.4986 -0.8634
vn 0.6527 -0.7576 -0.0000
vn 0.7258 -0.6879 -0.0011
vn 0.7103 -0.6791 -0.1854
vn 0.6357 -0.6809 -0.3638
vn 0.5373 -0.6572 -0.5287
vn 0.4187 -0.6089 -0.6737
vn 0.2846 -0.5379 -0.7935
vn -0.0521 -0.3773 -0.9246
vn 0.1398 -0.4467 -0.8837
vn 0.7583 -0.6519 -0.0000
vn 0.8567 -0.5158 -0.0014
vn 0.8304 -0.5223 -0.1941
vn 0.7583 -0.5293 -0.3804
vn 0.6560 -0.5152 -0.5516
vn 0.5274 -0.4806 -0.7007
vn 0.3777 -0.4267 -0.8217
vn -0.0102 -0.3388 -0.9408
vn 0.2129 -0.3558 -0.9100
vn 0.8693 -0.4943 -0.0000
vn 0.9388 -0.3445 -0.0000
vn 0.9080 -0.3677 -0.2006
vn 0.8394 -0.3756 -0.3929
vn 0.7357 -0.3678 -0.5687
vn 0.6014 -0.3446 -0.7208
vn 0.4419 -0.3071 -0.8429
vn 0.0397 -0.2706 -0.9619
vn 0.2640 -0.2568 -0.9297
vn 0.9615 -0.1822 -0.2056
vn 0.9475 -0.3198 -0.0020
vn 0.8962 -0.1871 -0.4023
vn 0.7923 -0.1841 -0.5817
vn 0.6543 -0.1731 -0.7362
vn 0.4882 -0.1546 -0.8589
vn 0.0751 -0.1957 -0.9778
vn 0.3011 -0.1295 -0.9448
vn 0.9782 -0.0157 -0.2072
vn 0.9941 -0.1084 -0.0032
vn 0.9855 -0.1694 -0.0000
vn 0.9140 -0.0161 -0.4054
vn 0.8101 -0.0159 -0.5860
vn 0.6711 -0.0149 -0.7412
vn 0.5030 -0.0134 -0.8642
vn 0.1010 -0.0989 -0.9900
vn 0.3130 -0.0112 -0.9497
vn 0.9999 -0.0145 -0.0000
vn 0.9941 0.1086 -0.0047
vn 0.9623 0.1780 -0.2056
vn 0.8970 0.1829 -0.4024
vn 0.7931 0.1799 -0.5819
vn 0.6551 0.1692 -0.7364
vn 0.4889 0.1512 -0.8592
vn 0.1094 -0.0086 -0.9940
vn 0.3016 0.1266 -0.9450
vn 0.9569 0.2903 -0.0000
vn 0.9287 0.3108 -0.2025
vn 0.8612 0.3181 -0.3964
vn 0.7574 0.3120 -0.5736
vn 0.6216 0.2928 -0.7266
vn 0.4595 0.2611 -0.8489
vn 0.1015 0.0967 -0.9901
vn 0.2781 0.2185 -0.9354
vn 0.8476 0.4934 -0.1955
vn 0.9476 0.3195 -0.0023
vn 0.7761 0.5009 -0.3831
vn 0.6734 0.4881 -0.5552
vn 0.5435 0.4558 -0.7049
vn 0.3916 0.4050 -0.8262
vn 0.0849 0.1666 -0.9824
vn 0.2240 0.3379 -0.9142
vn 0.7850 0.5895 -0.1906
vn 0.8567 0.5158 -0.0011
vn 0.8848 0.4659 -0.0000
vn 0.7116 0.5949 -0.3738
vn 0.6104 0.5772 -0.5424
vn 0.4855 0.5369 -0.6899
vn 0.3417 0.4758 -0.8105
vn 0.0473 0.2571 -0.9652
vn 0.1845 0.3961 -0.8995
vn 0.8278 0.5611 -0.0000
vn 0.6950 0.6966 -0.1780
vn 0.6926 0.6974 -0.1843
vn 0.6895 0.6984 -0.1919
vn 0.5471 0.6995 -0.4597
vn 0.5384 0.6978 -0.4724
vn 0.5996 0.7068 -0.3754
vn 0.6081 0.7073 -0.3604
vn 0.6060 0.7072 -0.3641
vn 0.5028 0.6885 -0.5226
vn 0.4873 0.6839 -0.5430
vn 0.4183 0.6585 -0.6256
vn 0.3359 0.6193 -0.7096
vn 0.2174 0.5490 -0.8071
vn 0.2007 0.5380 -0.8187
vn 0.2491 0.5691 -0.7836
vn 0.0202 0.3010 -0.9534
vn 0.1072 0.4713 -0.8754
vn -0.1223 0.2095 -0.9701
vn -0.0306 0.3592 -0.9328
vn -0.0326 0.3574 -0.9334
vn -0.0759 0.3189 -0.9447
vn -0.1216 0.2075 -0.9706
vn -0.1097 0.1692 -0.9794
vn -0.0965 0.1080 -0.9895
vn -0.0972 0.1123 -0.9889
vn -0.0890 0.0401 -0.9952
vn -0.0906 0.0647 -0.9938
vn -0.0884 -0.0282 -0.9957
vn -0.0875 -0.0057 -0.9962
vn -0.0926 -0.0804 -0.9924
vn -0.0909 -0.0662 -0.9937
vn -0.1039 -0.1458 -0.9838
vn -0.1008 -0.1326 -0.9860
vn -0.1327 -0.2358 -0.9627
vn -0.1128 -0.1802 -0.9771
vn -0.1439 -0.2597 -0.9549
vn -0.1344 -0.2398 -0.9615
vn -0.1378 -0.2899 -0.9471
vn -0.1697 -0.3004 -0.9386
vn -0.1515 -0.2739 -0.9498
vn -0.1849 -0.3174 -0.9301
vn -0.1776 -0.3100 -0.9340
vn -0.1978 -0.3284 -0.9236
vn -0.2157 -0.3393 -0.9156
vn -0.2379 -0.3465 -0.9074
vn -0.2293 -0.3444 -0.9104
vn -0.2730 -0.3461 -0.8976
vn -0.2662 -0.3471 -0.8993
vn -0.3018 -0.3363 -0.8921
vn -0.2890 -0.3416 -0.8943
vn -0.3247 -0.3223 -0.8892
vn -0.3376 -0.3124 -0.8879
vn -0.3656 -0.2833 -0.8866
vn -0.3483 -0.3023 -0.8873
vn -0.3978 -0.2491 -0.8830
vn -0.3959 -0.2384 -0.8868
vn -0.3808 -0.2627 -0.8866
vn -0.4010 -0.2288 -0.8870
vn -0.4163 -0.1957 -0.8879
vn -0.4250 -0.1724 -0.8886
vn -0.4560 -0.1477 -0.8776
vn -0.4701 -0.1542 -0.8691
vn -0.4380 -0.1394 -0.8881
vn -0.4353 -0.1382 -0.8896
vn -0.5576 -0.1956 -0.8068
vn -0.5832 -0.2080 -0.7852
vn -0.6632 -0.2483 -0.7060
vn -0.6891 -0.2619 -0.6757
vn -0.6028 -0.2176 -0.7677
vn -0.7525 -0.2970 -0.5878
vn -0.7657 -0.3047 -0.5664
vn -0.8229 -0.3404 -0.4550
vn -0.8307 -0.3457 -0.4364
vn -0.7938 -0.3216 -0.5162
vn -0.8724 -0.3776 -0.3104
vn -0.8759 -0.3807 -0.2965
vn -0.8446 -0.3556 -0.4002
vn -0.8997 -0.4070 -0.1577
vn -0.8934 -0.3984 -0.2074
vn -0.9005 -0.4083 -0.1499
vn -0.1426 0.2571 -0.9558
vn 0.9862 0.1655 -0.0000
vn -0.7961 -0.6052 -0.0000
vn -0.9075 -0.4200 0.0002
vn -0.9766 -0.2149 0.0002
vn -0.9766 0.2150 -0.0000
vn -0.9076 0.4199 0.0001
vn -0.2675 -0.9635 -0.0000
vn -0.1726 -0.9850 -0.0000
vn -0.2367 -0.9716 -0.0000
vn -0.1066 -0.9943 0.0001
vn -0.3618 -0.9323 -0.0000
vn -0.4684 -0.8835 -0.0000
vn -0.4771 -0.8789 -0.0000
vn -0.6474 -0.7622 -0.0000
vn -0.5781 -0.8160 -0.0000
vn -0.6610 -0.7504 -0.0000
vn -0.6474 -0.7621 -0.0000
vn -0.7605 -0.6493 -0.0000
vn -0.7443 -0.6678 -0.0000
vn -0.7701 -0.6380 -0.0000
vn -0.7733 -0.6340 -0.0000
vn -0.7700 -0.6380 -0.0000
vn -0.7226 -0.6913 -0.0000
vn -0.4767 -0.8791 -0.0000
vn -0.2675 -0.9636 -0.0000
vn -0.1067 -0.9943 -0.0000
vn -0.0541 -0.9985 -0.0000
vn 0.1618 -0.9868 -0.0001
vn 0.3701 -0.9290 -0.0000
vn 0.5612 -0.8277 -0.0000
vn 0.7260 -0.6877 0.0001
vn 0.8569 -0.5155 -0.0000
vn 0.9477 -0.3193 -0.0000
vn 0.9941 -0.1082 -0.0000
vn 0.9941 0.1081 -0.0000
vn 0.9477 0.3193 -0.0000
vn 0.8569 0.5155 0.0001
vn 0.7260 0.6877 0.0001
vn 0.5612 0.8277 -0.0000
vn 0.3701 0.9290 -0.0000
vn 0.1619 0.9868 -0.0000
vn -0.0541 0.9985 -0.0000
vn -0.1726 0.9850 -0.0000
vn -0.2367 0.9716 -0.0000
vn -0.1067 0.9943 -0.0000
vn -0.2676 0.9635 -0.0000
vn -0.3618 0.9323 -0.0000
vn -0.4684 0.8835 -0.0000
vn -0.4771 0.8789 -0.0000
vn -0.5781 0.8160 -0.0000
vn -0.7961 0.6052 -0.0000
vn -0.6610 0.7504 -0.0000
vn -0.6474 0.7622 -0.0000
vn -0.7605 0.6493 -0.0000
vn -0.7443 0.6678 -0.0000
vn -0.7700 0.6380 -0.0000
vn -0.7733 0.6340 -0.0000
vn -0.7701 0.6380 -0.0000
vn -0.7226 0.6913 -0.0000
vn -0.6474 0.7621 -0.0000
vn -0.4767 0.8791 -0.0000
vn -0.2675 0.9635 -0.0000
vn -0.1726 0.9850 0.0001
vn -0.2675 0.9636 -0.0000
vn -0.9951 -0.0000 0.0992
vn -0.9808 -0.0000 0.1951
vn -0.9565 -0.0000 0.2917
vn -0.9239 -0.0000 0.3827
vn -0.8315 -0.0000 0.5556
vn -0.8125 -0.0000 0.5829
vn -0.7071 -0.0000 0.7071
vn -0.5556 -0.0000 0.8315
vn -0.5430 -0.0000 0.8398
vn -0.3827 -0.0000 0.9239
vn -0.2413 -0.0000 0.9705
vn -0.1951 -0.0000 0.9808
vn -0.0989 -0.0000 0.9951
vn -0.1951 -0.0000 -0.9808
vn -0.0989 -0.0000 -0.9951
vn -0.3827 -0.0000 -0.9239
vn -0.2415 -0.0000 -0.9704
vn -0.5556 -0.0000 -0.8315
vn -0.5426 -0.0000 -0.8400
vn -0.7071 -0.0000 -0.7071
vn -0.5555 -0.0000 -0.8315
vn -0.8315 -0.0000 -0.5556
vn -0.8125 -0.0000 -0.5829
vn -0.9239 -0.0000 -0.3827
vn -0.8315 -0.0000 -0.5555
vn -0.9808 -0.0000 -0.1951
vn -0.9565 -0.0000 -0.2917
vn -0.9951 -0.0000 -0.0990
vn -0.9764 0.2161 -0.0000
vn -0.9066 0.4220 -0.0000
vn -0.7940 0.6079 -0.0000
vn -0.6439 0.7651 -0.0000
vn -0.4633 0.8862 -0.0000
vn -0.2609 0.9654 -0.0000
vn -0.0443 -0.0000 0.9990
vn -0.1951 0.0002 0.9808
vn -0.3823 0.0015 0.9241
vn -0.3595 -0.0000 0.9331
vn -0.1998 -0.0000 0.9798
vn -0.2414 -0.0000 0.9704
vn -0.5248 -0.0000 0.8512
vn -0.5426 -0.0000 0.8400
vn -0.5549 0.0017 0.8319
vn -0.5555 -0.0000 0.8315
vn -0.6920 -0.0000 0.7219
vn -0.7070 0.0005 0.7073
vn -0.8314 0.0002 0.5557
vn -0.7695 -0.0000 0.6386
vn -0.9238 0.0004 0.3829
vn -0.9053 -0.0000 0.4249
vn -0.8418 -0.0000 0.5398
vn -0.9808 0.0002 0.1952
vn -0.9556 -0.0000 0.2945
vn -0.9951 -0.0000 0.0991
vn -0.9885 -0.0000 0.1513
vn -0.9951 -0.0000 -0.0992
vn -0.9885 -0.0000 -0.1513
vn -0.9808 0.0002 -0.1952
vn -0.9557 -0.0000 -0.2945
vn -0.9238 0.0004 -0.3829
vn -0.9053 -0.0000 -0.4249
vn -0.8418 -0.0000 -0.5398
vn -0.8314 0.0002 -0.5557
vn -0.7695 -0.0000 -0.6386
vn -0.7069 0.0005 -0.7073
vn -0.5549 0.0017 -0.8319
vn -0.6920 -0.0000 -0.7219
vn -0.5248 -0.0000 -0.8512
vn -0.5430 -0.0000 -0.8398
vn -0.3822 0.0015 -0.9241
vn -0.1951 0.0003 -0.9808
vn -0.1998 -0.0000 -0.9798
vn -0.3595 -0.0000 -0.9331
vn -0.2413 -0.0000 -0.9705
vn -0.0443 -0.0000 -0.9990
vn -0.0000 0.0001 -1.0000
vn -0.9885 -0.1514 -0.0000
vn -0.9885 -0.1513 -0.0000
vn -0.9808 -0.1952 -0.0002
vn -0.9556 -0.2945 -0.0000
vn -0.9808 -0.1952 0.0002
vn -0.9557 -0.2945 -0.0000
vn -0.9238 -0.3829 0.0003
vn -0.9238 -0.3830 -0.0005
vn -0.9053 -0.4249 -0.0000
vn -0.8418 -0.5398 -0.0000
vn -0.8314 -0.5557 0.0003
vn -0.8314 -0.5557 -0.0003
vn -0.7695 -0.6386 -0.0000
vn -0.7070 -0.7072 -0.0003
vn -0.6920 -0.7219 -0.0000
vn -0.5550 -0.8318 -0.0014
vn -0.7069 -0.7073 0.0005
vn -0.5248 -0.8512 -0.0000
vn -0.3823 -0.9240 -0.0011
vn -0.5548 -0.8320 0.0020
vn -0.3595 -0.9331 -0.0000
vn -0.1998 -0.9798 -0.0000
vn -0.3822 -0.9241 0.0015
vn -0.1951 -0.9808 -0.0002
vn -0.0442 -0.9990 -0.0000
vn -0.0443 -0.9990 -0.0000
vn -0.1950 -0.9808 0.0003
vn -0.1905 0.0422 0.9808
vn -0.3737 0.0827 0.9239
vn -0.1769 0.0823 0.9808
vn -0.3469 0.1615 0.9239
vn -0.1549 0.1186 0.9808
vn -0.3039 0.2326 0.9239
vn -0.1256 0.1493 0.9808
vn -0.2464 0.2928 0.9239
vn -0.0904 0.1729 0.9808
vn -0.1773 0.3391 0.9239
vn -0.0509 0.1883 0.9808
vn -0.0998 0.3694 0.9239
vn -0.5425 0.1201 0.8315
vn -0.5037 0.2344 0.8315
vn -0.4411 0.3378 0.8315
vn -0.3577 0.4251 0.8315
vn -0.2574 0.4924 0.8315
vn -0.1449 0.5363 0.8315
vn -0.6904 0.1528 0.7071
vn -0.6411 0.2984 0.7071
vn -0.5615 0.4299 0.7071
vn -0.4553 0.5410 0.7071
vn -0.3276 0.6266 0.7071
vn -0.1845 0.6826 0.7071
vn -0.8118 0.1797 0.5556
vn -0.7538 0.3509 0.5555
vn -0.6602 0.5055 0.5556
vn -0.5354 0.6362 0.5556
vn -0.3852 0.7368 0.5556
vn -0.2169 0.8027 0.5556
vn -0.9021 0.1997 0.3826
vn -0.8376 0.3899 0.3826
vn -0.7336 0.5616 0.3827
vn -0.5949 0.7069 0.3826
vn -0.4281 0.8188 0.3826
vn -0.2410 0.8919 0.3827
vn -0.9576 0.2119 0.1950
vn -0.8892 0.4139 0.1951
vn -0.7788 0.5963 0.1950
vn -0.6315 0.7504 0.1951
vn -0.4544 0.8692 0.1951
vn -0.2559 0.9468 0.1951
vn -0.5584 0.8063 0.1952
vn -0.6874 0.6996 0.1951
vn -0.6986 0.7155 -0.0000
vn -0.7008 0.7133 -0.0000
vn -0.4131 0.8895 0.1952
vn -0.5676 0.8233 -0.0000
vn -0.5693 0.8221 -0.0000
vn -0.4203 0.9074 -0.0000
vn -0.4212 0.9070 -0.0000
vn -0.5260 0.7595 0.3827
vn -0.3892 0.8379 0.3826
vn -0.6474 0.6591 0.3827
vn -0.4734 0.6836 0.5556
vn -0.3502 0.7541 0.5556
vn -0.5827 0.5931 0.5556
vn -0.4026 0.5813 0.7071
vn -0.2978 0.6413 0.7071
vn -0.4956 0.5044 0.7071
vn -0.3163 0.4567 0.8315
vn -0.2340 0.5039 0.8315
vn -0.3893 0.3963 0.8315
vn -0.2178 0.3146 0.9239
vn -0.1612 0.3471 0.9239
vn -0.2682 0.2730 0.9239
vn -0.1111 0.1604 0.9808
vn -0.0822 0.1769 0.9808
vn -0.1367 0.1392 0.9808
vn -0.0511 0.0460 0.9976
vn -0.1478 0.1296 0.9805
vn -0.2721 0.2307 0.9342
vn -0.2927 0.2468 0.9238
vn -0.3875 0.3182 0.8652
vn -0.4316 0.3503 0.8313
vn -0.5641 0.4405 0.6984
vn -0.6258 0.4799 0.6148
vn -0.6623 0.5028 0.5555
vn -0.7179 0.5355 0.4448
vn -0.7436 0.5504 0.3796
vn -0.7839 0.5731 0.2389
vn -0.7924 0.5780 0.1951
vn -0.8027 0.5834 0.1234
vn -0.8095 0.5871 -0.0000
vn -0.5677 0.8232 -0.0000
vn -0.4278 0.9039 -0.0000
vn -0.6987 0.7154 -0.0000
vn -0.5812 0.8138 -0.0000
vn -0.7161 0.6979 -0.0000
vn -0.0509 0.1883 -0.9808
vn -0.0903 0.1729 -0.9808
vn -0.1773 0.3391 -0.9239
vn -0.1256 0.1493 -0.9808
vn -0.2464 0.2928 -0.9239
vn -0.1549 0.1186 -0.9808
vn -0.3039 0.2326 -0.9239
vn -0.1769 0.0823 -0.9808
vn -0.3469 0.1615 -0.9239
vn -0.1905 0.0422 -0.9808
vn -0.3736 0.0827 -0.9239
vn -0.0999 0.3694 -0.9239
vn -0.2574 0.4923 -0.8315
vn -0.3577 0.4251 -0.8315
vn -0.4411 0.3377 -0.8315
vn -0.5037 0.2344 -0.8315
vn -0.5424 0.1201 -0.8315
vn -0.1450 0.5363 -0.8315
vn -0.3276 0.6266 -0.7071
vn -0.4553 0.5410 -0.7071
vn -0.5614 0.4299 -0.7071
vn -0.6411 0.2984 -0.7071
vn -0.6904 0.1528 -0.7071
vn -0.1845 0.6826 -0.7071
vn -0.3852 0.7369 -0.5556
vn -0.5354 0.6362 -0.5556
vn -0.6602 0.5055 -0.5556
vn -0.7538 0.3509 -0.5555
vn -0.8118 0.1797 -0.5556
vn -0.2169 0.8027 -0.5556
vn -0.4281 0.8187 -0.3827
vn -0.5949 0.7069 -0.3827
vn -0.7336 0.5616 -0.3827
vn -0.8376 0.3899 -0.3827
vn -0.9021 0.1997 -0.3826
vn -0.2410 0.8919 -0.3827
vn -0.4544 0.8692 -0.1950
vn -0.6315 0.7504 -0.1950
vn -0.7788 0.5963 -0.1950
vn -0.8892 0.4139 -0.1951
vn -0.9576 0.2119 -0.1951
vn -0.2559 0.9468 -0.1951
vn -0.4196 0.8865 -0.1951
vn -0.5700 0.7982 -0.1951
vn -0.7024 0.6845 -0.1951
vn -0.3952 0.8351 -0.3827
vn -0.5369 0.7518 -0.3827
vn -0.6616 0.6448 -0.3827
vn -0.3557 0.7515 -0.5556
vn -0.4832 0.6766 -0.5556
vn -0.5955 0.5803 -0.5556
vn -0.3025 0.6391 -0.7071
vn -0.4109 0.5754 -0.7071
vn -0.5064 0.4935 -0.7071
vn -0.2377 0.5022 -0.8315
vn -0.3229 0.4521 -0.8315
vn -0.3979 0.3878 -0.8315
vn -0.1637 0.3459 -0.9239
vn -0.2224 0.3114 -0.9239
vn -0.2740 0.2671 -0.9239
vn -0.0835 0.1763 -0.9808
vn -0.1134 0.1588 -0.9808
vn -0.1397 0.1362 -0.9808
vn -0.7953 0.5761 -0.1886
vn -0.7943 0.5753 -0.1951
vn -0.7681 0.5552 -0.3191
vn -0.7493 0.5406 -0.3826
vn -0.7052 0.5071 -0.4956
vn -0.6756 0.4847 -0.5556
vn -0.6492 0.4648 -0.6021
vn -0.5760 0.4100 -0.7072
vn -0.5760 0.4099 -0.7073
vn -0.3978 0.3878 -0.8315
vn -0.5760 0.4099 -0.7072
vn -0.5408 0.3839 -0.7485
vn -0.4621 0.3261 -0.8247
vn -0.4541 0.3202 -0.8314
vn -0.3165 0.2209 -0.9225
vn -0.3138 0.2190 -0.9239
vn -0.2169 0.1503 -0.9646
vn -0.0506 0.0347 -0.9981
vn -0.0045 0.0014 -1.0000
vn -0.1607 0.1109 -0.9808
vn -0.0613 -0.0000 -0.9981
vn -0.1952 -0.0000 -0.9808
vn -0.2639 -0.0000 -0.9645
vn -0.2880 -0.0000 -0.9576
vn -0.3859 -0.0000 -0.9225
vn -0.7070 -0.0000 -0.7072
vn -0.5838 -0.0000 -0.8119
vn -0.5556 -0.0000 -0.8314
vn -0.5655 -0.0000 -0.8247
vn -0.6632 -0.0000 -0.7484
vn -0.8316 -0.0000 -0.5554
vn -0.0000 -0.0000 -0.0000
vn -0.7984 -0.0000 -0.6021
vn -0.9239 -0.0000 -0.3826
vn -0.8451 -0.0000 -0.5346
vn -0.8686 -0.0000 -0.4956
vn -0.9565 -0.0000 -0.2916
vn -0.9477 -0.0000 -0.3191
vn -0.9821 -0.0000 -0.1886
vn -0.9951 -0.0000 -0.0991
vn -0.0000 -0.9808 0.1951
vn -0.0000 -0.9239 0.3827
vn -0.0000 -0.8315 0.5556
vn -0.0000 -0.7071 0.7071
vn -0.0000 -0.5556 0.8315
vn -0.0000 -0.4723 0.8814
vn -0.0000 -0.3827 0.9239
vn -0.0000 -0.2914 0.9566
vn -0.0000 -0.1951 0.9808
vn -0.0000 -0.0987 0.9951
vn -0.9650 -0.2595 0.0378
vn -0.9910 -0.1327 0.0190
vn -0.9717 -0.2237 0.0755
vn -0.9928 -0.1139 0.0381
vn -0.9757 -0.1874 0.1133
vn -0.9938 -0.0951 0.0572
vn -0.9771 -0.1505 0.1506
vn -0.9942 -0.0760 0.0761
vn -0.9757 -0.1133 0.1875
vn -0.9938 -0.0571 0.0951
vn -0.9717 -0.0756 0.2239
vn -0.9928 -0.0381 0.1139
vn -0.9650 -0.0379 0.2595
vn -0.9910 -0.0191 0.1327
vn -0.9244 -0.3773 0.0565
vn -0.9381 -0.3275 0.1127
vn -0.9463 -0.2759 0.1682
vn -0.9491 -0.2227 0.2227
vn -0.9463 -0.1681 0.2760
vn -0.9381 -0.1127 0.3276
vn -0.9244 -0.0565 0.3773
vn -0.8717 -0.4842 0.0748
vn -0.8934 -0.4239 0.1489
vn -0.9064 -0.3597 0.2216
vn -0.9108 -0.2920 0.2919
vn -0.9064 -0.2215 0.3597
vn -0.8933 -0.1488 0.4240
vn -0.8717 -0.0748 0.4842
vn -0.8097 -0.5794 0.0926
vn -0.8388 -0.5122 0.1844
vn -0.8565 -0.4381 0.2728
vn -0.8624 -0.3579 0.3580
vn -0.8566 -0.2728 0.4381
vn -0.8389 -0.1839 0.5123
vn -0.8098 -0.0926 0.5794
vn -0.7406 -0.6629 0.1098
vn -0.7760 -0.5919 0.2176
vn -0.7975 -0.5104 0.3216
vn -0.8047 -0.4198 0.4198
vn -0.7975 -0.3216 0.5104
vn -0.7760 -0.2176 0.5919
vn -0.7406 -0.1098 0.6629
vn -0.5816 -0.8010 0.1423
vn -0.6232 -0.7298 0.2810
vn -0.6486 -0.6397 0.4123
vn -0.6572 -0.5330 0.5330
vn -0.6486 -0.4123 0.6397
vn -0.6232 -0.2810 0.7298
vn -0.5816 -0.1424 0.8009
vn -0.4103 -0.8962 0.1686
vn -0.4477 -0.8303 0.3318
vn -0.4707 -0.7375 0.4842
vn -0.4785 -0.6209 0.6209
vn -0.4707 -0.4842 0.7376
vn -0.4478 -0.3318 0.8303
vn -0.4103 -0.1686 0.8962
vn -0.2326 -0.9545 0.1865
vn -0.2570 -0.8943 0.3662
vn -0.2720 -0.8015 0.5326
vn -0.2772 -0.6792 0.6796
vn -0.2721 -0.5326 0.8014
vn -0.2570 -0.3662 0.8943
vn -0.2326 -0.1865 0.9545
vn -0.0520 -0.9795 0.1947
vn -0.0578 -0.9224 0.3819
vn -0.0613 -0.8300 0.5544
vn -0.0625 -0.7057 0.7057
vn -0.0613 -0.5544 0.8300
vn -0.0578 -0.3819 0.9224
vn -0.0520 -0.1947 0.9795
vn -0.0000 -0.5556 -0.8315
vn -0.0000 -0.7071 -0.7071
vn -0.0000 -0.8315 -0.5556
vn -0.0000 -0.9239 -0.3827
vn -0.0000 -0.9808 -0.1951
vn -0.9650 -0.0379 -0.2595
vn -0.9910 -0.0190 -0.1327
vn -0.9717 -0.0756 -0.2237
vn -0.9928 -0.0381 -0.1139
vn -0.9758 -0.1130 -0.1872
vn -0.9938 -0.0571 -0.0950
vn -0.9771 -0.1505 -0.1506
vn -0.9942 -0.0761 -0.0759
vn -0.9757 -0.1874 -0.1134
vn -0.9938 -0.0951 -0.0571
vn -0.9717 -0.2239 -0.0757
vn -0.9928 -0.1139 -0.0381
vn -0.9650 -0.2595 -0.0379
vn -0.9910 -0.1327 -0.0190
vn -0.9244 -0.0565 -0.3773
vn -0.9381 -0.1127 -0.3275
vn -0.9464 -0.1682 -0.2758
vn -0.9491 -0.2230 -0.2227
vn -0.9463 -0.2760 -0.1682
vn -0.9381 -0.3276 -0.1127
vn -0.9244 -0.3773 -0.0565
vn -0.8717 -0.0747 -0.4843
vn -0.8934 -0.1489 -0.4238
vn -0.9064 -0.2215 -0.3597
vn -0.9107 -0.2921 -0.2920
vn -0.9064 -0.3598 -0.2214
vn -0.8933 -0.4240 -0.1488
vn -0.8717 -0.4842 -0.0748
vn -0.8098 -0.0926 -0.5794
vn -0.8389 -0.1841 -0.5122
vn -0.8565 -0.2729 -0.4380
vn -0.8625 -0.3579 -0.3579
vn -0.8565 -0.4381 -0.2727
vn -0.8389 -0.5123 -0.1839
vn -0.8098 -0.5794 -0.0926
vn -0.7406 -0.1098 -0.6629
vn -0.7760 -0.2177 -0.5920
vn -0.7975 -0.3216 -0.5104
vn -0.8047 -0.4198 -0.4198
vn -0.7975 -0.5104 -0.3216
vn -0.7760 -0.5920 -0.2177
vn -0.7406 -0.6629 -0.1098
vn -0.5816 -0.1423 -0.8010
vn -0.6232 -0.2810 -0.7298
vn -0.6487 -0.4124 -0.6397
vn -0.6572 -0.5330 -0.5329
vn -0.6486 -0.6397 -0.4124
vn -0.6232 -0.7298 -0.2810
vn -0.5816 -0.8009 -0.1424
vn -0.4103 -0.1686 -0.8962
vn -0.4477 -0.3318 -0.8303
vn -0.4707 -0.4843 -0.7375
vn -0.4785 -0.6209 -0.6209
vn -0.4708 -0.7375 -0.4841
vn -0.4478 -0.8303 -0.3318
vn -0.4103 -0.8962 -0.1686
vn -0.2326 -0.1865 -0.9545
vn -0.2570 -0.3663 -0.8943
vn -0.2720 -0.5326 -0.8015
vn -0.2772 -0.6796 -0.6792
vn -0.2721 -0.8015 -0.5326
vn -0.2570 -0.8943 -0.3662
vn -0.2326 -0.9545 -0.1865
vn -0.0520 -0.1947 -0.9795
vn -0.0578 -0.3819 -0.9224
vn -0.0613 -0.5544 -0.8300
vn -0.0625 -0.7057 -0.7057
vn -0.0613 -0.8300 -0.5544
vn -0.0578 -0.9224 -0.3819
vn -0.0520 -0.9795 -0.1947
vn -0.6567 -0.7541 -0.0000
vn -0.4820 -0.8762 -0.0000
vn -0.4819 -0.8762 -0.0000
vn -0.6066 -0.7950 -0.0000
vn -0.9101 -0.4143 -0.0001
vn -0.8017 -0.5978 -0.0000
vn -0.8597 -0.5109 -0.0000
vn -0.9773 -0.2120 -0.0001
vn -0.9101 -0.4143 -0.0000
vn -0.9488 -0.3160 -0.0000
vn -1.0000 -0.0000 -0.0001
vn -0.9773 -0.2119 -0.0000
vn -0.9943 -0.1066 -0.0000
vn -0.9943 0.1070 -0.0000
vn -0.9773 0.2119 -0.0000
vn -0.9773 0.2120 -0.0001
vn -0.9488 0.3160 -0.0000
vn -0.9101 0.4143 -0.0000
vn -0.9101 0.4143 -0.0001
vn -0.8599 0.5105 -0.0000
vn -0.8017 0.5978 -0.0000
vn -0.4896 0.8719 -0.0000
vn -0.6066 0.7950 -0.0000
vn -0.4820 0.8762 -0.0000
vn -0.6567 0.7542 -0.0000
vn -0.5823 0.8130 -0.0000
vn -0.7093 0.7050 -0.0000
vn -0.6567 0.7541 -0.0000
vn -0.7472 0.6646 -0.0000
vn -0.7311 0.6823 -0.0000
vn -0.7567 0.6537 -0.0000
vn -0.7600 0.6499 -0.0000
vn -0.7571 0.6533 -0.0000
vn -0.7140 0.7002 -0.0000
vn -0.7337 0.6794 -0.0000
vn -0.7484 0.6633 -0.0000
vn -0.6580 0.7530 -0.0000
vn -0.7317 0.6816 -0.0000
vn -0.5648 0.8253 -0.0000
vn -0.6477 0.7619 -0.0000
vn -0.2853 0.9584 -0.0000
vn -0.3485 0.9373 -0.0000
vn -0.4637 0.8860 -0.0000
vn -0.2234 0.9747 -0.0000
vn -0.1592 0.9872 -0.0000
vn -0.2853 -0.9584 -0.0000
vn -0.1592 -0.9872 -0.0000
vn -0.2234 -0.9747 -0.0000
vn -0.0933 -0.9956 -0.0000
vn -0.3485 -0.9373 -0.0000
vn -0.4637 -0.8860 -0.0000
vn -0.5647 -0.8253 -0.0000
vn -0.6468 -0.7627 -0.0000
vn -0.7600 -0.6499 -0.0000
vn -0.7315 -0.6818 -0.0000
vn -0.7567 -0.6537 -0.0000
vn -0.7093 -0.7050 -0.0000
vn -0.7310 -0.6823 -0.0000
vn -0.7472 -0.6646 -0.0000
vn -0.6568 -0.7541 -0.0000
vn -0.0934 0.9956 -0.0000
vn -0.3831 0.9237 -0.0000
vn -0.4415 -0.8973 -0.0000
vn -0.9956 -0.0000 0.0938
vn -0.9826 -0.0000 0.1858
vn -0.9826 -0.0007 0.1858
vn -0.9606 -0.0000 0.2778
vn -0.9310 -0.0000 0.3651
vn -0.9477 -0.0000 0.3191
vn -0.9310 -0.0000 0.3649
vn -0.9821 -0.0000 0.1886
vn -0.8470 -0.0000 0.5317
vn -0.8686 -0.0000 0.4956
vn -0.9239 -0.0000 0.3826
vn -0.8470 -0.0000 0.5316
vn -0.8453 -0.0000 0.5344
vn -0.7984 -0.0000 0.6021
vn -0.7334 -0.0000 0.6798
vn -0.7334 -0.0001 0.6798
vn -0.5944 -0.0000 0.8042
vn -0.6632 -0.0000 0.7484
vn -0.7070 -0.0000 0.7072
vn -0.5833 -0.0000 0.8123
vn -0.5655 -0.0000 0.8247
vn -0.4347 -0.0000 0.9006
vn -0.9908 -0.0000 -0.1351
vn -0.9808 -0.0000 -0.1950
vn -0.9566 -0.0000 -0.2915
vn -0.8989 -0.0000 -0.4381
vn -0.8314 -0.0000 -0.5557
vn -0.8467 -0.0000 -0.5321
vn -0.7170 -0.0000 -0.6970
vn -0.7072 -0.0000 -0.7071
vn -0.5656 -0.0000 -0.8247
vn -0.7072 -0.0000 -0.7070
vn -0.4539 -0.0000 -0.8911
vn -0.3828 -0.0000 -0.9238
vn -0.2091 -0.0000 -0.9779
vn -0.1952 0.0003 -0.9808
vn -0.2879 -0.0000 -0.9577
vn -0.0046 -0.0017 -1.0000
vn -0.3826 -0.0000 -0.9239
vn -0.8095 -0.5871 -0.0000
vn -0.7655 -0.6435 -0.0000
vn -0.1493 -0.1255 -0.9808
vn -0.1607 -0.1109 -0.9808
vn -0.1495 -0.1254 -0.9808
vn -0.3140 -0.2191 -0.9238
vn -0.2169 -0.1503 -0.9646
vn -0.3139 -0.2190 -0.9238
vn -0.1721 -0.1188 -0.9779
vn -0.1606 -0.1108 -0.9808
vn -0.2929 -0.2462 -0.9239
vn -0.3717 -0.2605 -0.8911
vn -0.4541 -0.3202 -0.8315
vn -0.4252 -0.3575 -0.8315
vn -0.5762 -0.4101 -0.7070
vn -0.4253 -0.3575 -0.8315
vn -0.4621 -0.3260 -0.8247
vn -0.5761 -0.4101 -0.7071
vn -0.5412 -0.4551 -0.7071
vn -0.6756 -0.4846 -0.5556
vn -0.5413 -0.4550 -0.7071
vn -0.6492 -0.4648 -0.6021
vn -0.6756 -0.4846 -0.5557
vn -0.5841 -0.4160 -0.6970
vn -0.5761 -0.4101 -0.7070
vn -0.6365 -0.5350 -0.5556
vn -0.7293 -0.5255 -0.4381
vn -0.7492 -0.5406 -0.3827
vn -0.7072 -0.5945 -0.3827
vn -0.7681 -0.5552 -0.3191
vn -0.7944 -0.5753 -0.1950
vn -0.7508 -0.6311 -0.1951
vn -0.8023 -0.5815 -0.1351
vn -0.3140 -0.2190 -0.9238
vn -0.0399 0.1910 -0.9808
vn -0.0784 0.3746 -0.9239
vn -0.0783 0.1787 -0.9808
vn -0.1535 0.3505 -0.9239
vn -0.1132 0.1589 -0.9808
vn -0.2221 0.3117 -0.9239
vn -0.1433 0.1324 -0.9808
vn -0.2812 0.2596 -0.9239
vn -0.1674 0.1002 -0.9808
vn -0.3284 0.1964 -0.9239
vn -0.1844 0.0637 -0.9808
vn -0.3617 0.1250 -0.9239
vn -0.1935 0.0246 -0.9808
vn -0.3796 0.0482 -0.9239
vn -0.1945 -0.0155 -0.9808
vn -0.3815 -0.0306 -0.9239
vn -0.1871 -0.0552 -0.9808
vn -0.3671 -0.1081 -0.9239
vn -0.1719 -0.0923 -0.9808
vn -0.3372 -0.1810 -0.9239
vn -0.1138 0.5438 -0.8314
vn -0.2228 0.5089 -0.8315
vn -0.3224 0.4525 -0.8315
vn -0.4083 0.3768 -0.8315
vn -0.4768 0.2852 -0.8315
vn -0.5251 0.1815 -0.8314
vn -0.5511 0.0700 -0.8315
vn -0.5538 -0.0444 -0.8315
vn -0.5329 -0.1569 -0.8315
vn -0.4895 -0.2628 -0.8315
vn -0.0000 0.5556 -0.8315
vn -0.1449 0.6921 -0.7071
vn -0.2836 0.6477 -0.7071
vn -0.4103 0.5759 -0.7071
vn -0.5196 0.4796 -0.7071
vn -0.6069 0.3630 -0.7071
vn -0.6684 0.2310 -0.7071
vn -0.7015 0.0891 -0.7071
vn -0.7048 -0.0565 -0.7071
vn -0.6783 -0.1997 -0.7071
vn -0.6230 -0.3345 -0.7071
vn -0.0000 0.7071 -0.7071
vn -0.1704 0.8138 -0.5556
vn -0.3335 0.7617 -0.5556
vn -0.4825 0.6772 -0.5556
vn -0.6110 0.5640 -0.5555
vn -0.7136 0.4268 -0.5555
vn -0.7859 0.2716 -0.5555
vn -0.8249 0.1048 -0.5555
vn -0.8288 -0.0664 -0.5556
vn -0.7976 -0.2348 -0.5556
vn -0.7326 -0.3933 -0.5556
vn -0.0000 0.8315 -0.5556
vn -0.1893 0.9043 -0.3827
vn -0.3706 0.8463 -0.3827
vn -0.5361 0.7524 -0.3827
vn -0.6789 0.6266 -0.3827
vn -0.7929 0.4743 -0.3827
vn -0.8732 0.3017 -0.3826
vn -0.9165 0.1164 -0.3826
vn -0.9209 -0.0738 -0.3827
vn -0.8863 -0.2609 -0.3827
vn -0.8140 -0.4370 -0.3827
vn -0.0000 0.9239 -0.3827
vn -0.2009 0.9600 -0.1951
vn -0.3934 0.8985 -0.1950
vn -0.5691 0.7988 -0.1951
vn -0.7207 0.6652 -0.1951
vn -0.8417 0.5035 -0.1949
vn -0.9270 0.3203 -0.1950
vn -0.9730 0.1236 -0.1951
vn -0.9776 -0.0784 -0.1951
vn -0.9409 -0.2770 -0.1951
vn -0.8642 -0.4639 -0.1950
vn -0.0000 0.9808 -0.1951
vn -0.2049 0.9788 -0.0000
vn -0.4011 0.9160 -0.0000
vn -0.5803 0.8144 -0.0000
vn -0.7348 0.6783 -0.0000
vn -0.8582 0.5133 -0.0000
vn -0.9452 0.3266 -0.0000
vn -0.9920 0.1260 -0.0000
vn -0.9968 -0.0799 -0.0000
vn -0.9593 -0.2824 -0.0000
vn -0.8811 -0.4730 -0.0000
vn -0.1493 -0.1255 0.9808
vn -0.1719 -0.0923 0.9808
vn -0.3372 -0.1810 0.9239
vn -0.1871 -0.0552 0.9808
vn -0.3671 -0.1081 0.9239
vn -0.1945 -0.0155 0.9808
vn -0.3815 -0.0306 0.9239
vn -0.1936 0.0246 0.9808
vn -0.3796 0.0482 0.9239
vn -0.1844 0.0637 0.9808
vn -0.3617 0.1250 0.9239
vn -0.1674 0.1001 0.9808
vn -0.3284 0.1964 0.9239
vn -0.1433 0.1324 0.9808
vn -0.2812 0.2596 0.9239
vn -0.1132 0.1589 0.9808
vn -0.2221 0.3117 0.9239
vn -0.0783 0.1787 0.9808
vn -0.1535 0.3506 0.9239
vn -0.0399 0.1910 0.9808
vn -0.0784 0.3746 0.9239
vn -0.0000 0.1951 0.9808
vn -0.0000 0.3827 0.9239
vn -0.2929 -0.2462 0.9239
vn -0.4895 -0.2628 0.8315
vn -0.5330 -0.1569 0.8315
vn -0.5538 -0.0444 0.8315
vn -0.5512 0.0700 0.8315
vn -0.5251 0.1815 0.8315
vn -0.4768 0.2852 0.8314
vn -0.4083 0.3768 0.8314
vn -0.3224 0.4525 0.8314
vn -0.2228 0.5089 0.8315
vn -0.1138 0.5438 0.8315
vn -0.0000 0.5556 0.8315
vn -0.4253 -0.3575 0.8315
vn -0.6230 -0.3345 0.7071
vn -0.6783 -0.1997 0.7071
vn -0.7048 -0.0565 0.7071
vn -0.7015 0.0891 0.7071
vn -0.6683 0.2309 0.7071
vn -0.6068 0.3630 0.7071
vn -0.5196 0.4796 0.7071
vn -0.4103 0.5759 0.7071
vn -0.2836 0.6477 0.7071
vn -0.1449 0.6921 0.7071
vn -0.0000 0.7071 0.7071
vn -0.5413 -0.4550 0.7071
vn -0.7326 -0.3933 0.5556
vn -0.7976 -0.2348 0.5555
vn -0.8288 -0.0664 0.5555
vn -0.8248 0.1048 0.5556
vn -0.7859 0.2716 0.5555
vn -0.7136 0.4268 0.5555
vn -0.6110 0.5640 0.5555
vn -0.4825 0.6772 0.5556
vn -0.3335 0.7617 0.5556
vn -0.1704 0.8138 0.5556
vn -0.0000 0.8315 0.5556
vn -0.6365 -0.5350 0.5556
vn -0.8140 -0.4370 0.3826
vn -0.8863 -0.2609 0.3827
vn -0.9209 -0.0738 0.3827
vn -0.9165 0.1164 0.3827
vn -0.8732 0.3017 0.3827
vn -0.7929 0.4742 0.3827
vn -0.6789 0.6266 0.3827
vn -0.5361 0.7524 0.3827
vn -0.3706 0.8463 0.3827
vn -0.1893 0.9043 0.3827
vn -0.0000 0.9239 0.3827
vn -0.7072 -0.5945 0.3827
vn -0.8642 -0.4639 0.1950
vn -0.9409 -0.2770 0.1951
vn -0.9777 -0.0784 0.1950
vn -0.9730 0.1236 0.1951
vn -0.9270 0.3203 0.1950
vn -0.8417 0.5035 0.1950
vn -0.7207 0.6652 0.1950
vn -0.5691 0.7988 0.1951
vn -0.3934 0.8984 0.1951
vn -0.2010 0.9600 0.1951
vn -0.0000 0.9808 0.1951
vn -0.7508 -0.6311 0.1951
vn -0.1999 -0.1497 0.9683
vn -0.1566 -0.1190 0.9805
vn -0.3126 -0.2231 0.9233
vn -0.7957 -0.5764 0.1858
vn -0.7953 -0.5761 0.1886
vn -0.7681 -0.5552 0.3191
vn -0.7549 -0.5449 0.3650
vn -0.7943 -0.5753 0.1951
vn -0.7052 -0.5071 0.4956
vn -0.6880 -0.4940 0.5317
vn -0.7493 -0.5406 0.3826
vn -0.6492 -0.4648 0.6021
vn -0.5972 -0.4257 0.6798
vn -0.6756 -0.4847 0.5556
vn -0.5408 -0.3839 0.7485
vn -0.4854 -0.3430 0.8042
vn -0.4621 -0.3261 0.8247
vn -0.5760 -0.4099 0.7072
vn -0.4541 -0.3202 0.8315
vn -0.3561 -0.2492 0.9006
vn -0.0000 0.0984 0.9952
vn -0.0000 0.2912 0.9567
vn -0.0000 0.4728 0.8812
vn -0.0000 0.8315 0.5555
vn -0.0000 -0.0001 -1.0000
vn 0.2149 0.9766 -0.0000
vn 0.4199 0.9076 -0.0000
vn 0.6053 0.7960 -0.0000
vn 0.4198 0.9076 -0.0000
vn 0.7622 0.6473 -0.0000
vn 0.6052 0.7961 -0.0000
vn 0.8835 0.4684 -0.0000
vn 0.7622 0.6474 -0.0000
vn 0.9636 0.2675 -0.0000
vn 0.9985 0.0541 -0.0000
vn 0.9635 0.2675 -0.0000
vn 0.9868 -0.1617 -0.0000
vn 0.9289 -0.3702 -0.0000
vn 0.8277 -0.5612 -0.0000
vn 0.9290 -0.3702 -0.0000
vn 0.6877 -0.7260 -0.0000
vn 0.5155 -0.8569 -0.0000
vn 0.3194 -0.9476 -0.0000
vn 0.1083 -0.9941 -0.0000
vn 0.3191 -0.9477 -0.0000
vn -0.1083 -0.9941 -0.0000
vn -0.3191 -0.9477 -0.0000
vn -0.5155 -0.8569 -0.0000
vn -0.6877 -0.7260 -0.0000
vn -0.8277 -0.5612 -0.0000
vn -0.9290 -0.3702 -0.0000
vn -0.8276 -0.5612 -0.0000
vn -0.9868 -0.1617 0.0001
vn -0.9289 -0.3702 -0.0000
vn -0.9868 -0.1618 -0.0000
vn -0.9985 0.0542 -0.0001
vn -0.9635 0.2675 -0.0000
vn -0.9985 0.0541 -0.0000
vn -0.8835 0.4684 -0.0000
vn -0.9636 0.2675 -0.0000
vn -0.7622 0.6474 -0.0000
vn -0.6052 0.7961 -0.0000
vn -0.7622 0.6473 -0.0000
vn -0.4198 0.9076 -0.0000
vn -0.6053 0.7960 -0.0000
vn -0.2149 0.9766 -0.0000
vn -0.4199 0.9076 -0.0000
vn 0.7623 0.6473 -0.0000
vn 0.9868 -0.1618 -0.0000
vn 0.9290 -0.3700 -0.0000
vn 0.8277 -0.5611 -0.0000
vn 0.6876 -0.7261 -0.0000
vn 0.3193 -0.9477 -0.0000
vn 0.1081 -0.9941 -0.0000
vn -0.1081 -0.9941 -0.0000
vn -0.3193 -0.9477 -0.0000
vn -0.6876 -0.7261 -0.0000
vn -0.8277 -0.5611 -0.0000
vn -0.6876 -0.7260 -0.0000
vn -0.9290 -0.3700 -0.0000
vn -0.9985 0.0542 -0.0000
vn -0.7623 0.6473 -0.0000
vn 0.9635 0.2676 -0.0000
vn 0.9869 -0.1616 -0.0000
vn 0.9290 -0.3701 -0.0000
vn 0.6878 -0.7259 -0.0000
vn 0.1082 -0.9941 -0.0000
vn -0.3194 -0.9476 -0.0000
vn -0.1082 -0.9941 -0.0000
vn -0.6878 -0.7259 -0.0000
vn -0.9290 -0.3701 -0.0000
vn -0.9985 0.0542 -0.0002
vn -0.9635 0.2676 -0.0000
vn 0.6876 -0.7260 -0.0000
vn -0.1080 -0.9941 -0.0000
vn 0.1080 -0.9941 -0.0000
vn -0.9868 -0.1618 -0.0001
vn 0.2148 0.9767 -0.0000
vn 0.6050 0.7962 -0.0000
vn 0.8835 0.4683 -0.0000
vn 0.9985 0.0542 -0.0000
vn 0.9869 -0.1615 -0.0000
vn 0.9291 -0.3700 -0.0000
vn 0.8276 -0.5613 -0.0000
vn 0.5156 -0.8569 -0.0000
vn 0.6879 -0.7258 -0.0000
vn 0.5156 -0.8568 -0.0000
vn 0.1085 -0.9941 -0.0000
vn 0.3192 -0.9477 -0.0000
vn -0.1085 -0.9941 -0.0000
vn -0.5156 -0.8568 -0.0000
vn -0.9291 -0.3699 -0.0000
vn -0.9291 -0.3698 -0.0000
vn -0.9985 0.0540 -0.0000
vn -0.8835 0.4685 -0.0000
vn -0.7623 0.6472 -0.0000
vn -0.8837 0.4680 -0.0000
vn -0.6051 0.7962 -0.0000
vn -0.2147 0.9767 -0.0000
vn 0.2147 0.9767 -0.0000
vn 0.6051 0.7962 -0.0000
vn 0.7623 0.6472 -0.0000
vn 0.8837 0.4680 -0.0000
vn 0.8835 0.4685 -0.0000
vn 0.9985 0.0540 -0.0000
vn 0.9291 -0.3698 -0.0000
vn 0.9291 -0.3699 -0.0000
vn -0.3195 -0.9476 -0.0000
vn -0.9868 -0.1617 -0.0000
vn -0.9291 -0.3700 -0.0000
vn -0.9869 -0.1615 -0.0000
vn -0.8835 0.4683 -0.0000
vn -0.6050 0.7962 -0.0000
vn -0.2148 0.9767 -0.0000
vn 0.1923 -0.9808 -0.0330
vn 0.1839 -0.9808 -0.0650
vn 0.1704 -0.9808 -0.0952
vn 0.1518 -0.9808 -0.1225
vn 0.1289 -0.9808 -0.1464
vn 0.1023 -0.9808 -0.1662
vn 0.0728 -0.9808 -0.1811
vn 0.0411 -0.9808 -0.1908
vn 0.0083 -0.9808 -0.1950
vn -0.0248 -0.9808 -0.1935
vn -0.0571 -0.9808 -0.1865
vn -0.0878 -0.9808 -0.1742
vn -0.1160 -0.9808 -0.1569
vn -0.1409 -0.9808 -0.1350
vn -0.1617 -0.9808 -0.1093
vn -0.1778 -0.9808 -0.0804
vn -0.1888 -0.9808 -0.0492
vn -0.1944 -0.9808 -0.0165
vn -0.1944 -0.9808 0.0165
vn -0.1888 -0.9808 0.0492
vn -0.1778 -0.9808 0.0804
vn -0.1617 -0.9808 0.1093
vn -0.1409 -0.9808 0.1350
vn -0.1160 -0.9808 0.1569
vn -0.0878 -0.9808 0.1742
vn -0.0571 -0.9808 0.1865
vn -0.0248 -0.9808 0.1935
vn 0.0083 -0.9808 0.1950
vn 0.0411 -0.9808 0.1908
vn 0.0727 -0.9808 0.1810
vn 0.1023 -0.9808 0.1661
vn 0.1289 -0.9808 0.1465
vn 0.1518 -0.9808 0.1226
vn 0.1704 -0.9808 0.0952
vn 0.1839 -0.9808 0.0650
vn 0.1923 -0.9808 0.0330
vn 0.3772 -0.9239 -0.0647
vn 0.3608 -0.9239 -0.1275
vn 0.3341 -0.9239 -0.1866
vn 0.2978 -0.9239 -0.2404
vn 0.2528 -0.9239 -0.2873
vn 0.2006 -0.9239 -0.3259
vn 0.1427 -0.9239 -0.3551
vn 0.0806 -0.9239 -0.3741
vn 0.0162 -0.9239 -0.3824
vn -0.0486 -0.9239 -0.3796
vn -0.1121 -0.9239 -0.3659
vn -0.1723 -0.9239 -0.3417
vn -0.2276 -0.9239 -0.3077
vn -0.2763 -0.9239 -0.2648
vn -0.3171 -0.9239 -0.2143
vn -0.3487 -0.9239 -0.1576
vn -0.3703 -0.9239 -0.0964
vn -0.3813 -0.9239 -0.0325
vn -0.3813 -0.9239 0.0325
vn -0.3703 -0.9239 0.0964
vn -0.3487 -0.9239 0.1576
vn -0.3171 -0.9239 0.2143
vn -0.2763 -0.9239 0.2648
vn -0.2276 -0.9239 0.3077
vn -0.1723 -0.9239 0.3417
vn -0.1121 -0.9239 0.3659
vn -0.0486 -0.9239 0.3796
vn 0.0162 -0.9239 0.3824
vn 0.0806 -0.9239 0.3741
vn 0.1427 -0.9239 0.3551
vn 0.2006 -0.9239 0.3259
vn 0.2528 -0.9239 0.2873
vn 0.2977 -0.9239 0.2404
vn 0.3341 -0.9239 0.1866
vn 0.3608 -0.9239 0.1275
vn 0.3772 -0.9239 0.0647
vn 0.5556 -0.8314 -0.0000
vn 0.5476 -0.8315 -0.0939
vn 0.5239 -0.8315 -0.1851
vn 0.4850 -0.8315 -0.2710
vn 0.4323 -0.8314 -0.3490
vn 0.3671 -0.8315 -0.4171
vn 0.2913 -0.8315 -0.4731
vn 0.2072 -0.8314 -0.5155
vn 0.1171 -0.8314 -0.5431
vn 0.0236 -0.8315 -0.5551
vn -0.0706 -0.8315 -0.5511
vn -0.1627 -0.8314 -0.5312
vn -0.2501 -0.8315 -0.4961
vn -0.3304 -0.8315 -0.4467
vn -0.4011 -0.8315 -0.3844
vn -0.4603 -0.8314 -0.3111
vn -0.5062 -0.8315 -0.2288
vn -0.5377 -0.8315 -0.1400
vn -0.5536 -0.8315 -0.0471
vn -0.5536 -0.8315 0.0471
vn -0.5377 -0.8315 0.1400
vn -0.5063 -0.8315 0.2288
vn -0.4603 -0.8314 0.3111
vn -0.4011 -0.8315 0.3844
vn -0.3304 -0.8315 0.4467
vn -0.2501 -0.8314 0.4961
vn -0.1627 -0.8314 0.5313
vn -0.0706 -0.8315 0.5511
vn 0.0236 -0.8315 0.5551
vn 0.1171 -0.8314 0.5431
vn 0.2071 -0.8315 0.5155
vn 0.2913 -0.8315 0.4731
vn 0.3671 -0.8315 0.4171
vn 0.4323 -0.8315 0.3490
vn 0.4850 -0.8315 0.2710
vn 0.5238 -0.8315 0.1851
vn 0.5476 -0.8315 0.0939
vn 0.6970 -0.7071 -0.1195
vn 0.6667 -0.7071 -0.2356
vn 0.6173 -0.7071 -0.3449
vn 0.5502 -0.7071 -0.4442
vn 0.4672 -0.7071 -0.5308
vn 0.3708 -0.7071 -0.6021
vn 0.2636 -0.7071 -0.6561
vn 0.1490 -0.7071 -0.6912
vn 0.0300 -0.7071 -0.7065
vn -0.0898 -0.7071 -0.7014
vn -0.2071 -0.7071 -0.6761
vn -0.3183 -0.7071 -0.6314
vn -0.4205 -0.7071 -0.5685
vn -0.5105 -0.7071 -0.4893
vn -0.5859 -0.7071 -0.3960
vn -0.6444 -0.7071 -0.2913
vn -0.6843 -0.7071 -0.1782
vn -0.7046 -0.7071 -0.0600
vn -0.7046 -0.7071 0.0600
vn -0.6843 -0.7071 0.1782
vn -0.6444 -0.7071 0.2913
vn -0.5859 -0.7071 0.3960
vn -0.5105 -0.7071 0.4893
vn -0.4205 -0.7071 0.5685
vn -0.3184 -0.7071 0.6314
vn -0.2071 -0.7071 0.6761
vn -0.0898 -0.7071 0.7014
vn 0.0300 -0.7071 0.7065
vn 0.1490 -0.7071 0.6912
vn 0.2636 -0.7071 0.6561
vn 0.3708 -0.7071 0.6021
vn 0.4672 -0.7071 0.5308
vn 0.5502 -0.7071 0.4442
vn 0.6173 -0.7071 0.3449
vn 0.6668 -0.7071 0.2356
vn 0.6970 -0.7071 0.1195
vn 0.8315 -0.5556 -0.0000
vn 0.8195 -0.5556 -0.1405
vn 0.7840 -0.5555 -0.2770
vn 0.7259 -0.5555 -0.4055
vn 0.6469 -0.5556 -0.5224
vn 0.5493 -0.5556 -0.6242
vn 0.4359 -0.5556 -0.7080
vn 0.3100 -0.5555 -0.7715
vn 0.1752 -0.5556 -0.8128
vn 0.0353 -0.5556 -0.8307
vn -0.1056 -0.5556 -0.8247
vn -0.2435 -0.5556 -0.7950
vn -0.3743 -0.5556 -0.7424
vn -0.4944 -0.5556 -0.6685
vn -0.6003 -0.5555 -0.5754
vn -0.6889 -0.5556 -0.4656
vn -0.7577 -0.5556 -0.3425
vn -0.8047 -0.5555 -0.2095
vn -0.8285 -0.5556 -0.0705
vn -0.8285 -0.5556 0.0705
vn -0.8047 -0.5555 0.2095
vn -0.7577 -0.5556 0.3425
vn -0.6889 -0.5556 0.4656
vn -0.6003 -0.5555 0.5754
vn -0.4944 -0.5556 0.6685
vn -0.3743 -0.5556 0.7424
vn -0.2435 -0.5556 0.7950
vn -0.1056 -0.5556 0.8247
vn 0.0353 -0.5555 0.8307
vn 0.1752 -0.5556 0.8128
vn 0.3100 -0.5556 0.7715
vn 0.4360 -0.5556 0.7080
vn 0.5493 -0.5556 0.6242
vn 0.6469 -0.5556 0.5224
vn 0.7259 -0.5555 0.4055
vn 0.7840 -0.5555 0.2770
vn 0.8195 -0.5555 0.1405
vn 0.9239 -0.3827 -0.0000
vn 0.9106 -0.3827 -0.1561
vn 0.8711 -0.3827 -0.3078
vn 0.8066 -0.3827 -0.4506
vn 0.7188 -0.3827 -0.5804
vn 0.6104 -0.3827 -0.6935
vn 0.4844 -0.3826 -0.7867
vn 0.3445 -0.3827 -0.8573
vn 0.1947 -0.3826 -0.9032
vn 0.0392 -0.3827 -0.9230
vn -0.1173 -0.3827 -0.9164
vn -0.2705 -0.3826 -0.8834
vn -0.4159 -0.3827 -0.8250
vn -0.5494 -0.3827 -0.7428
vn -0.6670 -0.3827 -0.6393
vn -0.7654 -0.3827 -0.5174
vn -0.8419 -0.3827 -0.3805
vn -0.8941 -0.3826 -0.2328
vn -0.9206 -0.3827 -0.0784
vn -0.9206 -0.3827 0.0783
vn -0.8941 -0.3826 0.2328
vn -0.8419 -0.3826 0.3806
vn -0.7654 -0.3827 0.5173
vn -0.6670 -0.3827 0.6393
vn -0.5494 -0.3827 0.7428
vn -0.4159 -0.3826 0.8250
vn -0.2705 -0.3826 0.8834
vn -0.1174 -0.3826 0.9164
vn 0.0392 -0.3827 0.9230
vn 0.1946 -0.3826 0.9032
vn 0.3445 -0.3827 0.8573
vn 0.4844 -0.3826 0.7867
vn 0.6104 -0.3827 0.6935
vn 0.7188 -0.3827 0.5804
vn 0.8065 -0.3827 0.4506
vn 0.8711 -0.3827 0.3078
vn 0.9106 -0.3826 0.1561
vn 0.9808 -0.1950 -0.0000
vn 0.9667 -0.1951 -0.1658
vn 0.9248 -0.1951 -0.3267
vn 0.8562 -0.1951 -0.4783
vn 0.7631 -0.1951 -0.6162
vn 0.6480 -0.1952 -0.7362
vn 0.5142 -0.1951 -0.8352
vn 0.3657 -0.1949 -0.9101
vn 0.2066 -0.1951 -0.9588
vn 0.0416 -0.1950 -0.9799
vn -0.1246 -0.1952 -0.9728
vn -0.2872 -0.1950 -0.9378
vn -0.4416 -0.1950 -0.8758
vn -0.5832 -0.1950 -0.7886
vn -0.7081 -0.1951 -0.6786
vn -0.8126 -0.1950 -0.5492
vn -0.8937 -0.1950 -0.4040
vn -0.9492 -0.1949 -0.2471
vn -0.9773 -0.1951 -0.0832
vn -0.9773 -0.1951 0.0832
vn -0.9492 -0.1949 0.2471
vn -0.8937 -0.1951 0.4040
vn -0.8126 -0.1951 0.5492
vn -0.7081 -0.1951 0.6786
vn -0.5832 -0.1950 0.7886
vn -0.4416 -0.1950 0.8758
vn -0.2872 -0.1951 0.9378
vn -0.1246 -0.1951 0.9728
vn 0.0416 -0.1950 0.9799
vn 0.2066 -0.1951 0.9588
vn 0.3657 -0.1950 0.9101
vn 0.5142 -0.1951 0.8352
vn 0.6480 -0.1951 0.7362
vn 0.7631 -0.1951 0.6162
vn 0.8562 -0.1951 0.4783
vn 0.9248 -0.1951 0.3267
vn 0.9667 -0.1950 0.1658
vn 0.9856 -0.0000 -0.1690
vn 0.9429 -0.0000 -0.3331
vn 0.8730 -0.0000 -0.4877
vn 0.7780 -0.0001 -0.6282
vn 0.6607 -0.0000 -0.7507
vn 0.5243 -0.0000 -0.8515
vn 0.3729 -0.0000 -0.9279
vn 0.2107 -0.0000 -0.9776
vn 0.0424 -0.0000 -0.9991
vn -0.1270 -0.0000 -0.9919
vn -0.2928 -0.0000 -0.9562
vn -0.4502 -0.0000 -0.8929
vn -0.5946 -0.0000 -0.8040
vn -0.7220 -0.0000 -0.6919
vn -0.8285 -0.0001 -0.5600
vn -0.9112 -0.0000 -0.4119
vn -0.9677 -0.0000 -0.2520
vn -0.9964 -0.0000 0.0848
vn -0.9677 -0.0000 0.2520
vn -0.9112 -0.0000 0.4119
vn -0.8285 -0.0000 0.5600
vn -0.7220 -0.0000 0.6919
vn -0.5946 -0.0000 0.8040
vn -0.4502 -0.0000 0.8929
vn -0.2928 -0.0000 0.9562
vn -0.1270 -0.0000 0.9919
vn 0.0424 -0.0000 0.9991
vn 0.2107 -0.0000 0.9776
vn 0.3729 -0.0000 0.9279
vn 0.5243 -0.0000 0.8515
vn 0.6607 -0.0000 0.7507
vn 0.7780 -0.0000 0.6282
vn 0.8730 -0.0000 0.4877
vn 0.9429 -0.0000 0.3331
vn 0.9856 -0.0000 0.1690
vn -0.9964 -0.0000 -0.0848
vn 0.5250 -0.6329 0.5690
vn 0.6049 -0.4779 0.6369
vn 0.6231 -0.4574 0.6345
vn 0.4267 -0.7658 0.4812
vn 0.5599 -0.6080 0.5629
vn 0.3135 -0.8718 0.3764
vn 0.4789 -0.7393 0.4734
vn 0.1892 -0.9473 0.2585
vn 0.3827 -0.8470 0.3689
vn 0.0584 -0.9896 0.1316
vn 0.2744 -0.9278 0.2526
vn 0.1573 -0.9792 0.1283
vn 0.0025 -1.0000 -0.0006
vn 0.0352 -0.9994 -0.0000
vn 0.6588 -0.4072 0.6326
vn 0.6292 -0.5447 0.5544
vn 0.5833 -0.6681 0.4619
vn 0.5224 -0.7743 0.3573
vn 0.4480 -0.8603 0.2435
vn 0.3618 -0.9241 0.1233
vn 0.2072 -0.9783 -0.0037
vn 0.2663 -0.9639 -0.0000
vn 0.6799 -0.3701 0.6331
vn 0.6702 -0.4968 0.5513
vn 0.6453 -0.6121 0.4570
vn 0.6057 -0.7135 0.3522
vn 0.5522 -0.7986 0.2394
vn 0.4861 -0.8655 0.1211
vn 0.4089 -0.9126 -0.0000
vn 0.7028 -0.3030 0.6437
vn 0.7194 -0.4252 0.5492
vn 0.7196 -0.5265 0.4528
vn 0.7056 -0.6175 0.3476
vn 0.6779 -0.6963 0.2356
vn 0.6370 -0.7617 0.1190
vn 0.5836 -0.8121 -0.0000
vn 0.7489 -0.3717 0.5486
vn 0.7640 -0.4614 0.4511
vn 0.7654 -0.5429 0.3455
vn 0.7533 -0.6147 0.2338
vn 0.7278 -0.6756 0.1180
vn 0.6893 -0.7245 -0.0000
vn 0.5890 -0.8081 -0.0005
vn 0.7822 -0.2955 0.5485
vn 0.8140 -0.3678 0.4497
vn 0.8327 -0.4342 0.3437
vn 0.8381 -0.4937 0.2322
vn 0.8301 -0.5452 0.1171
vn 0.8089 -0.5880 -0.0000
vn 0.7420 -0.6703 -0.0051
vn 0.8012 -0.2390 0.5487
vn 0.8423 -0.2979 0.4492
vn 0.8708 -0.3522 0.3429
vn 0.8862 -0.4013 0.2315
vn 0.8882 -0.4443 0.1166
vn 0.8663 -0.4996 -0.0016
vn 0.8769 -0.4806 -0.0000
vn 0.8205 -0.1595 0.5490
vn 0.8712 -0.1990 0.4489
vn 0.9095 -0.2357 0.3423
vn 0.9350 -0.2691 0.2309
vn 0.9472 -0.2987 0.1163
vn 0.9461 -0.3240 -0.0000
vn 0.8315 -0.0838 0.5492
vn 0.8875 -0.1046 0.4487
vn 0.9315 -0.1240 0.3420
vn 0.9627 -0.1417 0.2307
vn 0.9807 -0.1574 0.1161
vn 0.9853 -0.1711 -0.0000
vn 0.9511 -0.3088 -0.0016
vn 0.8356 -0.0023 0.5494
vn 0.8937 -0.0029 0.4487
vn 0.9397 -0.0034 0.3419
vn 0.9731 -0.0039 0.2305
vn 0.9932 -0.0043 0.1161
vn 1.0000 -0.0047 -0.0000
vn 0.9945 -0.1049 -0.0052
vn 0.8346 0.0406 0.5493
vn 0.8923 0.0507 0.4487
vn 0.9378 0.0601 0.3419
vn 0.9706 0.0687 0.2306
vn 0.9903 0.0764 0.1161
vn 0.9965 0.0830 -0.0000
vn 0.8266 0.1235 0.5491
vn 0.8803 0.1541 0.4488
vn 0.9217 0.1827 0.3421
vn 0.9504 0.2087 0.2308
vn 0.9658 0.2317 0.1162
vn 0.9678 0.2516 -0.0000
vn 0.9945 0.1044 -0.0029
vn 0.8155 0.1837 0.5489
vn 0.8637 0.2291 0.4489
vn 0.8995 0.2713 0.3425
vn 0.9224 0.3096 0.2311
vn 0.9320 0.3433 0.1164
vn 0.9282 0.3722 -0.0000
vn 0.9510 0.3091 -0.0030
vn 0.7927 0.2659 0.5486
vn 0.8297 0.3311 0.4494
vn 0.8539 0.3913 0.3431
vn 0.8648 0.4454 0.2318
vn 0.8624 0.4926 0.1168
vn 0.8657 0.5006 -0.0036
vn 0.8466 0.5322 -0.0000
vn 0.7758 0.3118 0.5485
vn 0.8044 0.3879 0.4499
vn 0.8199 0.4577 0.3440
vn 0.8219 0.5199 0.2325
vn 0.8106 0.5738 0.1172
vn 0.7860 0.6182 -0.0000
vn 0.7384 0.3919 0.5488
vn 0.7482 0.4861 0.4516
vn 0.7441 0.5713 0.3463
vn 0.7265 0.6460 0.2344
vn 0.6954 0.7088 0.1183
vn 0.6515 0.7586 -0.0000
vn 0.7422 0.6701 -0.0055
vn 0.7192 0.4257 0.5492
vn 0.7192 0.5270 0.4528
vn 0.7051 0.6180 0.3476
vn 0.6773 0.6970 0.2356
vn 0.6362 0.7623 0.1190
vn 0.5892 0.8080 -0.0003
vn 0.5827 0.8127 -0.0000
vn 0.6768 0.3759 0.6330
vn 0.6643 0.5044 0.5517
vn 0.6363 0.6211 0.4576
vn 0.5935 0.7234 0.3529
vn 0.5369 0.8088 0.2399
vn 0.4678 0.8754 0.1214
vn 0.4072 0.9134 -0.0019
vn 0.3879 0.9217 -0.0000
vn 0.6571 0.4099 0.6327
vn 0.6259 0.5482 0.5547
vn 0.5784 0.6721 0.4623
vn 0.5157 0.7785 0.3577
vn 0.4396 0.8645 0.2438
vn 0.3519 0.9279 0.1235
vn 0.2550 0.9669 -0.0000
vn 0.6169 0.4648 0.6352
vn 0.5480 0.6170 0.5648
vn 0.4610 0.7490 0.4759
vn 0.3590 0.8563 0.3713
vn 0.2451 0.9355 0.2546
vn 0.1232 0.9839 0.1294
vn 0.0029 1.0000 -0.0003
vn 0.2074 0.9783 -0.0035
vn -0.0028 1.0000 -0.0000
vn 0.5884 0.4938 0.6402
vn 0.4936 0.6518 0.5758
vn 0.3801 0.7849 0.4893
vn 0.2519 0.8881 0.3843
vn 0.1144 0.9575 0.2647
vn -0.0277 0.9905 0.1349
vn -0.1687 0.9857 -0.0000
vn -0.0745 -0.9972 -0.0000
vn -0.1836 -0.9830 -0.0000
vn -0.0665 -0.9884 0.1366
vn -0.0400 -0.9853 0.1659
vn 0.0674 -0.9581 0.2783
vn 0.1901 -0.8994 0.3935
vn 0.2487 -0.8608 0.4441
vn 0.3215 -0.8031 0.5017
vn 0.3306 -0.7951 0.5085
vn 0.4580 -0.6612 0.5941
vn 0.5002 -0.6066 0.6179
vn 0.6518 -0.3479 0.6739
vn 0.5618 -0.5145 0.6478
vn 0.5867 -0.4719 0.6581
vn 0.6524 -0.3478 0.6733
vn 0.6603 -0.3453 0.6670
vn 0.6543 -0.3484 0.6712
vn 0.6699 -0.3535 0.6529
vn 0.6749 -0.3338 0.6581
vn 0.6666 -0.3413 0.6627
vn 0.6797 -0.3294 0.6554
vn 0.6970 -0.3101 0.6465
vn 0.7185 -0.2810 0.6362
vn 0.7208 -0.2775 0.6351
vn 0.7211 -0.2771 0.6350
vn 0.7484 -0.2280 0.6228
vn 0.7702 -0.1740 0.6136
vn 0.7631 -0.1933 0.6167
vn 0.7838 -0.1265 0.6080
vn 0.7949 -0.0616 0.6035
vn 0.7937 -0.0711 0.6042
vn 0.7984 0.0001 0.6022
vn 0.7970 0.0346 0.6030
vn 0.7942 0.0683 0.6038
vn 0.7865 0.1141 0.6069
vn 0.7768 0.1519 0.6111
vn 0.7691 0.1772 0.6141
vn 0.7411 0.2423 0.6261
vn 0.7318 0.2597 0.6301
vn 0.7204 0.2782 0.6353
vn 0.7186 0.2810 0.6362
vn 0.7026 0.3032 0.6437
vn 0.6925 0.3155 0.6488
vn 0.6782 0.3307 0.6563
vn 0.6775 0.3314 0.6567
vn 0.6695 0.3605 0.6495
vn 0.6618 0.3443 0.6659
vn 0.6657 0.3418 0.6633
vn 0.6532 0.3487 0.6721
vn 0.6519 0.3475 0.6740
vn 0.6508 0.3464 0.6756
vn 0.6177 0.4135 0.6689
vn 0.5618 0.5145 0.6479
vn 0.6518 0.3402 0.6778
vn 0.4811 0.6321 0.6075
vn 0.4480 0.6735 0.5880
vn 0.5445 0.5420 0.6401
vn 0.3761 0.7520 0.5413
vn 0.3024 0.8193 0.4872
vn 0.1900 0.8994 0.3936
vn 0.1559 0.9187 0.3629
vn 0.0010 0.9777 0.2100
vn -0.0663 0.9884 0.1366
vn -0.1836 0.9830 -0.0000
vn 0.7142 0.2875 0.6382
vn 0.7574 0.2078 0.6189
vn 0.6519 -0.3401 0.6778
vn -0.7537 0.6572 -0.0000
vn -0.6042 0.7968 -0.0000
vn -0.6068 0.7948 -0.0000
vn -0.8716 0.4901 -0.0000
vn -0.8157 0.5784 -0.0000
vn -0.9531 0.3025 0.0001
vn -0.8717 0.4901 -0.0000
vn -0.9165 0.4001 -0.0000
vn -0.9948 0.1023 -0.0000
vn -0.9531 0.3025 -0.0000
vn -0.9788 0.2047 -0.0000
vn -0.9948 -0.1023 -0.0000
vn -1.0000 -0.0000 0.0001
vn -0.9788 -0.2049 -0.0000
vn -0.9531 -0.3025 -0.0000
vn -0.9168 -0.3994 -0.0000
vn -0.8716 -0.4901 -0.0000
vn -0.8717 -0.4901 -0.0000
vn -0.8159 -0.5782 -0.0000
vn -0.7537 -0.6572 -0.0000
vn -0.7537 -0.6573 0.0002
vn -0.6042 -0.7968 -0.0000
vn -0.4415 0.8973 -0.0000
vn 0.7537 -0.6572 -0.0000
vn 0.6042 -0.7968 -0.0000
vn 0.8716 -0.4901 -0.0000
vn 0.8157 -0.5784 -0.0000
vn 0.9531 -0.3025 -0.0000
vn 0.8717 -0.4901 -0.0000
vn 0.9165 -0.4001 -0.0000
vn 0.9948 -0.1023 -0.0000
vn 0.9788 -0.2047 -0.0000
vn 0.9948 0.1023 -0.0000
vn 1.0000 -0.0000 0.0001
vn 0.9788 0.2049 -0.0000
vn 0.9531 0.3025 -0.0000
vn 0.9531 0.3025 0.0001
vn 0.9168 0.3994 -0.0000
vn 0.8717 0.4901 -0.0000
vn 0.8159 0.5782 -0.0000
vn 0.7537 0.6572 -0.0000
vn 0.6042 0.7968 -0.0000
vn 0.4415 0.8973 -0.0000
vn 0.4415 -0.8973 -0.0000
vn 0.0033 -1.0000 -0.0000
vn 0.2107 -0.9776 -0.0000
vn 0.5893 -0.8079 0.0002
vn 0.7442 -0.6680 -0.0000
vn 0.8666 -0.4991 -0.0000
vn 0.9513 -0.3084 -0.0000
vn 0.9945 -0.1043 -0.0000
vn 0.9945 0.1043 -0.0001
vn 0.9513 0.3084 -0.0000
vn 0.8666 0.4991 -0.0000
vn 0.7442 0.6680 -0.0000
vn 0.5893 0.8079 -0.0000
vn 0.4089 0.9126 -0.0000
vn 0.2107 0.9776 -0.0000
vn 0.0033 1.0000 -0.0000
vn -0.9941 0.1081 -0.0000
vn -0.9477 0.3193 -0.0000
vn -0.9479 0.3184 0.0017
vn -0.9768 0.2141 -0.0000
vn -0.9941 -0.1081 -0.0000
vn -0.9942 0.1079 0.0006
vn -0.9998 -0.0199 -0.0000
vn -0.9477 -0.3193 -0.0000
vn -0.9942 -0.1076 -0.0006
vn -0.9676 -0.2524 -0.0000
vn -0.8569 -0.5155 -0.0001
vn -0.9479 -0.3187 -0.0011
vn -0.7336 -0.6796 -0.0000
vn -0.7260 -0.6877 -0.0003
vn -0.8520 -0.5235 -0.0000
vn -0.8568 -0.5156 -0.0002
vn -0.7260 -0.6877 -0.0001
vn -0.6266 -0.7793 -0.0000
vn -0.5609 -0.8279 -0.0024
vn -0.5612 -0.8277 -0.0000
vn -0.4630 -0.8864 -0.0000
vn -0.3697 -0.9291 -0.0014
vn -0.3701 -0.9290 0.0001
vn -0.3203 -0.9473 -0.0000
vn -0.1612 -0.9869 -0.0013
vn -0.1618 -0.9868 -0.0001
vn 0.0250 -0.9997 -0.0000
vn 0.0543 -0.9985 -0.0009
vn -0.1277 -0.9918 -0.0000
vn 0.0542 -0.9985 -0.0000
vn 0.2264 -0.9740 -0.0000
vn 0.2676 -0.9635 -0.0004
vn 0.2675 -0.9636 -0.0000
vn 0.3642 -0.9313 -0.0000
vn 0.4684 -0.8835 0.0002
vn 0.4684 -0.8835 -0.0000
vn 0.5488 -0.8360 -0.0000
vn 0.6469 -0.7626 0.0018
vn 0.6474 -0.7622 -0.0001
vn 0.7925 -0.6099 -0.0000
vn 0.7960 -0.6053 0.0004
vn 0.7209 -0.6931 -0.0000
vn 0.7961 -0.6052 -0.0004
vn 0.8965 -0.4430 -0.0000
vn 0.9075 -0.4201 0.0010
vn 0.9076 -0.4199 -0.0001
vn 0.9419 -0.3359 -0.0000
vn 0.9765 -0.2153 0.0038
vn 0.9766 -0.2150 -0.0000
vn 0.9876 -0.1568 -0.0000
vn 0.9999 -0.0166 -0.0000
vn 0.9766 0.2150 -0.0000
vn 1.0000 -0.0001 0.0015
vn 0.9867 0.1625 -0.0000
vn 0.9076 0.4199 -0.0000
vn 0.9766 0.2153 0.0031
vn 0.9471 0.3210 -0.0000
vn 0.7961 0.6052 -0.0000
vn 0.8715 0.4904 -0.0000
vn 0.8210 0.5710 -0.0000
vn 0.9072 0.4208 0.0035
vn 0.6482 0.7615 0.0029
vn 0.7959 0.6054 0.0011
vn 0.6474 0.7622 -0.0001
vn 0.5389 0.8423 -0.0000
vn 0.4687 0.8834 0.0015
vn 0.4684 0.8835 -0.0000
vn 0.2676 0.9635 0.0013
vn 0.0541 0.9985 -0.0000
vn 0.2675 0.9635 -0.0000
vn 0.0544 0.9985 0.0037
vn -0.1618 0.9868 -0.0000
vn -0.3701 0.9290 -0.0000
vn -0.1620 0.9868 0.0018
vn -0.5612 0.8277 0.0001
vn -0.3705 0.9288 0.0014
vn -0.7260 0.6877 -0.0000
vn -0.5616 0.8274 0.0026
vn -0.8569 0.5155 -0.0001
vn -0.7264 0.6873 0.0016
vn -0.8788 0.4772 -0.0000
vn -0.9013 0.4333 -0.0000
vn -0.8574 0.5146 0.0021
vn 0.8329 0.5183 0.1942
vn 0.7041 0.6045 0.3726
vn 0.7776 0.5994 0.1900
vn 0.6033 0.5862 0.5407
vn 0.7610 0.5254 0.3806
vn 0.4791 0.5452 0.6879
vn 0.6586 0.5116 0.5518
vn 0.3363 0.4831 0.8084
vn 0.5300 0.4773 0.7010
vn 0.1805 0.4022 0.8976
vn 0.3801 0.4239 0.8221
vn 0.0177 0.3057 0.9520
vn 0.2151 0.3536 0.9104
vn 0.9175 0.3431 0.2013
vn 0.8494 0.3508 0.3943
vn 0.7458 0.3438 0.5707
vn 0.6108 0.3224 0.7231
vn 0.4504 0.2875 0.8453
vn 0.0414 0.2691 0.9622
vn 0.2710 0.2405 0.9321
vn 0.9629 0.1746 0.2056
vn 0.8977 0.1794 0.4024
vn 0.7939 0.1764 0.5818
vn 0.6560 0.1660 0.7363
vn 0.4899 0.1483 0.8591
vn 0.0803 0.1835 0.9797
vn 0.3027 0.1243 0.9450
vn 0.9782 -0.0179 0.2071
vn 0.9140 -0.0185 0.4052
vn 0.8103 -0.0182 0.5857
vn 0.6714 -0.0171 0.7409
vn 0.5034 -0.0153 0.8639
vn 0.1025 0.0949 0.9902
vn 0.3136 -0.0128 0.9495
vn 0.9640 -0.1687 0.2057
vn 0.8988 -0.1733 0.4026
vn 0.7950 -0.1705 0.5821
vn 0.6571 -0.1603 0.7366
vn 0.4908 -0.1433 0.8594
vn 0.1102 -0.0098 0.9939
vn 0.3034 -0.1201 0.9453
vn 0.9116 -0.3586 0.2008
vn 0.8432 -0.3665 0.3933
vn 0.7396 -0.3590 0.5693
vn 0.6051 -0.3365 0.7215
vn 0.4454 -0.3000 0.8436
vn 0.1032 -0.0919 0.9904
vn 0.2670 -0.2509 0.9305
vn 0.8606 -0.4699 0.1964
vn 0.7898 -0.4776 0.3849
vn 0.6868 -0.4660 0.5577
vn 0.5561 -0.4355 0.7079
vn 0.4027 -0.3873 0.8294
vn 0.0775 -0.1914 0.9785
vn 0.2330 -0.3233 0.9172
vn 0.7469 -0.6379 0.1878
vn 0.6727 -0.6416 0.3684
vn 0.5730 -0.6209 0.5349
vn 0.4514 -0.5765 0.6811
vn 0.3126 -0.5101 0.8013
vn 0.0538 -0.2463 0.9677
vn 0.1619 -0.4242 0.8910
vn 0.6706 -0.7189 0.1827
vn 0.5959 -0.7185 0.3588
vn 0.4993 -0.6918 0.5217
vn 0.3845 -0.6397 0.6655
vn 0.2556 -0.5643 0.7850
vn 0.0050 -0.3222 0.9466
vn 0.1174 -0.4682 0.8758
vn 0.4929 -0.8527 0.1730
vn 0.4206 -0.8411 0.3402
vn 0.3342 -0.8014 0.4960
vn 0.2368 -0.7350 0.6354
vn 0.1314 -0.6442 0.7535
vn -0.0252 -0.3550 0.9345
vn 0.0217 -0.5318 0.8466
vn 0.3085 -0.9368 0.1652
vn 0.2433 -0.9137 0.3254
vn 0.1708 -0.8629 0.4757
vn 0.0930 -0.7857 0.6115
vn 0.0125 -0.6847 0.7287
vn -0.0888 -0.4018 0.9114
vn -0.0685 -0.5628 0.8237
vn 0.1738 -0.9716 0.1608
vn 0.1161 -0.9413 0.3170
vn 0.0551 -0.8841 0.4641
vn -0.0074 -0.8015 0.5980
vn -0.0697 -0.6960 0.7147
vn -0.1474 -0.4238 0.8937
vn -0.1301 -0.5706 0.8109
vn -0.0200 -0.9876 0.1559
vn -0.0644 -0.9493 0.3078
vn -0.1072 -0.8859 0.4514
vn -0.1470 -0.7990 0.5831
vn -0.1830 -0.6909 0.6994
vn -0.1867 -0.4288 0.8839
vn -0.2142 -0.5646 0.7971
vn -0.1651 -0.9743 0.1533
vn -0.1983 -0.9322 0.3027
vn -0.2266 -0.8667 0.4445
vn -0.2491 -0.7793 0.5751
vn -0.2653 -0.6722 0.6912
vn -0.2397 -0.4233 0.8737
vn -0.2749 -0.5482 0.7899
vn -0.3468 -0.9257 0.1510
vn -0.3651 -0.8819 0.2983
vn -0.3746 -0.8169 0.4385
vn -0.3751 -0.7324 0.5682
vn -0.3667 -0.6303 0.6843
vn -0.2775 -0.4105 0.8686
vn -0.3494 -0.5131 0.7840
vn -0.4811 -0.8638 0.1499
vn -0.4880 -0.8210 0.2963
vn -0.4835 -0.7591 0.4359
vn -0.4677 -0.6795 0.5652
vn -0.4411 -0.5841 0.6814
vn -0.3238 -0.3836 0.8649
vn -0.4041 -0.4750 0.7817
vn -0.6351 -0.7579 0.1493
vn -0.6289 -0.7192 0.2953
vn -0.6085 -0.6641 0.4345
vn -0.5741 -0.5938 0.5638
vn -0.5266 -0.5099 0.6802
vn -0.3578 -0.3549 0.8637
vn -0.4672 -0.4144 0.7810
vn -0.7359 -0.6605 0.1493
vn -0.7214 -0.6264 0.2953
vn -0.6906 -0.5781 0.4345
vn -0.6442 -0.5167 0.5639
vn -0.5832 -0.4436 0.6805
vn -0.3970 -0.3094 0.8641
vn -0.5089 -0.3604 0.7817
vn -0.8478 -0.5087 0.1496
vn -0.8245 -0.4824 0.2959
vn -0.7825 -0.4451 0.4354
vn -0.7228 -0.3978 0.5651
vn -0.6467 -0.3415 0.6820
vn -0.4232 -0.2691 0.8652
vn -0.5561 -0.2774 0.7835
vn -0.6820 -0.2609 0.6832
vn -0.4528 -0.2071 0.8672
vn -0.5823 -0.2120 0.7849
vn -0.9032 -0.4291 0.0084
vn -0.9049 -0.4189 0.0756
vn -0.9004 -0.4083 0.1499
vn -0.8997 -0.4071 0.1574
vn -0.8810 -0.3853 0.2745
vn -0.8446 -0.3555 0.4002
vn -0.8307 -0.3458 0.4362
vn -0.8229 -0.3405 0.4548
vn -0.7616 -0.3021 0.5733
vn -0.7510 -0.2961 0.5902
vn -0.7659 -0.3047 0.5661
vn -0.6891 -0.2618 0.6757
vn -0.6633 -0.2484 0.7059
vn -0.6828 -0.2585 0.6833
vn -0.4694 -0.1583 0.8687
vn -0.5586 -0.1960 0.8059
vn -0.4343 -0.1419 0.8895
vn -0.4705 -0.1544 0.8688
vn -0.4380 -0.1394 0.8881
vn -0.4203 -0.1854 0.8882
vn -0.4154 -0.1980 0.8878
vn -0.4011 -0.2287 0.8870
vn -0.4038 -0.2545 0.8787
vn -0.3950 -0.2399 0.8868
vn -0.3714 -0.2761 0.8865
vn -0.3504 -0.3004 0.8871
vn -0.3394 -0.3105 0.8879
vn -0.3145 -0.3294 0.8903
vn -0.2922 -0.3405 0.8937
vn -0.2764 -0.3452 0.8969
vn -0.2556 -0.3480 0.9020
vn -0.2346 -0.3458 0.9085
vn -0.2501 -0.3479 0.9036
vn -0.2174 -0.3400 0.9150
vn -0.2019 -0.3314 0.9217
vn -0.1826 -0.3152 0.9313
vn -0.1960 -0.3271 0.9245
vn -0.1467 -0.2810 0.9484
vn -0.1677 -0.2982 0.9397
vn -0.1558 -0.2806 0.9471
vn -0.1371 -0.2459 0.9596
vn -0.1406 -0.2532 0.9571
vn -0.1283 -0.2261 0.9656
vn -0.1172 -0.1945 0.9739
vn -0.1092 -0.1684 0.9796
vn -0.1019 -0.1368 0.9853
vn -0.0918 -0.0727 0.9931
vn -0.0879 -0.0089 0.9961
vn -0.0904 0.0595 0.9941
vn -0.0907 0.0634 0.9939
vn -0.0963 0.1067 0.9896
vn -0.0990 0.1239 0.9873
vn -0.1100 0.1703 0.9792
vn -0.1142 0.1851 0.9761
vn -0.1195 0.2015 0.9722
vn -0.0760 0.3188 0.9448
vn -0.0300 0.3595 0.9326
vn -0.1233 0.2129 0.9693
vn -0.1426 0.2571 0.9558
vn -0.1311 0.2679 0.9545
vn 0.0079 0.3920 0.9199
vn 0.1072 0.4713 0.8754
vn 0.2471 0.5681 0.7850
vn 0.2494 0.5695 0.7833
vn 0.2176 0.5491 0.8070
vn 0.3578 0.6305 0.6888
vn 0.3818 0.6420 0.6649
vn 0.3359 0.6193 0.7096
vn 0.4661 0.6770 0.5696
vn 0.5998 0.7067 0.3753
vn 0.6084 0.7072 0.3603
vn 0.5469 0.6995 0.4601
vn 0.4871 0.6839 0.5431
vn 0.5385 0.6978 0.4724
vn 0.6894 0.6984 0.1920
vn 0.6926 0.6974 0.1842
vn 0.6434 0.7068 0.2939
vn 0.7507 0.6606 0.0070
vn 0.6950 0.6966 0.1780
vn -0.0904 -0.0613 0.9940
vn -0.4353 -0.1382 0.8896
vn -0.9393 -0.3078 0.1513
vn -0.9834 -0.0857 0.1597
vn -0.8859 -0.3548 0.2987
vn -0.8088 -0.3924 0.4380
vn -0.9375 -0.1490 0.3146
vn -0.7101 -0.4195 0.5656
vn -0.8633 -0.2077 0.4600
vn -0.5923 -0.4353 0.6780
vn -0.7632 -0.2602 0.5915
vn -0.4587 -0.4395 0.7723
vn -0.6401 -0.3048 0.7053
vn -0.3127 -0.4320 0.8459
vn -0.4977 -0.3403 0.7978
vn -0.1585 -0.4129 0.8969
vn -0.3403 -0.3656 0.8663
vn -0.9750 0.1436 0.1693
vn -0.9405 0.0682 0.3329
vn -0.8743 -0.0093 0.4853
vn -0.7787 -0.0867 0.6214
vn -0.6569 -0.1611 0.7365
vn -0.5131 -0.2301 0.8269
vn -0.1728 -0.3799 0.9088
vn -0.3520 -0.2913 0.8895
vn -0.9136 0.3648 0.1797
vn -0.8920 0.2827 0.3528
vn -0.8372 0.1901 0.5127
vn -0.7514 0.0905 0.6536
vn -0.6376 -0.0125 0.7702
vn -0.5002 -0.1151 0.8582
vn -0.1790 -0.3428 0.9222
vn -0.3441 -0.2133 0.9144
vn -0.8938 0.4099 0.1820
vn -0.8749 0.3271 0.3572
vn -0.8229 0.2319 0.5187
vn -0.7397 0.1280 0.6607
vn -0.6284 0.0192 0.7776
vn -0.4934 -0.0904 0.8651
vn -0.3397 -0.1965 0.9198
vn -0.1732 -0.2952 0.9396
vn -0.1753 -0.3036 0.9365
vn -0.0829 -0.4158 0.9057
vn -0.2462 -0.4765 0.8440
vn -0.2716 -0.4858 0.8308
vn -0.1424 -0.4384 0.8874
vn -0.1408 -0.4377 0.8880
vn -0.3090 -0.4968 0.8110
vn -0.4054 -0.5212 0.7510
vn -0.2744 -0.4867 0.8294
vn -0.5249 -0.5416 0.6566
vn -0.6323 -0.5480 0.5477
vn -0.6458 -0.5477 0.5319
vn -0.5483 -0.5441 0.6351
vn -0.5557 -0.5448 0.6280
vn -0.6514 -0.5476 0.5253
vn -0.7290 -0.5393 0.4216
vn -0.7613 -0.5321 0.3705
vn -0.8230 -0.5082 0.2538
vn -0.7406 -0.5370 0.4038
vn -0.8661 -0.4782 0.1456
vn -0.8886 -0.4533 0.0698
vn -0.8685 -0.4760 0.1383
vn -0.7898 0.5829 0.1909
vn -0.7794 0.5026 0.3741
vn -0.7376 0.4022 0.5423
vn -0.6663 0.2856 0.6888
vn -0.5683 0.1576 0.8076
vn -0.4475 0.0233 0.8940
vn -0.3087 -0.1120 0.9446
vn -0.1575 -0.2428 0.9572
vn -0.0000 -0.3638 0.9315
vn -0.6985 0.6883 0.1961
vn -0.6924 0.6108 0.3841
vn -0.6577 0.5081 0.5562
vn -0.5957 0.3844 0.7052
vn -0.5092 0.2447 0.8251
vn -0.4015 0.0950 0.9109
vn -0.2773 -0.0587 0.9590
vn -0.0000 -0.3525 0.9358
vn -0.5447 0.8140 0.2021
vn -0.5427 0.7410 0.3955
vn -0.5175 0.6363 0.5720
vn -0.4703 0.5045 0.7241
vn -0.4029 0.3511 0.8452
vn -0.3182 0.1827 0.9302
vn -0.1416 -0.2100 0.9674
vn -0.2200 0.0065 0.9755
vn -0.0000 -0.3392 0.9407
vn -0.4071 0.8899 0.2056
vn -0.4069 0.8202 0.4021
vn -0.3889 0.7148 0.5812
vn -0.3539 0.5783 0.7351
vn -0.3036 0.4166 0.8569
vn -0.2401 0.2368 0.9414
vn -0.1124 -0.1700 0.9790
vn -0.1661 0.0467 0.9850
vn -0.0000 -0.3312 0.9435
vn -0.2204 0.9529 0.2083
vn -0.2208 0.8861 0.4075
vn -0.2114 0.7803 0.5886
vn -0.1927 0.6400 0.7438
vn -0.1654 0.4715 0.8662
vn -0.1309 0.2822 0.9504
vn -0.0849 -0.1455 0.9857
vn -0.0906 0.0804 0.9926
vn -0.0000 -0.3247 0.9458
vn -0.0722 0.9752 0.2093
vn -0.0724 0.9095 0.4093
vn -0.0693 0.8035 0.5912
vn -0.0632 0.6620 0.7469
vn -0.0543 0.4910 0.8695
vn -0.0430 0.2983 0.9535
vn -0.0463 -0.1249 0.9911
vn -0.0297 0.0924 0.9953
vn -0.0000 -0.3223 0.9466
vn 0.1248 0.9699 0.2091
vn 0.1251 0.9040 0.4089
vn 0.1198 0.7980 0.5906
vn 0.1093 0.6567 0.7462
vn 0.0938 0.4864 0.8687
vn 0.0742 0.2945 0.9528
vn -0.0152 -0.1176 0.9929
vn 0.0514 0.0896 0.9947
vn 0.0263 -0.1193 0.9925
vn 0.2618 0.9425 0.2079
vn 0.2621 0.8752 0.4066
vn 0.2509 0.7694 0.5874
vn 0.2286 0.6297 0.7424
vn 0.1963 0.4624 0.8647
vn 0.1553 0.2746 0.9489
vn 0.1075 0.0748 0.9914
vn -0.0000 -0.3229 0.9464
vn 0.0550 -0.1283 0.9902
vn 0.4472 0.8707 0.2047
vn 0.4466 0.8001 0.4005
vn 0.4266 0.6949 0.5789
vn 0.3881 0.5595 0.7323
vn 0.3328 0.3999 0.8540
vn 0.2631 0.2230 0.9386
vn 0.1820 0.0364 0.9826
vn -0.0000 -0.3258 0.9454
vn 0.0930 -0.1517 0.9840
vn 0.5606 0.8032 0.2016
vn 0.5583 0.7298 0.3945
vn 0.5323 0.6253 0.5707
vn 0.4835 0.4941 0.7225
vn 0.4141 0.3419 0.8436
vn 0.3271 0.1751 0.9286
vn 0.2261 0.0008 0.9741
vn -0.0000 -0.3333 0.9428
vn 0.1155 -0.1735 0.9780
vn 0.7145 0.6718 0.1953
vn 0.7078 0.5939 0.3825
vn 0.6720 0.4915 0.5540
vn 0.6084 0.3688 0.7027
vn 0.5198 0.2310 0.8224
vn 0.4099 0.0836 0.9083
vn 0.2830 -0.0671 0.9568
vn -0.0000 -0.3403 0.9403
vn 0.1445 -0.2151 0.9658
vn 0.7420 0.3954 0.5414
vn 0.6701 0.2793 0.6877
vn 0.5715 0.1520 0.8064
vn 0.4499 0.0187 0.8929
vn 0.3103 -0.1154 0.9436
vn 0.7810 0.5987 0.1774
vn 0.7816 0.5962 0.1835
vn 0.7822 0.5929 0.1914
vn 0.7855 0.5453 0.2928
vn 0.7819 0.5099 0.3587
vn 0.7804 0.5012 0.3740
vn 0.7673 0.4487 0.4581
vn 0.7647 0.4404 0.4705
vn 0.7359 0.3701 0.5671
vn 0.7451 0.3904 0.5407
vn 0.6914 0.2895 0.6619
vn 0.6040 0.1658 0.7796
vn 0.6024 0.1638 0.7812
vn 0.6636 0.2464 0.7063
vn 0.6772 0.2671 0.6856
vn 0.5799 0.1366 0.8032
vn 0.4895 0.0361 0.8712
vn 0.3987 -0.0528 0.9156
vn 0.3619 -0.0863 0.9282
vn 0.2458 -0.1851 0.9515
vn 0.1596 -0.2482 0.9555
vn 0.2581 -0.1751 0.9501
vn 0.3156 -0.1268 0.9404
vn 0.1583 -0.2449 0.9565
vn 0.1335 -0.2672 0.9543
vn 0.0445 -0.3324 0.9421
vn -0.0000 -0.3643 0.9313
vn 0.0482 -0.3297 0.9428
vn -0.0000 -0.3543 0.9351
vn 0.0001 -0.3830 0.9238
vn -0.0000 -0.3826 0.9239
vn 0.0001 -0.3828 0.9238
vn 0.0001 -0.3826 0.9239
vn -0.0000 -0.3265 0.9452
vn -0.0000 -0.2852 0.9585
vn -0.0000 -0.3329 0.9430
vn -0.0000 -0.2766 0.9610
vn -0.0000 -0.0991 0.9951
vn -0.0000 -0.0995 0.9950
vn -0.0000 0.0991 0.9951
vn -0.0000 0.0995 0.9950
vn -0.0000 0.3755 0.9268
vn -0.0000 0.3330 0.9429
vn -0.0000 0.2766 0.9610
vn -0.0000 0.2926 0.9562
vn -0.0000 0.3361 0.9418
vn -0.0000 0.2452 0.9695
vn -0.0000 0.3826 0.9239
vn -0.0000 0.3828 0.9238
vn 0.0613 -0.0000 -0.9981
vn 0.1952 -0.0000 -0.9808
vn 0.0045 -0.0014 -1.0000
vn 0.1951 -0.0000 -0.9808
vn 0.0989 -0.0000 -0.9951
vn 0.2639 -0.0000 -0.9646
vn 0.3827 -0.0000 -0.9239
vn 0.2879 -0.0000 -0.9576
vn 0.3859 -0.0000 -0.9225
vn 0.5556 -0.0000 -0.8315
vn 0.7070 -0.0000 -0.7072
vn 0.5838 -0.0000 -0.8119
vn 0.5556 -0.0000 -0.8314
vn 0.7071 -0.0000 -0.7071
vn 0.5557 -0.0000 -0.8314
vn 0.5655 -0.0000 -0.8247
vn 0.6632 -0.0000 -0.7485
vn 0.8314 -0.0000 -0.5556
vn 0.8316 -0.0000 -0.5554
vn 0.7984 -0.0000 -0.6021
vn 0.9239 -0.0000 -0.3826
vn 0.8451 -0.0000 -0.5346
vn 0.9239 -0.0000 -0.3827
vn 0.8686 -0.0001 -0.4956
vn 0.9808 -0.0000 -0.1951
vn 0.9565 -0.0000 -0.2916
vn 0.9477 -0.0000 -0.3191
vn 0.9821 -0.0000 -0.1886
vn 0.9951 -0.0000 -0.0991
vn 0.0614 -0.0000 -0.9981
vn 0.0045 0.0014 -1.0000
vn 0.0988 -0.0000 -0.9951
vn 0.1953 -0.0000 -0.9808
vn 0.2880 -0.0000 -0.9576
vn 0.5656 -0.0000 -0.8247
vn 0.8315 -0.0000 -0.5556
vn 0.8686 -0.0000 -0.4956
vn 0.8467 -0.0000 -0.5321
vn 0.9566 -0.0000 -0.2914
vn 0.9951 -0.0000 -0.0990
vn 0.6567 0.7541 -0.0000
vn 0.4820 0.8762 -0.0000
vn 0.9101 0.4143 -0.0001
vn 0.8017 0.5978 -0.0000
vn 0.8597 0.5109 -0.0000
vn 0.9773 0.2120 -0.0001
vn 0.9101 0.4143 -0.0000
vn 0.9488 0.3160 -0.0000
vn 1.0000 -0.0000 -0.0001
vn 0.9773 0.2119 -0.0000
vn 0.9943 0.1066 -0.0000
vn 0.9943 -0.1070 -0.0000
vn 0.9773 -0.2119 -0.0000
vn 0.9773 -0.2120 -0.0001
vn 0.9488 -0.3160 -0.0000
vn 0.9101 -0.4143 -0.0000
vn 0.9101 -0.4143 -0.0001
vn 0.8599 -0.5105 -0.0000
vn 0.8017 -0.5978 -0.0000
vn 0.6567 -0.7541 -0.0000
vn 0.6568 -0.7541 -0.0000
vn 0.4820 -0.8762 -0.0000
vn 0.8016 -0.5978 -0.0000
vn 0.7093 -0.7049 -0.0000
vn 0.7472 -0.6646 -0.0000
vn 0.7311 -0.6823 -0.0000
vn 0.7567 -0.6537 -0.0000
vn 0.7600 -0.6499 -0.0000
vn 0.7317 -0.6816 -0.0000
vn 0.5647 -0.8253 -0.0000
vn 0.4819 -0.8762 -0.0000
vn 0.6476 -0.7619 -0.0000
vn 0.2853 -0.9584 -0.0000
vn 0.3485 -0.9373 -0.0000
vn 0.4637 -0.8860 -0.0000
vn 0.2234 -0.9747 -0.0000
vn 0.1592 -0.9873 -0.0000
vn 0.2853 0.9584 -0.0000
vn 0.1592 0.9872 -0.0000
vn 0.2234 0.9747 -0.0001
vn 0.0934 0.9956 -0.0000
vn 0.3485 0.9373 -0.0000
vn 0.4637 0.8860 -0.0000
vn 0.5647 0.8253 -0.0000
vn 0.6468 0.7627 -0.0000
vn 0.7600 0.6499 -0.0000
vn 0.7315 0.6818 -0.0000
vn 0.7567 0.6537 -0.0000
vn 0.7093 0.7050 -0.0000
vn 0.7310 0.6824 -0.0000
vn 0.7472 0.6646 -0.0000
vn 0.0934 -0.9956 -0.0000
vn 0.7655 -0.6435 -0.0000
vn 0.8095 -0.5871 -0.0000
vn -0.0000 0.1260 0.9920
vn -0.0000 0.0987 0.9951
vn -0.0000 0.3266 0.9452
vn -0.0000 0.2914 0.9566
vn -0.0000 0.5133 0.8582
vn -0.0000 0.5554 0.8316
vn -0.0000 0.5556 0.8314
vn -0.0000 0.4722 0.8815
vn -0.0000 0.6783 0.7348
vn -0.0000 0.7069 0.7073
vn -0.0000 0.8146 0.5801
vn -0.0000 0.9161 0.4010
vn -0.0000 0.9788 0.2048
vn -0.0000 0.9605 0.2782
vn 0.0004 1.0000 -0.0004
vn 0.9593 -0.2824 -0.0000
vn 0.9968 -0.0799 -0.0000
vn 0.8811 -0.4730 -0.0000
vn 0.2049 0.9788 -0.0000
vn 0.4011 0.9160 -0.0000
vn 0.5803 0.8144 -0.0000
vn 0.4010 0.9161 -0.0000
vn 0.7348 0.6783 -0.0000
vn 0.5801 0.8146 -0.0000
vn 0.7073 0.7069 -0.0000
vn 0.8582 0.5133 -0.0000
vn 0.8316 0.5554 -0.0000
vn 0.9452 0.3266 -0.0000
vn 0.9239 0.3827 -0.0000
vn 0.9920 0.1260 -0.0000
vn 0.9808 0.1951 -0.0000
vn -0.0000 0.2952 -0.9554
vn 0.7508 -0.6311 -0.1951
vn 0.7953 -0.5761 -0.1886
vn 0.7072 -0.5945 -0.3827
vn 0.7943 -0.5753 -0.1951
vn 0.7681 -0.5551 -0.3191
vn 0.6365 -0.5350 -0.5556
vn 0.7493 -0.5406 -0.3826
vn 0.7052 -0.5071 -0.4956
vn 0.5413 -0.4550 -0.7071
vn 0.6756 -0.4846 -0.5556
vn 0.6492 -0.4648 -0.6021
vn 0.4253 -0.3575 -0.8315
vn 0.5760 -0.4099 -0.7072
vn 0.5760 -0.4100 -0.7072
vn 0.4252 -0.3575 -0.8315
vn 0.5408 -0.3839 -0.7485
vn 0.4621 -0.3261 -0.8247
vn 0.2929 -0.2462 -0.9239
vn 0.4541 -0.3202 -0.8314
vn 0.4541 -0.3203 -0.8314
vn 0.2930 -0.2463 -0.9239
vn 0.3165 -0.2209 -0.9225
vn 0.1493 -0.1255 -0.9808
vn 0.3139 -0.2190 -0.9239
vn 0.2169 -0.1503 -0.9646
vn 0.0506 -0.0346 -0.9981
vn 0.1607 -0.1109 -0.9807
vn 0.1607 -0.1109 -0.9808
vn 0.1719 -0.0923 -0.9808
vn 0.3372 -0.1810 -0.9239
vn 0.1872 -0.0552 -0.9808
vn 0.3671 -0.1081 -0.9239
vn 0.1945 -0.0155 -0.9808
vn 0.3815 -0.0306 -0.9239
vn 0.1935 0.0246 -0.9808
vn 0.3796 0.0482 -0.9239
vn 0.1844 0.0636 -0.9808
vn 0.3617 0.1250 -0.9239
vn 0.1674 0.1002 -0.9808
vn 0.3284 0.1964 -0.9239
vn 0.1433 0.1324 -0.9808
vn 0.2812 0.2596 -0.9239
vn 0.1132 0.1589 -0.9808
vn 0.2221 0.3117 -0.9239
vn 0.0783 0.1787 -0.9808
vn 0.1535 0.3506 -0.9239
vn 0.0399 0.1910 -0.9808
vn 0.0784 0.3746 -0.9239
vn 0.4895 -0.2628 -0.8315
vn 0.5329 -0.1569 -0.8315
vn 0.5538 -0.0444 -0.8315
vn 0.5512 0.0700 -0.8315
vn 0.5251 0.1815 -0.8315
vn 0.4768 0.2852 -0.8315
vn 0.4082 0.3768 -0.8315
vn 0.3224 0.4525 -0.8314
vn 0.2228 0.5089 -0.8315
vn 0.1138 0.5438 -0.8315
vn 0.6230 -0.3345 -0.7071
vn 0.6783 -0.1997 -0.7071
vn 0.7048 -0.0565 -0.7071
vn 0.7015 0.0891 -0.7071
vn 0.6683 0.2309 -0.7071
vn 0.6068 0.3630 -0.7071
vn 0.5196 0.4796 -0.7071
vn 0.4103 0.5759 -0.7071
vn 0.2836 0.6477 -0.7071
vn 0.1449 0.6921 -0.7071
vn 0.7326 -0.3933 -0.5556
vn 0.7976 -0.2348 -0.5556
vn 0.8288 -0.0664 -0.5556
vn 0.8249 0.1048 -0.5555
vn 0.7859 0.2716 -0.5555
vn 0.7136 0.4268 -0.5555
vn 0.6110 0.5640 -0.5555
vn 0.4825 0.6772 -0.5556
vn 0.3335 0.7617 -0.5556
vn 0.1704 0.8138 -0.5555
vn 0.8140 -0.4370 -0.3826
vn 0.8863 -0.2609 -0.3827
vn 0.9209 -0.0738 -0.3827
vn 0.9165 0.1164 -0.3827
vn 0.8732 0.3017 -0.3827
vn 0.7929 0.4742 -0.3827
vn 0.6789 0.6266 -0.3827
vn 0.5361 0.7524 -0.3827
vn 0.3706 0.8463 -0.3827
vn 0.1893 0.9043 -0.3827
vn 0.8642 -0.4639 -0.1950
vn 0.9409 -0.2770 -0.1951
vn 0.9777 -0.0784 -0.1950
vn 0.9730 0.1236 -0.1951
vn 0.9270 0.3203 -0.1950
vn 0.8417 0.5035 -0.1950
vn 0.7207 0.6652 -0.1950
vn 0.5691 0.7988 -0.1951
vn 0.3934 0.8985 -0.1950
vn 0.2010 0.9600 -0.1950
vn 0.8095 0.5871 -0.0000
vn 0.7008 0.7133 -0.0000
vn 0.7161 0.6980 -0.0000
vn 0.6987 0.7154 -0.0000
vn 0.6986 0.7155 -0.0000
vn 0.5693 0.8221 -0.0000
vn 0.5812 0.8138 -0.0000
vn 0.5677 0.8232 -0.0000
vn 0.5676 0.8233 -0.0000
vn 0.4212 0.9070 -0.0000
vn 0.4278 0.9039 -0.0000
vn 0.4203 0.9074 -0.0000
vn 0.2609 0.9654 -0.0000
vn 0.2559 0.9468 0.1951
vn 0.4131 0.8895 0.1952
vn 0.5584 0.8063 0.1951
vn 0.6873 0.6997 0.1951
vn 0.3892 0.8379 0.3827
vn 0.5260 0.7595 0.3827
vn 0.6475 0.6590 0.3827
vn 0.2410 0.8919 0.3827
vn 0.3502 0.7541 0.5556
vn 0.4734 0.6836 0.5556
vn 0.5827 0.5931 0.5556
vn 0.2169 0.8027 0.5556
vn 0.2978 0.6413 0.7071
vn 0.4026 0.5813 0.7071
vn 0.4956 0.5044 0.7071
vn 0.1845 0.6826 0.7071
vn 0.2340 0.5039 0.8315
vn 0.3163 0.4567 0.8315
vn 0.3893 0.3963 0.8315
vn 0.1450 0.5363 0.8315
vn 0.1612 0.3471 0.9239
vn 0.2178 0.3146 0.9239
vn 0.2682 0.2730 0.9239
vn 0.0998 0.3694 0.9239
vn 0.0822 0.1769 0.9808
vn 0.1111 0.1604 0.9808
vn 0.1367 0.1392 0.9808
vn 0.0509 0.1883 0.9808
vn 0.7926 0.5778 0.1946
vn 0.7925 0.5778 0.1951
vn 0.8069 0.5857 0.0771
vn 0.7742 0.5677 0.2799
vn 0.7329 0.5442 0.4083
vn 0.6976 0.5236 0.4891
vn 0.6624 0.5028 0.5554
vn 0.6109 0.4706 0.6367
vn 0.5381 0.4234 0.7288
vn 0.4317 0.3504 0.8312
vn 0.3776 0.3109 0.8722
vn 0.2931 0.2472 0.9236
vn 0.2204 0.1895 0.9568
vn 0.1481 0.1299 0.9804
vn 0.5700 0.7982 -0.1951
vn 0.7024 0.6845 -0.1951
vn 0.4196 0.8865 -0.1950
vn 0.2559 0.9468 -0.1951
vn 0.5369 0.7518 -0.3827
vn 0.3952 0.8351 -0.3827
vn 0.2410 0.8919 -0.3827
vn 0.6616 0.6448 -0.3827
vn 0.4832 0.6766 -0.5556
vn 0.3557 0.7515 -0.5556
vn 0.2169 0.8027 -0.5556
vn 0.5954 0.5803 -0.5556
vn 0.4109 0.5754 -0.7071
vn 0.3025 0.6391 -0.7071
vn 0.1845 0.6826 -0.7071
vn 0.5064 0.4935 -0.7071
vn 0.3229 0.4521 -0.8315
vn 0.2377 0.5022 -0.8315
vn 0.1449 0.5363 -0.8315
vn 0.3979 0.3878 -0.8315
vn 0.2224 0.3114 -0.9239
vn 0.1637 0.3459 -0.9239
vn 0.0999 0.3694 -0.9239
vn 0.2740 0.2671 -0.9239
vn 0.1134 0.1588 -0.9808
vn 0.0835 0.1763 -0.9808
vn 0.0509 0.1883 -0.9808
vn 0.1397 0.1361 -0.9808
vn 0.1607 0.1109 -0.9808
vn 0.1608 0.1109 -0.9807
vn 0.0506 0.0347 -0.9981
vn 0.2169 0.1503 -0.9646
vn 0.3138 0.2190 -0.9239
vn 0.3165 0.2208 -0.9225
vn 0.4541 0.3202 -0.8314
vn 0.3978 0.3878 -0.8315
vn 0.5760 0.4099 -0.7072
vn 0.5408 0.3839 -0.7485
vn 0.4621 0.3261 -0.8247
vn 0.6492 0.4648 -0.6021
vn 0.6756 0.4847 -0.5556
vn 0.5760 0.4100 -0.7072
vn 0.7051 0.5071 -0.4956
vn 0.7493 0.5406 -0.3826
vn 0.7681 0.5552 -0.3191
vn 0.7943 0.5753 -0.1951
vn 0.7953 0.5761 -0.1886
vn 0.1905 0.0422 -0.9808
vn 0.3737 0.0827 -0.9239
vn 0.1769 0.0823 -0.9808
vn 0.3469 0.1615 -0.9239
vn 0.1549 0.1186 -0.9808
vn 0.3039 0.2326 -0.9239
vn 0.1256 0.1493 -0.9808
vn 0.2464 0.2928 -0.9239
vn 0.0904 0.1729 -0.9808
vn 0.1773 0.3391 -0.9239
vn 0.5425 0.1201 -0.8315
vn 0.5037 0.2344 -0.8315
vn 0.4411 0.3377 -0.8315
vn 0.3577 0.4251 -0.8315
vn 0.2574 0.4924 -0.8315
vn 0.6904 0.1528 -0.7071
vn 0.6411 0.2984 -0.7071
vn 0.5614 0.4299 -0.7071
vn 0.4553 0.5410 -0.7071
vn 0.3276 0.6266 -0.7071
vn 0.8118 0.1797 -0.5556
vn 0.7538 0.3509 -0.5555
vn 0.6602 0.5055 -0.5556
vn 0.5354 0.6362 -0.5556
vn 0.3852 0.7368 -0.5556
vn 0.9021 0.1997 -0.3826
vn 0.8376 0.3899 -0.3826
vn 0.7336 0.5616 -0.3827
vn 0.5949 0.7069 -0.3827
vn 0.4281 0.8187 -0.3827
vn 0.9576 0.2119 -0.1951
vn 0.8892 0.4139 -0.1951
vn 0.7788 0.5963 -0.1950
vn 0.6315 0.7504 -0.1950
vn 0.4544 0.8692 -0.1950
vn 0.9764 0.2161 -0.0000
vn 0.9066 0.4220 -0.0000
vn 0.7940 0.6079 -0.0000
vn 0.6439 0.7651 -0.0000
vn 0.4633 0.8862 -0.0000
vn 0.9885 -0.0000 -0.1513
vn 0.9808 0.0002 -0.1952
vn 0.9557 -0.0000 -0.2945
vn 0.9238 0.0004 -0.3829
vn 0.9053 -0.0000 -0.4248
vn 0.8418 -0.0000 -0.5398
vn 0.8314 0.0003 -0.5557
vn 0.7695 -0.0000 -0.6386
vn 0.7070 0.0004 -0.7072
vn 0.6920 -0.0000 -0.7219
vn 0.5549 0.0017 -0.8319
vn 0.5248 -0.0000 -0.8512
vn 0.3823 0.0013 -0.9240
vn 0.3595 -0.0000 -0.9331
vn 0.1998 -0.0000 -0.9798
vn 0.1951 0.0002 -0.9808
vn 0.0443 -0.0000 -0.9990
vn -0.0000 -0.4725 -0.8813
vn 0.0903 0.1729 0.9808
vn 0.1773 0.3391 0.9239
vn 0.1256 0.1493 0.9808
vn 0.2464 0.2928 0.9239
vn 0.1549 0.1186 0.9808
vn 0.3039 0.2326 0.9239
vn 0.1769 0.0823 0.9808
vn 0.3470 0.1615 0.9239
vn 0.1905 0.0422 0.9808
vn 0.3737 0.0827 0.9239
vn 0.1951 -0.0000 0.9808
vn 0.3827 -0.0000 0.9239
vn 0.2574 0.4924 0.8314
vn 0.3577 0.4251 0.8314
vn 0.4411 0.3377 0.8315
vn 0.5037 0.2344 0.8315
vn 0.5425 0.1201 0.8315
vn 0.5556 -0.0000 0.8315
vn 0.3276 0.6266 0.7071
vn 0.4553 0.5410 0.7071
vn 0.5614 0.4299 0.7071
vn 0.6411 0.2984 0.7071
vn 0.6904 0.1528 0.7071
vn 0.7071 -0.0000 0.7071
vn 0.3852 0.7369 0.5556
vn 0.5354 0.6362 0.5556
vn 0.6602 0.5055 0.5556
vn 0.7538 0.3509 0.5555
vn 0.8118 0.1797 0.5556
vn 0.8315 -0.0000 0.5556
vn 0.4281 0.8187 0.3827
vn 0.5949 0.7069 0.3826
vn 0.7335 0.5616 0.3827
vn 0.8376 0.3899 0.3826
vn 0.9021 0.1997 0.3826
vn 0.9239 -0.0000 0.3827
vn 0.4544 0.8692 0.1951
vn 0.6315 0.7504 0.1951
vn 0.7788 0.5963 0.1950
vn 0.8892 0.4139 0.1951
vn 0.9576 0.2119 0.1950
vn 0.9808 -0.0000 0.1951
vn 0.9650 -0.2595 -0.0378
vn 0.9910 -0.1327 -0.0190
vn 0.9808 -0.1951 0.0002
vn 0.9885 -0.1513 -0.0000
vn 0.9717 -0.2237 -0.0755
vn 0.9928 -0.1139 -0.0381
vn 0.9757 -0.1874 -0.1133
vn 0.9938 -0.0950 -0.0571
vn 0.9771 -0.1506 -0.1505
vn 0.9942 -0.0760 -0.0761
vn 0.9757 -0.1133 -0.1875
vn 0.9938 -0.0571 -0.0950
vn 0.9717 -0.0756 -0.2239
vn 0.9928 -0.0381 -0.1139
vn 0.9650 -0.0379 -0.2595
vn 0.9910 -0.0190 -0.1327
vn 0.9556 -0.2945 -0.0000
vn 0.9238 -0.3829 0.0004
vn 0.9244 -0.3773 -0.0565
vn 0.9381 -0.3276 -0.1127
vn 0.9463 -0.2759 -0.1682
vn 0.9491 -0.2227 -0.2228
vn 0.9463 -0.1681 -0.2760
vn 0.9381 -0.1127 -0.3276
vn 0.9244 -0.0565 -0.3773
vn 0.8717 -0.4843 -0.0747
vn 0.9053 -0.4248 -0.0000
vn 0.8933 -0.4240 -0.1488
vn 0.9064 -0.3598 -0.2215
vn 0.9108 -0.2920 -0.2920
vn 0.9064 -0.2215 -0.3597
vn 0.8933 -0.1488 -0.4240
vn 0.8717 -0.0748 -0.4842
vn 0.8098 -0.5794 -0.0926
vn 0.8314 -0.5557 0.0003
vn 0.8418 -0.5398 -0.0000
vn 0.8388 -0.5122 -0.1844
vn 0.8565 -0.4381 -0.2728
vn 0.8625 -0.3579 -0.3579
vn 0.8565 -0.2728 -0.4382
vn 0.8389 -0.1839 -0.5124
vn 0.8098 -0.0926 -0.5794
vn 0.7695 -0.6386 -0.0000
vn 0.7070 -0.7072 0.0003
vn 0.7406 -0.6629 -0.1098
vn 0.7760 -0.5919 -0.2176
vn 0.7975 -0.5104 -0.3216
vn 0.8047 -0.4198 -0.4198
vn 0.7975 -0.3216 -0.5104
vn 0.7760 -0.2177 -0.5920
vn 0.7406 -0.1098 -0.6629
vn 0.6920 -0.7219 -0.0000
vn 0.5548 -0.8319 0.0020
vn 0.5816 -0.8010 -0.1423
vn 0.6232 -0.7298 -0.2810
vn 0.6486 -0.6397 -0.4124
vn 0.6572 -0.5329 -0.5330
vn 0.6486 -0.4124 -0.6397
vn 0.6232 -0.2810 -0.7299
vn 0.5816 -0.1424 -0.8009
vn 0.5248 -0.8512 -0.0000
vn 0.3822 -0.9241 0.0015
vn 0.4103 -0.8962 -0.1686
vn 0.4477 -0.8303 -0.3318
vn 0.4707 -0.7376 -0.4842
vn 0.4785 -0.6209 -0.6209
vn 0.4708 -0.4841 -0.7376
vn 0.4478 -0.3318 -0.8303
vn 0.4103 -0.1686 -0.8962
vn 0.2326 -0.9545 -0.1865
vn 0.3595 -0.9331 -0.0000
vn 0.2570 -0.8943 -0.3662
vn 0.2720 -0.8015 -0.5326
vn 0.2770 -0.6795 -0.6794
vn 0.2721 -0.5326 -0.8014
vn 0.2570 -0.3662 -0.8943
vn 0.2326 -0.1865 -0.9545
vn 0.0520 -0.9795 -0.1947
vn 0.1951 -0.9808 0.0003
vn 0.1998 -0.9798 -0.0000
vn 0.0578 -0.9224 -0.3819
vn 0.0613 -0.8300 -0.5544
vn 0.0625 -0.7057 -0.7057
vn 0.0613 -0.5544 -0.8300
vn 0.0578 -0.3819 -0.9224
vn 0.0520 -0.1947 -0.9795
vn 0.0443 -0.9990 -0.0000
vn 0.0443 -0.0000 0.9990
vn 0.1951 0.0002 0.9808
vn 0.3595 -0.0000 0.9331
vn 0.3823 0.0013 0.9240
vn 0.1998 -0.0000 0.9798
vn 0.5248 -0.0000 0.8512
vn 0.5549 0.0017 0.8319
vn 0.6920 -0.0000 0.7219
vn 0.7070 0.0004 0.7072
vn 0.7695 -0.0000 0.6386
vn 0.8314 0.0003 0.5557
vn 0.9053 -0.0000 0.4248
vn 0.9238 0.0004 0.3829
vn 0.8418 -0.0000 0.5398
vn 0.9556 -0.0000 0.2945
vn 0.9808 0.0002 0.1952
vn 0.9885 -0.0000 0.1513
vn 0.1951 -0.9808 -0.0002
vn 0.0442 -0.9990 -0.0000
vn 0.3823 -0.9240 -0.0011
vn 0.5550 -0.8318 -0.0014
vn 0.7069 -0.7073 -0.0005
vn 0.8314 -0.5556 -0.0002
vn 0.9238 -0.3829 -0.0004
vn 0.9808 -0.1952 -0.0002
vn 0.9650 -0.0378 0.2595
vn 0.9910 -0.0190 0.1327
vn 0.9717 -0.0756 0.2237
vn 0.9928 -0.0381 0.1139
vn 0.9758 -0.1130 0.1871
vn 0.9938 -0.0571 0.0950
vn 0.9771 -0.1506 0.1505
vn 0.9942 -0.0761 0.0759
vn 0.9757 -0.1874 0.1134
vn 0.9938 -0.0950 0.0571
vn 0.9717 -0.2238 0.0757
vn 0.9928 -0.1138 0.0381
vn 0.9650 -0.2596 0.0379
vn 0.9910 -0.1327 0.0190
vn 0.9244 -0.0564 0.3773
vn 0.9381 -0.1127 0.3276
vn 0.9464 -0.1682 0.2758
vn 0.9491 -0.2227 0.2227
vn 0.9463 -0.2760 0.1682
vn 0.9381 -0.3276 0.1127
vn 0.9244 -0.3773 0.0565
vn 0.8717 -0.0747 0.4843
vn 0.8934 -0.1489 0.4240
vn 0.9064 -0.2215 0.3597
vn 0.9108 -0.2920 0.2920
vn 0.9064 -0.3597 0.2215
vn 0.8933 -0.4240 0.1489
vn 0.8717 -0.4842 0.0748
vn 0.8098 -0.0926 0.5794
vn 0.8389 -0.1841 0.5122
vn 0.8565 -0.2729 0.4380
vn 0.8625 -0.3579 0.3578
vn 0.8565 -0.4382 0.2727
vn 0.8389 -0.5123 0.1839
vn 0.8098 -0.5794 0.0926
vn 0.7406 -0.1098 0.6629
vn 0.7760 -0.2177 0.5920
vn 0.7975 -0.3216 0.5104
vn 0.8047 -0.4198 0.4198
vn 0.7975 -0.5104 0.3216
vn 0.7760 -0.5920 0.2177
vn 0.7406 -0.6629 0.1098
vn 0.5816 -0.1423 0.8010
vn 0.6232 -0.2810 0.7298
vn 0.6486 -0.4124 0.6397
vn 0.6573 -0.5329 0.5329
vn 0.6487 -0.6397 0.4123
vn 0.6232 -0.7298 0.2810
vn 0.5816 -0.8009 0.1424
vn 0.4103 -0.1686 0.8962
vn 0.4477 -0.3318 0.8303
vn 0.4707 -0.4842 0.7375
vn 0.4785 -0.6209 0.6209
vn 0.4708 -0.7376 0.4841
vn 0.4478 -0.8303 0.3318
vn 0.4103 -0.8962 0.1686
vn 0.2326 -0.1865 0.9545
vn 0.2570 -0.3662 0.8943
vn 0.2720 -0.5326 0.8015
vn 0.2770 -0.6794 0.6795
vn 0.2721 -0.8014 0.5326
vn 0.2570 -0.8943 0.3662
vn 0.2326 -0.9545 0.1865
vn 0.0520 -0.1947 0.9795
vn 0.0578 -0.3819 0.9224
vn 0.0613 -0.5544 0.8300
vn 0.0625 -0.7057 0.7057
vn 0.0613 -0.8300 0.5544
vn 0.0578 -0.9224 0.3819
vn 0.0520 -0.9795 0.1947
vn -0.0000 -0.1950 0.9808
vn 0.0003 -0.2916 0.9565
vn -0.0000 -0.4726 0.8813
vn -0.0000 -0.0041 1.0000
vn -0.0000 -0.1653 0.9862
vn -0.0000 -0.0002 1.0000
vn -0.0000 0.0001 1.0000
vn -0.0000 -0.0001 1.0000
vn 0.3382 -0.7985 -0.4981
vn 0.1972 -0.8983 -0.3926
vn 0.3618 -0.8552 -0.3711
vn 0.4654 -0.6659 -0.5831
vn 0.4632 -0.7477 -0.4757
vn 0.5735 -0.5060 -0.6442
vn 0.5494 -0.6158 -0.5647
vn 0.1270 -0.9834 -0.1293
vn 0.0032 -1.0000 0.0001
vn 0.2072 -0.9783 0.0037
vn 0.3545 -0.9269 -0.1235
vn 0.0015 -1.0000 -0.0000
vn 0.2485 -0.9346 -0.2544
vn 0.4418 -0.8634 -0.2438
vn 0.5175 -0.7773 -0.3577
vn 0.5798 -0.6709 -0.4623
vn 0.6177 -0.4637 -0.6352
vn 0.6268 -0.5471 -0.5548
vn 0.2579 -0.9662 -0.0000
vn 0.4058 -0.9140 0.0040
vn 0.5284 -0.8404 -0.1204
vn 0.5876 -0.7733 -0.2382
vn 0.6338 -0.6893 -0.3509
vn 0.6662 -0.5903 -0.4558
vn 0.6576 -0.4089 -0.6328
vn 0.6841 -0.4783 -0.5507
vn 0.4578 -0.8891 -0.0000
vn 0.5753 -0.8179 -0.0000
vn 0.6299 -0.7675 -0.1191
vn 0.6721 -0.7019 -0.2358
vn 0.7010 -0.6226 -0.3479
vn 0.7161 -0.5309 -0.4531
vn 0.7171 -0.4289 -0.5494
vn 0.7015 -0.3046 -0.6443
vn 0.6870 -0.3559 -0.6336
vn 0.7532 -0.6472 -0.1178
vn 0.5884 -0.8086 0.0015
vn 0.7744 -0.5880 -0.2335
vn 0.7822 -0.5187 -0.3451
vn 0.7764 -0.4405 -0.4508
vn 0.8260 -0.5513 -0.1171
vn 0.7433 -0.6690 0.0021
vn 0.7190 -0.6950 -0.0000
vn 0.8347 -0.4992 -0.2324
vn 0.8300 -0.4391 -0.3439
vn 0.7571 -0.3545 -0.5487
vn 0.8119 -0.3720 -0.4499
vn 0.8041 -0.5945 -0.0000
vn 0.8656 -0.5006 0.0050
vn 0.9039 -0.4115 -0.1166
vn 0.8991 -0.3715 -0.2314
vn 0.8810 -0.3259 -0.3429
vn 0.7808 -0.2989 -0.5486
vn 0.8499 -0.2754 -0.4492
vn 0.8952 -0.4456 -0.0000
vn 0.9511 -0.3089 0.0028
vn 0.9581 -0.2617 -0.1163
vn 0.9440 -0.2357 -0.2309
vn 0.9166 -0.2064 -0.3423
vn 0.8062 -0.2209 -0.5489
vn 0.8765 -0.1741 -0.4489
vn 0.9588 -0.2840 -0.0000
vn 0.9803 -0.1975 -0.0000
vn 0.9764 -0.1818 -0.1162
vn 0.9591 -0.1637 -0.2308
vn 0.9287 -0.1433 -0.3421
vn 0.8240 -0.1395 -0.5492
vn 0.8854 -0.1208 -0.4489
vn 0.9941 -0.1089 -0.0000
vn 0.9882 -0.1001 -0.1161
vn 0.9689 -0.0901 -0.2306
vn 0.9364 -0.0788 -0.3421
vn 0.8300 -0.0967 -0.5494
vn 0.8912 -0.0665 -0.4488
vn 0.9917 0.0545 -0.1161
vn 0.9945 -0.1044 0.0005
vn 0.9718 0.0490 -0.2306
vn 0.9387 0.0429 -0.3420
vn 0.8339 -0.0532 -0.5494
vn 0.8929 0.0362 -0.4488
vn 0.9793 0.1659 -0.1162
vn 0.9945 0.1045 0.0032
vn 0.9982 0.0592 -0.0000
vn 0.9615 0.1493 -0.2307
vn 0.9305 0.1306 -0.3421
vn 0.8350 0.0290 -0.5495
vn 0.8868 0.1102 -0.4488
vn 0.9836 0.1802 -0.0000
vn 0.9509 0.3095 0.0039
vn 0.9403 0.3198 -0.1164
vn 0.9293 0.2882 -0.2311
vn 0.9050 0.2525 -0.3425
vn 0.8309 0.0882 -0.5494
vn 0.8677 0.2132 -0.4490
vn 0.9026 0.4145 -0.1166
vn 0.9379 0.3468 -0.0000
vn 0.8980 0.3741 -0.2314
vn 0.8802 0.3282 -0.3429
vn 0.8181 0.1709 -0.5491
vn 0.8493 0.2774 -0.4492
vn 0.8200 0.5602 -0.1172
vn 0.8656 0.5007 0.0051
vn 0.8937 0.4487 -0.0000
vn 0.8297 0.5075 -0.2325
vn 0.8260 0.4465 -0.3440
vn 0.8058 0.2225 -0.5489
vn 0.8090 0.3783 -0.4499
vn 0.7970 0.6039 -0.0000
vn 0.7439 0.6683 0.0006
vn 0.7684 0.6291 -0.1176
vn 0.7870 0.5712 -0.2332
vn 0.7921 0.5036 -0.3448
vn 0.7789 0.3040 -0.5486
vn 0.7838 0.4274 -0.4506
vn 0.6404 0.7588 -0.1189
vn 0.7367 0.6762 -0.0000
vn 0.5892 0.8080 0.0002
vn 0.6807 0.6936 -0.2356
vn 0.7079 0.6149 -0.3476
vn 0.7621 0.3439 -0.5486
vn 0.7212 0.5242 -0.4529
vn 0.5784 0.8069 -0.1197
vn 0.5875 0.8092 -0.0000
vn 0.6292 0.7402 -0.2370
vn 0.6670 0.6581 -0.3493
vn 0.7205 0.4232 -0.5493
vn 0.6909 0.5624 -0.4544
vn 0.7004 0.4550 -0.5500
vn 0.6954 0.3381 -0.6342
vn 0.7034 0.3022 -0.6434
vn 0.5156 0.8568 -0.0000
vn 0.3991 0.9169 0.0113
vn 0.3955 0.9102 -0.1227
vn 0.4763 0.8453 -0.2423
vn 0.5451 0.7591 -0.3558
vn 0.6003 0.6539 -0.4605
vn 0.6404 0.5324 -0.5536
vn 0.3048 0.9524 -0.0000
vn 0.2089 0.9779 0.0016
vn 0.2718 0.9541 -0.1253
vn 0.3720 0.8947 -0.2471
vn 0.4615 0.8100 -0.3619
vn 0.5380 0.7022 -0.4664
vn 0.6645 0.3975 -0.6328
vn 0.5991 0.5745 -0.5577
vn 0.1640 0.9865 -0.0000
vn -0.0019 1.0000 0.0039
vn 0.0362 0.9905 -0.1324
vn 0.1701 0.9505 -0.2601
vn 0.2979 0.8764 -0.3784
vn 0.4149 0.7709 -0.4832
vn 0.6433 0.4305 -0.6331
vn 0.5172 0.6378 -0.5707
vn 0.3241 0.8023 -0.5012
vn 0.6009 0.4819 -0.6378
vn 0.4558 0.6701 -0.5858
vn -0.0989 0.9951 -0.0000
vn -0.0664 0.9884 -0.1366
vn -0.0400 0.9853 -0.1659
vn 0.0673 0.9581 -0.2783
vn 0.2487 0.8607 -0.4442
vn 0.2911 0.8286 -0.4782
vn 0.1903 0.8993 -0.3937
vn 0.3216 0.8030 -0.5018
vn 0.3306 0.7951 -0.5085
vn 0.5683 0.5098 -0.6458
vn 0.4580 0.6612 -0.5941
vn 0.5002 0.6066 -0.6179
vn 0.6513 0.3424 -0.6772
vn 0.5620 0.5142 -0.6479
vn 0.5867 0.4719 -0.6581
vn 0.6514 0.3478 -0.6743
vn 0.6524 0.3478 -0.6733
vn 0.6602 0.3453 -0.6670
vn 0.6749 0.3338 -0.6581
vn 0.6699 0.3534 -0.6529
vn 0.6696 0.3387 -0.6610
vn 0.6928 0.3153 -0.6485
vn 0.6970 0.3101 -0.6465
vn 0.7183 0.2814 -0.6363
vn 0.7208 0.2776 -0.6351
vn 0.7305 0.2616 -0.6308
vn 0.7436 0.2375 -0.6250
vn 0.7484 0.2281 -0.6228
vn 0.7702 0.1740 -0.6136
vn 0.7838 0.1266 -0.6080
vn 0.7797 0.1421 -0.6098
vn 0.7950 0.0616 -0.6035
vn 0.7931 0.0749 -0.6045
vn 0.7984 -0.0001 -0.6022
vn 0.7975 0.0247 -0.6028
vn 0.7962 -0.0454 -0.6033
vn 0.7942 -0.0683 -0.6038
vn 0.7922 -0.0820 -0.6047
vn 0.7866 -0.1141 -0.6069
vn 0.7691 -0.1772 -0.6140
vn 0.7575 -0.2078 -0.6189
vn 0.7680 -0.1804 -0.6145
vn 0.7452 -0.2342 -0.6244
vn 0.7318 -0.2596 -0.6301
vn 0.7183 -0.2814 -0.6363
vn 0.7269 -0.2678 -0.6323
vn 0.7204 -0.2782 -0.6353
vn 0.6925 -0.3155 -0.6488
vn 0.6853 -0.3236 -0.6524
vn 0.6782 -0.3307 -0.6563
vn 0.6695 -0.3605 -0.6495
vn 0.6618 -0.3443 -0.6659
vn 0.6659 -0.3417 -0.6632
vn 0.6519 -0.3475 -0.6740
vn 0.6533 -0.3488 -0.6720
vn 0.6510 -0.3436 -0.6768
vn 0.6519 -0.3400 -0.6778
vn 0.5619 -0.5142 -0.6480
vn 0.4733 -0.6422 -0.6030
vn 0.4482 -0.6733 -0.5881
vn 0.5594 -0.5184 -0.6468
vn 0.3682 -0.7599 -0.5357
vn 0.3033 -0.8185 -0.4879
vn 0.1901 -0.8994 -0.3937
vn 0.1559 -0.9186 -0.3632
vn 0.1307 -0.9315 -0.3395
vn 0.0593 -0.9611 -0.2699
vn 0.0010 -0.9777 -0.2100
vn -0.0663 -0.9884 -0.1366
vn 0.6519 0.3402 -0.6778
vn 0.5894 0.8079 -0.0000
vn 0.7442 0.6679 0.0003
vn 0.9945 0.1044 0.0001
vn 0.9945 -0.1045 0.0002
vn 0.5894 -0.8079 -0.0000
vn -0.7260 -0.0000 -0.6877
vn -0.7104 -0.0000 -0.7038
vn -0.7197 -0.0000 -0.6942
vn -0.7017 -0.0000 -0.7125
vn -0.6881 -0.0000 -0.7256
vn -0.6944 -0.0000 -0.7196
vn -0.6797 -0.0000 -0.7334
vn -0.6833 -0.0000 -0.7301
vn -0.5612 -0.0000 -0.8277
vn -0.6776 -0.0000 -0.7354
vn -0.6769 -0.0000 -0.7361
vn -0.7201 -0.0000 -0.6939
vn -0.8385 -0.0000 -0.5449
vn -0.7750 -0.0000 -0.6320
vn -0.8569 -0.0000 -0.5156
vn -0.8568 -0.0000 -0.5156
vn -0.7696 -0.0000 -0.6385
vn -0.7644 -0.0000 -0.6448
vn -0.7595 -0.0000 -0.6505
vn -0.7552 -0.0000 -0.6555
vn -0.7479 -0.0000 -0.6638
vn -0.7489 -0.0000 -0.6627
vn -0.7501 -0.0000 -0.6613
vn -0.7467 -0.0000 -0.6651
vn -0.7472 -0.0000 -0.6646
vn -0.7418 -0.0000 -0.6706
vn -0.7466 -0.0000 -0.6653
vn -0.7516 -0.0000 -0.6597
vn -0.7415 -0.0000 -0.6709
vn -0.7525 -0.0000 -0.6586
vn -0.7539 -0.0000 -0.6570
vn -0.7484 -0.0000 -0.6632
vn -0.7470 -0.0000 -0.6649
vn -0.7589 -0.0000 -0.6513
vn -0.7553 -0.0000 -0.6554
vn -0.7522 -0.0000 -0.6589
vn -0.7498 -0.0000 -0.6617
vn -0.7480 -0.0000 -0.6637
vn -0.7676 -0.0000 -0.6409
vn -0.8131 -0.0000 -0.5821
vn -0.8012 -0.0000 -0.5983
vn -0.7893 -0.0000 -0.6139
vn -0.7779 -0.0000 -0.6283
vn 0.4684 -0.0000 0.8835
vn 0.3602 -0.0000 0.9329
vn 0.2676 -0.0000 0.9635
vn 0.4200 -0.0000 0.9075
vn 0.2675 -0.0000 0.9635
vn 0.1618 -0.0000 0.9868
vn 0.1081 -0.0000 0.9941
vn 0.2150 -0.0000 0.9766
vn 0.0541 -0.0000 0.9985
vn -0.1618 -0.0000 0.9868
vn -0.0541 -0.0000 0.9985
vn -0.1081 -0.0000 0.9941
vn 0.0542 -0.0000 0.9985
vn -0.3701 -0.0000 0.9290
vn -0.2624 -0.0000 0.9650
vn -0.3602 -0.0000 0.9329
vn 0.6474 -0.0000 0.7622
vn 0.6404 -0.0000 0.7680
vn 0.6122 -0.0000 0.7907
vn 0.6334 -0.0000 0.7738
vn 0.5925 -0.0000 0.8056
vn 0.6066 -0.0000 0.7950
vn 0.5906 -0.0000 0.8070
vn 0.5710 -0.0000 0.8209
vn 0.5903 -0.0000 0.8072
vn 0.5581 -0.0000 0.8298
vn 0.5625 -0.0000 0.8268
vn 0.5510 -0.0000 0.8345
vn 0.5454 -0.0000 0.8382
vn 0.5462 -0.0000 0.8376
vn 0.5438 -0.0000 0.8392
vn 0.5150 -0.0000 0.8572
vn 0.5554 -0.0000 0.8316
vn 0.5455 -0.0000 0.8381
vn 0.5458 -0.0000 0.8379
vn 0.5448 -0.0000 0.8386
vn 0.5496 -0.0000 0.8354
vn 0.5587 -0.0000 0.8293
vn 0.5549 -0.0000 0.8319
vn 0.5655 -0.0000 0.8248
vn 0.5823 -0.0000 0.8130
vn 0.5761 -0.0000 0.8174
vn 0.5909 -0.0000 0.8067
vn 0.5151 -0.0000 0.8572
vn 0.6172 -0.0000 0.7868
vn 0.6070 -0.0000 0.7947
vn 0.5963 -0.0000 0.8027
vn 0.6365 -0.0000 0.7713
vn 0.6354 -0.0000 0.7722
vn 0.7961 -0.0000 0.6052
vn 0.7466 -0.0000 0.6653
vn 0.7087 -0.0000 0.7055
vn 0.7040 -0.0000 0.7102
vn 0.6705 -0.0000 0.7419
vn 0.6915 -0.0000 0.7224
vn 0.6474 -0.0000 0.7621
vn 0.6556 -0.0004 0.7551
vn 0.9076 -0.0000 0.4199
vn 0.8802 -0.0000 0.4745
vn 0.8843 -0.0000 0.4670
vn 0.8874 -0.0000 0.4609
vn 0.8896 -0.0000 0.4568
vn 0.8590 -0.0000 0.5120
vn 0.8646 -0.0000 0.5024
vn 0.8446 -0.0000 0.5354
vn 0.8487 -0.0000 0.5289
vn 0.8536 -0.0000 0.5209
vn 0.8415 -0.0000 0.5403
vn 0.8395 -0.0000 0.5433
vn 0.8702 -0.0000 0.4927
vn 0.8755 -0.0000 0.4832
vn 0.8389 -0.0000 0.5443
vn 0.8896 -0.0000 0.4567
vn 0.8907 -0.0000 0.4546
vn 0.9766 -0.0000 0.2150
vn 0.9230 -0.0000 0.3847
vn 0.9967 -0.0000 0.0815
vn 0.9766 -0.0000 -0.2150
vn 0.9968 -0.0000 -0.0795
vn 0.9766 -0.0001 -0.2149
vn 0.6664 -0.0000 0.7456
vn 0.6572 -0.0000 0.7537
vn 0.6975 -0.0000 0.7166
vn 0.7263 -0.0000 0.6874
vn 0.7090 -0.0000 0.7052
vn 0.7235 -0.0000 0.6903
vn 0.6929 -0.0000 0.7210
vn 0.6999 -0.0000 0.7142
vn 0.6827 -0.0000 0.7307
vn 0.6873 -0.0000 0.7264
vn 0.6776 -0.0000 0.7355
vn 0.6795 -0.0000 0.7337
vn 0.6769 -0.0000 0.7360
vn 0.7076 -0.0000 0.7066
vn 0.6828 -0.0000 0.7306
vn 0.6796 -0.0000 0.7336
vn 0.7076 0.0001 0.7066
vn 0.4158 -0.0000 0.9095
vn 0.4259 -0.0000 0.9048
vn 0.4158 -0.0000 0.9094
vn -0.1260 -0.0000 0.9920
vn -0.1237 -0.0000 0.9923
vn -0.1206 -0.0000 0.9927
vn -0.1305 -0.0000 0.9914
vn -0.1325 -0.0000 0.9912
vn -0.1317 -0.0000 0.9913
vn -0.1426 -0.0000 0.9898
vn -0.1456 -0.0000 0.9893
vn -0.0771 -0.0000 0.9970
vn -0.0334 -0.0000 0.9994
vn 0.0104 -0.0000 0.9999
vn -0.1556 -0.0000 0.9878
vn -0.1603 -0.0000 0.9871
vn -0.1927 -0.0000 0.9813
vn -0.1771 -0.0000 0.9842
vn -0.2204 -0.0000 0.9754
vn -0.2012 -0.0000 0.9796
vn -0.2701 -0.0000 0.9628
vn -0.2519 -0.0000 0.9678
vn -0.2750 -0.0000 0.9614
vn -0.2893 -0.0000 0.9572
vn -0.3210 -0.0000 0.9471
vn -0.3056 -0.0000 0.9522
vn -0.2386 -0.0000 0.9711
vn -0.3402 -0.0000 0.9403
vn -0.3267 -0.0000 0.9451
vn -0.3669 -0.0000 0.9303
vn -0.3546 -0.0000 0.9350
vn -0.3702 -0.0000 0.9290
vn -0.5612 -0.0000 0.8277
vn -0.5454 -0.0000 0.8381
vn -0.4158 -0.0000 0.9095
vn -0.4262 -0.0000 0.9046
vn -0.5554 -0.0000 0.8316
vn -0.5453 -0.0000 0.8382
vn -0.4563 -0.0000 0.8898
vn -0.4891 -0.0000 0.8722
vn -0.4168 -0.0000 0.9090
vn -0.5150 -0.0000 0.8572
vn -0.3812 -0.0000 0.9245
vn -0.3846 -0.0000 0.9231
vn -0.4019 -0.0000 0.9157
vn -0.3918 -0.0000 0.9201
vn -0.4139 -0.0000 0.9103
vn -0.4079 0.0001 0.9130
vn -0.5151 -0.0000 0.8571
vn -0.4216 -0.0000 0.9068
vn -0.4211 -0.0000 0.9070
vn -0.4237 -0.0000 0.9058
vn -0.4179 -0.0000 0.9085
vn -0.4220 -0.0000 0.9066
vn -0.4077 -0.0000 0.9131
vn -0.4153 -0.0000 0.9097
vn -0.4000 -0.0000 0.9165
vn -0.4041 -0.0000 0.9147
vn -0.3963 -0.0000 0.9181
vn -0.3834 -0.0000 0.9236
vn -0.3815 -0.0000 0.9244
vn -0.3811 -0.0000 0.9246
vn -0.3847 -0.0000 0.9230
vn -0.3835 -0.0000 0.9235
vn -0.4265 -0.0000 0.9045
vn -0.4621 -0.0000 0.8868
vn -0.3795 -0.0000 0.9252
vn 0.9076 -0.0000 -0.4199
vn 0.9684 -0.0006 -0.2495
vn 0.9684 -0.0000 -0.2495
vn 0.9083 -0.0000 -0.4183
vn 0.9092 -0.0000 -0.4164
vn 0.9095 -0.0000 -0.4158
vn 0.9087 -0.0000 -0.4174
vn 0.7961 -0.0000 -0.6052
vn 0.8967 -0.0000 -0.4426
vn 0.8935 -0.0000 -0.4491
vn 0.8998 -0.0000 -0.4363
vn 0.9026 -0.0000 -0.4306
vn 0.9069 -0.0000 -0.4214
vn 0.9049 -0.0000 -0.4255
vn 0.8600 -0.0000 -0.5102
vn 0.6474 -0.0000 -0.7622
vn 0.6664 -0.0000 -0.7456
vn 0.6568 -0.0000 -0.7541
vn 0.7090 -0.0000 -0.7052
vn 0.6968 -0.0000 -0.7173
vn 0.7363 -0.0000 -0.6766
vn 0.7479 -0.0000 -0.6638
vn 0.7472 -0.0000 -0.6646
vn 0.7470 -0.0000 -0.6648
vn 0.7501 -0.0000 -0.6613
vn 0.7515 -0.0000 -0.6597
vn 0.7488 -0.0000 -0.6627
vn 0.7552 -0.0000 -0.6556
vn 0.7696 -0.0000 -0.6385
vn 0.7749 -0.0000 -0.6320
vn 0.7644 -0.0000 -0.6447
vn 0.7595 -0.0000 -0.6505
vn 0.7893 -0.0000 -0.6139
vn 0.7779 -0.0000 -0.6283
vn 0.7676 -0.0000 -0.6409
vn 0.7522 -0.0000 -0.6590
vn 0.7553 -0.0000 -0.6554
vn 0.7498 -0.0000 -0.6617
vn 0.7469 -0.0000 -0.6649
vn 0.7480 -0.0000 -0.6637
vn 0.7415 -0.0000 -0.6709
vn 0.7466 -0.0000 -0.6653
vn 0.7197 -0.0000 -0.6942
vn 0.7017 -0.0000 -0.7125
vn 0.7104 -0.0000 -0.7038
vn 0.6944 -0.0000 -0.7196
vn 0.6881 -0.0000 -0.7256
vn 0.6797 -0.0000 -0.7335
vn 0.6833 -0.0000 -0.7301
vn 0.7040 -0.0000 -0.7102
vn 0.6769 -0.0000 -0.7361
vn 0.6776 -0.0000 -0.7354
vn 0.7198 -0.0000 -0.6942
vn 0.6833 -0.0000 -0.7302
vn 0.6798 -0.0000 -0.7334
vn 0.7125 -0.0000 -0.7017
vn 0.7405 -0.0000 -0.6720
vn 0.7588 -0.0000 -0.6513
vn 0.6495 -0.0000 -0.7604
vn 0.6706 -0.0002 -0.7418
vn 0.8131 -0.0000 -0.5821
vn 0.8666 -0.0000 -0.4989
vn 0.8012 -0.0000 -0.5984
vn 0.8758 -0.0000 -0.4827
vn 0.8842 -0.0000 -0.4671
vn 0.8916 -0.0000 -0.4527
vn 0.8979 -0.0000 -0.4402
vn 0.9029 -0.0000 -0.4298
vn 0.9066 -0.0000 -0.4221
vn 0.0541 -0.0000 -0.9985
vn -0.1618 -0.0000 -0.9868
vn -0.0541 -0.0000 -0.9985
vn -0.1081 -0.0000 -0.9941
vn 0.2675 -0.0000 -0.9635
vn 0.1618 -0.0000 -0.9868
vn 0.2150 -0.0000 -0.9766
vn 0.1081 -0.0000 -0.9941
vn 0.0542 -0.0000 -0.9985
vn 0.4684 -0.0000 -0.8835
vn 0.2676 -0.0000 -0.9635
vn 0.3602 -0.0000 -0.9329
vn 0.4201 -0.0000 -0.9075
vn 0.5151 -0.0000 -0.8572
vn 0.6122 -0.0000 -0.7907
vn 0.6170 -0.0000 -0.7870
vn 0.6404 -0.0000 -0.7680
vn 0.5927 -0.0000 -0.8054
vn 0.6061 -0.0000 -0.7954
vn 0.5906 -0.0000 -0.8070
vn 0.5554 -0.0000 -0.8316
vn 0.5453 -0.0000 -0.8382
vn 0.5455 -0.0000 -0.8381
vn 0.5150 -0.0000 -0.8572
vn 0.5743 -0.0000 -0.8186
vn 0.5836 -0.0000 -0.8121
vn 0.5710 -0.0000 -0.8209
vn 0.5509 -0.0000 -0.8345
vn 0.5532 -0.0000 -0.8330
vn 0.5581 -0.0000 -0.8297
vn 0.5454 -0.0000 -0.8382
vn 0.5465 -0.0000 -0.8374
vn 0.5438 -0.0000 -0.8392
vn 0.5444 -0.0000 -0.8388
vn 0.5458 -0.0000 -0.8379
vn 0.5451 -0.0000 -0.8383
vn 0.5496 -0.0000 -0.8354
vn 0.5469 -0.0000 -0.8372
vn 0.5654 -0.0000 -0.8248
vn 0.5594 -0.0000 -0.8289
vn 0.5587 -0.0000 -0.8293
vn 0.5822 -0.0000 -0.8130
vn 0.5735 -0.0000 -0.8192
vn 0.5909 -0.0000 -0.8067
vn 0.5859 -0.0000 -0.8104
vn 0.6172 -0.0000 -0.7868
vn 0.6080 -0.0000 -0.7939
vn 0.6354 -0.0000 -0.7722
vn 0.6258 -0.0000 -0.7800
vn 0.4275 -0.0000 -0.9040
vn 0.2675 -0.0000 -0.9636
vn 0.2816 -0.0000 -0.9595
vn 0.4200 -0.0000 -0.9075
vn -0.0377 -0.0000 -0.9993
vn -0.1215 -0.0000 -0.9926
vn -0.0192 -0.0000 -0.9998
vn -0.0292 -0.0000 -0.9996
vn -0.0084 -0.0000 -1.0000
vn -0.0446 -0.0000 -0.9990
vn 0.0028 -0.0000 -1.0000
vn -0.0493 -0.0000 -0.9988
vn 0.0139 -0.0000 -0.9999
vn 0.0243 -0.0000 -0.9997
vn 0.0414 -0.0000 -0.9991
vn 0.0336 -0.0000 -0.9994
vn 0.0472 -0.0000 -0.9989
vn 0.0508 -0.0000 -0.9987
vn 0.0519 -0.0000 -0.9986
vn 0.0337 -0.0000 -0.9994
vn 0.0105 -0.0000 -0.9999
vn -0.0335 -0.0000 -0.9994
vn -0.0771 -0.0000 -0.9970
vn -0.1206 -0.0000 -0.9927
vn -0.1594 -0.0000 -0.9872
vn -0.1450 -0.0000 -0.9894
vn -0.1560 -0.0000 -0.9878
vn -0.1269 -0.0000 -0.9919
vn -0.1317 -0.0000 -0.9913
vn -0.1260 -0.0000 -0.9920
vn -0.1238 -0.0000 -0.9923
vn -0.1394 -0.0000 -0.9902
vn -0.0445 -0.0000 -0.9990
vn -0.0492 -0.0000 -0.9988
vn -0.0517 -0.0000 -0.9987
vn -0.3701 -0.0000 -0.9290
vn -0.3380 -0.0000 -0.9412
vn -0.3451 -0.0000 -0.9385
vn -0.3074 -0.0000 -0.9516
vn -0.3248 -0.0000 -0.9458
vn -0.3532 -0.0000 -0.9355
vn -0.2863 -0.0000 -0.9582
vn -0.2943 -0.0000 -0.9557
vn -0.2607 -0.0000 -0.9654
vn -0.2547 -0.0000 -0.9670
vn -0.2307 -0.0000 -0.9730
vn -0.2024 -0.0000 -0.9793
vn -0.2126 -0.0000 -0.9771
vn -0.1813 -0.0000 -0.9834
vn -0.1944 -0.0000 -0.9809
vn -0.1705 -0.0001 -0.9854
vn -0.3976 -0.0000 -0.9176
vn -0.3837 -0.0000 -0.9235
vn -0.3847 -0.0000 -0.9230
vn -0.3810 -0.0000 -0.9246
vn -0.3825 -0.0000 -0.9240
vn -0.3795 -0.0000 -0.9252
vn -0.3805 -0.0000 -0.9248
vn -0.4262 -0.0000 -0.9046
vn -0.3982 -0.0000 -0.9173
vn -0.4079 -0.0000 -0.9130
vn -0.4616 -0.0000 -0.8871
vn -0.5151 -0.0000 -0.8572
vn -0.4177 -0.0000 -0.9086
vn -0.4171 -0.0000 -0.9089
vn -0.4229 -0.0000 -0.9062
vn -0.4211 -0.0000 -0.9070
vn -0.4170 -0.0000 -0.9089
vn -0.3702 -0.0000 -0.9290
vn -0.5150 -0.0000 -0.8572
vn -0.4893 -0.0000 -0.8721
vn -0.4568 -0.0000 -0.8896
vn -0.5455 -0.0000 -0.8381
vn -0.5554 -0.0000 -0.8316
vn -0.5453 -0.0000 -0.8382
vn -0.4234 -0.0000 -0.9060
vn -0.4232 -0.0000 -0.9060
vn -0.4205 -0.0000 -0.9073
vn -0.4213 -0.0000 -0.9069
vn -0.4123 -0.0000 -0.9110
vn -0.4141 -0.0000 -0.9102
vn -0.4054 -0.0000 -0.9141
vn -0.3783 -0.0000 -0.9257
vn -0.3870 -0.0000 -0.9221
vn -0.3886 -0.0000 -0.9214
vn -0.4279 -0.0001 -0.9038
vn -0.3706 -0.0000 -0.9288
vn -0.2624 -0.0000 -0.9650
vn -0.3602 -0.0000 -0.9329
vn -0.9094 -0.0000 -0.4158
vn -0.8758 -0.0000 -0.4827
vn -0.8666 -0.0000 -0.4990
vn -0.8842 -0.0000 -0.4671
vn -0.8916 -0.0000 -0.4527
vn -0.9476 -0.0000 -0.3193
vn -0.8979 -0.0000 -0.4401
vn -0.9029 -0.0000 -0.4298
vn -0.9065 -0.0000 -0.4221
vn -0.9087 -0.0000 -0.4174
vn -0.9477 -0.0000 -0.3193
vn -0.9095 -0.0000 -0.4158
vn -0.9092 -0.0000 -0.4164
vn -0.8615 -0.0000 -0.5077
vn -0.8935 -0.0000 -0.4491
vn -0.8967 -0.0000 -0.4426
vn -0.8998 -0.0000 -0.4363
vn -0.9026 -0.0000 -0.4306
vn -0.9049 -0.0000 -0.4256
vn -0.9069 -0.0000 -0.4214
vn -0.9083 -0.0000 -0.4183
vn -0.9941 -0.0000 -0.1081
vn -0.9684 -0.0000 -0.2495
vn -0.9861 -0.0000 -0.1663
vn -0.9941 -0.0000 0.1081
vn -0.9967 -0.0000 0.0812
vn -0.9969 -0.0000 -0.0792
vn -0.9476 -0.0000 0.3193
vn -0.7076 -0.0000 0.7066
vn -0.7260 -0.0000 0.6877
vn -0.6929 -0.0000 0.7210
vn -0.6999 -0.0000 0.7142
vn -0.6873 -0.0000 0.7263
vn -0.6828 -0.0000 0.7306
vn -0.6776 -0.0000 0.7354
vn -0.6795 -0.0000 0.7336
vn -0.6769 -0.0000 0.7361
vn -0.6999 -0.0000 0.7143
vn -0.6873 -0.0000 0.7264
vn -0.6827 -0.0000 0.7307
vn -0.6796 -0.0000 0.7336
vn -0.8568 -0.0000 0.5156
vn -0.7466 -0.0000 0.6653
vn -0.7263 -0.0000 0.6874
vn -0.9861 -0.0000 0.1663
vn -0.9477 -0.0000 0.3193
vn -0.8569 -0.0000 0.5156
vn -0.9094 -0.0000 0.4158
vn -0.7263 -0.0000 0.6873
vn -0.8511 -0.0000 0.5250
vn -0.8562 -0.0000 0.5166
vn -0.8465 -0.0000 0.5323
vn -0.8429 -0.0000 0.5381
vn -0.8403 -0.0000 0.5421
vn -0.8390 -0.0000 0.5441
vn -0.8385 -0.0000 0.5449
vn -0.8511 -0.0000 0.5251
vn -0.8569 -0.0000 0.5155
vn -0.9227 -0.0000 0.3854
vn -0.8779 -0.0000 0.4788
vn -0.8729 -0.0000 0.4879
vn -0.8860 -0.0000 0.4637
vn -0.8824 -0.0000 0.4706
vn -0.8886 -0.0000 0.4586
vn -0.8903 -0.0000 0.4554
vn -0.8674 -0.0000 0.4976
vn -0.8909 -0.0000 0.4543
vn -0.8618 -0.0000 0.5072
vn -0.8618 -0.0000 0.5073
vn 0.9766 -0.0000 -0.2149
vn 0.4883 0.2151 -0.8458
vn 0.5000 -0.0000 -0.8660
vn 0.4538 0.4197 -0.7861
vn 0.4883 0.2149 -0.8458
vn 0.3980 0.6051 -0.6895
vn 0.4538 0.4200 -0.7860
vn 0.3237 0.7622 -0.5606
vn 0.3980 0.6052 -0.6894
vn 0.2343 0.8834 -0.4058
vn 0.1339 0.9635 -0.2320
vn 0.2342 0.8835 -0.4056
vn 0.0270 0.9985 -0.0467
vn 0.1338 0.9636 -0.2317
vn 0.0270 0.9985 -0.0468
vn -0.0809 0.9868 0.1401
vn -0.0808 0.9869 0.1400
vn -0.1850 0.9290 0.3205
vn -0.1853 0.9288 0.3209
vn -0.2806 0.8277 0.4860
vn -0.2807 0.8276 0.4861
vn -0.3630 0.6877 0.6287
vn -0.3630 0.6878 0.6287
vn -0.4284 0.5156 0.7420
vn -0.4285 0.5154 0.7421
vn -0.4738 0.3192 0.8207
vn -0.4739 0.3191 0.8207
vn -0.4971 0.1083 0.8609
vn -0.4971 -0.1081 0.8610
vn -0.4971 0.1081 0.8610
vn -0.4738 -0.3191 0.8208
vn -0.4971 -0.1080 0.8610
vn -0.4285 -0.5154 0.7422
vn -0.4738 -0.3194 0.8207
vn -0.3630 -0.6877 0.6287
vn -0.4284 -0.5156 0.7421
vn -0.2807 -0.8276 0.4861
vn -0.1853 -0.9288 0.3209
vn -0.2806 -0.8277 0.4860
vn -0.0808 -0.9869 0.1400
vn -0.1850 -0.9290 0.3205
vn 0.0270 -0.9985 -0.0468
vn -0.0809 -0.9868 0.1401
vn 0.1338 -0.9636 -0.2317
vn 0.1338 -0.9635 -0.2317
vn 0.2342 -0.8835 -0.4057
vn 0.2342 -0.8835 -0.4056
vn 0.3237 -0.7622 -0.5606
vn 0.3980 -0.6052 -0.6894
vn 0.3980 -0.6051 -0.6895
vn 0.4538 -0.4200 -0.7860
vn 0.4538 -0.4197 -0.7861
vn 0.4883 -0.2150 -0.8458
vn 0.4883 -0.2151 -0.8458
vn -0.9077 0.4196 -0.0000
vn -0.9766 0.2151 -0.0000
vn -0.7961 0.6051 -0.0000
vn -0.9075 0.4201 -0.0000
vn 0.1617 0.9868 -0.0000
vn 0.1618 0.9868 -0.0000
vn 0.3700 0.9290 -0.0000
vn 0.3705 0.9288 -0.0000
vn 0.5613 0.8276 -0.0000
vn 0.7260 0.6877 -0.0000
vn 0.8568 0.5156 -0.0000
vn 0.8570 0.5153 -0.0000
vn 0.9476 0.3193 -0.0000
vn 0.9476 0.3194 -0.0000
vn 0.9941 0.1082 -0.0000
vn 0.9941 -0.1081 -0.0000
vn 0.9476 -0.3194 -0.0000
vn 0.8570 -0.5153 -0.0000
vn 0.9477 -0.3192 -0.0000
vn 0.7259 -0.6878 -0.0000
vn 0.8568 -0.5156 -0.0000
vn 0.5613 -0.8276 -0.0000
vn 0.7260 -0.6877 -0.0000
vn 0.3705 -0.9288 -0.0000
vn 0.1618 -0.9868 -0.0000
vn 0.1617 -0.9868 -0.0000
vn -0.0540 -0.9985 -0.0000
vn -0.2674 -0.9636 -0.0000
vn -0.6473 -0.7622 -0.0000
vn -0.7961 -0.6051 -0.0000
vn -0.9075 -0.4200 -0.0000
vn -0.9077 -0.4196 -0.0000
vn -0.9766 -0.2152 -0.0000
vn -0.9766 -0.2150 -0.0000
vn 0.4883 0.2150 0.8458
vn 0.5000 -0.0000 0.8660
vn 0.4539 0.4196 0.7861
vn 0.4883 0.2151 0.8457
vn 0.3981 0.6051 0.6895
vn 0.4538 0.4200 0.7859
vn 0.3237 0.7622 0.5606
vn 0.3980 0.6052 0.6894
vn 0.2342 0.8835 0.4057
vn 0.1339 0.9635 0.2319
vn 0.0270 0.9985 0.0467
vn 0.1338 0.9635 0.2317
vn -0.0808 0.9869 -0.1399
vn -0.0808 0.9868 -0.1400
vn -0.1741 0.9374 -0.3015
vn -0.1852 0.9288 -0.3209
vn -0.1851 0.9290 -0.3205
vn -0.2806 0.8277 -0.4859
vn -0.2806 0.8276 -0.4861
vn -0.3630 0.6877 -0.6287
vn -0.4284 0.5156 -0.7420
vn -0.4285 0.5153 -0.7422
vn -0.4738 0.3192 -0.8207
vn -0.4738 0.3195 -0.8206
vn -0.4971 0.1082 -0.8609
vn -0.4971 -0.1081 -0.8609
vn -0.4971 0.1081 -0.8609
vn -0.4738 -0.3193 -0.8207
vn -0.4971 -0.1082 -0.8609
vn -0.4284 -0.5157 -0.7420
vn -0.3630 -0.6878 -0.6287
vn -0.4284 -0.5156 -0.7420
vn -0.2807 -0.8276 -0.4861
vn -0.3630 -0.6877 -0.6287
vn -0.1852 -0.9288 -0.3209
vn -0.2806 -0.8277 -0.4860
vn -0.1852 -0.9290 -0.3205
vn -0.1752 -0.9374 -0.3009
vn -0.0809 -0.9868 -0.1401
vn 0.0270 -0.9985 0.0468
vn -0.0808 -0.9869 -0.1399
vn 0.1338 -0.9635 0.2318
vn 0.1338 -0.9636 0.2317
vn 0.2342 -0.8835 0.4057
vn 0.3237 -0.7622 0.5607
vn 0.3237 -0.7622 0.5606
vn 0.3981 -0.6052 0.6894
vn 0.3981 -0.6051 0.6895
vn 0.4538 -0.4200 0.7859
vn 0.4538 -0.4196 0.7861
vn 0.4883 -0.2153 0.8457
vn 0.4883 -0.2150 0.8458
vn -0.8660 -0.0000 -0.5000
vn -0.8660 0.0001 -0.5000
vn -0.8660 0.0001 -0.5001
vn -0.8660 -0.0000 -0.5001
vn -0.8661 -0.0000 -0.4999
vn -0.8660 -0.0001 -0.5000
vn -0.4548 0.4156 0.7877
vn -0.4878 0.2192 0.8450
vn -0.4021 0.5943 0.6965
vn -0.3322 0.7473 0.5754
vn -0.2482 0.8681 0.4299
vn -0.1533 0.9518 0.2656
vn -0.0518 0.9946 0.0898
vn 0.0518 0.9946 -0.0898
vn 0.1533 0.9518 -0.2656
vn 0.2482 0.8681 -0.4299
vn 0.3322 0.7473 -0.5754
vn 0.4021 0.5943 -0.6965
vn 0.4548 0.4156 -0.7877
vn 0.4878 0.2192 -0.8450
vn -0.5000 -0.0000 0.8660
vn 0.8660 -0.0000 0.5000
vn 0.8661 0.0001 0.4999
vn 0.8661 -0.0000 0.4999
vn 0.8660 0.0001 0.5000
vn 0.8661 -0.0000 0.5000
vn 0.8660 -0.0000 0.5001
vn 0.4883 0.2150 -0.8458
vn 0.3981 0.6051 -0.6895
vn 0.4539 0.4196 -0.7861
vn 0.1338 0.9635 -0.2317
vn 0.2342 0.8835 -0.4057
vn 0.1337 0.9636 -0.2315
vn -0.2806 0.8276 0.4861
vn -0.4285 0.5154 0.7422
vn -0.4738 0.3194 0.8207
vn -0.4971 0.1081 0.8609
vn -0.4739 0.3191 0.8208
vn -0.4971 -0.1081 0.8609
vn -0.4739 -0.3191 0.8207
vn -0.4739 -0.3191 0.8208
vn -0.2806 -0.8276 0.4861
vn -0.0809 -0.9868 0.1400
vn 0.0271 -0.9985 -0.0469
vn 0.0268 -0.9986 -0.0464
vn 0.1339 -0.9635 -0.2320
vn 0.3236 -0.7622 -0.5606
vn 0.3981 -0.6051 -0.6895
vn 0.4539 -0.4196 -0.7861
vn -0.8661 -0.0001 -0.4999
vn -0.8660 -0.0001 -0.5001
vn 0.9095 0.4156 -0.0000
vn 0.9757 0.2192 -0.0000
vn 0.8043 0.5943 -0.0000
vn 0.6645 0.7473 -0.0000
vn 0.4964 0.8681 -0.0000
vn 0.3067 0.9518 -0.0000
vn 0.1036 0.9946 -0.0000
vn -0.1036 0.9946 -0.0000
vn -0.3067 0.9518 -0.0000
vn -0.4964 0.8681 -0.0000
vn -0.6645 0.7473 -0.0000
vn -0.8043 0.5943 -0.0000
vn -0.9095 0.4156 -0.0000
vn -0.8042 0.5943 -0.0000
vn -0.9757 0.2192 -0.0000
vn -0.6473 0.7622 -0.0000
vn -0.4686 0.8834 -0.0000
vn 0.1617 0.9868 -0.0001
vn 0.7259 0.6878 -0.0000
vn 0.8570 0.5154 -0.0000
vn 0.9477 0.3191 -0.0000
vn 0.9477 -0.3191 -0.0000
vn 0.8570 -0.5154 -0.0000
vn -0.0539 -0.9985 -0.0000
vn -0.2678 -0.9635 -0.0000
vn -0.4685 -0.8835 -0.0000
vn 0.8660 -0.0000 -0.5000
vn 0.8660 -0.0001 -0.5001
vn 0.8661 -0.0000 -0.4999
vn 0.8660 -0.0000 -0.5001
vn 0.8660 -0.0001 -0.5000
vn 0.8661 -0.0001 -0.4999
vn 0.4548 0.4156 0.7877
vn 0.4878 0.2192 0.8450
vn 0.4021 0.5943 0.6965
vn 0.3322 0.7473 0.5754
vn 0.2482 0.8681 0.4299
vn 0.3322 0.7473 0.5755
vn 0.1533 0.9518 0.2656
vn 0.0518 0.9946 0.0898
vn -0.0518 0.9946 -0.0898
vn -0.1533 0.9518 -0.2656
vn -0.2482 0.8681 -0.4299
vn -0.3322 0.7473 -0.5754
vn -0.4021 0.5943 -0.6965
vn -0.4548 0.4156 -0.7877
vn -0.4878 0.2192 -0.8450
vn -0.4548 0.4157 -0.7877
vn -0.5000 -0.0000 -0.8660
vn -0.8660 -0.0000 0.5000
vn -0.8660 0.0001 0.5000
vn -0.8660 -0.0001 0.5000
vn -0.8661 -0.0000 0.4999
vn -0.8661 -0.0001 0.4999
vn -0.8661 0.0002 0.4999
vn -0.8660 -0.0000 0.5001
vn 0.4538 0.4196 0.7861
vn 0.3236 0.7622 0.5606
vn 0.2343 0.8834 0.4058
vn -0.0809 0.9868 -0.1401
vn -0.1853 0.9288 -0.3209
vn -0.3630 0.6878 -0.6287
vn -0.2807 0.8276 -0.4861
vn -0.4739 0.3191 -0.8207
vn -0.4738 0.3193 -0.8207
vn -0.4970 -0.1081 -0.8610
vn -0.4738 -0.3194 -0.8207
vn -0.4285 -0.5153 -0.7422
vn -0.4738 -0.3195 -0.8206
vn -0.1853 -0.9288 -0.3209
vn -0.0808 -0.9869 -0.1400
vn 0.0270 -0.9985 0.0467
vn 0.1337 -0.9636 0.2315
vn 0.3236 -0.7623 0.5605
vn 0.4539 -0.4196 0.7861
vn 0.8660 0.0001 -0.5000
vn 0.8659 -0.0000 -0.5002
vn -0.3657 0.6819 0.6335
vn -0.4276 0.5184 0.7405
vn -0.4275 0.5184 0.7406
vn -0.2888 0.8164 0.5002
vn -0.1996 0.9169 0.3457
vn -0.1019 0.9790 0.1764
vn -0.1018 0.9790 0.1764
vn 0.1018 0.9790 -0.1764
vn 0.1996 0.9169 -0.3457
vn 0.1019 0.9790 -0.1764
vn 0.2888 0.8164 -0.5001
vn 0.3657 0.6819 -0.6335
vn 0.2888 0.8164 -0.5002
vn 0.4275 0.5184 -0.7406
vn 0.4714 0.3334 -0.8165
vn 0.4571 0.4050 -0.7919
vn 0.4276 0.5184 -0.7405
vn 0.4429 0.4641 -0.7671
vn -0.4572 0.4049 0.7918
vn -0.4429 0.4641 0.7671
vn -0.4714 0.3333 0.8165
vn 0.4714 0.3333 -0.8165
vn -0.4571 0.4051 -0.7918
vn -0.4286 0.5149 -0.7424
vn -0.4429 0.4641 -0.7671
vn -0.8573 0.5148 -0.0000
vn -0.9143 0.4051 -0.0000
vn -0.8858 0.4641 -0.0000
vn -0.3657 0.6819 -0.6335
vn -0.4276 0.5184 -0.7406
vn -0.4275 0.5184 -0.7406
vn -0.2888 0.8164 -0.5002
vn -0.1996 0.9169 -0.3457
vn -0.1019 0.9790 -0.1764
vn -0.1018 0.9790 -0.1764
vn 0.1018 0.9790 0.1764
vn 0.1996 0.9169 0.3457
vn 0.1019 0.9790 0.1764
vn 0.2888 0.8164 0.5002
vn 0.3657 0.6819 0.6335
vn 0.2886 0.8166 0.4999
vn 0.4276 0.5184 0.7405
vn 0.4714 0.3333 0.8165
vn 0.4572 0.4050 0.7918
vn 0.4276 0.5184 0.7406
vn 0.4429 0.4641 0.7671
vn -0.4571 0.4050 -0.7919
vn -0.4714 0.3334 -0.8165
vn -0.4714 0.3333 -0.8165
vn 0.4286 0.5149 -0.7424
vn 0.4572 0.4050 -0.7918
vn 0.9143 0.4051 -0.0000
vn 0.8573 0.5149 -0.0000
vn 0.8858 0.4641 -0.0000
vn 0.7315 0.6819 -0.0000
vn 0.8551 0.5184 -0.0000
vn 0.5773 0.8166 -0.0000
vn 0.3992 0.9169 -0.0000
vn 0.5771 0.8167 -0.0000
vn 0.2037 0.9790 -0.0000
vn -0.2037 0.9790 -0.0000
vn -0.3992 0.9169 -0.0000
vn -0.5773 0.8166 -0.0000
vn -0.7315 0.6819 -0.0000
vn -0.5771 0.8167 -0.0000
vn -0.8551 0.5184 -0.0000
vn -0.9428 0.3334 -0.0000
vn -0.9143 0.4050 -0.0000
vn 0.9143 0.4050 -0.0000
vn 0.9428 0.3334 -0.0000
vn 0.9428 0.3333 -0.0000
vn -0.9428 0.3333 -0.0000
vn -0.4571 0.4051 0.7918
vn -0.4286 0.5149 0.7424
vn 0.4286 0.5149 0.7424
vn 0.4571 0.4051 0.7918
s 1
usemtl 0.917647_0.917647_0.917647_0.000000_0.000000
f 30//1 1//1 2//1
f 2//1 3//1 30//1
f 3//1 4//1 30//1
f 4//1 5//1 30//1
f 5//1 6//1 30//1
f 6//1 7//1 30//1
f 7//1 8//1 30//1
f 8//1 9//1 30//1
f 9//1 10//1 30//1
f 10//1 11//1 30//1
f 11//1 12//1 30//1
f 12//1 13//1 30//1
f 13//1 14//1 30//1
f 14//1 15//1 30//1
f 15//1 16//1 30//1
f 16//1 17//1 30//1
f 17//1 18//1 30//1
f 18//1 19//1 30//1
f 19//1 20//1 30//1
f 20//1 21//1 30//1
f 21//1 22//1 30//1
f 22//1 23//1 30//1
f 23//1 24//1 30//1
f 24//1 25//1 30//1
f 25//1 26//1 30//1
f 26//1 27//1 30//1
f 27//1 28//1 30//1
f 28//1 29//1 30//1
f 29//1 1//1 30//1
f 31//2 32//3 25//3
f 33//4 31//2 24//2
f 34//5 33//4 23//4
f 35//6 34//5 22//5
f 36//7 35//6 21//6
f 37//8 36//7 20//7
f 38//9 39//10 10//10
f 40//11 38//9 9//9
f 41//12 40//11 8//11
f 42//13 41//12 7//12
f 43//14 42//13 6//15
f 44//16 43//14 5//14
f 26//17 25//3 45//18
f 32//3 46//18 45//18
f 45//18 25//3 32//3
f 47//17 48//19 27//19
f 48//19 49//20 28//20
f 49//20 50//21 29//21
f 50//21 51//22 1//22
f 51//22 52//23 2//23
f 52//23 53//24 3//24
f 44//16 4//16 54//25
f 3//24 53//24 54//25
f 54//25 4//16 3//24
f 11//26 10//10 55//27
f 39//10 56//27 55//27
f 55//27 10//10 39//10
f 57//26 58//28 12//28
f 58//28 59//29 13//29
f 59//29 60//30 14//30
f 60//30 61//31 15//31
f 61//31 62//32 16//32
f 62//32 63//33 17//33
f 63//33 64//34 18//34
f 37//8 19//8 65//35
f 18//34 64//34 65//35
f 65//35 19//8 18//34
f 65//35 66//35 37//8
f 18//34 17//33 63//33
f 17//33 16//32 62//32
f 16//32 15//31 61//31
f 15//31 14//30 60//30
f 14//30 13//29 59//29
f 13//29 12//28 58//28
f 12//28 11//26 57//26
f 55//27 57//26 11//26
f 54//25 67//25 44//16
f 3//24 2//23 52//23
f 2//23 1//22 51//22
f 1//22 29//21 50//21
f 29//21 28//20 49//20
f 28//20 27//19 48//19
f 27//19 26//17 47//17
f 45//18 47//17 26//17
f 5//14 4//16 44//16
f 6//15 5//14 43//14
f 7//12 6//15 42//13
f 8//11 7//12 41//12
f 9//9 8//11 40//11
f 10//10 9//9 38//9
f 20//7 19//8 37//8
f 21//6 20//7 36//7
f 22//5 21//6 35//6
f 23//4 22//5 34//5
f 24//2 23//4 33//4
f 25//3 24//2 31//2
f 68//1 69//1 47//1
f 69//1 70//1 48//1
f 70//1 71//1 49//1
f 71//1 72//1 50//1
f 73//1 51//1 50//1
f 74//1 52//1 51//1
f 75//1 53//1 52//1
f 76//1 54//1 53//1
f 48//1 47//1 69//1
f 50//1 49//1 71//1
f 51//1 73//1 74//1
f 53//1 75//1 76//1
f 49//1 48//1 70//1
f 52//1 74//1 75//1
f 50//1 72//1 73//1
f 47//1 45//1 68//1
f 77//1 78//1 61//1
f 79//1 60//1 59//1
f 60//1 79//1 77//1
f 61//1 60//1 77//1
f 78//1 80//1 62//1
f 81//1 59//1 58//1
f 62//1 61//1 78//1
f 82//1 58//1 57//1
f 59//1 81//1 79//1
f 80//1 83//1 63//1
f 57//1 84//1 82//1
f 63//1 62//1 80//1
f 83//1 85//1 64//1
f 58//1 82//1 81//1
f 85//1 65//1 64//1
f 64//1 63//1 83//1
f 57//1 55//1 84//1
f 86//27 67//27 87//27
f 54//27 76//27 87//27
f 87//27 67//27 54//27
f 87//27 88//27 86//27
f 89//36 86//25 88//25
f 90//37 89//36 91//36
f 92//38 90//37 93//37
f 93//37 94//38 92//38
f 91//36 93//37 90//37
f 88//25 91//36 89//36
f 94//1 93//1 95//1
f 93//1 91//1 96//1
f 96//1 95//1 93//1
f 87//1 96//1 91//1
f 91//1 88//1 87//1
f 95//1 97//1 94//1
f 98//39 99//39 97//39
f 92//39 94//39 97//39
f 97//39 99//39 92//39
f 97//39 100//39 98//39
f 68//35 45//35 101//35
f 46//35 102//35 101//35
f 101//35 45//35 46//35
f 101//35 103//35 68//35
f 69//40 68//18 103//18
f 70//41 69//40 104//40
f 71//42 70//41 105//43
f 106//41 107//43 105//43
f 105//43 70//41 106//41
f 72//21 71//42 108//42
f 73//44 72//21 109//21
f 95//45 74//45 100//46
f 73//44 110//44 100//46
f 100//46 74//45 73//44
f 75//47 74//45 95//45
f 76//25 75//47 96//47
f 96//47 87//25 76//25
f 95//45 96//47 75//47
f 100//46 97//46 95//45
f 109//21 110//44 73//44
f 108//42 109//21 72//21
f 105//43 108//42 71//42
f 104//40 106//41 70//41
f 103//18 104//40 69//40
f 111//48 112//49 113//49
f 98//46 111//48 114//48
f 115//50 113//49 116//51
f 112//49 117//51 116//51
f 116//51 113//49 112//49
f 118//50 119//52 120//52
f 119//52 101//18 102//18
f 102//18 120//52 119//52
f 120//52 115//50 118//50
f 116//51 118//50 115//50
f 114//48 99//46 98//46
f 113//49 114//48 111//48
f 121//53 112//53 108//53
f 110//53 109//53 111//53
f 109//53 108//53 112//53
f 108//53 105//53 121//53
f 98//53 100//53 110//53
f 121//53 117//53 112//53
f 112//53 111//53 109//53
f 111//53 98//53 110//53
f 122//53 104//53 118//53
f 104//53 119//53 118//53
f 104//53 103//53 101//53
f 122//53 107//53 106//53
f 101//53 119//53 104//53
f 118//53 116//53 122//53
f 106//53 104//53 122//53
f 122//54 116//54 117//54
f 117//54 121//54 122//54
f 122//55 121//55 105//55
f 105//55 107//55 122//55
f 123//18 66//18 124//18
f 65//18 85//18 124//18
f 124//18 66//18 65//18
f 124//18 125//18 123//18
f 126//56 123//35 125//35
f 127//57 126//56 128//56
f 129//58 127//57 130//57
f 130//57 131//58 129//58
f 128//56 130//57 127//57
f 125//35 128//56 126//56
f 131//1 130//1 132//1
f 130//1 128//1 133//1
f 133//1 132//1 130//1
f 124//1 133//1 128//1
f 128//1 125//1 124//1
f 132//1 134//1 131//1
f 135//59 136//59 134//59
f 129//59 131//59 134//59
f 134//59 136//59 129//59
f 134//59 137//59 135//59
f 84//25 55//25 138//25
f 56//25 139//25 138//25
f 138//25 55//25 56//25
f 138//25 140//25 84//25
f 82//60 84//27 140//27
f 81//61 82//60 141//60
f 79//62 81//61 142//63
f 143//61 144//63 142//63
f 142//63 81//61 143//61
f 77//64 79//62 145//62
f 78//65 77//64 146//64
f 132//66 80//66 137//67
f 78//65 147//65 137//67
f 137//67 80//66 78//65
f 83//68 80//66 132//66
f 85//35 83//68 133//68
f 133//68 124//35 85//35
f 132//66 133//68 83//68
f 137//67 134//67 132//66
f 146//64 147//65 78//65
f 145//62 146//64 77//64
f 142//63 145//62 79//62
f 141//60 143//61 81//61
f 140//27 141//60 82//60
f 148//69 149//70 150//70
f 135//67 148//69 151//69
f 152//71 150//70 153//72
f 149//70 154//72 153//72
f 153//72 150//70 149//70
f 155//71 156//73 157//73
f 156//73 138//27 139//27
f 139//27 157//73 156//73
f 157//73 152//71 155//71
f 153//72 155//71 152//71
f 151//69 136//67 135//67
f 150//70 151//69 148//69
f 158//53 149//53 145//53
f 147//53 146//53 148//53
f 146//53 145//53 149//53
f 145//53 142//53 158//53
f 135//53 137//53 147//53
f 158//53 154//53 149//53
f 149//53 148//53 146//53
f 148//53 135//53 147//53
f 159//53 141//53 155//53
f 141//53 156//53 155//53
f 141//53 140//53 138//53
f 159//53 144//53 143//53
f 138//53 156//53 141//53
f 155//53 153//53 159//53
f 143//53 141//53 159//53
f 159//74 153//74 154//74
f 154//74 158//74 159//74
f 159//75 158//75 142//75
f 142//75 144//75 159//75
f 160//1 34//1 35//1
f 160//1 161//1 34//1
f 161//1 102//1 33//1
f 123//1 36//1 37//1
f 162//1 40//1 41//1
f 160//1 123//1 126//1
f 102//1 46//1 32//1
f 33//1 34//1 161//1
f 123//1 35//1 36//1
f 139//1 56//1 39//1
f 41//1 163//1 162//1
f 86//1 43//1 44//1
f 162//1 152//1 157//1
f 129//1 151//1 150//1
f 126//1 127//1 160//1
f 32//1 31//1 102//1
f 37//1 66//1 123//1
f 92//1 99//1 114//1
f 39//1 38//1 139//1
f 162//1 139//1 40//1
f 86//1 42//1 43//1
f 162//1 150//1 152//1
f 129//1 136//1 151//1
f 127//1 129//1 160//1
f 35//1 123//1 160//1
f 114//1 161//1 92//1
f 163//1 90//1 92//1
f 163//1 86//1 89//1
f 41//1 86//1 163//1
f 86//1 41//1 42//1
f 150//1 162//1 129//1
f 31//1 33//1 102//1
f 161//1 115//1 120//1
f 114//1 113//1 161//1
f 89//1 90//1 163//1
f 44//1 67//1 86//1
f 129//1 162//1 160//1
f 113//1 115//1 161//1
f 38//1 40//1 139//1
f 120//1 102//1 161//1
f 157//1 139//1 162//1
f 92//1 161//1 163//1
f 164//76 165//77 166//78
f 166//78 167//79 164//76
f 167//79 168//80 164//76
f 169//81 170//82 171//82
f 165//77 164//76 172//83
f 172//83 169//81 165//77
f 171//82 165//77 169//81
f 173//84 174//85 164//76
f 173//84 162//1 174//85
f 164//76 175//76 173//84
f 173//84 160//1 162//1
f 168//80 175//76 164//76
f 171//82 176//82 177//82
f 171//82 178//82 176//82
f 171//82 179//82 180//82
f 177//82 181//82 171//82
f 181//82 179//82 171//82
f 171//82 182//82 178//82
f 171//82 183//82 182//82
f 171//82 170//82 184//82
f 184//82 183//82 171//82
f 180//82 185//86 171//82
f 186//87 187//88 188//89
f 186//87 161//1 187//88
f 188//89 189//89 186//87
f 190//90 191//91 192//92
f 190//90 193//93 194//93
f 194//93 191//91 190//90
f 189//89 195//94 196//95
f 196//95 190//90 189//89
f 188//89 197//96 198//97
f 188//89 199//98 200//99
f 188//89 201//100 202//101
f 201//100 188//89 203//102
f 204//103 203//102 205//104
f 205//104 206//105 204//103
f 203//102 204//103 201//100
f 202//101 199//98 188//89
f 200//99 197//96 188//89
f 198//97 189//89 188//89
f 198//97 207//106 189//89
f 207//106 195//94 189//89
f 192//92 189//89 190//90
f 186//87 163//1 161//1
f 208//93 209//107 210//108
f 211//93 208//93 212//108
f 208//93 213//108 209//107
f 208//93 214//93 215//109
f 212//108 216//108 211//93
f 215//109 213//108 208//93
f 216//108 217//93 211//93
f 218//93 211//93 219//93
f 210//108 212//108 208//93
f 219//93 194//93 218//93
f 217//93 219//93 211//93
f 194//93 193//93 218//93
f 214//93 220//93 215//109
f 264//110 221//111 222//112
f 221//111 223//113 222//112
f 224//114 221//111 264//110
f 225//115 224//114 265//116
f 226//117 225//115 266//118
f 227//119 226//117 267//120
f 228//121 227//119 268//122
f 229//123 228//121 269//124
f 230//125 229//123 270//126
f 193//93 230//125 271//127
f 272//128 264//110 231//129
f 264//110 232//130 231//129
f 265//116 264//110 272//128
f 266//118 265//116 273//131
f 267//120 266//118 274//132
f 268//122 267//120 275//133
f 269//124 268//122 276//134
f 270//126 269//124 277//135
f 271//127 270//126 278//136
f 218//93 271//127 279//137
f 280//138 272//128 233//139
f 272//128 234//140 233//139
f 273//131 272//128 280//138
f 274//132 273//131 281//141
f 275//133 274//132 282//142
f 276//134 275//133 283//143
f 277//135 276//134 284//144
f 278//136 277//135 285//145
f 279//137 278//136 286//146
f 211//93 279//137 287//147
f 288//148 280//138 235//149
f 235//149 236//150 288//148
f 280//138 237//151 235//149
f 281//141 280//138 288//148
f 282//142 281//141 289//152
f 283//143 282//142 290//153
f 284//144 283//143 291//154
f 285//145 284//144 292//155
f 286//146 285//145 293//156
f 287//147 286//146 294//157
f 208//93 287//147 295//158
f 288//148 238//159 239//160
f 238//159 240//161 239//160
f 239//160 241//162 288//148
f 288//148 242//163 243//164
f 243//164 289//152 288//148
f 243//164 244//165 289//152
f 289//152 245//166 246//167
f 246//167 290//153 289//152
f 246//167 247//168 290//153
f 290//153 248//169 249//170
f 249//170 291//154 290//153
f 249//170 250//171 291//154
f 292//155 291//154 251//172
f 251//172 252//173 292//155
f 292//155 253//174 254//175
f 254//175 293//156 292//155
f 254//175 255//176 293//156
f 294//157 256//177 257//178
f 294//157 293//156 258//179
f 258//179 256//177 294//157
f 295//158 294//157 259//180
f 294//157 260//181 261//182
f 261//182 259//180 294//157
f 214//93 295//158 262//183
f 295//158 263//184 262//183
f 262//183 220//93 214//93
f 259//180 263//184 295//158
f 257//178 260//181 294//157
f 255//176 258//179 293//156
f 252//173 253//174 292//155
f 250//171 251//172 291//154
f 247//168 248//169 290//153
f 244//165 245//166 289//152
f 241//162 242//163 288//148
f 295//158 214//93 208//93
f 294//157 295//158 287//147
f 293//156 294//157 286//146
f 292//155 293//156 285//145
f 291//154 292//155 284//144
f 290//153 291//154 283//143
f 289//152 290//153 282//142
f 288//148 289//152 281//141
f 236//150 238//159 288//148
f 287//147 208//93 211//93
f 286//146 287//147 279//137
f 285//145 286//146 278//136
f 284//144 285//145 277//135
f 283//143 284//144 276//134
f 282//142 283//143 275//133
f 281//141 282//142 274//132
f 280//138 281//141 273//131
f 233//139 237//151 280//138
f 279//137 211//93 218//93
f 278//136 279//137 271//127
f 277//135 278//136 270//126
f 276//134 277//135 269//124
f 275//133 276//134 268//122
f 274//132 275//133 267//120
f 273//131 274//132 266//118
f 272//128 273//131 265//116
f 231//129 234//140 272//128
f 271//127 218//93 193//93
f 270//126 271//127 230//125
f 269//124 270//126 229//123
f 268//122 269//124 228//121
f 267//120 268//122 227//119
f 266//118 267//120 226//117
f 265//116 266//118 225//115
f 264//110 265//116 224//114
f 222//112 232//130 264//110
f 190//90 342//185 230//125
f 342//185 343//186 229//123
f 343//186 344//187 228//121
f 344//187 345//188 227//119
f 345//188 346//189 226//117
f 346//189 347//190 225//115
f 347//190 348//191 224//114
f 348//191 349//192 221//111
f 221//111 349//192 296//193
f 349//192 297//194 296//193
f 196//95 350//195 342//185
f 343//186 342//185 350//195
f 344//187 343//186 351//196
f 345//188 344//187 352//197
f 346//189 345//188 353//198
f 347//190 346//189 354//199
f 348//191 347//190 355//200
f 349//192 348//191 356//201
f 297//194 349//192 357//202
f 195//94 358//203 350//195
f 351//196 350//195 358//203
f 352//197 351//196 359//204
f 353//198 352//197 360//205
f 354//199 353//198 361//206
f 355//200 354//199 362//207
f 356//201 355//200 363//208
f 357//202 356//201 364//209
f 365//210 298//211 299//212
f 299//212 357//202 365//210
f 207//106 366//213 358//203
f 359//204 358//203 366//213
f 360//205 359//204 367//214
f 361//206 360//205 368//215
f 362//207 361//206 369//216
f 363//208 362//207 370//217
f 364//209 363//208 371//218
f 365//210 364//209 372//219
f 373//220 300//221 301//222
f 301//222 365//210 373//220
f 198//97 374//223 366//213
f 367//214 366//213 374//223
f 368//215 367//214 375//224
f 369//216 368//215 376//225
f 370//217 369//216 377//226
f 371//218 370//217 378//227
f 372//219 371//218 379//228
f 373//220 372//219 380//229
f 373//220 381//230 302//231
f 381//230 303//232 302//231
f 197//96 382//233 374//223
f 375//224 374//223 382//233
f 376//225 375//224 383//234
f 377//226 376//225 384//235
f 378//227 377//226 385//236
f 379//228 378//227 386//237
f 380//229 379//228 387//238
f 381//230 380//229 388//239
f 303//232 381//230 389//240
f 197//96 200//99 390//241
f 383//234 382//233 390//241
f 384//235 383//234 391//242
f 385//236 384//235 392//243
f 386//237 385//236 393//244
f 387//238 386//237 394//245
f 388//239 387//238 395//246
f 389//240 388//239 396//247
f 397//248 304//249 305//250
f 305//250 389//240 397//248
f 200//99 199//98 398//251
f 391//242 390//241 398//251
f 392//243 391//242 399//252
f 393//244 392//243 400//253
f 394//245 393//244 401//254
f 395//246 394//245 402//255
f 396//247 395//246 403//256
f 397//248 396//247 404//257
f 405//258 306//259 307//260
f 307//260 397//248 405//258
f 199//98 202//101 406//261
f 399//252 398//251 406//261
f 400//253 399//252 407//262
f 401//254 400//253 408//263
f 402//255 401//254 409//264
f 403//256 402//255 410//265
f 404//257 403//256 411//266
f 405//258 404//257 412//267
f 405//258 413//268 308//269
f 413//268 309//270 308//269
f 202//101 201//100 414//271
f 407//262 406//261 414//271
f 408//263 407//262 415//272
f 409//264 408//263 416//273
f 410//265 409//264 417//274
f 411//266 410//265 418//275
f 412//267 411//266 419//276
f 413//268 412//267 420//277
f 310//278 309//270 413//268
f 201//100 204//103 421//279
f 415//272 414//271 421//279
f 416//273 415//272 422//280
f 417//274 416//273 423//281
f 418//275 417//274 424//282
f 419//276 418//275 425//283
f 420//277 419//276 426//284
f 427//285 420//277 428//286
f 429//287 311//288 312//289
f 312//289 427//285 429//287
f 422//280 421//279 430//290
f 423//281 422//280 431//291
f 424//282 423//281 432//292
f 425//283 424//282 433//293
f 426//284 425//283 434//294
f 204//103 313//295 430//290
f 204//103 206//105 313//295
f 430//290 313//295 314//296
f 431//291 315//297 316//298
f 430//290 317//299 315//297
f 315//297 431//291 430//290
f 432//292 431//291 318//300
f 431//291 319//301 320//302
f 320//302 318//300 431//291
f 432//292 321//303 322//304
f 322//304 433//293 432//292
f 433//293 323//305 324//306
f 433//293 325//307 323//305
f 435//308 434//294 326//309
f 434//294 324//306 326//309
f 435//308 327//310 328//311
f 435//308 329//312 327//310
f 426//284 330//313 331//314
f 426//284 435//308 330//313
f 428//286 332//315 333//316
f 428//286 331//314 334//317
f 334//317 332//315 428//286
f 335//318 336//319 337//320
f 429//287 338//321 339//322
f 339//322 335//318 429//287
f 337//320 429//287 335//318
f 429//287 333//316 338//321
f 337//320 311//288 429//287
f 333//316 429//287 428//286
f 331//314 428//286 426//284
f 328//311 330//313 435//308
f 326//309 329//312 435//308
f 324//306 434//294 433//293
f 322//304 325//307 433//293
f 318//300 321//303 432//292
f 316//298 319//301 431//291
f 314//296 317//299 430//290
f 430//290 421//279 204//103
f 434//294 435//308 426//284
f 433//293 434//294 425//283
f 432//292 433//293 424//282
f 431//291 432//292 423//281
f 430//290 431//291 422//280
f 312//289 310//278 427//285
f 428//286 429//287 427//285
f 426//284 428//286 420//277
f 425//283 426//284 419//276
f 424//282 425//283 418//275
f 423//281 424//282 417//274
f 422//280 423//281 416//273
f 421//279 422//280 415//272
f 421//279 414//271 201//100
f 413//268 427//285 310//278
f 420//277 427//285 413//268
f 419//276 420//277 412//267
f 418//275 419//276 411//266
f 417//274 418//275 410//265
f 416//273 417//274 409//264
f 415//272 416//273 408//263
f 414//271 415//272 407//262
f 414//271 406//261 202//101
f 308//269 306//259 405//258
f 412//267 413//268 405//258
f 411//266 412//267 404//257
f 410//265 411//266 403//256
f 409//264 410//265 402//255
f 408//263 409//264 401//254
f 407//262 408//263 400//253
f 406//261 407//262 399//252
f 406//261 398//251 199//98
f 307//260 304//249 397//248
f 404//257 405//258 397//248
f 403//256 404//257 396//247
f 402//255 403//256 395//246
f 401//254 402//255 394//245
f 400//253 401//254 393//244
f 399//252 400//253 392//243
f 398//251 399//252 391//242
f 398//251 390//241 200//99
f 305//250 340//323 389//240
f 396//247 397//248 389//240
f 395//246 396//247 388//239
f 394//245 395//246 387//238
f 393//244 394//245 386//237
f 392//243 393//244 385//236
f 391//242 392//243 384//235
f 390//241 391//242 383//234
f 390//241 382//233 197//96
f 389//240 340//323 303//232
f 388//239 389//240 381//230
f 387//238 388//239 380//229
f 386//237 387//238 379//228
f 385//236 386//237 378//227
f 384//235 385//236 377//226
f 383//234 384//235 376//225
f 382//233 383//234 375//224
f 374//223 198//97 197//96
f 302//231 300//221 373//220
f 380//229 381//230 373//220
f 379//228 380//229 372//219
f 378//227 379//228 371//218
f 377//226 378//227 370//217
f 376//225 377//226 369//216
f 375//224 376//225 368//215
f 374//223 375//224 367//214
f 366//213 207//106 198//97
f 301//222 298//211 365//210
f 372//219 373//220 365//210
f 371//218 372//219 364//209
f 370//217 371//218 363//208
f 369//216 370//217 362//207
f 368//215 369//216 361//206
f 367//214 368//215 360//205
f 366//213 367//214 359//204
f 358//203 195//94 207//106
f 299//212 341//324 357//202
f 364//209 365//210 357//202
f 363//208 364//209 356//201
f 362//207 363//208 355//200
f 361//206 362//207 354//199
f 360//205 361//206 353//198
f 359//204 360//205 352//197
f 358//203 359//204 351//196
f 350//195 196//95 195//94
f 357//202 341//324 297//194
f 356//201 357//202 349//192
f 355//200 356//201 348//191
f 354//199 355//200 347//190
f 353//198 354//199 346//189
f 352//197 353//198 345//188
f 351//196 352//197 344//187
f 350//195 351//196 343//186
f 342//185 190//90 196//95
f 296//193 223//113 221//111
f 221//111 224//114 348//191
f 224//114 225//115 347//190
f 225//115 226//117 346//189
f 226//117 227//119 345//188
f 227//119 228//121 344//187
f 228//121 229//123 343//186
f 229//123 230//125 342//185
f 230//125 193//93 190//90
f 511//325 436//326 437//327
f 437//327 512//328 511//325
f 513//329 511//325 512//328
f 514//330 513//329 515//331
f 516//332 514//330 517//333
f 518//334 516//332 519//335
f 520//336 518//334 521//337
f 522//338 520//336 523//339
f 524//340 512//328 438//341
f 515//331 512//328 524//340
f 517//333 515//331 525//342
f 519//335 517//333 526//343
f 521//337 519//335 527//344
f 523//339 521//337 528//345
f 529//346 523//339 530//347
f 531//348 524//340 439//349
f 524//340 440//350 439//349
f 525//342 524//340 531//348
f 526//343 525//342 532//351
f 527//344 526//343 533//352
f 528//345 527//344 534//353
f 530//347 528//345 535//354
f 536//355 530//347 537//356
f 538//357 531//348 441//358
f 531//348 442//359 441//358
f 532//351 531//348 538//357
f 533//352 532//351 539//360
f 534//353 533//352 540//361
f 535//354 534//353 541//362
f 537//356 535//354 542//363
f 543//364 537//356 544//365
f 538//357 443//366 444//367
f 444//367 545//368 538//357
f 539//360 538//357 545//368
f 540//361 539//360 546//369
f 541//362 540//361 547//370
f 542//363 541//362 548//371
f 544//365 542//363 549//372
f 550//373 544//365 551//374
f 552//375 545//368 445//376
f 546//369 545//368 552//375
f 547//370 546//369 553//377
f 548//371 547//370 554//378
f 549//372 548//371 555//379
f 551//374 549//372 556//380
f 557//381 551//374 558//382
f 559//383 552//375 446//384
f 552//375 447//385 446//384
f 553//377 552//375 559//383
f 554//378 553//377 560//386
f 555//379 554//378 561//387
f 556//380 555//379 562//388
f 558//382 556//380 563//389
f 564//390 558//382 565//391
f 566//392 559//383 448//393
f 559//383 449//394 448//393
f 560//386 559//383 566//392
f 561//387 560//386 567//395
f 562//388 561//387 568//396
f 563//389 562//388 569//397
f 565//391 563//389 570//398
f 571//399 565//391 572//400
f 573//401 566//392 450//402
f 566//392 451//403 450//402
f 567//395 566//392 573//401
f 568//396 567//395 574//404
f 569//397 568//396 575//405
f 570//398 569//397 576//406
f 572//400 570//398 577//407
f 578//408 572//400 579//409
f 580//410 573//401 452//411
f 573//401 453//412 452//411
f 574//404 573//401 580//410
f 575//405 574//404 581//413
f 576//406 575//405 582//414
f 577//407 576//406 583//415
f 579//409 577//407 584//416
f 585//417 579//409 586//418
f 580//410 454//419 455//420
f 455//420 587//421 580//410
f 581//413 580//410 587//421
f 582//414 581//413 588//422
f 583//415 582//414 589//423
f 584//416 583//415 590//424
f 586//418 584//416 591//425
f 592//426 586//418 593//427
f 587//421 456//428 457//429
f 457//429 594//430 587//421
f 588//422 587//421 594//430
f 589//423 588//422 595//431
f 590//424 589//423 596//432
f 591//425 590//424 597//433
f 593//427 591//425 598//434
f 599//435 593//427 600//436
f 458//437 459//438 601//439
f 595//431 594//430 601//439
f 596//432 595//431 602//440
f 597//433 596//432 603//441
f 598//434 597//433 604//442
f 600//436 598//434 605//443
f 606//444 600//436 607//445
f 608//446 601//439 460//447
f 601//439 459//438 460//447
f 602//440 601//439 608//446
f 603//441 602//440 609//448
f 604//442 603//441 610//449
f 605//443 604//442 611//450
f 607//445 605//443 612//451
f 613//452 607//445 614//453
f 615//454 608//446 461//455
f 608//446 462//456 461//455
f 609//448 608//446 615//454
f 610//449 609//448 616//457
f 611//450 610//449 617//458
f 612//451 611//450 618//459
f 614//453 612//451 619//460
f 620//461 614//453 621//462
f 615//454 463//463 464//464
f 464//464 622//465 615//454
f 616//457 615//454 622//465
f 617//458 616//457 623//466
f 618//459 617//458 624//467
f 619//460 618//459 625//468
f 621//462 619//460 626//469
f 627//470 621//462 628//471
f 465//472 629//473 622//465
f 623//466 622//465 629//473
f 624//467 623//466 630//474
f 625//468 624//467 631//475
f 626//469 625//468 632//476
f 628//471 626//469 633//477
f 634//478 628//471 635//479
f 636//480 629//473 466//481
f 629//473 465//472 466//481
f 630//474 629//473 636//480
f 631//475 630//474 637//482
f 632//476 631//475 638//483
f 633//477 632//476 639//484
f 635//479 633//477 640//485
f 641//486 635//479 642//487
f 643//488 636//480 467//489
f 636//480 468//490 467//489
f 637//482 636//480 643//488
f 638//483 637//482 644//491
f 639//484 638//483 645//492
f 640//485 639//484 646//493
f 642//487 640//485 647//494
f 648//495 642//487 649//496
f 643//488 469//497 336//319
f 336//319 335//318 643//488
f 335//318 339//498 643//488
f 644//491 643//488 338//499
f 338//499 333//500 644//491
f 645//492 330//501 328//502
f 645//492 331//503 330//501
f 645//492 644//491 332//504
f 332//504 334//505 645//492
f 334//505 331//503 645//492
f 646//493 645//492 327//506
f 327//506 329//507 646//493
f 647//494 646//493 326//508
f 326//508 324//509 647//494
f 649//496 325//510 322//511
f 649//496 647//494 323//512
f 323//512 325//510 649//496
f 650//513 649//496 321//514
f 470//515 650//513 318//516
f 318//516 320//517 470//515
f 320//517 319//518 470//515
f 471//519 472//520 648//495
f 650//513 470//515 471//519
f 641//486 648//495 472//520
f 634//478 641//486 473//521
f 641//486 474//522 473//521
f 627//470 634//478 475//523
f 634//478 476//524 475//523
f 620//461 627//470 477//525
f 627//470 478//526 477//525
f 613//452 620//461 479//527
f 620//461 480//528 479//527
f 606//444 613//452 481//529
f 613//452 482//530 481//529
f 483//531 599//435 606//444
f 606//444 484//532 483//531
f 592//426 599//435 485//533
f 599//435 486//534 485//533
f 592//426 487//535 488//536
f 488//536 585//417 592//426
f 592//426 489//537 487//535
f 578//408 585//417 490//538
f 585//417 491//539 490//538
f 578//408 492//540 493//541
f 493//541 571//399 578//408
f 564//390 571//399 494//542
f 571//399 495//543 494//542
f 557//381 564//390 496//544
f 564//390 497//545 496//544
f 550//373 557//381 498//546
f 557//381 499//547 498//546
f 550//373 500//548 501//549
f 501//549 543//364 550//373
f 536//355 543//364 502//550
f 543//364 503//551 502//550
f 529//346 504//552 505//553
f 536//355 506//554 504//552
f 504//552 529//346 536//355
f 529//346 507//555 508//556
f 508//556 522//338 529//346
f 509//557 257//558 256//559
f 509//557 260//560 257//558
f 509//557 261//561 260//560
f 522//338 258//562 255//563
f 522//338 256//559 258//562
f 520//336 253//564 252//565
f 520//336 255//563 254//566
f 254//566 253//564 520//336
f 518//334 251//567 250//568
f 518//334 252//565 251//567
f 516//332 248//569 247//570
f 516//332 250//568 249//571
f 249//571 248//569 516//332
f 514//330 245//572 244//573
f 514//330 247//570 246//574
f 246//574 245//572 514//330
f 511//325 513//329 242//575
f 513//329 244//573 243//576
f 243//576 242//575 513//329
f 511//325 241//577 239//160
f 239//160 436//326 511//325
f 239//160 240//161 436//326
f 242//575 241//577 511//325
f 244//573 513//329 514//330
f 247//570 514//330 516//332
f 250//568 516//332 518//334
f 252//565 518//334 520//336
f 255//563 520//336 522//338
f 256//559 522//338 509//557
f 508//556 509//557 522//338
f 505//553 507//555 529//346
f 502//550 506//554 536//355
f 501//549 503//551 543//364
f 498//546 500//548 550//373
f 496//544 499//547 557//381
f 494//542 497//545 564//390
f 493//541 495//543 571//399
f 490//538 492//540 578//408
f 488//536 491//539 585//417
f 485//533 489//537 592//426
f 483//531 486//534 599//435
f 481//529 484//532 606//444
f 479//527 482//530 613//452
f 477//525 480//528 620//461
f 475//523 478//526 627//470
f 473//521 476//524 634//478
f 472//520 474//522 641//486
f 648//495 650//513 471//519
f 319//518 316//578 470//515
f 321//514 318//516 650//513
f 322//511 321//514 649//496
f 324//509 323//512 647//494
f 329//507 326//508 646//493
f 328//502 327//506 645//492
f 333//500 332//504 644//491
f 339//498 338//499 643//488
f 649//496 650//513 648//495
f 647//494 649//496 642//487
f 646//493 647//494 640//485
f 645//492 646//493 639//484
f 644//491 645//492 638//483
f 643//488 644//491 637//482
f 467//489 469//497 643//488
f 642//487 648//495 641//486
f 640//485 642//487 635//479
f 639//484 640//485 633//477
f 638//483 639//484 632//476
f 637//482 638//483 631//475
f 636//480 637//482 630//474
f 466//481 468//490 636//480
f 635//479 641//486 634//478
f 633//477 635//479 628//471
f 632//476 633//477 626//469
f 631//475 632//476 625//468
f 630//474 631//475 624//467
f 629//473 630//474 623//466
f 622//465 510//579 465//472
f 628//471 634//478 627//470
f 626//469 628//471 621//462
f 625//468 626//469 619//460
f 624//467 625//468 618//459
f 623//466 624//467 617//458
f 622//465 623//466 616//457
f 464//464 510//579 622//465
f 621//462 627//470 620//461
f 619//460 621//462 614//453
f 618//459 619//460 612//451
f 617//458 618//459 611//450
f 616//457 617//458 610//449
f 615//454 616//457 609//448
f 461//455 463//463 615//454
f 614//453 620//461 613//452
f 612//451 614//453 607//445
f 611//450 612//451 605//443
f 610//449 611//450 604//442
f 609//448 610//449 603//441
f 608//446 609//448 602//440
f 460//447 462//456 608//446
f 607//445 613//452 606//444
f 605//443 607//445 600//436
f 604//442 605//443 598//434
f 603//441 604//442 597//433
f 602//440 603//441 596//432
f 601//439 602//440 595//431
f 601//439 594//430 458//437
f 600//436 606//444 599//435
f 598//434 600//436 593//427
f 597//433 598//434 591//425
f 596//432 597//433 590//424
f 595//431 596//432 589//423
f 594//430 595//431 588//422
f 457//429 458//437 594//430
f 593//427 599//435 592//426
f 591//425 593//427 586//418
f 590//424 591//425 584//416
f 589//423 590//424 583//415
f 588//422 589//423 582//414
f 587//421 588//422 581//413
f 455//420 456//428 587//421
f 586//418 592//426 585//417
f 584//416 586//418 579//409
f 583//415 584//416 577//407
f 582//414 583//415 576//406
f 581//413 582//414 575//405
f 580//410 581//413 574//404
f 452//411 454//419 580//410
f 579//409 585//417 578//408
f 577//407 579//409 572//400
f 576//406 577//407 570//398
f 575//405 576//406 569//397
f 574//404 575//405 568//396
f 573//401 574//404 567//395
f 450//402 453//412 573//401
f 572//400 578//408 571//399
f 570//398 572//400 565//391
f 569//397 570//398 563//389
f 568//396 569//397 562//388
f 567//395 568//396 561//387
f 566//392 567//395 560//386
f 448//393 451//403 566//392
f 565//391 571//399 564//390
f 563//389 565//391 558//382
f 562//388 563//389 556//380
f 561//387 562//388 555//379
f 560//386 561//387 554//378
f 559//383 560//386 553//377
f 446//384 449//394 559//383
f 558//382 564//390 557//381
f 556//380 558//382 551//374
f 555//379 556//380 549//372
f 554//378 555//379 548//371
f 553//377 554//378 547//370
f 552//375 553//377 546//369
f 445//376 447//385 552//375
f 551//374 557//381 550//373
f 549//372 551//374 544//365
f 548//371 549//372 542//363
f 547//370 548//371 541//362
f 546//369 547//370 540//361
f 545//368 546//369 539//360
f 444//367 445//376 545//368
f 544//365 550//373 543//364
f 542//363 544//365 537//356
f 541//362 542//363 535//354
f 540//361 541//362 534//353
f 539//360 540//361 533//352
f 538//357 539//360 532//351
f 441//358 443//366 538//357
f 537//356 543//364 536//355
f 535//354 537//356 530//347
f 534//353 535//354 528//345
f 533//352 534//353 527//344
f 532//351 533//352 526//343
f 531//348 532//351 525//342
f 439//349 442//359 531//348
f 530//347 536//355 529//346
f 528//345 530//347 523//339
f 527//344 528//345 521//337
f 526//343 527//344 519//335
f 525//342 526//343 517//333
f 524//340 525//342 515//331
f 438//341 440//350 524//340
f 523//339 529//346 522//338
f 521//337 523//339 520//336
f 519//335 521//337 518//334
f 517//333 519//335 516//332
f 515//331 517//333 514//330
f 512//328 515//331 513//329
f 437//327 438//341 512//328
f 651//580 238//159 236//150
f 651//580 436//326 240//161
f 651//580 437//327 436//326
f 240//161 238//159 651//580
f 652//581 236//150 235//149
f 653//582 237//151 233//139
f 653//582 235//149 237//151
f 654//55 234//140 231//129
f 654//55 233//139 234//140
f 655//583 232//130 222//112
f 655//583 231//129 232//130
f 656//584 223//113 296//193
f 656//584 222//112 223//113
f 657//585 658//586 659//587
f 657//585 660//588 658//586
f 657//585 661//585 662//589
f 662//589 663//590 657//585
f 663//590 664//590 665//591
f 665//591 666//592 663//590
f 665//591 667//593 666//592
f 440//350 668//594 669//595
f 669//595 439//349 440//350
f 440//350 438//341 668//594
f 437//327 670//596 671//597
f 437//327 672//598 670//596
f 651//580 673//599 674//599
f 674//599 437//327 651//580
f 651//580 675//600 673//599
f 651//580 676//601 677//597
f 677//597 678//596 651//580
f 678//596 675//600 651//580
f 674//599 672//598 437//327
f 651//580 679//594 676//601
f 671//597 680//601 437//327
f 651//580 666//592 681//595
f 681//595 679//594 651//580
f 680//601 668//594 437//327
f 442//359 682//602 683//590
f 683//590 441//358 442//359
f 439//349 684//593 682//602
f 439//349 669//595 684//593
f 443//366 685//589 686//603
f 686//603 444//367 443//366
f 441//358 683//590 685//589
f 687//604 688//605 446//384
f 446//384 447//385 687//604
f 689//586 687//604 445//376
f 445//376 444//367 689//586
f 444//367 690//587 689//586
f 444//367 686//603 690//587
f 688//605 691//606 448//393
f 448//393 449//394 688//605
f 691//606 692//607 450//402
f 450//402 451//403 691//606
f 692//607 693//608 452//411
f 452//411 453//412 692//607
f 693//608 694//609 455//420
f 455//420 454//419 693//608
f 694//609 695//610 457//429
f 457//429 456//428 694//609
f 695//610 459//438 458//437
f 695//610 696//611 460//447
f 460//447 459//438 695//610
f 696//611 697//612 461//455
f 461//455 462//456 696//611
f 698//613 464//464 463//463
f 463//463 697//612 698//613
f 698//613 699//614 510//579
f 699//614 466//481 465//472
f 465//472 510//579 699//614
f 700//615 468//490 466//481
f 700//615 467//489 468//490
f 701//616 469//497 467//489
f 701//616 337//320 336//319
f 336//319 469//497 701//616
f 701//616 702//617 312//289
f 312//289 311//288 701//616
f 702//617 703//618 308//269
f 308//269 309//270 702//617
f 309//270 310//278 702//617
f 703//618 704//619 307//260
f 307//260 306//259 703//618
f 705//620 305//250 304//249
f 304//249 704//619 705//620
f 302//231 706//621 707//622
f 705//620 708//623 340//323
f 303//232 340//323 708//623
f 708//623 706//621 303//232
f 706//621 302//231 303//232
f 340//323 305//250 705//620
f 300//221 302//231 709//624
f 710//625 301//222 300//221
f 709//624 710//625 300//221
f 298//211 301//222 711//626
f 712//627 299//212 298//211
f 711//626 712//627 298//211
f 712//627 713//628 299//212
f 714//629 715//630 716//631
f 714//629 717//632 718//633
f 714//629 719//634 717//632
f 714//629 720//635 721//635
f 296//193 722//636 720//635
f 720//635 714//629 296//193
f 296//193 723//637 724//633
f 724//633 725//632 296//193
f 725//632 722//636 296//193
f 721//635 719//634 714//629
f 296//193 726//630 723//637
f 718//633 727//637 714//629
f 341//324 299//212 728//631
f 726//630 297//194 341//324
f 726//630 296//193 297//194
f 728//631 726//630 341//324
f 727//637 715//630 714//629
f 729//638 730//639 731//626
f 729//638 732//628 730//639
f 729//638 716//631 732//628
f 733//640 734//626 735//625
f 734//626 731//626 735//625
f 733//640 736//622 737//641
f 733//640 738//642 736//622
f 737//641 739//623 733//640
f 735//625 738//642 733//640
f 731//626 734//626 729//638
f 716//631 729//638 714//629
f 713//628 728//631 299//212
f 710//625 711//626 301//222
f 707//622 709//624 302//231
f 304//249 307//260 704//619
f 306//259 308//269 703//618
f 310//278 312//289 702//617
f 311//288 337//320 701//616
f 467//489 700//615 701//616
f 466//481 699//614 700//615
f 510//579 464//464 698//613
f 463//463 461//455 697//612
f 462//456 460//447 696//611
f 458//437 457//429 695//610
f 456//428 455//420 694//609
f 454//419 452//411 693//608
f 453//412 450//402 692//607
f 451//403 448//393 691//606
f 449//394 446//384 688//605
f 447//385 445//376 687//604
f 443//366 441//358 685//589
f 442//359 439//349 682//602
f 438//341 437//327 668//594
f 667//593 681//595 666//592
f 662//589 664//590 663//590
f 659//587 661//585 657//585
f 296//193 714//629 656//584
f 222//112 656//584 655//583
f 231//129 655//583 654//55
f 233//139 654//55 653//582
f 235//149 653//582 652//581
f 236//150 652//581 651//580
f 740//55 721//55 720//55
f 720//55 741//55 740//55
f 742//55 674//55 673//55
f 673//55 743//55 742//55
f 741//55 722//643 725//644
f 741//55 720//55 722//643
f 744//644 724//645 723//646
f 744//644 725//644 724//645
f 745//646 723//646 726//647
f 746//647 726//647 728//648
f 728//648 747//649 746//647
f 747//649 713//649 712//650
f 748//650 712//650 711//651
f 711//651 749//652 748//650
f 749//652 709//653 707//654
f 749//652 710//652 709//653
f 750//654 706//655 708//53
f 750//654 707//654 706//655
f 708//53 751//53 750//654
f 707//654 750//654 749//652
f 711//651 710//652 749//652
f 712//650 748//650 747//649
f 728//648 713//649 747//649
f 726//647 746//647 745//646
f 723//646 745//646 744//644
f 725//644 744//644 741//55
f 752//656 753//1 739//1
f 739//1 737//657 752//656
f 754//658 752//656 736//656
f 736//656 738//659 754//658
f 755//660 754//658 735//658
f 735//658 731//661 755//660
f 756//662 755//660 730//663
f 757//664 756//662 732//662
f 732//662 716//665 757//664
f 758//666 757//664 715//667
f 759//668 758//666 727//666
f 727//666 718//669 759//668
f 740//55 759//668 717//668
f 717//668 719//670 740//55
f 719//670 721//55 740//55
f 718//669 717//668 759//668
f 715//667 727//666 758//666
f 716//665 715//667 757//664
f 730//663 732//662 756//662
f 731//661 730//663 755//660
f 738//659 735//658 754//658
f 737//657 736//656 752//656
f 760//671 740//55 741//55
f 761//672 760//671 762//671
f 763//673 761//672 764//672
f 765//674 763//673 766//673
f 767//675 765//674 768//674
f 769//676 767//675 770//675
f 770//675 771//676 769//676
f 768//674 770//675 767//675
f 766//673 768//674 765//674
f 764//672 766//673 763//673
f 762//671 764//672 761//672
f 741//55 762//671 760//671
f 772//677 687//53 689//655
f 689//655 773//678 772//677
f 772//677 774//53 687//53
f 685//652 775//679 776//680
f 777//681 690//654 686//682
f 686//682 776//680 777//681
f 777//681 773//678 690//654
f 778//683 775//679 685//652
f 683//684 779//685 778//683
f 685//652 683//684 778//683
f 682//686 684//649 780//687
f 684//649 781//688 780//687
f 684//649 669//648 782//689
f 782//689 783//690 684//649
f 783//690 781//688 684//649
f 668//647 680//646 784//691
f 784//691 785//692 668//647
f 785//692 786//693 668//647
f 671//645 670//644 787//694
f 788//695 680//646 671//645
f 787//694 788//695 671//645
f 672//696 674//55 742//55
f 789//697 670//644 672//696
f 742//55 789//697 672//696
f 789//697 787//694 670//644
f 788//695 784//691 680//646
f 786//693 782//689 668//647
f 669//648 668//647 782//689
f 780//687 779//685 682//686
f 683//684 682//686 779//685
f 776//680 686//682 685//652
f 689//655 690//654 773//678
f 675//698 790//699 743//55
f 743//55 673//55 675//698
f 678//668 791//700 790//699
f 677//669 792//701 791//700
f 791//700 678//668 677//669
f 676//666 793//702 792//701
f 679//664 794//703 793//702
f 679//664 795//704 794//703
f 679//664 796//705 795//704
f 667//662 797//706 796//705
f 667//662 798//707 797//706
f 796//705 679//664 681//665
f 665//660 799//708 800//709
f 800//709 667//662 665//660
f 801//710 664//711 662//658
f 662//658 802//712 801//710
f 799//708 665//660 664//711
f 659//656 803//713 804//714
f 805//715 662//658 661//716
f 661//716 804//714 805//715
f 805//715 802//712 662//658
f 806//717 803//713 658//657
f 660//718 807//1 806//717
f 803//713 659//656 658//657
f 658//657 660//718 806//717
f 804//714 661//716 659//656
f 801//710 799//708 664//711
f 800//709 798//707 667//662
f 796//705 681//665 667//662
f 793//702 676//666 679//664
f 677//669 676//666 792//701
f 675//698 678//668 790//699
f 808//719 809//720 742//55
f 808//719 810//721 809//720
f 742//55 743//55 808//719
f 811//722 810//721 812//723
f 812//723 813//724 811//722
f 814//725 815//726 811//722
f 816//727 815//726 814//725
f 817//727 818//728 816//727
f 814//725 817//727 816//727
f 817//727 819//728 818//728
f 820//729 821//730 818//728
f 822//731 823//731 821//730
f 822//731 824//732 823//731
f 821//730 820//729 822//731
f 825//733 826//733 824//732
f 825//733 827//734 826//733
f 824//732 828//735 825//733
f 829//736 830//736 827//734
f 829//736 831//737 830//736
f 827//734 832//738 829//736
f 833//739 834//739 831//737
f 833//739 835//740 834//739
f 831//737 836//741 833//739
f 837//740 838//742 835//740
f 833//739 837//740 835//740
f 839//743 840//744 838//742
f 839//743 841//21 840//744
f 838//742 842//745 839//743
f 839//743 843//21 841//21
f 837//740 842//745 838//742
f 829//736 836//741 831//737
f 825//733 832//738 827//734
f 822//731 828//735 824//732
f 819//728 820//729 818//728
f 813//724 814//725 811//722
f 808//719 812//723 810//721
f 750//654 851//746 852//747
f 851//746 853//748 854//749
f 853//748 855//750 856//751
f 855//750 857//752 858//753
f 857//752 859//754 860//755
f 859//754 844//756 845//757
f 749//652 852//747 861//758
f 852//747 854//749 862//759
f 854//749 856//751 863//760
f 856//751 858//753 864//761
f 858//753 860//755 865//762
f 860//755 845//757 846//763
f 748//650 861//758 866//764
f 861//758 862//759 867//765
f 862//759 863//760 868//766
f 863//760 864//761 869//767
f 864//761 865//762 870//768
f 865//762 846//763 847//769
f 747//649 866//764 871//770
f 866//764 867//765 872//771
f 867//765 868//766 873//772
f 868//766 869//767 874//773
f 869//767 870//768 875//774
f 870//768 847//769 848//775
f 746//647 871//770 876//776
f 871//770 872//771 877//777
f 872//771 873//772 878//778
f 873//772 874//773 879//779
f 874//773 875//774 880//780
f 875//774 848//775 849//781
f 745//646 876//776 881//782
f 876//776 877//777 882//783
f 877//777 878//778 883//784
f 878//778 879//779 884//785
f 879//779 880//780 885//786
f 880//780 849//781 850//787
f 744//644 881//782 762//671
f 881//782 882//783 764//672
f 882//783 883//784 766//673
f 883//784 884//785 768//674
f 884//785 885//786 770//675
f 885//786 850//787 771//676
f 771//676 770//675 885//786
f 770//675 768//674 884//785
f 768//674 766//673 883//784
f 766//673 764//672 882//783
f 764//672 762//671 881//782
f 762//671 741//55 744//644
f 850//787 885//786 880//780
f 885//786 884//785 879//779
f 884//785 883//784 878//778
f 883//784 882//783 877//777
f 882//783 881//782 876//776
f 881//782 744//644 745//646
f 849//781 880//780 875//774
f 880//780 879//779 874//773
f 879//779 878//778 873//772
f 878//778 877//777 872//771
f 877//777 876//776 871//770
f 876//776 745//646 746//647
f 848//775 875//774 870//768
f 875//774 874//773 869//767
f 874//773 873//772 868//766
f 873//772 872//771 867//765
f 872//771 871//770 866//764
f 871//770 746//647 747//649
f 847//769 870//768 865//762
f 870//768 869//767 864//761
f 869//767 868//766 863//760
f 868//766 867//765 862//759
f 867//765 866//764 861//758
f 866//764 747//649 748//650
f 846//763 865//762 860//755
f 865//762 864//761 858//753
f 864//761 863//760 856//751
f 863//760 862//759 854//749
f 862//759 861//758 852//747
f 861//758 748//650 749//652
f 845//757 860//755 859//754
f 860//755 858//753 857//752
f 858//753 856//751 855//750
f 856//751 854//749 853//748
f 854//749 852//747 851//746
f 852//747 749//652 750//654
f 844//756 859//754 751//53
f 859//754 857//752 751//53
f 857//752 855//750 751//53
f 855//750 853//748 751//53
f 853//748 851//746 751//53
f 851//746 750//654 751//53
f 911//788 912//789 886//790
f 912//789 887//791 886//790
f 913//792 911//788 888//793
f 911//788 889//794 888//793
f 850//787 913//792 890//795
f 913//792 891//796 890//795
f 912//789 911//788 914//797
f 911//788 913//792 915//798
f 913//792 850//787 849//781
f 916//799 914//797 917//800
f 914//797 915//798 918//801
f 915//798 849//781 848//775
f 919//802 917//800 920//803
f 917//800 918//801 921//804
f 918//801 848//775 847//769
f 922//805 920//803 923//806
f 920//803 921//804 924//807
f 921//804 847//769 846//763
f 925//808 923//806 926//809
f 923//806 924//807 927//810
f 924//807 846//763 845//757
f 928//811 926//809 929//812
f 926//809 927//810 930//813
f 927//810 845//757 844//756
f 931//814 929//812 892//53
f 929//812 930//813 893//53
f 930//813 844//756 751//53
f 931//814 894//53 895//53
f 895//53 896//815 931//814
f 928//811 931//814 897//816
f 897//816 898//817 928//811
f 925//808 928//811 899//818
f 899//818 900//819 925//808
f 922//805 925//808 901//820
f 919//802 922//805 902//821
f 902//821 903//822 919//802
f 916//799 919//802 904//823
f 904//823 905//824 916//799
f 912//789 916//799 906//825
f 906//825 907//826 912//789
f 887//791 912//789 908//827
f 908//827 909//828 887//791
f 909//828 910//829 887//791
f 907//826 908//827 912//789
f 905//824 906//825 916//799
f 903//822 904//823 919//802
f 901//820 902//821 922//805
f 900//819 901//820 925//808
f 898//817 899//818 928//811
f 896//815 897//816 931//814
f 751//53 893//53 930//813
f 893//53 892//53 929//812
f 892//53 894//53 931//814
f 844//756 930//813 927//810
f 930//813 929//812 926//809
f 929//812 931//814 928//811
f 845//757 927//810 924//807
f 927//810 926//809 923//806
f 926//809 928//811 925//808
f 846//763 924//807 921//804
f 924//807 923//806 920//803
f 923//806 925//808 922//805
f 847//769 921//804 918//801
f 921//804 920//803 917//800
f 920//803 922//805 919//802
f 848//775 918//801 915//798
f 918//801 917//800 914//797
f 917//800 919//802 916//799
f 849//781 915//798 913//792
f 915//798 914//797 911//788
f 914//797 916//799 912//789
f 890//795 771//676 850//787
f 888//793 891//796 913//792
f 886//790 889//794 911//788
f 769//676 771//676 890//795
f 888//793 932//830 933//831
f 933//831 891//796 888//793
f 934//795 890//795 891//796
f 932//830 888//793 889//794
f 886//790 935//832 936//833
f 936//833 889//794 886//790
f 910//829 937//829 938//834
f 938//834 887//791 910//829
f 935//832 886//790 887//791
f 938//834 935//832 887//791
f 889//794 936//833 932//830
f 933//831 934//795 891//796
f 890//795 934//795 769//676
f 939//835 946//836 947//837
f 946//836 948//838 949//839
f 948//838 950//840 951//841
f 950//840 952//842 953//843
f 952//842 954//844 955//845
f 954//844 752//656 754//658
f 940//846 947//837 956//847
f 947//837 949//839 957//848
f 949//839 951//841 958//849
f 951//841 953//843 959//850
f 953//843 955//845 960//851
f 955//845 754//658 755//660
f 941//852 956//847 961//853
f 956//847 957//848 962//854
f 957//848 958//849 963//855
f 958//849 959//850 964//856
f 959//850 960//851 965//857
f 960//851 755//660 756//662
f 942//858 961//853 966//859
f 961//853 962//854 967//860
f 962//854 963//855 968//861
f 963//855 964//856 969//862
f 964//856 965//857 970//863
f 965//857 756//662 757//664
f 943//864 966//859 971//865
f 966//859 967//860 972//866
f 967//860 968//861 973//867
f 968//861 969//862 974//868
f 969//862 970//863 975//869
f 970//863 757//664 758//666
f 944//870 971//865 976//871
f 971//865 972//866 977//872
f 972//866 973//867 978//873
f 973//867 974//868 979//874
f 974//868 975//869 980//875
f 975//869 758//666 759//668
f 945//876 976//871 767//675
f 976//871 977//872 765//674
f 977//872 978//873 763//673
f 978//873 979//874 761//672
f 979//874 980//875 760//671
f 980//875 759//668 740//55
f 740//55 760//671 980//875
f 760//671 761//672 979//874
f 761//672 763//673 978//873
f 763//673 765//674 977//872
f 765//674 767//675 976//871
f 767//675 769//676 945//876
f 759//668 980//875 975//869
f 980//875 979//874 974//868
f 979//874 978//873 973//867
f 978//873 977//872 972//866
f 977//872 976//871 971//865
f 976//871 945//876 944//870
f 758//666 975//869 970//863
f 975//869 974//868 969//862
f 974//868 973//867 968//861
f 973//867 972//866 967//860
f 972//866 971//865 966//859
f 971//865 944//870 943//864
f 757//664 970//863 965//857
f 970//863 969//862 964//856
f 969//862 968//861 963//855
f 968//861 967//860 962//854
f 967//860 966//859 961//853
f 966//859 943//864 942//858
f 756//662 965//857 960//851
f 965//857 964//856 959//850
f 964//856 963//855 958//849
f 963//855 962//854 957//848
f 962//854 961//853 956//847
f 961//853 942//858 941//852
f 755//660 960//851 955//845
f 960//851 959//850 953//843
f 959//850 958//849 951//841
f 958//849 957//848 949//839
f 957//848 956//847 947//837
f 956//847 941//852 940//846
f 754//658 955//845 954//844
f 955//845 953//843 952//842
f 953//843 951//841 950//840
f 951//841 949//839 948//838
f 949//839 947//837 946//836
f 947//837 940//846 939//835
f 752//656 954//844 753//1
f 954//844 952//842 753//1
f 952//842 950//840 753//1
f 950//840 948//838 753//1
f 948//838 946//836 753//1
f 946//836 939//835 753//1
f 945//876 769//676 934//795
f 934//795 1004//877 945//876
f 1004//877 933//831 932//830
f 932//830 1005//878 1004//877
f 1005//878 936//833 935//832
f 935//832 1006//879 1005//878
f 945//876 1004//877 1007//880
f 1004//877 1005//878 1008//881
f 1005//878 1006//879 1009//882
f 944//870 1007//880 1010//883
f 1007//880 1008//881 1011//884
f 1008//881 1009//882 1012//885
f 943//864 1010//883 1013//886
f 1010//883 1011//884 1014//887
f 1011//884 1012//885 1015//888
f 942//858 1013//886 1016//889
f 1013//886 1014//887 1017//890
f 1014//887 1015//888 1018//891
f 941//852 1016//889 1019//892
f 1016//889 1017//890 1020//893
f 1017//890 1018//891 1021//894
f 940//846 1019//892 1022//895
f 1019//892 1020//893 1023//896
f 1020//893 1021//894 1024//897
f 939//835 1022//895 981//1
f 1022//895 1023//896 982//1
f 1023//896 1024//897 983//1
f 1006//879 938//834 937//829
f 937//829 984//898 1006//879
f 1009//882 1006//879 985//899
f 985//899 986//900 1009//882
f 1012//885 1009//882 987//901
f 987//901 988//902 1012//885
f 1015//888 1012//885 989//903
f 989//903 990//904 1015//888
f 1018//891 1015//888 991//905
s 0
f 991//64 992//906 1018//907
s 1
f 992//908 993//909 1018//891
f 1021//894 1018//891 994//910
f 994//910 995//911 1021//894
f 995//911 996//912 1021//894
f 1024//897 1021//894 997//913
f 997//913 998//914 1024//897
f 983//1 999//915 1000//916
f 983//1 1024//897 1001//917
f 1001//917 1002//917 983//1
f 1002//917 999//915 983//1
f 1000//916 1003//1 983//1
f 998//914 1001//917 1024//897
f 996//912 997//913 1021//894
f 993//909 994//910 1018//891
f 990//904 991//905 1015//888
f 988//902 989//903 1012//885
f 986//900 987//901 1009//882
f 984//898 985//899 1006//879
f 983//1 982//1 1023//896
f 982//1 981//1 1022//895
f 981//1 753//1 939//835
f 1024//897 1023//896 1020//893
f 1023//896 1022//895 1019//892
f 1022//895 939//835 940//846
f 1021//894 1020//893 1017//890
f 1020//893 1019//892 1016//889
f 1019//892 940//846 941//852
f 1018//891 1017//890 1014//887
f 1017//890 1016//889 1013//886
f 1016//889 941//852 942//858
f 1015//888 1014//887 1011//884
f 1014//887 1013//886 1010//883
f 1013//886 942//858 943//864
f 1012//885 1011//884 1008//881
f 1011//884 1010//883 1007//880
f 1010//883 943//864 944//870
f 1009//882 1008//881 1005//878
f 1008//881 1007//880 1004//877
f 1007//880 944//870 945//876
f 935//832 938//834 1006//879
f 932//830 936//833 1005//878
f 934//795 933//831 1004//877
f 1025//55 898//55 897//55
f 897//55 896//55 1025//55
f 1025//55 900//55 899//55
f 1025//55 905//55 904//55
f 899//55 898//55 1025//55
f 1025//55 902//55 901//55
f 904//55 903//55 1025//55
f 1025//55 907//55 906//55
f 1026//55 937//55 910//55
f 901//55 900//55 1025//55
f 906//55 905//55 1025//55
f 1025//55 909//55 908//55
f 910//55 1025//55 1026//55
f 903//55 902//55 1025//55
f 910//55 909//55 1025//55
f 908//55 907//55 1025//55
f 896//55 895//55 1025//55
f 1027//1 999//918 1002//919
f 1027//1 1003//1 1000//916
f 1000//916 999//918 1027//1
f 1002//919 1028//656 1029//657
f 1028//656 998//920 997//658
f 1028//656 1002//919 1001//919
f 1001//919 998//920 1028//656
f 997//658 1030//658 1031//921
f 996//922 1032//660 1030//658
f 1030//658 997//658 996//922
f 992//923 1033//924 1032//660
f 992//923 1034//662 1033//924
f 1032//660 995//925 994//926
f 994//926 993//927 1032//660
f 989//664 1035//928 1034//662
s 0
f 1034//929 992//929 991//929
s 1
f 991//923 990//930 1034//662
f 987//931 1036//932 1035//928
f 987//931 1037//666 1036//932
f 1035//928 989//664 988//933
f 985//668 1038//934 1037//666
f 985//668 1039//668 1038//934
f 1037//666 987//931 986//935
f 984//936 1040//937 1039//668
f 984//936 1026//55 1040//937
f 1039//668 985//668 984//936
f 984//936 937//55 1026//55
f 1037//666 986//935 985//668
f 1035//928 988//933 987//931
f 1034//662 990//930 989//664
f 1032//660 993//927 992//923
f 996//922 995//925 1032//660
f 997//658 1031//921 1028//656
f 1002//919 1029//657 1027//1
f 895//53 700//53 699//53
f 699//53 1041//53 895//53
f 1041//53 695//53 694//53
f 1041//53 697//53 696//53
f 895//53 701//53 700//53
f 774//53 1041//53 691//53
f 696//53 695//53 1041//53
f 895//53 702//53 701//53
f 702//53 895//53 894//53
f 703//53 892//53 893//53
f 704//53 893//53 751//53
f 691//53 688//53 774//53
f 1041//53 698//53 697//53
f 894//53 703//53 702//53
f 703//53 894//53 892//53
f 751//53 708//53 705//53
f 1041//53 692//53 691//53
f 699//53 698//53 1041//53
f 751//53 705//53 704//53
f 1042//53 1043//53 895//53
f 1041//53 693//53 692//53
f 893//53 704//53 703//53
f 895//53 1041//53 1042//53
f 694//53 693//53 1041//53
f 1043//53 1044//53 895//53
f 1044//53 1025//53 895//53
f 688//53 687//53 774//53
f 841//21 1045//21 1046//938
f 1047//938 1046//938 1048//939
f 1049//939 1048//939 1050//940
f 1051//940 1050//940 1052//941
f 1053//941 1052//941 1054//942
f 1055//942 1056//943 1057//944
f 1055//942 1054//942 1056//943
f 1058//944 1059//945 1060//946
f 1058//944 1057//944 1059//945
f 1061//946 1062//947 1041//53
f 1061//946 1060//946 1062//947
f 1041//53 774//53 1061//946
f 1060//946 1061//946 1058//944
f 1057//944 1058//944 1055//942
f 1054//942 1055//942 1053//941
f 1052//941 1053//941 1051//940
f 1050//940 1051//940 1049//939
f 1048//939 1049//939 1047//938
f 1046//938 1047//938 841//21
f 1063//948 1064//949 810//721
f 1064//949 809//720 810//721
f 1064//949 1063//948 1065//950
f 1066//951 1065//950 1067//952
f 1068//953 1067//952 1069//954
f 1070//955 1069//954 1071//956
f 1072//957 1071//956 1073//958
f 1074//959 1073//958 1075//960
f 1075//960 788//695 787//694
f 787//694 1076//961 1075//960
f 1063//948 811//722 815//726
f 815//726 1077//962 1063//948
f 1063//948 1077//962 1078//963
f 1065//950 1078//963 1079//964
f 1067//952 1079//964 1080//965
f 1069//954 1080//965 1081//966
f 1071//956 1081//966 1082//967
f 1073//958 1082//967 1083//968
f 1075//960 1083//968 784//691
f 1083//968 785//692 784//691
f 1084//969 1077//962 816//727
f 1077//962 1084//969 1085//970
f 1078//963 1085//970 1086//971
f 1079//964 1086//971 1087//972
f 1080//965 1087//972 1088//973
f 1081//966 1088//973 1089//974
f 1082//967 1089//974 1090//975
f 1090//975 786//693 785//692
f 1091//976 1084//969 821//730
f 1084//969 818//728 821//730
f 1084//969 1091//976 1092//977
f 1085//970 1092//977 1093//978
f 1086//971 1093//978 1094//979
f 1087//972 1094//979 1095//980
f 1088//973 1095//980 1096//981
f 1089//974 1096//981 1097//982
f 1097//982 783//690 782//689
f 782//689 1090//975 1097//982
f 1091//976 823//731 824//732
f 824//732 1098//983 1091//976
f 1091//976 1098//983 1099//984
f 1092//977 1099//984 1100//985
f 1093//978 1100//985 1101//986
f 1094//979 1101//986 1102//987
f 1095//980 1102//987 1103//988
f 1096//981 1103//988 1104//989
f 1097//982 1104//989 781//688
f 1104//989 780//687 781//688
f 1098//983 826//733 827//734
f 827//734 1105//990 1098//983
f 1098//983 1105//990 1106//991
f 1099//984 1106//991 1107//992
f 1100//985 1107//992 1108//993
f 1101//986 1108//993 1109//994
f 1102//987 1109//994 1110//995
f 1103//988 1110//995 1111//996
f 1104//989 1111//996 779//685
f 1111//996 778//683 779//685
f 1105//990 830//736 831//737
f 831//737 1112//997 1105//990
f 1105//990 1112//997 1113//998
f 1106//991 1113//998 1114//999
f 1107//992 1114//999 1115//1000
f 1108//993 1115//1000 1116//1001
f 1109//994 1116//1001 1117//1002
f 1110//995 1117//1002 1118//1003
f 1111//996 1118//1003 775//679
f 1118//1003 776//680 775//679
f 1119//1004 1112//997 834//739
f 1112//997 1119//1004 1120//1005
f 1113//998 1120//1005 1121//1006
f 1114//999 1121//1006 1122//1007
f 1115//1000 1122//1007 1123//1008
f 1116//1001 1123//1008 1124//1009
f 1117//1002 1124//1009 1125//1010
f 1125//1010 777//681 776//680
f 1126//1011 1119//1004 838//742
f 1119//1004 835//740 838//742
f 1119//1004 1126//1011 1127//1012
f 1120//1005 1127//1012 1128//1013
f 1121//1006 1128//1013 1129//1014
f 1122//1007 1129//1014 1130//1015
f 1123//1008 1130//1015 1131//1016
f 1124//1009 1131//1016 1132//1017
f 1132//1017 772//677 773//678
f 773//678 1125//1010 1132//1017
f 1047//938 1126//1011 840//744
f 1049//939 1127//1012 1126//1011
f 1051//940 1128//1013 1127//1012
f 1053//941 1129//1014 1128//1013
f 1053//941 1055//942 1130//1015
f 1055//942 1058//944 1131//1016
f 1058//944 1061//946 1132//1017
f 1061//946 774//53 772//677
f 772//677 1132//1017 1061//946
f 1132//1017 1131//1016 1058//944
f 1131//1016 1130//1015 1055//942
f 1130//1015 1129//1014 1053//941
f 1128//1013 1051//940 1053//941
f 1127//1012 1049//939 1051//940
f 1126//1011 1047//938 1049//939
f 840//744 841//21 1047//938
f 773//678 777//681 1125//1010
f 1132//1017 1125//1010 1124//1009
f 1131//1016 1124//1009 1123//1008
f 1130//1015 1123//1008 1122//1007
f 1129//1014 1122//1007 1121//1006
f 1128//1013 1121//1006 1120//1005
f 1127//1012 1120//1005 1119//1004
f 838//742 840//744 1126//1011
f 776//680 1118//1003 1125//1010
f 1125//1010 1118//1003 1117//1002
f 1124//1009 1117//1002 1116//1001
f 1123//1008 1116//1001 1115//1000
f 1122//1007 1115//1000 1114//999
f 1121//1006 1114//999 1113//998
f 1120//1005 1113//998 1112//997
f 834//739 835//740 1119//1004
f 775//679 778//683 1111//996
f 1118//1003 1111//996 1110//995
f 1117//1002 1110//995 1109//994
f 1116//1001 1109//994 1108//993
f 1115//1000 1108//993 1107//992
f 1114//999 1107//992 1106//991
f 1113//998 1106//991 1105//990
f 831//737 834//739 1112//997
f 779//685 780//687 1104//989
f 1111//996 1104//989 1103//988
f 1110//995 1103//988 1102//987
f 1109//994 1102//987 1101//986
f 1108//993 1101//986 1100//985
f 1107//992 1100//985 1099//984
f 1106//991 1099//984 1098//983
f 827//734 830//736 1105//990
f 781//688 783//690 1097//982
f 1104//989 1097//982 1096//981
f 1103//988 1096//981 1095//980
f 1102//987 1095//980 1094//979
f 1101//986 1094//979 1093//978
f 1100//985 1093//978 1092//977
f 1099//984 1092//977 1091//976
f 824//732 826//733 1098//983
f 782//689 786//693 1090//975
f 1097//982 1090//975 1089//974
f 1096//981 1089//974 1088//973
f 1095//980 1088//973 1087//972
f 1094//979 1087//972 1086//971
f 1093//978 1086//971 1085//970
f 1092//977 1085//970 1084//969
f 821//730 823//731 1091//976
f 785//692 1083//968 1090//975
f 1090//975 1083//968 1082//967
f 1089//974 1082//967 1081//966
f 1088//973 1081//966 1080//965
f 1087//972 1080//965 1079//964
f 1086//971 1079//964 1078//963
f 1085//970 1078//963 1077//962
f 816//727 818//728 1084//969
f 784//691 788//695 1075//960
f 1083//968 1075//960 1073//958
f 1082//967 1073//958 1071//956
f 1081//966 1071//956 1069//954
f 1080//965 1069//954 1067//952
f 1079//964 1067//952 1065//950
f 1078//963 1065//950 1063//948
f 815//726 816//727 1077//962
f 787//694 789//697 1076//961
f 1075//960 1076//961 1074//959
f 1073//958 1074//959 1072//957
f 1071//956 1072//957 1070//955
f 1069//954 1070//955 1068//953
f 1067//952 1068//953 1066//951
f 1065//950 1066//951 1064//949
f 810//721 811//722 1063//948
f 742//55 1076//961 789//697
f 742//55 1074//959 1076//961
f 742//55 1072//957 1074//959
f 742//55 1070//955 1072//957
f 742//55 1068//953 1070//955
f 742//55 1066//951 1068//953
f 742//55 1064//949 1066//951
f 742//55 809//720 1064//949
f 843//21 1133//21 1045//21
f 843//21 1134//21 1133//21
f 1045//21 841//21 843//21
f 807//1 1135//1 1136//89
f 1137//89 1136//89 1138//93
f 1139//93 1138//93 1140//1018
f 1141//1018 1140//1018 1142//1019
f 1143//1019 1142//1019 1144//1020
f 1145//1020 1144//1020 1146//1021
f 1147//1021 1146//1021 1148//1022
f 1149//1022 1148//1022 1134//21
f 1134//21 843//21 1149//1022
f 1148//1022 1149//1022 1147//1021
f 1146//1021 1147//1021 1145//1020
f 1144//1020 1145//1020 1143//1019
f 1142//1019 1143//1019 1141//1018
f 1140//1018 1141//1018 1139//93
f 1138//93 1139//93 1137//89
f 1136//89 1137//89 807//1
f 1150//1023 1151//1024 791//700
f 1151//1024 790//699 791//700
f 1151//1024 1150//1023 1152//1025
f 1153//1026 1152//1025 1154//1027
f 1155//1028 1154//1027 1156//1029
f 1157//1030 1156//1029 1158//1031
f 1159//1032 1158//1031 1160//1033
f 1161//1034 1160//1033 1162//1035
f 1162//1035 813//724 812//723
f 812//723 1163//1036 1162//1035
f 1150//1023 792//701 793//702
f 793//702 1164//1037 1150//1023
f 1150//1023 1164//1037 1165//1038
f 1152//1025 1165//1038 1166//1039
f 1154//1027 1166//1039 1167//1040
f 1156//1029 1167//1040 1168//1041
f 1158//1031 1168//1041 1169//1042
f 1160//1033 1169//1042 1170//1043
f 1162//1035 1170//1043 814//725
f 1170//1043 817//727 814//725
f 1171//1044 1164//1037 794//703
f 1164//1037 1171//1044 1172//1045
f 1165//1038 1172//1045 1173//1046
f 1166//1039 1173//1046 1174//1047
f 1167//1040 1174//1047 1175//1048
f 1168//1041 1175//1048 1176//1049
f 1169//1042 1176//1049 1177//1050
f 1177//1050 819//728 817//727
f 1178//1051 1171//1044 796//705
f 1171//1044 795//704 796//705
f 1171//1044 1178//1051 1179//1052
f 1172//1045 1179//1052 1180//1053
f 1173//1046 1180//1053 1181//1054
f 1174//1047 1181//1054 1182//1055
f 1175//1048 1182//1055 1183//1056
f 1176//1049 1183//1056 1184//1057
f 1184//1057 822//731 820//729
f 820//729 1177//1050 1184//1057
f 1178//1051 797//706 798//707
f 798//707 1185//1058 1178//1051
f 1178//1051 1185//1058 1186//1059
f 1179//1052 1186//1059 1187//1060
f 1180//1053 1187//1060 1188//1061
f 1181//1054 1188//1061 1189//1062
f 1182//1055 1189//1062 1190//1063
f 1183//1056 1190//1063 1191//1064
f 1184//1057 1191//1064 828//735
f 1191//1064 825//733 828//735
f 1185//1058 800//709 799//708
f 799//708 1192//1065 1185//1058
f 1185//1058 1192//1065 1193//1066
f 1186//1059 1193//1066 1194//1067
f 1187//1060 1194//1067 1195//1068
f 1188//1061 1195//1068 1196//1069
f 1189//1062 1196//1069 1197//1070
f 1190//1063 1197//1070 1198//1071
f 1191//1064 1198//1071 832//738
f 1198//1071 829//736 832//738
f 1192//1065 801//710 802//712
f 802//712 1199//1072 1192//1065
f 1192//1065 1199//1072 1200//1073
f 1193//1066 1200//1073 1201//1074
f 1194//1067 1201//1074 1202//1075
f 1195//1068 1202//1075 1203//1076
f 1196//1069 1203//1076 1204//1077
f 1197//1070 1204//1077 1205//1078
f 1198//1071 1205//1078 836//741
f 1205//1078 833//739 836//741
f 1206//1079 1199//1072 805//715
f 1199//1072 1206//1079 1207//1080
f 1200//1073 1207//1080 1208//1081
f 1201//1074 1208//1081 1209//1082
f 1202//1075 1209//1082 1210//1083
f 1203//1076 1210//1083 1211//1084
f 1204//1077 1211//1084 1212//1085
f 1212//1085 837//740 833//739
f 1213//1086 1206//1079 803//713
f 1206//1079 804//714 803//713
f 1206//1079 1213//1086 1214//1087
f 1207//1080 1214//1087 1215//1088
f 1208//1081 1215//1088 1216//1089
f 1209//1082 1216//1089 1217//1090
f 1210//1083 1217//1090 1218//1091
f 1211//1084 1218//1091 1219//1092
f 1219//1092 839//743 842//745
f 842//745 1212//1085 1219//1092
f 1137//89 1213//1086 806//717
f 1139//93 1214//1087 1213//1086
f 1141//1018 1215//1088 1214//1087
f 1143//1019 1216//1089 1215//1088
f 1143//1019 1145//1020 1217//1090
f 1145//1020 1147//1021 1218//1091
f 1147//1021 1149//1022 1219//1092
f 1149//1022 843//21 839//743
f 839//743 1219//1092 1149//1022
f 1219//1092 1218//1091 1147//1021
f 1218//1091 1217//1090 1145//1020
f 1217//1090 1216//1089 1143//1019
f 1215//1088 1141//1018 1143//1019
f 1214//1087 1139//93 1141//1018
f 1213//1086 1137//89 1139//93
f 806//717 807//1 1137//89
f 842//745 837//740 1212//1085
f 1219//1092 1212//1085 1211//1084
f 1218//1091 1211//1084 1210//1083
f 1217//1090 1210//1083 1209//1082
f 1216//1089 1209//1082 1208//1081
f 1215//1088 1208//1081 1207//1080
f 1214//1087 1207//1080 1206//1079
f 803//713 806//717 1213//1086
f 833//739 1205//1078 1212//1085
f 1212//1085 1205//1078 1204//1077
f 1211//1084 1204//1077 1203//1076
f 1210//1083 1203//1076 1202//1075
f 1209//1082 1202//1075 1201//1074
f 1208//1081 1201//1074 1200//1073
f 1207//1080 1200//1073 1199//1072
f 805//715 804//714 1206//1079
f 836//741 829//736 1198//1071
f 1205//1078 1198//1071 1197//1070
f 1204//1077 1197//1070 1196//1069
f 1203//1076 1196//1069 1195//1068
f 1202//1075 1195//1068 1194//1067
f 1201//1074 1194//1067 1193//1066
f 1200//1073 1193//1066 1192//1065
f 802//712 805//715 1199//1072
f 832//738 825//733 1191//1064
f 1198//1071 1191//1064 1190//1063
f 1197//1070 1190//1063 1189//1062
f 1196//1069 1189//1062 1188//1061
f 1195//1068 1188//1061 1187//1060
f 1194//1067 1187//1060 1186//1059
f 1193//1066 1186//1059 1185//1058
f 799//708 801//710 1192//1065
f 828//735 822//731 1184//1057
f 1191//1064 1184//1057 1183//1056
f 1190//1063 1183//1056 1182//1055
f 1189//1062 1182//1055 1181//1054
f 1188//1061 1181//1054 1180//1053
f 1187//1060 1180//1053 1179//1052
f 1186//1059 1179//1052 1178//1051
f 798//707 800//709 1185//1058
f 820//729 819//728 1177//1050
f 1184//1057 1177//1050 1176//1049
f 1183//1056 1176//1049 1175//1048
f 1182//1055 1175//1048 1174//1047
f 1181//1054 1174//1047 1173//1046
f 1180//1053 1173//1046 1172//1045
f 1179//1052 1172//1045 1171//1044
f 796//705 797//706 1178//1051
f 817//727 1170//1043 1177//1050
f 1177//1050 1170//1043 1169//1042
f 1176//1049 1169//1042 1168//1041
f 1175//1048 1168//1041 1167//1040
f 1174//1047 1167//1040 1166//1039
f 1173//1046 1166//1039 1165//1038
f 1172//1045 1165//1038 1164//1037
f 794//703 795//704 1171//1044
f 814//725 813//724 1162//1035
f 1170//1043 1162//1035 1160//1033
f 1169//1042 1160//1033 1158//1031
f 1168//1041 1158//1031 1156//1029
f 1167//1040 1156//1029 1154//1027
f 1166//1039 1154//1027 1152//1025
f 1165//1038 1152//1025 1150//1023
f 793//702 794//703 1164//1037
f 812//723 808//719 1163//1036
f 1162//1035 1163//1036 1161//1034
f 1160//1033 1161//1034 1159//1032
f 1158//1031 1159//1032 1157//1030
f 1156//1029 1157//1030 1155//1028
f 1154//1027 1155//1028 1153//1026
f 1152//1025 1153//1026 1151//1024
f 791//700 792//701 1150//1023
f 743//55 1163//1036 808//719
f 743//55 1161//1034 1163//1036
f 743//55 1159//1032 1161//1034
f 743//55 1157//1030 1159//1032
f 743//55 1155//1028 1157//1030
f 743//55 1153//1026 1155//1028
f 743//55 1151//1024 1153//1026
f 743//55 790//699 1151//1024
f 1044//1093 1043//1094 1220//1095
f 1220//1095 1221//1096 1044//1093
f 1222//1097 1223//1098 1224//1098
f 1224//1098 1225//1099 1222//1097
f 1226//1100 1222//1097 1227//1101
f 1227//1101 1228//1102 1226//1100
f 1229//1103 1226//1100 1230//1104
f 1230//1104 1231//1105 1229//1103
f 1229//1103 1232//1106 1233//1107
f 1229//1103 1234//55 1232//1106
f 1235//1108 1236//1109 1237//1110
f 1235//1108 1233//1107 1236//1109
f 1238//1111 1239//1112 1240//1113
f 1238//1111 1237//1110 1239//1112
f 1241//1114 1242//1115 1243//1116
f 1241//1114 1244//1117 1242//1115
f 1243//1116 1245//1116 1241//1114
f 1241//1114 1246//1118 1244//1117
f 1247//1113 1248//1119 1249//1120
f 1247//1113 1250//1121 1251//1122
f 1247//1113 1252//1123 1250//1121
f 1247//1113 1240//1113 1253//1124
f 1240//1113 1254//1125 1253//1124
f 1253//1124 1255//1124 1247//1113
f 1240//1113 1256//1126 1257//1127
f 1257//1127 1258//1128 1240//1113
f 1258//1128 1254//1125 1240//1113
f 1255//1124 1252//1123 1247//1113
f 1240//1113 1259//1129 1256//1126
f 1251//1122 1248//1119 1247//1113
f 1260//1130 1244//1117 1261//1120
f 1259//1129 1240//1113 1260//1130
f 1261//1120 1259//1129 1260//1130
f 1262//1120 1263//1131 1264//1116
f 1262//1120 1265//1132 1263//1131
f 1262//1120 1249//1120 1265//1132
f 1266//1133 1267//1116 1268//1134
f 1267//1116 1269//1135 1268//1134
f 1267//1116 1264//1116 1269//1135
f 1266//1133 1270//1133 1271//1136
f 1271//1136 1272//1137 1266//1133
f 1273//1138 1029//1139 1028//1140
f 1273//1138 1027//1141 1029//1139
f 1273//1138 1031//1138 1030//1142
f 1030//1142 1274//1094 1273//1138
f 1030//1142 1032//1143 1274//1094
f 1275//1093 1034//1144 1035//1145
f 1275//1093 1274//1094 1033//1094
f 1033//1094 1034//1144 1275//1093
f 1025//1146 1044//1093 1276//1093
f 1276//1093 1277//1147 1025//1146
f 1224//1098 1223//1098 1026//1146
f 1223//1098 1040//1148 1026//1146
f 1223//1098 1037//1149 1038//1150
f 1038//1150 1039//1151 1223//1098
f 1223//1098 1275//1093 1036//1152
f 1036//1152 1037//1149 1223//1098
f 1039//1151 1040//1148 1223//1098
f 1026//1146 1025//1146 1224//1098
f 1277//1147 1224//1098 1025//1146
f 1035//1145 1036//1152 1275//1093
f 1032//1143 1033//1094 1274//1094
f 1028//1140 1031//1138 1273//1138
f 1272//1137 1278//1153 1266//1133
f 1268//1134 1270//1133 1266//1133
f 1264//1116 1267//1116 1262//1120
f 1249//1120 1262//1120 1247//1113
f 1246//1118 1261//1120 1244//1117
f 1245//1116 1243//1116 1279//1154
f 1240//1113 1247//1113 1238//1111
f 1237//1110 1238//1111 1235//1108
f 1233//1107 1235//1108 1229//1103
f 1231//1105 1234//55 1229//1103
f 1228//1102 1230//1104 1226//1100
f 1225//1099 1227//1101 1222//1097
f 1221//1096 1276//1093 1044//1093
f 1220//1095 1043//1094 1042//1155
f 1280//55 1254//1156 1258//1157
f 1280//55 1253//55 1254//1156
f 1281//1158 1257//1159 1256//1160
f 1281//1158 1258//1157 1257//1159
f 1256//1160 1282//1161 1283//644
f 1256//1160 1284//1162 1282//1161
f 1283//644 1285//1163 1256//1160
f 1284//1162 1256//1160 1259//1164
f 1259//1164 1286//1165 1287//1166
f 1259//1164 1288//1167 1286//1165
f 1288//1167 1259//1164 1261//1168
f 1261//1168 1289//1169 1290//647
f 1261//1168 1290//647 1288//1167
f 1246//1170 1291//1171 1289//1169
f 1291//1171 1246//1170 1241//1172
f 1241//1172 1292//1173 1293//1174
f 1241//1172 1294//1172 1292//1173
f 1294//1172 1241//1172 1245//1175
f 1245//1175 1295//1176 1294//1172
f 1279//1177 1296//1177 1297//650
f 1297//650 1295//1176 1279//1177
f 1245//1175 1279//1177 1295//1176
f 1241//1172 1293//1174 1291//1171
f 1261//1168 1246//1170 1289//1169
f 1259//1164 1287//1166 1284//1162
f 1256//1160 1285//1163 1281//1158
f 1258//1157 1281//1158 1280//55
f 1255//55 1253//55 1280//55
f 1280//55 1298//55 1255//55
f 1298//55 1299//1178 1250//668
f 1250//668 1252//670 1298//55
f 1252//670 1255//55 1298//55
f 1300//1179 1301//935 1248//666
f 1248//666 1251//1180 1300//1179
f 1251//1180 1250//668 1300//1179
f 1265//664 1302//1181 1303//1182
f 1304//666 1302//1181 1265//664
f 1265//664 1249//1183 1304//666
f 1249//1183 1248//666 1304//666
f 1263//662 1305//1184 1306//1185
f 1263//662 1307//930 1305//1184
f 1308//1182 1307//930 1263//662
f 1263//662 1265//664 1308//1182
f 1309//1185 1310//1186 1269//660
f 1269//660 1264//924 1309//1185
f 1264//924 1263//662 1309//1187
f 1268//658 1311//1188 1312//1189
f 1313//660 1311//1188 1268//658
f 1268//658 1269//660 1313//660
f 1271//656 1314//1190 1315//1191
f 1271//656 1316//920 1314//1190
f 1271//656 1270//1192 1317//1189
f 1317//1189 1316//920 1271//656
f 1315//1191 1318//919 1271//656
f 1278//1 1272//657 1318//919
f 1318//919 1319//1193 1278//1
f 1319//1193 1320//1 1278//1
f 1272//657 1271//656 1318//919
f 1270//921 1268//1194 1317//1189
s 0
f 1312//929 1317//929 1268//929
s 1
f 1310//1186 1313//660 1269//660
s 0
f 1306//929 1309//929 1263//929
f 1303//929 1308//929 1265//929
s 1
f 1301//935 1304//666 1248//666
f 1299//1178 1300//1179 1250//668
f 1298//1195 1280//1195 1321//1196
f 1321//1196 1322//1196 1298//1195
f 1323//1197 1319//1193 1318//1198
f 1324//1 1320//1 1319//1193
f 1319//1193 1323//1197 1324//1
s 0
f 1323//1199 1317//21 1312//1200
s 1
f 1323//1197 1316//1201 1317//1202
f 1323//1197 1314//1203 1316//1201
f 1323//1197 1315//1204 1314//1203
f 1325//1205 1311//1206 1313//1207
f 1325//1205 1312//1200 1311//1206
s 0
f 1326//1208 1309//21 1306//1209
s 1
f 1326//1210 1310//1211 1309//1212
f 1326//1210 1313//1207 1310//1211
s 0
f 1327//1213 1308//21 1303//1214
s 1
f 1327//1215 1307//1216 1308//1217
f 1327//1215 1305//1218 1307//1216
f 1327//1215 1306//1219 1305//1218
f 1328//1220 1302//1221 1304//1222
f 1328//1220 1303//1217 1302//1221
f 1329//1223 1301//1224 1300//1225
f 1329//1223 1304//1222 1301//1224
f 1322//1196 1330//1226 1299//1227
f 1330//1226 1300//1225 1299//1227
f 1299//1227 1298//1195 1322//1196
f 1300//1225 1330//1226 1329//1223
f 1304//1222 1329//1223 1328//1220
f 1303//1217 1328//1220 1327//1215
f 1306//1212 1327//1215 1326//1210
f 1313//1207 1326//1210 1325//1205
f 1312//1228 1325//1205 1323//1197
f 1318//1198 1315//1204 1323//1197
f 1331//76 1349//1229 1350//1230
f 1349//1229 1351//1231 1352//1232
f 1351//1231 1353//1233 1354//1234
f 1353//1233 1355//1235 1356//1236
f 1355//1235 1357//1237 1358//1238
f 1357//1237 1359//1239 1360//1240
f 1359//1239 1361//1241 1362//1242
f 1361//1241 1363//1243 1364//1244
f 1363//1243 1365//1245 1366//1246
f 1365//1245 1367//1247 1368//1248
f 1367//1247 1323//1197 1325//1205
f 1332//82 1350//1230 1369//1249
f 1350//1230 1352//1232 1370//1250
f 1352//1232 1354//1234 1371//1251
f 1354//1234 1356//1236 1372//1252
f 1356//1236 1358//1238 1373//1253
f 1358//1238 1360//1240 1374//1254
f 1360//1240 1362//1242 1375//1255
f 1362//1242 1364//1244 1376//1256
f 1364//1244 1366//1246 1377//1257
f 1366//1246 1368//1248 1378//1258
f 1368//1248 1325//1205 1326//1210
f 1333//1259 1369//1249 1379//1260
f 1369//1249 1370//1250 1380//1261
f 1370//1250 1371//1251 1381//1262
f 1371//1251 1372//1252 1382//1263
f 1372//1252 1373//1253 1383//1264
f 1373//1253 1374//1254 1384//1265
f 1374//1254 1375//1255 1385//1266
f 1375//1255 1376//1256 1386//1267
f 1376//1256 1377//1257 1387//1268
f 1377//1257 1378//1258 1388//1269
f 1378//1258 1326//1210 1327//1215
f 1334//1270 1379//1260 1389//1271
f 1379//1260 1380//1261 1390//1272
f 1380//1261 1381//1262 1391//1273
f 1381//1262 1382//1263 1392//1274
f 1382//1263 1383//1264 1393//1275
f 1383//1264 1384//1265 1394//1276
f 1384//1265 1385//1266 1395//1277
f 1385//1266 1386//1267 1396//1278
f 1386//1267 1387//1268 1397//1279
f 1387//1268 1388//1269 1398//1280
f 1388//1269 1327//1215 1328//1220
f 1335//1281 1389//1271 1399//1282
f 1389//1271 1390//1272 1400//1283
f 1390//1272 1391//1273 1401//1284
f 1391//1273 1392//1274 1402//1285
f 1392//1274 1393//1275 1403//1286
f 1393//1275 1394//1276 1404//1287
f 1394//1276 1395//1277 1405//1288
f 1395//1277 1396//1278 1406//1289
f 1396//1278 1397//1279 1407//1290
f 1397//1279 1398//1280 1408//1291
f 1398//1280 1328//1220 1329//1223
f 1336//1292 1399//1282 1409//1293
f 1399//1282 1400//1283 1410//1294
f 1400//1283 1401//1284 1411//1295
f 1401//1284 1402//1285 1412//1296
f 1402//1285 1403//1286 1413//1297
f 1403//1286 1404//1287 1414//1298
f 1404//1287 1405//1288 1415//1299
f 1405//1288 1406//1289 1416//1300
f 1406//1289 1407//1290 1417//1301
f 1407//1290 1408//1291 1418//1302
f 1408//1291 1329//1223 1330//1226
f 1337//1303 1409//1293 1338//1304
f 1409//1293 1410//1294 1339//1305
f 1410//1294 1411//1295 1340//1306
f 1411//1295 1412//1296 1341//1307
f 1412//1296 1413//1297 1342//1308
f 1413//1297 1414//1298 1343//1309
f 1414//1298 1415//1299 1344//1310
f 1415//1299 1416//1300 1345//1311
f 1416//1300 1417//1301 1346//1312
f 1417//1301 1418//1302 1347//1313
f 1418//1302 1330//1226 1322//1196
f 1322//1196 1347//1313 1418//1302
f 1347//1313 1346//1312 1417//1301
f 1346//1312 1345//1311 1416//1300
f 1345//1311 1344//1310 1415//1299
f 1344//1310 1343//1309 1414//1298
f 1343//1309 1342//1308 1413//1297
f 1342//1308 1341//1307 1412//1296
f 1341//1307 1340//1306 1411//1295
f 1340//1306 1339//1305 1410//1294
f 1339//1305 1338//1304 1409//1293
f 1338//1304 1348//64 1337//1303
f 1330//1226 1418//1302 1408//1291
f 1418//1302 1417//1301 1407//1290
f 1417//1301 1416//1300 1406//1289
f 1416//1300 1415//1299 1405//1288
f 1415//1299 1414//1298 1404//1287
f 1414//1298 1413//1297 1403//1286
f 1413//1297 1412//1296 1402//1285
f 1412//1296 1411//1295 1401//1284
f 1411//1295 1410//1294 1400//1283
f 1410//1294 1409//1293 1399//1282
f 1409//1293 1337//1303 1336//1292
f 1329//1223 1408//1291 1398//1280
f 1408//1291 1407//1290 1397//1279
f 1407//1290 1406//1289 1396//1278
f 1406//1289 1405//1288 1395//1277
f 1405//1288 1404//1287 1394//1276
f 1404//1287 1403//1286 1393//1275
f 1403//1286 1402//1285 1392//1274
f 1402//1285 1401//1284 1391//1273
f 1401//1284 1400//1283 1390//1272
f 1400//1283 1399//1282 1389//1271
f 1399//1282 1336//1292 1335//1281
f 1328//1220 1398//1280 1388//1269
f 1398//1280 1397//1279 1387//1268
f 1397//1279 1396//1278 1386//1267
f 1396//1278 1395//1277 1385//1266
f 1395//1277 1394//1276 1384//1265
f 1394//1276 1393//1275 1383//1264
f 1393//1275 1392//1274 1382//1263
f 1392//1274 1391//1273 1381//1262
f 1391//1273 1390//1272 1380//1261
f 1390//1272 1389//1271 1379//1260
f 1389//1271 1335//1281 1334//1270
f 1327//1215 1388//1269 1378//1258
f 1388//1269 1387//1268 1377//1257
f 1387//1268 1386//1267 1376//1256
f 1386//1267 1385//1266 1375//1255
f 1385//1266 1384//1265 1374//1254
f 1384//1265 1383//1264 1373//1253
f 1383//1264 1382//1263 1372//1252
f 1382//1263 1381//1262 1371//1251
f 1381//1262 1380//1261 1370//1250
f 1380//1261 1379//1260 1369//1249
f 1379//1260 1334//1270 1333//1259
f 1326//1210 1378//1258 1368//1248
f 1378//1258 1377//1257 1366//1246
f 1377//1257 1376//1256 1364//1244
f 1376//1256 1375//1255 1362//1242
f 1375//1255 1374//1254 1360//1240
f 1374//1254 1373//1253 1358//1238
f 1373//1253 1372//1252 1356//1236
f 1372//1252 1371//1251 1354//1234
f 1371//1251 1370//1250 1352//1232
f 1370//1250 1369//1249 1350//1230
f 1369//1249 1333//1259 1332//82
f 1325//1205 1368//1248 1367//1247
f 1368//1248 1366//1246 1365//1245
f 1366//1246 1364//1244 1363//1243
f 1364//1244 1362//1242 1361//1241
f 1362//1242 1360//1240 1359//1239
f 1360//1240 1358//1238 1357//1237
f 1358//1238 1356//1236 1355//1235
f 1356//1236 1354//1234 1353//1233
f 1354//1234 1352//1232 1351//1231
f 1352//1232 1350//1230 1349//1229
f 1350//1230 1332//82 1331//76
f 1323//1197 1367//1247 1324//1
f 1367//1247 1365//1245 1324//1
f 1365//1245 1363//1243 1324//1
f 1363//1243 1361//1241 1324//1
f 1361//1241 1359//1239 1324//1
f 1359//1239 1357//1237 1324//1
f 1357//1237 1355//1235 1324//1
f 1355//1235 1353//1233 1324//1
f 1353//1233 1351//1231 1324//1
f 1351//1231 1349//1229 1324//1
f 1349//1229 1331//76 1324//1
f 1337//1303 1348//64 1419//64
f 1336//1292 1337//1303 1420//1303
f 1335//1281 1336//1292 1421//1292
f 1334//1270 1335//1281 1422//1281
f 1333//1259 1334//1270 1423//1270
f 1332//82 1333//1259 1424//1259
f 1331//76 1332//82 1425//82
f 1324//1 1331//76 1426//76
f 1426//76 1427//1 1324//1
f 1425//82 1426//76 1331//76
f 1424//1259 1425//82 1332//82
f 1423//1270 1424//1259 1333//1259
f 1422//1281 1423//1270 1334//1270
f 1421//1292 1422//1281 1335//1281
f 1420//1303 1421//1292 1336//1292
f 1419//64 1420//1303 1337//1303
f 1348//64 1428//64 1429//64
f 1429//64 1430//64 1348//64
f 1430//64 1419//64 1348//64
f 1347//1313 1322//1196 1321//1196
f 1346//1312 1347//1313 1431//1313
f 1345//1311 1346//1312 1432//1312
f 1344//1310 1345//1311 1433//1311
f 1343//1309 1344//1310 1434//1310
f 1342//1308 1343//1309 1435//1309
f 1341//1307 1342//1308 1436//1308
f 1340//1306 1341//1307 1437//1307
f 1339//1305 1340//1306 1438//1306
f 1338//1304 1339//1305 1439//1305
f 1348//64 1338//1304 1440//1304
f 1440//1304 1428//64 1348//64
f 1439//1305 1440//1304 1338//1304
f 1438//1306 1439//1305 1339//1305
f 1437//1307 1438//1306 1340//1306
f 1436//1308 1437//1307 1341//1307
f 1435//1309 1436//1308 1342//1308
f 1434//1310 1435//1309 1343//1309
f 1433//1311 1434//1310 1344//1310
f 1432//1312 1433//1311 1345//1311
f 1431//1313 1432//1312 1346//1312
f 1321//1196 1431//1313 1347//1313
f 1441//1314 1456//1315 1457//1316
f 1456//1315 1458//1317 1459//1318
f 1458//1317 1460//1319 1461//1320
f 1460//1319 1462//1321 1463//1322
f 1462//1321 1464//1323 1465//1324
f 1464//1323 1466//1325 1467//1326
f 1466//1325 1468//1327 1469//1328
f 1468//1327 1470//1329 1471//1330
f 1470//1329 1472//1331 1473//1332
f 1472//1331 1474//1333 1475//1334
f 1474//1333 1442//1335 1443//1336
f 1444//1337 1457//1316 1476//1338
f 1457//1316 1459//1318 1477//1339
f 1459//1318 1461//1320 1478//1340
f 1461//1320 1463//1322 1479//1341
f 1463//1322 1465//1324 1480//1342
f 1465//1324 1467//1326 1481//1343
f 1467//1326 1469//1328 1482//1344
f 1469//1328 1471//1330 1483//1345
f 1471//1330 1473//1332 1484//1346
f 1473//1332 1475//1334 1485//1347
f 1475//1334 1443//1336 1445//1348
f 1446//1349 1476//1338 1486//1350
f 1476//1338 1477//1339 1487//1351
f 1477//1339 1478//1340 1488//1352
f 1478//1340 1479//1341 1489//1353
f 1479//1341 1480//1342 1490//1354
f 1480//1342 1481//1343 1491//1355
f 1481//1343 1482//1344 1492//1356
f 1482//1344 1483//1345 1493//1357
f 1483//1345 1484//1346 1494//1358
f 1484//1346 1485//1347 1495//1359
f 1485//1347 1445//1348 1447//1360
f 1448//1361 1486//1350 1496//1362
f 1486//1350 1487//1351 1497//1363
f 1487//1351 1488//1352 1498//1364
f 1488//1352 1489//1353 1499//1365
f 1489//1353 1490//1354 1500//1366
f 1490//1354 1491//1355 1501//1367
f 1491//1355 1492//1356 1502//1368
f 1492//1356 1493//1357 1503//1369
f 1493//1357 1494//1358 1504//1370
f 1494//1358 1495//1359 1505//1371
f 1495//1359 1447//1360 1449//1372
f 1450//1373 1496//1362 1506//1374
f 1496//1362 1497//1363 1507//1375
f 1497//1363 1498//1364 1508//1376
f 1498//1364 1499//1365 1509//1377
f 1499//1365 1500//1366 1510//1378
f 1500//1366 1501//1367 1511//1379
f 1501//1367 1502//1368 1512//1380
f 1502//1368 1503//1369 1513//1381
f 1503//1369 1504//1370 1514//1382
f 1504//1370 1505//1371 1515//1383
f 1505//1371 1449//1372 1451//1384
f 1452//1385 1506//1374 1516//1386
f 1506//1374 1507//1375 1517//1387
f 1507//1375 1508//1376 1518//1388
f 1508//1376 1509//1377 1519//1389
f 1509//1377 1510//1378 1520//1390
f 1510//1378 1511//1379 1521//1391
f 1511//1379 1512//1380 1522//1392
f 1512//1380 1513//1381 1523//1393
f 1513//1381 1514//1382 1524//1394
f 1514//1382 1515//1383 1525//1395
f 1515//1383 1451//1384 1453//1396
f 1454//1397 1516//1386 1431//1313
f 1516//1386 1517//1387 1432//1312
f 1517//1387 1518//1388 1433//1311
f 1518//1388 1519//1389 1434//1310
f 1519//1389 1520//1390 1435//1309
f 1520//1390 1521//1391 1436//1308
f 1521//1391 1522//1392 1437//1307
f 1522//1392 1523//1393 1438//1306
f 1523//1393 1524//1394 1439//1305
f 1524//1394 1525//1395 1440//1304
f 1525//1395 1453//1396 1428//64
f 1428//64 1440//1304 1525//1395
f 1440//1304 1439//1305 1524//1394
f 1439//1305 1438//1306 1523//1393
f 1438//1306 1437//1307 1522//1392
f 1437//1307 1436//1308 1521//1391
f 1436//1308 1435//1309 1520//1390
f 1435//1309 1434//1310 1519//1389
f 1434//1310 1433//1311 1518//1388
f 1433//1311 1432//1312 1517//1387
f 1432//1312 1431//1313 1516//1386
f 1431//1313 1321//1196 1454//1397
f 1453//1396 1525//1395 1515//1383
f 1525//1395 1524//1394 1514//1382
f 1524//1394 1523//1393 1513//1381
f 1523//1393 1522//1392 1512//1380
f 1522//1392 1521//1391 1511//1379
f 1521//1391 1520//1390 1510//1378
f 1520//1390 1519//1389 1509//1377
f 1519//1389 1518//1388 1508//1376
f 1518//1388 1517//1387 1507//1375
f 1517//1387 1516//1386 1506//1374
f 1516//1386 1454//1397 1452//1385
f 1451//1384 1515//1383 1505//1371
f 1515//1383 1514//1382 1504//1370
f 1514//1382 1513//1381 1503//1369
f 1513//1381 1512//1380 1502//1368
f 1512//1380 1511//1379 1501//1367
f 1511//1379 1510//1378 1500//1366
f 1510//1378 1509//1377 1499//1365
f 1509//1377 1508//1376 1498//1364
f 1508//1376 1507//1375 1497//1363
f 1507//1375 1506//1374 1496//1362
f 1506//1374 1452//1385 1450//1373
f 1449//1372 1505//1371 1495//1359
f 1505//1371 1504//1370 1494//1358
f 1504//1370 1503//1369 1493//1357
f 1503//1369 1502//1368 1492//1356
f 1502//1368 1501//1367 1491//1355
f 1501//1367 1500//1366 1490//1354
f 1500//1366 1499//1365 1489//1353
f 1499//1365 1498//1364 1488//1352
f 1498//1364 1497//1363 1487//1351
f 1497//1363 1496//1362 1486//1350
f 1496//1362 1450//1373 1448//1361
f 1447//1360 1495//1359 1485//1347
f 1495//1359 1494//1358 1484//1346
f 1494//1358 1493//1357 1483//1345
f 1493//1357 1492//1356 1482//1344
f 1492//1356 1491//1355 1481//1343
f 1491//1355 1490//1354 1480//1342
f 1490//1354 1489//1353 1479//1341
f 1489//1353 1488//1352 1478//1340
f 1488//1352 1487//1351 1477//1339
f 1487//1351 1486//1350 1476//1338
f 1486//1350 1448//1361 1446//1349
f 1445//1348 1485//1347 1475//1334
f 1485//1347 1484//1346 1473//1332
f 1484//1346 1483//1345 1471//1330
f 1483//1345 1482//1344 1469//1328
f 1482//1344 1481//1343 1467//1326
f 1481//1343 1480//1342 1465//1324
f 1480//1342 1479//1341 1463//1322
f 1479//1341 1478//1340 1461//1320
f 1478//1340 1477//1339 1459//1318
f 1477//1339 1476//1338 1457//1316
f 1476//1338 1446//1349 1444//1337
f 1443//1336 1475//1334 1474//1333
f 1475//1334 1473//1332 1472//1331
f 1473//1332 1471//1330 1470//1329
f 1471//1330 1469//1328 1468//1327
f 1469//1328 1467//1326 1466//1325
f 1467//1326 1465//1324 1464//1323
f 1465//1324 1463//1322 1462//1321
f 1463//1322 1461//1320 1460//1319
f 1461//1320 1459//1318 1458//1317
f 1459//1318 1457//1316 1456//1315
f 1457//1316 1444//1337 1441//1314
f 1442//1335 1474//1333 1455//53
f 1474//1333 1472//1331 1455//53
f 1472//1331 1470//1329 1455//53
f 1470//1329 1468//1327 1455//53
f 1468//1327 1466//1325 1455//53
f 1466//1325 1464//1323 1455//53
f 1464//1323 1462//1321 1455//53
f 1462//1321 1460//1319 1455//53
f 1460//1319 1458//1317 1455//53
f 1458//1317 1456//1315 1455//53
f 1456//1315 1441//1314 1455//53
f 1444//1337 1526//1398 1527//1399
f 1444//1337 1528//1400 1526//1398
f 1441//1314 1527//1399 1529//53
f 1454//1397 1321//1196 1280//1195
f 1280//1195 1281//1401 1454//1397
f 1281//1401 1285//1402 1454//1397
f 1452//1385 1282//1403 1284//1404
f 1452//1385 1454//1397 1283//1405
f 1283//1405 1282//1403 1452//1385
f 1450//1373 1286//1406 1288//1407
f 1450//1373 1452//1385 1287//1408
f 1287//1408 1286//1406 1450//1373
f 1448//1361 1289//1409 1291//1410
f 1448//1361 1450//1373 1290//1411
f 1290//1411 1289//1409 1448//1361
f 1446//1349 1292//1412 1294//1413
f 1294//1413 1295//1414 1446//1349
f 1446//1349 1448//1361 1293//1415
f 1293//1415 1292//1412 1446//1349
f 1446//1349 1297//1416 1528//1400
f 1297//1416 1296//1417 1528//1400
f 1528//1400 1444//1337 1446//1349
f 1295//1414 1297//1416 1446//1349
f 1291//1410 1293//1415 1448//1361
f 1288//1407 1290//1411 1450//1373
f 1284//1404 1287//1408 1452//1385
f 1285//1402 1283//1405 1454//1397
f 1529//53 1455//53 1441//1314
f 1527//1399 1441//1314 1444//1337
f 1455//53 1530//53 1531//1418
f 1531//1418 1442//1335 1455//53
f 1442//1335 1532//1335 1533//1419
f 1533//1419 1443//1336 1442//1335
f 1445//1348 1443//1336 1534//1336
f 1534//1336 1535//1420 1445//1348
f 1447//1360 1445//1348 1536//1348
f 1449//1372 1447//1360 1537//1360
f 1451//1384 1449//1372 1538//1421
f 1453//1396 1451//1384 1539//1384
f 1428//64 1453//1396 1540//1396
f 1540//1396 1429//64 1428//64
f 1539//1384 1540//1396 1453//1396
f 1538//1421 1539//1384 1451//1384
f 1537//1360 1538//1421 1449//1372
f 1536//1348 1537//1360 1447//1360
f 1535//1420 1536//1348 1445//1348
f 1533//1419 1534//1336 1443//1336
f 1531//1418 1532//1335 1442//1335
f 1530//53 1455//53 1529//53
f 654//1 1541//1 1542//1
f 654//1 1543//1 1541//1
f 655//1 1544//1 1543//1
f 653//1 1542//1 1545//1
f 1543//1 654//1 655//1
f 714//1 1546//1 1547//1
f 729//1 1548//1 1546//1
f 652//1 1545//1 1549//1
f 1542//1 653//1 654//1
f 1546//1 714//1 729//1
f 734//1 1550//1 1548//1
f 1267//1 1551//1 1552//1
f 1266//1 1553//1 1551//1
f 1278//1 1554//1 1553//1
f 1545//1 652//1 653//1
f 656//1 1547//1 1544//1
f 1548//1 729//1 734//1
f 733//1 1555//1 1550//1
f 1229//1 1556//1 1557//1
f 1247//1 1558//1 1559//1
f 1262//1 1552//1 1558//1
f 1551//1 1267//1 1266//1
f 1278//1 1560//1 1554//1
f 1544//1 655//1 656//1
f 1550//1 734//1 733//1
f 1229//1 1561//1 1556//1
f 1235//1 1562//1 1561//1
f 1238//1 1559//1 1562//1
f 1558//1 1247//1 1262//1
f 1553//1 1266//1 1278//1
f 651//1 1549//1 1563//1
f 1547//1 656//1 714//1
f 739//1 1564//1 1555//1
f 1027//1 1565//1 1566//1
f 1273//1 1567//1 1565//1
f 1274//1 1568//1 1567//1
f 1275//1 1569//1 1568//1
f 1223//1 1570//1 1569//1
f 1222//1 1571//1 1570//1
f 1226//1 1557//1 1571//1
f 1561//1 1229//1 1235//1
f 1559//1 1238//1 1247//1
f 1278//1 1572//1 1560//1
f 1278//1 1573//1 1574//1422
f 1575//1 982//1 983//1
f 657//1 1576//1 1577//1
f 663//1 1578//1 1576//1
f 1549//1 651//1 652//1
f 739//1 1579//1 1564//1
f 739//1 1580//1 1581//1
f 739//1 1575//1 1582//1
f 1427//1 1573//1 1278//1
f 1027//1 1583//1 1584//1
f 1565//1 1027//1 1273//1
f 1568//1 1274//1 1275//1
f 1570//1 1223//1 1222//1
f 1557//1 1226//1 1229//1
f 1552//1 1262//1 1267//1
f 1574//1422 1585//1 1278//1
f 1575//1 981//1 982//1
f 981//1 1575//1 739//1
f 1576//1 657//1 663//1
f 666//1 1563//1 1578//1
f 1555//1 733//1 739//1
f 1582//1 1580//1 739//1
f 1427//1 1586//1 1573//1
f 1027//1 1587//1 1583//1
f 1567//1 1273//1 1274//1
f 1571//1 1222//1 1226//1
f 1585//1 1572//1 1278//1
f 1135//1 1588//1 1589//1
f 1590//1 1135//1 1003//1
f 739//1 753//1 981//1
f 1135//1 1591//1 1575//1
f 660//718 1592//1 1593//1
f 1578//1 663//1 666//1
f 1581//1 1579//1 739//1
f 1427//1 1594//1 1586//1
f 1566//1 1587//1 1027//1
f 1562//1 1235//1 1238//1
f 1589//1 1427//1 1135//1
f 1003//1 1027//1 1590//1
f 1575//1 1003//1 1135//1
f 1593//1 1595//1 660//718
f 1563//1 666//1 651//1
f 1135//1 807//1 660//718
f 1278//1 1320//1 1427//1
f 1569//1 1275//1 1223//1
f 1590//1 1588//1 1135//1
f 1135//1 1596//1 1591//1
f 1595//1 1597//1 660//718
f 1577//1 660//718 657//1
f 1135//1 1598//1 1599//1
f 660//718 1600//1 1135//1
f 1584//1 1590//1 1027//1
f 983//1 1003//1 1575//1
f 1577//1 1592//1 660//718
f 1600//1 1598//1 1135//1
f 1589//1 1594//1 1427//1
f 1599//1 1596//1 1135//1
f 1597//1 1600//1 660//718
f 1320//1 1324//1 1427//1
f 1601//1423 1602//64 1564//64
f 1603//1424 1601//1423 1579//1423
f 1604//1425 1603//1424 1581//1426
f 1605//1427 1604//1425 1580//1428
f 1606//1429 1605//1427 1582//1430
f 1607//1431 1606//1429 1575//1429
f 1608//1432 1607//1431 1591//1433
f 1609//1434 1608//1432 1596//1432
f 1610//1435 1609//1434 1599//1434
f 1611//1436 1610//1435 1598//1437
f 1612//1438 1611//1436 1600//1436
f 1613//1439 1612//1438 1597//1438
f 1614//1440 1613//1439 1595//1439
f 1615//1441 1614//1440 1593//1442
f 1616//1443 1615//1441 1592//1441
f 1617//1444 1616//1443 1577//1443
f 1618//1445 1617//1444 1576//1444
f 1619//1446 1618//1445 1578//1445
f 1620//1447 1619//1446 1563//1446
f 1621//1448 1620//1447 1549//1449
f 1622//1450 1621//1448 1545//1451
f 1622//1450 1542//1452 1541//55
f 1541//55 1623//1453 1622//1450
f 1624//1454 1623//1453 1543//1455
f 1625//1456 1624//1454 1544//1457
f 1626//1458 1625//1456 1547//1456
f 1627//1459 1626//1458 1546//1460
f 1628//1461 1627//1459 1548//1462
f 1629//1463 1628//1461 1550//1464
f 1602//64 1629//1463 1555//1463
f 1555//1463 1564//64 1602//64
f 1550//1464 1555//1463 1629//1463
f 1548//1462 1550//1464 1628//1461
f 1546//1460 1548//1462 1627//1459
f 1547//1456 1546//1460 1626//1458
f 1544//1457 1547//1456 1625//1456
f 1543//1455 1544//1457 1624//1454
f 1541//55 1543//1455 1623//1453
f 1545//1451 1542//1452 1622//1450
f 1549//1449 1545//1451 1621//1448
f 1563//1446 1549//1449 1620//1447
f 1578//1445 1563//1446 1619//1446
f 1576//1444 1578//1445 1618//1445
f 1577//1443 1576//1444 1617//1444
f 1592//1441 1577//1443 1616//1443
f 1593//1442 1592//1441 1615//1441
f 1595//1439 1593//1442 1614//1440
f 1597//1438 1595//1439 1613//1439
f 1600//1436 1597//1438 1612//1438
f 1598//1437 1600//1436 1611//1436
f 1599//1434 1598//1437 1610//1435
f 1596//1432 1599//1434 1609//1434
f 1591//1433 1596//1432 1608//1432
f 1575//1429 1591//1433 1607//1431
f 1582//1430 1575//1429 1606//1429
f 1580//1428 1582//1430 1605//1427
f 1581//1426 1580//1428 1604//1425
f 1579//1423 1581//1426 1603//1424
f 1564//64 1579//1423 1601//1423
f 1630//1423 1631//64 1554//64
f 1632//1426 1630//1423 1560//1423
f 1633//1428 1632//1426 1572//1426
f 1634//1465 1633//1428 1585//1428
f 1635//1429 1634//1465 1574//1465
f 1636//1433 1635//1429 1573//1429
f 1637//1432 1636//1433 1586//1433
f 1638//1466 1637//1432 1594//1432
f 1639//1467 1638//1466 1589//1466
f 1640//1468 1639//1467 1588//1467
f 1641//1438 1640//1468 1590//1468
f 1642//1439 1641//1438 1584//1469
f 1643//1470 1642//1439 1583//1439
f 1644//1471 1643//1470 1587//1470
f 1645//1472 1644//1471 1566//1471
f 1646//1473 1645//1472 1565//1472
f 1647//1445 1646//1473 1567//1473
f 1648//1474 1647//1445 1568//1445
f 1649//1475 1648//1474 1569//1476
f 1650//1477 1649//1475 1570//1475
f 1651//1452 1650//1477 1571//1477
f 1651//1452 1557//1452 1556//55
f 1556//55 1652//1453 1651//1452
f 1653//1454 1652//1453 1561//1478
f 1654//1456 1653//1454 1562//1454
f 1655//1479 1654//1456 1559//1456
f 1656//1459 1655//1479 1558//1479
f 1657//1461 1656//1459 1552//1459
f 1658//1463 1657//1461 1551//1461
f 1631//64 1658//1463 1553//1463
f 1553//1463 1554//64 1631//64
f 1551//1461 1553//1463 1658//1463
f 1552//1459 1551//1461 1657//1461
f 1558//1479 1552//1459 1656//1459
f 1559//1456 1558//1479 1655//1479
f 1562//1454 1559//1456 1654//1456
f 1561//1478 1562//1454 1653//1454
f 1556//55 1561//1478 1652//1453
f 1571//1477 1557//1452 1651//1452
f 1570//1475 1571//1477 1650//1477
f 1569//1476 1570//1475 1649//1475
f 1568//1445 1569//1476 1648//1474
f 1567//1473 1568//1445 1647//1445
f 1565//1472 1567//1473 1646//1473
f 1566//1471 1565//1472 1645//1472
f 1587//1470 1566//1471 1644//1471
f 1583//1439 1587//1470 1643//1470
f 1584//1469 1583//1439 1642//1439
f 1590//1468 1584//1469 1641//1438
f 1588//1467 1590//1468 1640//1468
f 1589//1466 1588//1467 1639//1467
f 1594//1432 1589//1466 1638//1466
f 1586//1433 1594//1432 1637//1432
f 1573//1429 1586//1433 1636//1433
f 1574//1465 1573//1429 1635//1429
f 1585//1428 1574//1465 1634//1465
f 1572//1426 1585//1428 1633//1428
f 1560//1423 1572//1426 1632//1426
f 1554//64 1560//1423 1630//1423
f 1603//53 1645//53 1646//53
f 1603//53 1644//53 1645//53
f 1659//53 1660//53 1661//53
f 1643//53 1605//53 1606//53
f 1603//53 1643//53 1644//53
f 1653//53 1662//53 1627//53
f 1661//53 1663//53 1659//53
f 1664//53 1665//53 1666//53
f 1667//53 1608//53 1609//53
f 1643//53 1604//53 1605//53
f 1646//53 1601//53 1603//53
f 1668//53 1662//53 1654//53
f 1627//53 1628//53 1653//53
f 1660//53 1669//53 1661//53
f 1666//53 1670//53 1664//53
f 1667//53 1610//53 1611//53
f 1667//53 1607//53 1608//53
f 1603//53 1604//53 1643//53
f 1654//53 1655//53 1668//53
f 1662//53 1626//53 1627//53
f 1623//53 1671//53 1672//53
f 1673//53 1674//53 1675//53
f 1673//53 1676//53 1677//53
f 1664//53 1678//53 1679//53
f 1670//53 1680//53 1659//53
f 1666//53 1681//53 1670//53
f 1609//53 1610//53 1667//53
f 1606//53 1667//53 1643//53
f 1667//53 1639//53 1640//53
f 1667//53 1668//53 1637//53
f 1653//53 1654//53 1662//53
f 1623//53 1682//53 1671//53
f 1677//53 1674//53 1673//53
f 1679//53 1673//53 1664//53
f 1660//53 1683//53 1669//53
f 1681//53 1684//53 1670//53
f 1602//53 1650//53 1651//53
f 1601//53 1646//53 1647//53
f 1606//53 1607//53 1667//53
f 1640//53 1641//53 1667//53
f 1668//53 1636//53 1637//53
f 1668//53 1634//53 1635//53
f 1668//53 1632//53 1633//53
f 1668//53 1656//53 1657//53
f 1662//53 1625//53 1626//53
f 1672//53 1621//53 1622//53
f 1668//53 1673//53 1685//53
f 1673//53 1686//53 1687//53
f 1679//53 1676//53 1673//53
f 1664//53 1688//53 1689//53
f 1664//53 1670//53 1690//53
f 1684//53 1680//53 1670//53
f 1651//53 1652//53 1602//53
f 1602//53 1648//53 1649//53
f 1611//53 1612//53 1667//53
f 1641//53 1642//53 1667//53
f 1637//53 1638//53 1667//53
f 1633//53 1634//53 1668//53
f 1668//53 1631//53 1630//53
f 1657//53 1658//53 1668//53
f 1662//53 1624//53 1625//53
f 1672//53 1622//53 1623//53
f 1624//53 1662//53 1691//53
f 1685//53 1692//53 1668//53
f 1687//53 1693//53 1673//53
f 1689//53 1678//53 1664//53
f 1663//53 1670//53 1659//53
f 1660//53 1694//53 1695//53
f 1664//53 1696//53 1697//53
f 1664//53 1698//53 1699//53
f 1667//53 1700//53 1701//53
f 1667//53 1615//53 1616//53
f 1649//53 1650//53 1602//53
f 1648//53 1602//53 1601//53
f 1638//53 1639//53 1667//53
f 1630//53 1632//53 1668//53
f 1653//53 1628//53 1629//53
f 1655//53 1656//53 1668//53
f 1691//53 1682//53 1624//53
f 1672//53 1619//53 1620//53
f 1668//53 1702//53 1703//53
f 1673//53 1704//53 1685//53
f 1675//53 1686//53 1673//53
f 1695//53 1683//53 1660//53
f 1699//53 1696//53 1664//53
f 1664//53 1705//53 1706//53
f 1701//53 1664//53 1667//53
f 1616//53 1707//53 1667//53
f 1667//53 1613//53 1614//53
f 1647//53 1648//53 1601//53
f 1635//53 1636//53 1668//53
f 1658//53 1631//53 1668//53
f 1620//53 1621//53 1672//53
f 1672//53 1616//53 1617//53
f 1668//53 1708//53 1702//53
f 1668//53 1709//53 1710//53
f 1673//53 1711//53 1704//53
f 1690//53 1688//53 1664//53
f 1664//53 1712//53 1698//53
f 1660//53 1713//53 1714//53
f 1664//53 1715//53 1705//53
f 1667//53 1716//53 1700//53
f 1667//53 1707//53 1717//53
f 1616//53 1672//53 1718//53
f 1667//53 1612//53 1613//53
f 1642//53 1643//53 1667//53
f 1623//53 1624//53 1682//53
f 1617//53 1618//53 1672//53
f 1702//53 1660//53 1703//53
f 1692//53 1709//53 1668//53
f 1697//53 1665//53 1664//53
f 1660//53 1702//53 1713//53
f 1664//53 1719//53 1715//53
f 1667//53 1720//53 1716//53
f 1616//53 1718//53 1707//53
f 1652//53 1653//53 1602//53
f 1618//53 1619//53 1672//53
f 1710//53 1708//53 1668//53
f 1714//53 1694//53 1660//53
f 1701//53 1719//53 1664//53
f 1614//53 1615//53 1667//53
f 1703//53 1662//53 1668//53
f 1706//53 1712//53 1664//53
f 1629//53 1602//53 1653//53
f 1717//53 1720//53 1667//53
f 1693//53 1711//53 1673//53
f 1703//1423 1660//64 1721//64
f 1662//1424 1703//1423 1722//1423
f 1691//1425 1662//1424 1723//1426
f 1682//1465 1691//1425 1724//1428
f 1671//1429 1682//1465 1725//1427
f 1672//1433 1671//1429 1726//1429
f 1718//1432 1672//1433 1727//1480
f 1707//1481 1718//1432 1728//1432
f 1717//1482 1707//1481 1729//1481
f 1720//1436 1717//1482 1730//1482
f 1716//1483 1720//1436 1731//1436
f 1700//1439 1716//1483 1732//1483
f 1701//1442 1700//1439 1733//1439
f 1719//1471 1701//1442 1734//1442
f 1715//1472 1719//1471 1735//1484
f 1705//1485 1715//1472 1736//1486
f 1706//1445 1705//1485 1737//1485
f 1712//1487 1706//1445 1738//1445
f 1698//1447 1712//1487 1739//1487
f 1699//1488 1698//1447 1740//1447
f 1696//1452 1699//1488 1741//1488
f 1696//1452 1742//1452 1743//55
f 1743//55 1697//1489 1696//1452
f 1665//1490 1697//1489 1744//1478
f 1666//1456 1665//1490 1745//1454
f 1681//1460 1666//1456 1746//1456
f 1684//1459 1681//1460 1747//1479
f 1680//1461 1684//1459 1748//1462
f 1659//1463 1680//1461 1749//1464
f 1660//64 1659//1463 1750//1463
f 1750//1463 1721//64 1660//64
f 1749//1464 1750//1463 1659//1463
f 1748//1462 1749//1464 1680//1461
f 1747//1479 1748//1462 1684//1459
f 1746//1456 1747//1479 1681//1460
f 1745//1454 1746//1456 1666//1456
f 1744//1478 1745//1454 1665//1490
f 1743//55 1744//1478 1697//1489
f 1741//1488 1742//1452 1696//1452
f 1740//1447 1741//1488 1699//1488
f 1739//1487 1740//1447 1698//1447
f 1738//1445 1739//1487 1712//1487
f 1737//1485 1738//1445 1706//1445
f 1736//1486 1737//1485 1705//1485
f 1735//1484 1736//1486 1715//1472
f 1734//1442 1735//1484 1719//1471
f 1733//1439 1734//1442 1701//1442
f 1732//1483 1733//1439 1700//1439
f 1731//1436 1732//1483 1716//1483
f 1730//1482 1731//1436 1720//1436
f 1729//1481 1730//1482 1717//1482
f 1728//1432 1729//1481 1707//1481
f 1727//1480 1728//1432 1718//1432
f 1726//1429 1727//1480 1672//1433
f 1725//1427 1726//1429 1671//1429
f 1724//1428 1725//1427 1682//1465
f 1723//1426 1724//1428 1691//1425
f 1722//1423 1723//1426 1662//1424
f 1721//64 1722//1423 1703//1423
f 1704//1423 1711//64 1751//64
f 1685//1426 1704//1423 1752//1423
f 1692//1428 1685//1426 1753//1426
f 1709//1465 1692//1428 1754//1428
f 1710//1429 1709//1465 1755//1465
f 1708//1433 1710//1429 1756//1429
f 1702//1432 1708//1433 1757//1433
f 1713//1466 1702//1432 1758//1432
f 1714//1467 1713//1466 1759//1466
f 1694//1468 1714//1467 1760//1467
f 1695//1491 1694//1468 1761//1468
f 1683//1439 1695//1491 1762//1469
f 1669//1470 1683//1439 1763//1439
f 1661//1471 1669//1470 1764//1470
f 1663//1492 1661//1471 1765//1493
f 1670//1473 1663//1492 1766//1472
f 1690//1445 1670//1473 1767//1473
f 1688//1476 1690//1445 1768//1445
f 1689//1475 1688//1476 1769//1476
f 1678//1477 1689//1475 1770//1475
f 1679//1494 1678//1477 1771//1477
f 1679//1494 1772//1452 1773//55
f 1773//55 1676//1453 1679//1494
f 1677//1454 1676//1453 1774//1455
f 1674//1456 1677//1454 1775//1454
f 1675//1479 1674//1456 1776//1456
f 1686//1459 1675//1479 1777//1479
f 1687//1461 1686//1459 1778//1459
f 1693//1463 1687//1461 1779//1461
f 1711//64 1693//1463 1780//1463
f 1780//1463 1751//64 1711//64
f 1779//1461 1780//1463 1693//1463
f 1778//1459 1779//1461 1687//1461
f 1777//1479 1778//1459 1686//1459
f 1776//1456 1777//1479 1675//1479
f 1775//1454 1776//1456 1674//1456
f 1774//1455 1775//1454 1677//1454
f 1773//55 1774//1455 1676//1453
f 1771//1477 1772//1452 1679//1494
f 1770//1475 1771//1477 1678//1477
f 1769//1476 1770//1475 1689//1475
f 1768//1445 1769//1476 1688//1476
f 1767//1473 1768//1445 1690//1445
f 1766//1472 1767//1473 1670//1473
f 1765//1493 1766//1472 1663//1492
f 1764//1470 1765//1493 1661//1471
f 1763//1439 1764//1470 1669//1470
f 1762//1469 1763//1439 1683//1439
f 1761//1468 1762//1469 1695//1491
f 1760//1467 1761//1468 1694//1468
f 1759//1466 1760//1467 1714//1467
f 1758//1432 1759//1466 1713//1466
f 1757//1433 1758//1432 1702//1432
f 1756//1429 1757//1433 1708//1433
f 1755//1465 1756//1429 1710//1429
f 1754//1428 1755//1465 1709//1465
f 1753//1426 1754//1428 1692//1428
f 1752//1423 1753//1426 1685//1426
f 1751//64 1752//1423 1704//1423
f 1781//21 1782//21 1783//21
f 1781//21 1784//21 1782//21
f 1785//21 1786//21 1787//21
f 1788//21 1789//21 1790//21
f 1783//21 1791//21 1781//21
f 1787//21 1792//21 1785//21
f 1786//21 1785//21 1793//21
f 1791//21 1788//21 1781//21
f 1793//21 1794//21 1786//21
f 1667//21 1664//21 1781//21
f 1781//21 1664//21 1784//21
f 1789//21 1794//21 1793//21
f 1792//21 1795//21 1785//21
f 1790//21 1781//21 1788//21
f 1795//21 1667//21 1785//21
f 1793//21 1790//21 1789//21
f 1781//21 1785//21 1667//21
f 1796//53 1797//53 1785//53
f 1785//53 1781//53 1796//53
f 1796//55 1781//55 1798//55
f 1781//55 1790//55 1798//55
f 1798//55 1799//55 1796//55
f 1797//75 1800//75 1801//75
f 1801//75 1785//75 1797//75
f 1801//75 1793//75 1785//75
f 1796//21 1799//21 1800//21
f 1800//21 1797//21 1796//21
f 1793//1 1801//1 1798//1
f 1798//1 1790//1 1793//1
f 1800//53 1799//53 1802//53
f 1802//53 1803//53 1800//53
f 1804//53 1805//53 1799//53
f 1799//53 1805//53 1802//53
f 1803//53 1806//53 1800//53
f 1807//53 1801//53 1800//53
f 1800//53 1806//53 1807//53
f 1799//53 1798//53 1804//53
f 1806//75 1808//75 1809//75
f 1809//75 1807//75 1806//75
f 1804//55 1810//55 1811//55
f 1811//55 1805//55 1804//55
f 1801//64 1807//64 1809//64
f 1801//64 1812//64 1810//64
f 1809//64 1813//64 1814//64
f 1810//64 1798//64 1801//64
f 1814//64 1815//64 1809//64
f 1810//64 1804//64 1798//64
f 1810//64 1816//64 1817//64
f 1810//64 1812//64 1818//64
f 1809//64 1812//64 1801//64
f 1818//64 1816//64 1810//64
f 1817//64 1819//64 1810//64
f 1815//64 1812//64 1809//64
f 1813//75 1820//75 1821//75
f 1821//75 1814//75 1813//75
f 1822//55 1819//55 1817//55
f 1817//55 1823//55 1822//55
f 1813//53 1824//53 1825//53
f 1809//53 1826//53 1827//53
f 1825//53 1828//53 1813//53
f 1809//53 1829//53 1826//53
f 1808//53 1830//53 1831//53
f 1808//53 1832//53 1833//53
f 1820//53 1813//53 1834//53
f 1813//53 1835//53 1824//53
f 1827//53 1836//53 1809//53
f 1833//53 1830//53 1808//53
f 1834//53 1837//53 1820//53
f 1828//53 1838//53 1813//53
f 1809//53 1839//53 1829//53
f 1808//53 1840//53 1839//53
f 1831//53 1841//53 1808//53
f 1808//53 1820//53 1842//53
f 1820//53 1843//53 1844//53
f 1820//53 1845//53 1846//53
f 1837//53 1847//53 1820//53
f 1813//53 1848//53 1835//53
f 1836//53 1849//53 1809//53
f 1808//53 1850//53 1840//53
f 1842//53 1832//53 1808//53
f 1846//53 1843//53 1820//53
f 1838//53 1834//53 1813//53
f 1813//53 1809//53 1851//53
f 1839//53 1809//53 1808//53
f 1844//53 1842//53 1820//53
f 1851//53 1848//53 1813//53
f 1849//53 1852//53 1809//53
f 1847//53 1845//53 1820//53
f 1841//53 1850//53 1808//53
f 1852//53 1851//53 1809//53
f 1819//53 1853//53 1854//53
f 1819//53 1855//53 1853//53
f 1822//53 1856//53 1857//53
f 1822//53 1858//53 1859//53
f 1811//53 1810//53 1860//53
f 1810//53 1861//53 1862//53
f 1819//53 1857//53 1855//53
f 1822//53 1863//53 1856//53
f 1859//53 1864//53 1822//53
f 1865//53 1866//53 1867//53
f 1860//53 1868//53 1811//53
f 1862//53 1869//53 1810//53
f 1819//53 1870//53 1871//53
f 1857//53 1819//53 1822//53
f 1864//53 1872//53 1822//53
f 1867//53 1811//53 1865//53
f 1868//53 1873//53 1811//53
f 1869//53 1874//53 1810//53
f 1854//53 1870//53 1819//53
f 1872//53 1875//53 1822//53
f 1811//53 1876//53 1865//53
f 1874//53 1860//53 1810//53
f 1810//53 1877//53 1878//53
f 1875//53 1863//53 1822//53
f 1867//53 1879//53 1858//53
f 1811//53 1880//53 1876//53
f 1878//53 1861//53 1810//53
f 1858//53 1822//53 1867//53
f 1873//53 1880//53 1811//53
f 1866//53 1879//53 1867//53
f 1871//53 1881//53 1819//53
f 1810//53 1819//53 1882//53
f 1882//53 1877//53 1810//53
f 1881//53 1882//53 1819//53
f 1877//1495 1882//64 1883//64
f 1878//1424 1877//1495 1884//1423
f 1861//1496 1878//1424 1885//1426
f 1862//1465 1861//1496 1886//1496
f 1869//1497 1862//1465 1887//1427
f 1874//1431 1869//1497 1888//1429
f 1860//1498 1874//1431 1889//1480
f 1868//1499 1860//1498 1890//1498
f 1873//1500 1868//1499 1891//1434
f 1880//1501 1873//1500 1892//1467
f 1876//1438 1880//1501 1893//1436
f 1865//1502 1876//1438 1894//1503
f 1866//1440 1865//1502 1895//1504
f 1879//1505 1866//1440 1896//1506
f 1858//1486 1879//1505 1897//1505
f 1859//1485 1858//1486 1898//1507
f 1864//1508 1859//1485 1899//1485
f 1872//1446 1864//1508 1900//1508
f 1875//1447 1872//1446 1901//1446
f 1863//1509 1875//1447 1902//1447
f 1856//1452 1863//1509 1903//1510
f 1857//1511 1856//1452 1904//1452
f 1855//1490 1857//1511 1905//1511
f 1853//1512 1855//1490 1906//1457
f 1854//1513 1853//1512 1907//1514
f 1870//1515 1854//1513 1908//1513
f 1871//1461 1870//1515 1909//1515
f 1881//1463 1871//1461 1910//1461
f 1882//64 1881//1463 1911//1516
f 1911//1516 1883//64 1882//64
f 1910//1461 1911//1516 1881//1463
f 1909//1515 1910//1461 1871//1461
f 1908//1513 1909//1515 1870//1515
f 1907//1514 1908//1513 1854//1513
f 1906//1457 1907//1514 1853//1512
f 1905//1511 1906//1457 1855//1490
f 1904//1452 1905//1511 1857//1511
f 1903//1510 1904//1452 1856//1452
f 1902//1447 1903//1510 1863//1509
f 1901//1446 1902//1447 1875//1447
f 1900//1508 1901//1446 1872//1446
f 1899//1485 1900//1508 1864//1508
f 1898//1507 1899//1485 1859//1485
f 1897//1505 1898//1507 1858//1486
f 1896//1506 1897//1505 1879//1505
f 1895//1504 1896//1506 1866//1440
f 1894//1503 1895//1504 1865//1502
f 1893//1436 1894//1503 1876//1438
f 1892//1467 1893//1436 1880//1501
f 1891//1434 1892//1467 1873//1500
f 1890//1498 1891//1434 1868//1499
f 1889//1480 1890//1498 1860//1498
f 1888//1429 1889//1480 1874//1431
f 1887//1427 1888//1429 1869//1497
f 1886//1496 1887//1427 1862//1465
f 1885//1426 1886//1496 1861//1496
f 1884//1423 1885//1426 1878//1424
f 1883//64 1884//1423 1877//1495
f 1912//53 1911//53 1910//53
f 1910//53 1909//53 1912//53
f 1909//53 1908//53 1912//53
f 1908//53 1907//53 1912//53
f 1907//53 1906//53 1912//53
f 1906//53 1905//53 1912//53
f 1905//53 1904//53 1912//53
f 1904//53 1903//53 1912//53
f 1903//53 1902//53 1912//53
f 1902//53 1901//53 1912//53
f 1901//53 1900//53 1912//53
f 1900//53 1899//53 1912//53
f 1899//53 1898//53 1912//53
f 1898//53 1897//53 1912//53
f 1897//53 1896//53 1912//53
f 1896//53 1895//53 1912//53
f 1895//53 1894//53 1912//53
f 1894//53 1893//53 1912//53
f 1893//53 1892//53 1912//53
f 1892//53 1891//53 1912//53
f 1891//53 1890//53 1912//53
f 1890//53 1889//53 1912//53
f 1889//53 1888//53 1912//53
f 1888//53 1887//53 1912//53
f 1887//53 1886//53 1912//53
f 1886//53 1885//53 1912//53
f 1885//53 1884//53 1912//53
f 1884//53 1883//53 1912//53
f 1883//53 1911//53 1912//53
f 1848//1517 1851//64 1913//64
f 1835//1426 1848//1517 1914//1423
f 1824//1518 1835//1426 1915//1426
f 1825//1519 1824//1518 1916//1518
f 1828//1520 1825//1519 1917//1519
f 1838//1431 1828//1520 1918//1521
f 1834//1522 1838//1431 1919//1480
f 1837//1466 1834//1522 1920//1522
f 1847//1523 1837//1466 1921//1466
f 1845//1436 1847//1523 1922//1524
f 1846//1438 1845//1436 1923//1436
f 1843//1504 1846//1438 1924//1503
f 1844//1440 1843//1504 1925//1504
f 1842//1505 1844//1440 1926//1440
f 1832//1507 1842//1505 1927//1505
f 1833//1525 1832//1507 1928//1507
f 1830//1508 1833//1525 1929//1485
f 1831//1446 1830//1508 1930//1508
f 1841//1447 1831//1446 1931//1446
f 1850//1477 1841//1447 1932//1447
f 1840//1526 1850//1477 1933//1527
f 1839//1478 1840//1526 1934//1528
f 1829//1490 1839//1478 1935//1478
f 1826//1456 1829//1490 1936//1457
f 1827//1460 1826//1456 1937//1529
f 1836//1530 1827//1460 1938//1479
f 1849//1461 1836//1530 1939//1530
f 1852//1516 1849//1461 1940//1464
f 1851//64 1852//1516 1941//1531
f 1941//1531 1913//64 1851//64
f 1940//1464 1941//1531 1852//1516
f 1939//1530 1940//1464 1849//1461
f 1938//1479 1939//1530 1836//1530
f 1937//1529 1938//1479 1827//1460
f 1936//1457 1937//1529 1826//1456
f 1935//1478 1936//1457 1829//1490
f 1934//1528 1935//1478 1839//1478
f 1933//1527 1934//1528 1840//1526
f 1932//1447 1933//1527 1850//1477
f 1931//1446 1932//1447 1841//1447
f 1930//1508 1931//1446 1831//1446
f 1929//1485 1930//1508 1830//1508
f 1928//1507 1929//1485 1833//1525
f 1927//1505 1928//1507 1832//1507
f 1926//1440 1927//1505 1842//1505
f 1925//1504 1926//1440 1844//1440
f 1924//1503 1925//1504 1843//1504
f 1923//1436 1924//1503 1846//1438
f 1922//1524 1923//1436 1845//1436
f 1921//1466 1922//1524 1847//1523
f 1920//1522 1921//1466 1837//1466
f 1919//1480 1920//1522 1834//1522
f 1918//1521 1919//1480 1838//1431
f 1917//1519 1918//1521 1828//1520
f 1916//1518 1917//1519 1825//1519
f 1915//1426 1916//1518 1824//1518
f 1914//1423 1915//1426 1835//1426
f 1913//64 1914//1423 1848//1517
f 1942//53 1941//53 1940//53
f 1940//53 1939//53 1942//53
f 1939//53 1938//53 1942//53
f 1938//53 1937//53 1942//53
f 1937//53 1936//53 1942//53
f 1936//53 1935//53 1942//53
f 1935//53 1934//53 1942//53
f 1934//53 1933//53 1942//53
f 1933//53 1932//53 1942//53
f 1932//53 1931//53 1942//53
f 1931//53 1930//53 1942//53
f 1930//53 1929//53 1942//53
f 1929//53 1928//53 1942//53
f 1928//53 1927//53 1942//53
f 1927//53 1926//53 1942//53
f 1926//53 1925//53 1942//53
f 1925//53 1924//53 1942//53
f 1924//53 1923//53 1942//53
f 1923//53 1922//53 1942//53
f 1922//53 1921//53 1942//53
f 1921//53 1920//53 1942//53
f 1920//53 1919//53 1942//53
f 1919//53 1918//53 1942//53
f 1918//53 1917//53 1942//53
f 1917//53 1916//53 1942//53
f 1916//53 1915//53 1942//53
f 1915//53 1914//53 1942//53
f 1914//53 1913//53 1942//53
f 1913//53 1941//53 1942//53
f 1943//64 1944//64 1945//64
f 1945//64 1946//64 1943//64
f 1673//64 1947//64 1943//64
f 1943//64 1948//64 1944//64
f 1943//64 1949//64 1950//64
f 1673//64 1951//64 1947//64
f 1668//64 1952//64 1951//64
f 1953//64 1954//64 1955//64
f 1950//64 1948//64 1943//64
f 1951//64 1673//64 1668//64
f 1953//64 1956//64 1954//64
f 1943//64 1957//64 1673//64
f 1947//64 1951//64 1953//64
f 1953//64 1958//64 1956//64
f 1953//64 1959//64 1947//64
f 1946//64 1957//64 1943//64
f 1955//64 1959//64 1953//64
f 1953//1 1960//1 1961//1
f 1961//1 1958//1 1953//1
f 1951//53 1952//53 1962//53
f 1962//53 1963//53 1951//53
f 1951//55 1963//55 1960//55
f 1960//55 1953//55 1951//55
f 1964//53 1965//53 1943//53
f 1943//53 1947//53 1964//53
f 1963//21 1962//21 1966//21
f 1967//21 1964//21 1963//21
f 1960//21 1963//21 1964//21
f 1968//21 1969//21 1960//21
f 1964//21 1970//21 1960//21
f 1960//21 1970//21 1968//21
f 1969//21 1961//21 1960//21
f 1971//21 1965//21 1964//21
f 1964//21 1967//21 1971//21
f 1972//21 1973//21 1965//21
f 1965//21 1971//21 1972//21
f 1966//21 1967//21 1963//21
f 1974//1 1975//1 1968//1
f 1968//1 1970//1 1974//1
f 1976//53 1971//53 1967//53
f 1967//53 1977//53 1976//53
f 1978//1 1979//1 1973//1
f 1973//1 1972//1 1978//1
f 1972//55 1971//55 1976//55
f 1976//55 1978//55 1972//55
f 1980//64 1981//64 1982//64
f 1982//64 1983//64 1980//64
f 1984//64 1983//64 1985//64
f 1986//64 1987//64 1988//64
f 1989//64 1990//64 1991//64
f 1992//64 1993//64 1981//64
f 1985//64 1994//64 1984//64
f 1995//64 1996//64 1997//64
f 1975//64 1998//64 1986//64
f 1999//64 1988//64 1987//64
f 1999//64 2000//64 1990//64
f 1991//64 2001//64 1989//64
f 1982//64 1985//64 1983//64
f 2002//64 1984//64 1994//64
f 2002//64 2003//64 2004//64
f 1996//64 2004//64 1997//64
f 2005//64 2006//64 2007//64
f 1987//64 2000//64 1999//64
f 1991//64 2008//64 2001//64
f 1994//64 2003//64 2002//64
f 1997//64 2009//64 1995//64
f 2010//64 1995//64 2009//64
f 2010//64 2011//64 2012//64
f 2006//64 2013//64 2007//64
f 2014//64 2005//64 2015//64
f 2016//64 1998//64 1975//64
f 1990//64 1989//64 1999//64
f 2017//64 2001//64 2008//64
f 2018//64 2017//64 2019//64
f 2018//64 2020//64 2021//64
f 2022//64 2021//64 2023//64
f 2024//64 2025//64 2026//64
f 2024//64 2027//64 2028//64
f 2004//64 1996//64 2002//64
f 2012//64 2029//64 2010//64
f 2029//64 2012//64 2013//64
f 2015//64 2030//64 2014//64
f 2031//64 1977//64 2032//64
f 2016//64 2033//64 1998//64
f 2016//64 1977//64 2034//64
f 2008//64 2019//64 2017//64
f 2021//64 2022//64 2018//64
f 2023//64 2025//64 2022//64
f 2028//64 2035//64 2024//64
f 2036//64 2037//64 2038//64
f 2009//64 2011//64 2010//64
f 2007//64 2015//64 2005//64
f 2014//64 2030//64 2039//64
f 2032//64 2039//64 2031//64
f 1978//64 1976//64 2040//64
f 1976//64 1977//64 2016//64
f 2016//64 2041//64 2033//64
f 2034//64 2042//64 2016//64
f 2019//64 2020//64 2018//64
f 2026//64 2027//64 2024//64
f 2035//64 2028//64 2043//64
f 2037//64 2043//64 2038//64
f 2013//64 2006//64 2029//64
f 2031//64 2034//64 1977//64
f 2016//64 2040//64 1976//64
f 2042//64 2041//64 2016//64
f 2023//64 2026//64 2025//64
f 2038//64 2044//64 2036//64
f 2039//64 2032//64 2014//64
f 1975//64 1974//64 2016//64
f 2043//64 2037//64 2035//64
f 1992//64 2036//64 2044//64
f 2040//64 1979//64 1978//64
f 2044//64 1993//64 1992//64
f 1988//64 1975//64 1986//64
f 1981//64 1980//64 1992//64
f 2045//55 2046//55 1979//55
f 2046//55 1949//55 1973//55
f 1973//55 1979//55 2046//55
f 1943//55 1965//55 1973//55
f 1973//55 1949//55 1943//55
f 1979//55 2040//55 2045//55
f 1947//75 1959//75 1970//75
f 1959//75 2047//75 1974//75
f 1974//75 1970//75 1959//75
f 2048//75 2016//75 1974//75
f 1974//75 2047//75 2048//75
f 1970//75 1964//75 1947//75
f 2049//21 2050//21 2051//21
f 2049//21 2052//21 2050//21
f 2049//21 2053//21 2052//21
f 2045//21 2054//21 2055//21
f 2048//21 2056//21 2057//21
f 2049//21 2058//21 2053//21
f 2045//21 2059//21 2054//21
f 2045//21 2060//21 2061//21
f 2047//21 2046//21 2062//21
f 2057//21 2063//21 2048//21
f 2051//21 2064//21 2049//21
f 2065//21 2066//21 2067//21
f 2061//21 2059//21 2045//21
f 2047//21 2068//21 2069//21
f 2062//21 2070//21 2047//21
f 2048//21 2071//21 2056//21
f 2048//21 2072//21 2073//21
f 2072//21 2048//21 2047//21
f 2074//21 2075//21 2076//21
f 2067//21 2058//21 2065//21
f 2065//21 2074//21 2077//21
f 2045//21 2078//21 2060//21
f 2070//21 2068//21 2047//21
f 2048//21 2079//21 2080//21
f 2048//21 2081//21 2082//21
f 2048//21 2083//21 2071//21
f 2047//21 2084//21 2072//21
f 2074//21 2065//21 2075//21
f 2077//21 2066//21 2065//21
f 2045//21 2076//21 2078//21
f 2069//21 2084//21 2047//21
f 2082//21 2079//21 2048//21
f 2073//21 2083//21 2048//21
f 2049//21 2065//21 2058//21
f 2074//21 2045//21 2048//21
f 2046//21 2055//21 2062//21
f 2063//21 2081//21 2048//21
f 2048//21 2085//21 2074//21
f 2080//21 2085//21 2048//21
f 2055//21 2046//21 2045//21
f 2076//21 2045//21 2074//21
f 2045//53 2040//53 2016//53
f 2016//53 2048//53 2045//53
f 2086//42 2078//21 2076//21
f 2087//1532 2076//21 2075//21
f 2088//1533 2075//21 2065//21
f 2089//1534 2065//21 2049//21
f 2090//1535 2049//21 2064//21
f 2091//1536 2064//21 2051//21
f 2092//1537 2051//21 2050//21
f 2093//1538 2050//21 2052//21
f 2094//1539 2052//21 2053//21
f 2095//1540 2053//21 2058//21
f 2096//1541 2058//21 2067//21
f 2097//1542 2067//21 2066//21
f 2098//1543 2066//21 2077//21
f 2099//1544 2077//21 2074//21
f 2100//1545 2074//21 2085//21
f 2101//1546 2085//21 2080//21
f 2102//1547 2080//21 2079//21
f 2103//1548 2079//21 2082//21
f 2104//1549 2082//21 2081//21
f 2105//1550 2081//21 2063//21
f 2106//1551 2063//21 2057//21
f 2107//1552 2057//21 2056//21
f 2108//1553 2056//21 2071//21
f 2109//1554 2071//21 2083//21
f 2110//1555 2083//21 2073//21
f 2111//1556 2073//21 2072//21
f 2112//1557 2072//21 2084//21
f 2113//1558 2084//21 2069//21
f 2114//1559 2069//21 2068//21
f 2115//1560 2068//21 2070//21
f 2116//1561 2070//21 2062//21
f 2117//1562 2062//21 2055//21
f 2118//1563 2055//21 2054//21
f 2119//1564 2054//21 2059//21
f 2120//1565 2059//21 2061//21
f 2121//1566 2061//21 2060//21
f 2122//1567 2060//21 2078//21
f 2123//41 2086//42 2087//1532
f 2124//1568 2087//1532 2088//1533
f 2125//1569 2088//1533 2089//1534
f 2126//1570 2089//1534 2090//1535
f 2127//1571 2090//1535 2091//1536
f 2128//1572 2091//1536 2092//1537
f 2129//1573 2092//1537 2093//1538
f 2130//1574 2093//1538 2094//1539
f 2131//1575 2094//1539 2095//1540
f 2132//1576 2095//1540 2096//1541
f 2133//1577 2096//1541 2097//1542
f 2134//1578 2097//1542 2098//1543
f 2135//1579 2098//1543 2099//1544
f 2136//1580 2099//1544 2100//1545
f 2137//1581 2100//1545 2101//1546
f 2138//1582 2101//1546 2102//1547
f 2139//1583 2102//1547 2103//1548
f 2140//1584 2103//1548 2104//1549
f 2141//1585 2104//1549 2105//1550
f 2142//1586 2105//1550 2106//1551
f 2143//1587 2106//1551 2107//1552
f 2144//1588 2107//1552 2108//1553
f 2145//1589 2108//1553 2109//1554
f 2146//1590 2109//1554 2110//1555
f 2147//1591 2110//1555 2111//1556
f 2148//1592 2111//1556 2112//1557
f 2149//1593 2112//1557 2113//1558
f 2150//1594 2113//1558 2114//1559
f 2151//1595 2114//1559 2115//1560
f 2152//1596 2115//1560 2116//1561
f 2153//1597 2116//1561 2117//1562
f 2154//1598 2117//1562 2118//1563
f 2155//1599 2118//1563 2119//1564
f 2156//1600 2119//1564 2120//1565
f 2157//1601 2120//1565 2121//1566
f 2158//1602 2121//1566 2122//1567
f 2159//1603 2122//1567 2086//42
f 2160//1604 2123//41 2124//1568
f 2161//1605 2124//1568 2125//1569
f 2162//1606 2125//1569 2126//1570
f 2163//1607 2126//1570 2127//1571
f 2164//1608 2127//1571 2128//1572
f 2165//1609 2128//1572 2129//1573
f 2166//1610 2129//1573 2130//1574
f 2167//1611 2130//1574 2131//1575
f 2168//1612 2131//1575 2132//1576
f 2169//1613 2132//1576 2133//1577
f 2170//1614 2133//1577 2134//1578
f 2171//1615 2134//1578 2135//1579
f 2172//1616 2135//1579 2136//1580
f 2173//1617 2136//1580 2137//1581
f 2174//1618 2137//1581 2138//1582
f 2175//1619 2138//1582 2139//1583
f 2176//1620 2139//1583 2140//1584
f 2177//1621 2140//1584 2141//1585
f 2178//1622 2141//1585 2142//1586
f 2179//1623 2142//1586 2143//1587
f 2180//1624 2143//1587 2144//1588
f 2181//1625 2144//1588 2145//1589
f 2182//1626 2145//1589 2146//1590
f 2183//1627 2146//1590 2147//1591
f 2184//1628 2147//1591 2148//1592
f 2185//1629 2148//1592 2149//1593
f 2186//1630 2149//1593 2150//1594
f 2187//1631 2150//1594 2151//1595
f 2188//1632 2151//1595 2152//1596
f 2189//1633 2152//1596 2153//1597
f 2190//1634 2153//1597 2154//1598
f 2191//1635 2154//1598 2155//1599
f 2192//1636 2155//1599 2156//1600
f 2193//1637 2156//1600 2157//1601
f 2194//1638 2157//1601 2158//1602
f 2195//1639 2158//1602 2159//1603
f 2196//1640 2159//1603 2123//41
f 2197//18 2160//1604 2161//1605
f 2198//1641 2161//1605 2162//1606
f 2199//1642 2162//1606 2163//1607
f 2200//1643 2163//1607 2164//1608
f 2201//1644 2164//1608 2165//1609
f 2202//1645 2165//1609 2166//1610
f 2203//1646 2166//1610 2167//1611
f 2204//1647 2167//1611 2168//1612
f 2205//1648 2168//1612 2169//1613
f 2206//1649 2169//1613 2170//1614
f 2207//1650 2170//1614 2171//1615
f 2208//1651 2171//1615 2172//1616
f 2209//1652 2172//1616 2173//1617
f 2210//1653 2173//1617 2174//1618
f 2211//1654 2174//1618 2175//1619
f 2212//1655 2175//1619 2176//1620
f 2213//1656 2176//1620 2177//1621
f 2214//1657 2177//1621 2178//1622
f 2215//1658 2178//1622 2179//1623
f 2216//1659 2179//1623 2180//1624
f 2217//1660 2180//1624 2181//1625
f 2218//1661 2181//1625 2182//1626
f 2219//1662 2182//1626 2183//1627
f 2220//1663 2183//1627 2184//1628
f 2221//1664 2184//1628 2185//1629
f 2222//1665 2185//1629 2186//1630
f 2223//1666 2186//1630 2187//1631
f 2224//1667 2187//1631 2188//1632
f 2225//1668 2188//1632 2189//1633
f 2226//1669 2189//1633 2190//1634
f 2227//1670 2190//1634 2191//1635
f 2228//1671 2191//1635 2192//1636
f 2229//1672 2192//1636 2193//1637
f 2230//1673 2193//1637 2194//1638
f 2231//1674 2194//1638 2195//1639
f 2232//1675 2195//1639 2196//1640
f 2233//1676 2196//1640 2160//1604
f 2234//1677 2197//18 2198//1641
f 2235//1678 2198//1641 2199//1642
f 2236//1679 2199//1642 2200//1643
f 2237//1680 2200//1643 2201//1644
f 2238//1681 2201//1644 2202//1645
f 2239//1682 2202//1645 2203//1646
f 2240//1683 2203//1646 2204//1647
f 2241//1684 2204//1647 2205//1648
f 2242//1685 2205//1648 2206//1649
f 2243//1686 2206//1649 2207//1650
f 2244//1687 2207//1650 2208//1651
f 2245//1688 2208//1651 2209//1652
f 2246//1689 2209//1652 2210//1653
f 2247//1690 2210//1653 2211//1654
f 2248//1691 2211//1654 2212//1655
f 2249//1692 2212//1655 2213//1656
f 2250//1693 2213//1656 2214//1657
f 2251//1694 2214//1657 2215//1658
f 2252//1695 2215//1658 2216//1659
f 2253//1696 2216//1659 2217//1660
f 2254//1697 2217//1660 2218//1661
f 2255//1698 2218//1661 2219//1662
f 2256//1699 2219//1662 2220//1663
f 2257//1700 2220//1663 2221//1664
f 2258//1701 2221//1664 2222//1665
f 2259//1702 2222//1665 2223//1666
f 2260//1703 2223//1666 2224//1667
f 2261//1704 2224//1667 2225//1668
f 2262//1705 2225//1668 2226//1669
f 2263//1706 2226//1669 2227//1670
f 2264//1707 2227//1670 2228//1671
f 2265//1708 2228//1671 2229//1672
f 2266//1709 2229//1672 2230//1673
f 2267//1710 2230//1673 2231//1674
f 2268//1711 2231//1674 2232//1675
f 2269//1712 2232//1675 2233//1676
f 2270//1713 2233//1676 2197//18
f 2271//1714 2234//1677 2235//1678
f 2272//1715 2235//1678 2236//1679
f 2273//1716 2236//1679 2237//1680
f 2274//1717 2237//1680 2238//1681
f 2275//1718 2238//1681 2239//1682
f 2276//1719 2239//1682 2240//1683
f 2277//1720 2240//1683 2241//1684
f 2278//1721 2241//1684 2242//1685
f 2279//1722 2242//1685 2243//1686
f 2280//1723 2243//1686 2244//1687
f 2281//1724 2244//1687 2245//1688
f 2282//1725 2245//1688 2246//1689
f 2283//1726 2246//1689 2247//1690
f 2284//1727 2247//1690 2248//1691
f 2285//1728 2248//1691 2249//1692
f 2286//1729 2249//1692 2250//1693
f 2287//1730 2250//1693 2251//1694
f 2288//1731 2251//1694 2252//1695
f 2289//1732 2252//1695 2253//1696
f 2290//1733 2253//1696 2254//1697
f 2291//1734 2254//1697 2255//1698
f 2292//1735 2255//1698 2256//1699
f 2293//1736 2256//1699 2257//1700
f 2294//1737 2257//1700 2258//1701
f 2295//1738 2258//1701 2259//1702
f 2296//1739 2259//1702 2260//1703
f 2297//1740 2260//1703 2261//1704
f 2298//1741 2261//1704 2262//1705
f 2299//1742 2262//1705 2263//1706
f 2300//1743 2263//1706 2264//1707
f 2301//1744 2264//1707 2265//1708
f 2302//1745 2265//1708 2266//1709
f 2303//1746 2266//1709 2267//1710
f 2304//1747 2267//1710 2268//1711
f 2305//1748 2268//1711 2269//1712
f 2306//1749 2269//1712 2270//1713
f 2307//1750 2270//1713 2234//1677
f 2308//1751 2271//1714 2272//1715
f 2309//1752 2272//1715 2273//1716
f 2310//1753 2273//1716 2274//1717
f 2311//1754 2274//1717 2275//1718
f 2312//1755 2275//1718 2276//1719
f 2313//1756 2276//1719 2277//1720
f 2314//1757 2277//1720 2278//1721
f 2315//1758 2278//1721 2279//1722
f 2316//1759 2279//1722 2280//1723
f 2317//1760 2280//1723 2281//1724
f 2318//1761 2281//1724 2282//1725
f 2319//1762 2282//1725 2283//1726
f 2320//1763 2283//1726 2284//1727
f 2321//1764 2284//1727 2285//1728
f 2322//1765 2285//1728 2286//1729
f 2323//1766 2286//1729 2287//1730
f 2324//1767 2287//1730 2288//1731
f 2325//1768 2288//1731 2289//1732
f 2326//1769 2289//1732 2290//1733
f 2327//1770 2290//1733 2291//1734
f 2328//1771 2291//1734 2292//1735
f 2329//1772 2292//1735 2293//1736
f 2330//1773 2293//1736 2294//1737
f 2331//1774 2294//1737 2295//1738
f 2332//1775 2295//1738 2296//1739
f 2333//1776 2296//1739 2297//1740
f 2334//1777 2297//1740 2298//1741
f 2335//1778 2298//1741 2299//1742
f 2336//1779 2299//1742 2300//1743
f 2337//1780 2300//1743 2301//1744
f 2338//1781 2301//1744 2302//1745
f 2339//1782 2302//1745 2303//1746
f 2340//1783 2303//1746 2304//1747
f 2341//1784 2304//1747 2305//1748
f 2342//1785 2305//1748 2306//1749
f 2343//1786 2306//1749 2307//1750
f 2344//1787 2307//1750 2271//1714
f 1993//75 2308//1751 2309//1752
f 1981//1788 2309//1752 2310//1753
f 1982//1789 2310//1753 2311//1754
f 1985//1790 2311//1754 2312//1755
f 1994//1791 2312//1755 2313//1756
f 2003//1792 2313//1756 2314//1757
f 2004//1793 2314//1757 2315//1758
f 1997//1794 2315//1758 2316//1759
f 2009//1795 2316//1759 2317//1760
f 2011//1796 2317//1760 2318//1761
f 2012//1797 2318//1761 2319//1762
f 2013//1798 2319//1762 2320//1763
f 2007//1799 2320//1763 2321//1764
f 2015//1800 2321//1764 2322//1765
f 2030//1801 2322//1765 2323//1766
f 2039//1802 2323//1766 2324//1767
f 2031//1803 2324//1767 2325//1768
f 2034//1804 2325//1768 2326//1769
f 2327//1770 2033//1805 2041//55
f 2041//55 2326//1769 2327//1770
f 2033//1805 2327//1770 2328//1771
f 1998//1806 2328//1771 2329//1772
f 1986//1807 2329//1772 2330//1773
f 1987//1808 2330//1773 2331//1774
f 2000//1809 2331//1774 2332//1775
f 1990//1810 2332//1775 2333//1776
f 1991//1811 2333//1776 2334//1777
f 2008//1812 2334//1777 2335//1778
f 2019//1813 2335//1778 2336//1779
f 2020//1814 2336//1779 2337//1780
f 2021//1815 2337//1780 2338//1781
f 2023//1816 2338//1781 2339//1782
f 2026//1817 2339//1782 2340//1783
f 2027//1818 2340//1783 2341//1784
f 2028//1819 2341//1784 2342//1785
f 2043//1820 2342//1785 2343//1786
f 2038//1821 2343//1786 2344//1787
f 2044//1822 2344//1787 2308//1751
f 2308//1751 1993//75 2044//1822
f 2344//1787 2044//1822 2038//1821
f 2343//1786 2038//1821 2043//1820
f 2342//1785 2043//1820 2028//1819
f 2341//1784 2028//1819 2027//1818
f 2340//1783 2027//1818 2026//1817
f 2339//1782 2026//1817 2023//1816
f 2338//1781 2023//1816 2021//1815
f 2337//1780 2021//1815 2020//1814
f 2336//1779 2020//1814 2019//1813
f 2335//1778 2019//1813 2008//1812
f 2334//1777 2008//1812 1991//1811
f 2333//1776 1991//1811 1990//1810
f 2332//1775 1990//1810 2000//1809
f 2331//1774 2000//1809 1987//1808
f 2330//1773 1987//1808 1986//1807
f 2329//1772 1986//1807 1998//1806
f 2328//1771 1998//1806 2033//1805
f 2041//55 2042//1823 2326//1769
f 2326//1769 2042//1823 2034//1804
f 2325//1768 2034//1804 2031//1803
f 2324//1767 2031//1803 2039//1802
f 2323//1766 2039//1802 2030//1801
f 2322//1765 2030//1801 2015//1800
f 2321//1764 2015//1800 2007//1799
f 2320//1763 2007//1799 2013//1798
f 2319//1762 2013//1798 2012//1797
f 2318//1761 2012//1797 2011//1796
f 2317//1760 2011//1796 2009//1795
f 2316//1759 2009//1795 1997//1794
f 2315//1758 1997//1794 2004//1793
f 2314//1757 2004//1793 2003//1792
f 2313//1756 2003//1792 1994//1791
f 2312//1755 1994//1791 1985//1790
f 2311//1754 1985//1790 1982//1789
f 2310//1753 1982//1789 1981//1788
f 2309//1752 1981//1788 1993//75
f 2271//1714 2308//1751 2344//1787
f 2307//1750 2344//1787 2343//1786
f 2306//1749 2343//1786 2342//1785
f 2305//1748 2342//1785 2341//1784
f 2304//1747 2341//1784 2340//1783
f 2303//1746 2340//1783 2339//1782
f 2302//1745 2339//1782 2338//1781
f 2301//1744 2338//1781 2337//1780
f 2300//1743 2337//1780 2336//1779
f 2299//1742 2336//1779 2335//1778
f 2298//1741 2335//1778 2334//1777
f 2297//1740 2334//1777 2333//1776
f 2296//1739 2333//1776 2332//1775
f 2295//1738 2332//1775 2331//1774
f 2294//1737 2331//1774 2330//1773
f 2293//1736 2330//1773 2329//1772
f 2292//1735 2329//1772 2328//1771
f 2291//1734 2328//1771 2327//1770
f 2290//1733 2327//1770 2326//1769
f 2289//1732 2326//1769 2325//1768
f 2288//1731 2325//1768 2324//1767
f 2287//1730 2324//1767 2323//1766
f 2286//1729 2323//1766 2322//1765
f 2285//1728 2322//1765 2321//1764
f 2284//1727 2321//1764 2320//1763
f 2283//1726 2320//1763 2319//1762
f 2282//1725 2319//1762 2318//1761
f 2281//1724 2318//1761 2317//1760
f 2280//1723 2317//1760 2316//1759
f 2279//1722 2316//1759 2315//1758
f 2278//1721 2315//1758 2314//1757
f 2277//1720 2314//1757 2313//1756
f 2276//1719 2313//1756 2312//1755
f 2275//1718 2312//1755 2311//1754
f 2274//1717 2311//1754 2310//1753
f 2273//1716 2310//1753 2309//1752
f 2272//1715 2309//1752 2308//1751
f 2234//1677 2271//1714 2307//1750
f 2270//1713 2307//1750 2306//1749
f 2269//1712 2306//1749 2305//1748
f 2268//1711 2305//1748 2304//1747
f 2267//1710 2304//1747 2303//1746
f 2266//1709 2303//1746 2302//1745
f 2265//1708 2302//1745 2301//1744
f 2264//1707 2301//1744 2300//1743
f 2263//1706 2300//1743 2299//1742
f 2262//1705 2299//1742 2298//1741
f 2261//1704 2298//1741 2297//1740
f 2260//1703 2297//1740 2296//1739
f 2259//1702 2296//1739 2295//1738
f 2258//1701 2295//1738 2294//1737
f 2257//1700 2294//1737 2293//1736
f 2256//1699 2293//1736 2292//1735
f 2255//1698 2292//1735 2291//1734
f 2254//1697 2291//1734 2290//1733
f 2253//1696 2290//1733 2289//1732
f 2252//1695 2289//1732 2288//1731
f 2251//1694 2288//1731 2287//1730
f 2250//1693 2287//1730 2286//1729
f 2249//1692 2286//1729 2285//1728
f 2248//1691 2285//1728 2284//1727
f 2247//1690 2284//1727 2283//1726
f 2246//1689 2283//1726 2282//1725
f 2245//1688 2282//1725 2281//1724
f 2244//1687 2281//1724 2280//1723
f 2243//1686 2280//1723 2279//1722
f 2242//1685 2279//1722 2278//1721
f 2241//1684 2278//1721 2277//1720
f 2240//1683 2277//1720 2276//1719
f 2239//1682 2276//1719 2275//1718
f 2238//1681 2275//1718 2274//1717
f 2237//1680 2274//1717 2273//1716
f 2236//1679 2273//1716 2272//1715
f 2235//1678 2272//1715 2271//1714
f 2197//18 2234//1677 2270//1713
f 2233//1676 2270//1713 2269//1712
f 2232//1675 2269//1712 2268//1711
f 2231//1674 2268//1711 2267//1710
f 2230//1673 2267//1710 2266//1709
f 2229//1672 2266//1709 2265//1708
f 2228//1671 2265//1708 2264//1707
f 2227//1670 2264//1707 2263//1706
f 2226//1669 2263//1706 2262//1705
f 2225//1668 2262//1705 2261//1704
f 2224//1667 2261//1704 2260//1703
f 2223//1666 2260//1703 2259//1702
f 2222//1665 2259//1702 2258//1701
f 2221//1664 2258//1701 2257//1700
f 2220//1663 2257//1700 2256//1699
f 2219//1662 2256//1699 2255//1698
f 2218//1661 2255//1698 2254//1697
f 2217//1660 2254//1697 2253//1696
f 2216//1659 2253//1696 2252//1695
f 2215//1658 2252//1695 2251//1694
f 2214//1657 2251//1694 2250//1693
f 2213//1656 2250//1693 2249//1692
f 2212//1655 2249//1692 2248//1691
f 2211//1654 2248//1691 2247//1690
f 2210//1653 2247//1690 2246//1689
f 2209//1652 2246//1689 2245//1688
f 2208//1651 2245//1688 2244//1687
f 2207//1650 2244//1687 2243//1686
f 2206//1649 2243//1686 2242//1685
f 2205//1648 2242//1685 2241//1684
f 2204//1647 2241//1684 2240//1683
f 2203//1646 2240//1683 2239//1682
f 2202//1645 2239//1682 2238//1681
f 2201//1644 2238//1681 2237//1680
f 2200//1643 2237//1680 2236//1679
f 2199//1642 2236//1679 2235//1678
f 2198//1641 2235//1678 2234//1677
f 2160//1604 2197//18 2233//1676
f 2196//1640 2233//1676 2232//1675
f 2195//1639 2232//1675 2231//1674
f 2194//1638 2231//1674 2230//1673
f 2193//1637 2230//1673 2229//1672
f 2192//1636 2229//1672 2228//1671
f 2191//1635 2228//1671 2227//1670
f 2190//1634 2227//1670 2226//1669
f 2189//1633 2226//1669 2225//1668
f 2188//1632 2225//1668 2224//1667
f 2187//1631 2224//1667 2223//1666
f 2186//1630 2223//1666 2222//1665
f 2185//1629 2222//1665 2221//1664
f 2184//1628 2221//1664 2220//1663
f 2183//1627 2220//1663 2219//1662
f 2182//1626 2219//1662 2218//1661
f 2181//1625 2218//1661 2217//1660
f 2180//1624 2217//1660 2216//1659
f 2179//1623 2216//1659 2215//1658
f 2178//1622 2215//1658 2214//1657
f 2177//1621 2214//1657 2213//1656
f 2176//1620 2213//1656 2212//1655
f 2175//1619 2212//1655 2211//1654
f 2174//1618 2211//1654 2210//1653
f 2173//1617 2210//1653 2209//1652
f 2172//1616 2209//1652 2208//1651
f 2171//1615 2208//1651 2207//1650
f 2170//1614 2207//1650 2206//1649
f 2169//1613 2206//1649 2205//1648
f 2168//1612 2205//1648 2204//1647
f 2167//1611 2204//1647 2203//1646
f 2166//1610 2203//1646 2202//1645
f 2165//1609 2202//1645 2201//1644
f 2164//1608 2201//1644 2200//1643
f 2163//1607 2200//1643 2199//1642
f 2162//1606 2199//1642 2198//1641
f 2161//1605 2198//1641 2197//18
f 2123//41 2160//1604 2196//1640
f 2159//1603 2196//1640 2195//1639
f 2158//1602 2195//1639 2194//1638
f 2157//1601 2194//1638 2193//1637
f 2156//1600 2193//1637 2192//1636
f 2155//1599 2192//1636 2191//1635
f 2154//1598 2191//1635 2190//1634
f 2153//1597 2190//1634 2189//1633
f 2152//1596 2189//1633 2188//1632
f 2151//1595 2188//1632 2187//1631
f 2150//1594 2187//1631 2186//1630
f 2149//1593 2186//1630 2185//1629
f 2148//1592 2185//1629 2184//1628
f 2147//1591 2184//1628 2183//1627
f 2146//1590 2183//1627 2182//1626
f 2145//1589 2182//1626 2181//1625
f 2144//1588 2181//1625 2180//1624
f 2143//1587 2180//1624 2179//1623
f 2142//1586 2179//1623 2178//1622
f 2141//1585 2178//1622 2177//1621
f 2140//1584 2177//1621 2176//1620
f 2139//1583 2176//1620 2175//1619
f 2138//1582 2175//1619 2174//1618
f 2137//1581 2174//1618 2173//1617
f 2136//1580 2173//1617 2172//1616
f 2135//1579 2172//1616 2171//1615
f 2134//1578 2171//1615 2170//1614
f 2133//1577 2170//1614 2169//1613
f 2132//1576 2169//1613 2168//1612
f 2131//1575 2168//1612 2167//1611
f 2130//1574 2167//1611 2166//1610
f 2129//1573 2166//1610 2165//1609
f 2128//1572 2165//1609 2164//1608
f 2127//1571 2164//1608 2163//1607
f 2126//1570 2163//1607 2162//1606
f 2125//1569 2162//1606 2161//1605
f 2124//1568 2161//1605 2160//1604
f 2086//42 2123//41 2159//1603
f 2122//1567 2159//1603 2158//1602
f 2121//1566 2158//1602 2157//1601
f 2120//1565 2157//1601 2156//1600
f 2119//1564 2156//1600 2155//1599
f 2118//1563 2155//1599 2154//1598
f 2117//1562 2154//1598 2153//1597
f 2116//1561 2153//1597 2152//1596
f 2115//1560 2152//1596 2151//1595
f 2114//1559 2151//1595 2150//1594
f 2113//1558 2150//1594 2149//1593
f 2112//1557 2149//1593 2148//1592
f 2111//1556 2148//1592 2147//1591
f 2110//1555 2147//1591 2146//1590
f 2109//1554 2146//1590 2145//1589
f 2108//1553 2145//1589 2144//1588
f 2107//1552 2144//1588 2143//1587
f 2106//1551 2143//1587 2142//1586
f 2105//1550 2142//1586 2141//1585
f 2104//1549 2141//1585 2140//1584
f 2103//1548 2140//1584 2139//1583
f 2102//1547 2139//1583 2138//1582
f 2101//1546 2138//1582 2137//1581
f 2100//1545 2137//1581 2136//1580
f 2099//1544 2136//1580 2135//1579
f 2098//1543 2135//1579 2134//1578
f 2097//1542 2134//1578 2133//1577
f 2096//1541 2133//1577 2132//1576
f 2095//1540 2132//1576 2131//1575
f 2094//1539 2131//1575 2130//1574
f 2093//1538 2130//1574 2129//1573
f 2092//1537 2129//1573 2128//1572
f 2091//1536 2128//1572 2127//1571
f 2090//1535 2127//1571 2126//1570
f 2089//1534 2126//1570 2125//1569
f 2088//1533 2125//1569 2124//1568
f 2087//1532 2124//1568 2123//41
f 2078//21 2086//42 2122//1567
f 2060//21 2122//1567 2121//1566
f 2061//21 2121//1566 2120//1565
f 2059//21 2120//1565 2119//1564
f 2054//21 2119//1564 2118//1563
f 2055//21 2118//1563 2117//1562
f 2062//21 2117//1562 2116//1561
f 2070//21 2116//1561 2115//1560
f 2068//21 2115//1560 2114//1559
f 2069//21 2114//1559 2113//1558
f 2084//21 2113//1558 2112//1557
f 2072//21 2112//1557 2111//1556
f 2073//21 2111//1556 2110//1555
f 2083//21 2110//1555 2109//1554
f 2071//21 2109//1554 2108//1553
f 2056//21 2108//1553 2107//1552
f 2057//21 2107//1552 2106//1551
f 2063//21 2106//1551 2105//1550
f 2081//21 2105//1550 2104//1549
f 2082//21 2104//1549 2103//1548
f 2079//21 2103//1548 2102//1547
f 2080//21 2102//1547 2101//1546
f 2085//21 2101//1546 2100//1545
f 2074//21 2100//1545 2099//1544
f 2077//21 2099//1544 2098//1543
f 2066//21 2098//1543 2097//1542
f 2067//21 2097//1542 2096//1541
f 2058//21 2096//1541 2095//1540
f 2053//21 2095//1540 2094//1539
f 2052//21 2094//1539 2093//1538
f 2050//21 2093//1538 2092//1537
f 2051//21 2092//1537 2091//1536
f 2064//21 2091//1536 2090//1535
f 2049//21 2090//1535 2089//1534
f 2065//21 2089//1534 2088//1533
f 2075//21 2088//1533 2087//1532
f 2076//21 2087//1532 2086//42
f 1789//1 2345//1 2346//1422
f 1789//1 2347//1 2345//1
f 2348//718 2349//1 2350//1
f 2349//1 2348//718 2351//1
f 2352//1 2353//718 2354//1
f 1789//1 2355//1 2356//1
f 1789//1 2357//1 2347//1
f 2351//1 2358//718 2349//1
f 2354//1 2359//1422 2352//1
f 2352//1 2360//1 2361//1
f 1789//1 2362//1 2363//1
f 2346//1422 2355//1 1789//1
f 1789//1 2364//1 2365//1
f 2359//1422 2348//718 2352//1
f 2361//1 2366//1 2352//1
f 2363//1 2367//1 1789//1
f 2365//1 2357//1 1789//1
f 2366//1 2353//718 2352//1
f 2356//1 2362//1 1789//1
f 2368//1 2369//1 2370//1
f 2368//1 2371//1 2372//1
f 2352//1 2373//1 2360//1
f 2367//1 2374//1 1789//1
f 2370//1 2375//1 2368//1
f 2371//1 2376//1 2372//1
f 2352//1 2377//1 2373//1
f 2352//1 2378//1 2379//1
f 2378//1 2368//1 2380//1
f 2381//1 2382//1 2383//1
f 2381//1 1789//1 2384//1
f 2374//1 2385//1 1789//1
f 2372//1 2369//1 2368//1
f 2379//1 2377//1 2352//1
f 2380//1 2386//1 2378//1
f 2384//1 2382//1 2381//1
f 2385//1 2387//1 1789//1
f 2375//1 2388//1 2368//1
f 2386//1 2379//1 2378//1
f 1950//1 2389//1 2390//1
f 2391//1 2392//1 2393//1
f 1789//1 2381//1 2394//1
f 2387//1 2384//1 1789//1
f 2371//1 2395//1 2376//1
f 2371//1 2383//1 2396//1
f 2352//1 2397//1 2378//1
f 2398//1 2399//1 2397//1
f 1950//1 2400//1 2389//1
f 2392//1 2401//1 2402//1
f 2393//1 2398//1 2391//1
f 2383//1 2371//1 2381//1
f 2396//1 2395//1 2371//1
f 2397//1 2352//1 2398//1
f 1950//1 2402//1 2400//1
f 2392//1 2403//1 2401//1
f 2392//1 2404//1 2405//1
f 2391//1 2406//1 2392//1
f 1949//1 2407//1 2408//1
f 1789//1 2409//1 2410//1
f 2388//1 2380//1 2368//1
f 2398//1 2393//1 2399//1
f 2402//1 1950//1 2392//1
f 2406//1 2404//1 2392//1
f 2408//1 2411//1 1949//1
f 1794//1 2412//1 2413//1
f 1789//1 2414//1 2409//1
f 2350//1 2352//1 2348//718
f 2405//1 2403//1 2392//1
f 2392//1 1950//1 1949//1
f 1949//1 2415//1 2416//1
f 2417//1 2415//1 2418//1
f 2411//1 2419//1 1949//1
f 1959//1 1955//1 2420//1
f 1794//1 2421//1 2422//1
f 1794//1 2410//1 2412//1
f 1789//1 2423//1 2414//1
f 2390//1 2424//1 1950//1
f 2416//1 2425//1 1949//1
f 2418//1 2426//1 2417//1
f 1794//1 2427//1 2428//1
f 1949//1 2429//1 2407//1
f 1949//1 2430//1 2431//1
f 2430//1 1949//1 1959//1
f 2420//1 2432//1 1959//1
f 2422//1 2433//1 1794//1
f 2413//1 2434//1 1794//1
f 1789//1 2435//1 2423//1
f 1949//1 2425//1 2392//1
f 2418//1 2436//1 2426//1
f 1794//1 2437//1 2427//1
f 2431//1 2429//1 1949//1
f 2432//1 2438//1 1959//1
f 2434//1 2421//1 1794//1
f 2394//1 2435//1 1789//1
f 2418//1 2439//1 2436//1
f 2428//1 2418//1 1794//1
f 1959//1 2438//1 2430//1
f 2047//1 1959//1 1949//1
f 2410//1 1794//1 1789//1
f 2428//1 2439//1 2418//1
f 1949//1 2046//1 2047//1
f 2417//1 2416//1 2415//1
f 2433//1 2437//1 1794//1
f 2419//1 2415//1 1949//1
f 2519//1824 2520//1825 2521//1826
f 2522//1827 2519//1824 2523//1828
f 2524//1829 2522//1827 2525//1830
f 2526//1831 2524//1829 2527//1832
f 2528//1833 2526//1831 2529//1834
f 2528//1833 2530//1835 2440//1836
f 2530//1835 2441//1837 2440//1836
f 2523//1828 2521//1826 2531//1838
f 2525//1830 2523//1828 2532//1839
f 2527//1832 2525//1830 2533//1840
f 2529//1834 2527//1832 2534//1841
f 2530//1835 2529//1834 2535//1842
f 2530//1835 2536//1843 2442//1844
f 2536//1843 2443//1845 2442//1844
f 2532//1839 2531//1838 2537//1846
f 2533//1840 2532//1839 2538//1847
f 2534//1841 2533//1840 2539//1848
f 2535//1842 2534//1841 2540//1849
f 2536//1843 2535//1842 2541//1850
f 2542//1851 2444//1852 2445//1852
f 2445//1852 2536//1843 2542//1851
f 2446//1853 2543//1854 2538//1847
f 2539//1848 2538//1847 2543//1854
f 2540//1849 2539//1848 2544//1855
f 2541//1850 2540//1849 2545//1856
f 2542//1851 2541//1850 2546//1857
f 2542//1851 2547//1858 2447//1859
f 2544//1855 2543//1854 2548//1860
f 2545//1856 2544//1855 2549//1861
f 2546//1857 2545//1856 2550//1862
f 2547//1858 2546//1857 2551//1863
f 2552//1864 2448//1865 2449//1866
f 2449//1866 2547//1858 2552//1864
f 2549//1861 2548//1860 2553//1867
f 2550//1862 2549//1861 2554//1868
f 2551//1863 2550//1862 2555//1869
f 2552//1864 2551//1863 2556//1870
f 2557//1871 2450//1872 2451//1873
f 2451//1873 2552//1864 2557//1871
f 2554//1868 2553//1867 2558//1874
f 2555//1869 2554//1868 2559//1875
f 2556//1870 2555//1869 2560//1876
f 2557//1871 2556//1870 2561//1877
f 2557//1871 2562//1878 2452//1879
f 2562//1878 2453//1880 2452//1879
f 2559//1875 2558//1874 2563//1881
f 2560//1876 2559//1875 2564//1882
f 2561//1877 2560//1876 2565//1883
f 2562//1878 2561//1877 2566//1884
f 2562//1878 2567//1885 2454//1886
f 2564//1882 2563//1881 2568//1887
f 2565//1883 2564//1882 2569//1888
f 2566//1884 2565//1883 2570//1889
f 2567//1885 2566//1884 2571//1890
f 2572//1891 2455//1892 2456//1893
f 2456//1893 2567//1885 2572//1891
f 2569//1888 2568//1887 2573//1894
f 2570//1889 2569//1888 2574//1895
f 2571//1890 2570//1889 2575//1896
f 2572//1891 2571//1890 2576//1897
f 2577//1898 2457//1899 2458//1900
f 2458//1900 2572//1891 2577//1898
f 2574//1895 2573//1894 2578//1901
f 2575//1896 2574//1895 2579//1902
f 2576//1897 2575//1896 2580//1903
f 2577//1898 2576//1897 2581//1904
f 2582//1905 2459//1906 2457//1899
f 2579//1902 2578//1901 2583//1907
f 2580//1903 2579//1902 2584//1908
f 2581//1904 2580//1903 2585//1909
f 2582//1905 2581//1904 2586//1910
f 2587//1911 2460//1912 2461//1913
f 2461//1913 2582//1905 2587//1911
f 2584//1908 2583//1907 2588//1914
f 2585//1909 2584//1908 2589//1915
f 2586//1910 2585//1909 2590//1916
f 2587//1911 2586//1910 2591//1917
f 2592//1918 2462//1919 2463//1920
f 2463//1920 2587//1911 2592//1918
f 2589//1915 2588//1914 2593//1921
f 2590//1916 2589//1915 2594//1922
f 2591//1917 2590//1916 2595//1923
f 2592//1918 2591//1917 2596//1924
f 2592//1918 2597//1925 2464//1926
f 2597//1925 2465//1927 2464//1926
f 2594//1922 2593//1921 2598//1928
f 2595//1923 2594//1922 2599//1929
f 2596//1924 2595//1923 2600//1930
f 2597//1925 2596//1924 2601//1931
f 2602//1932 2466//1933 2465//1927
f 2599//1929 2598//1928 2603//1934
f 2600//1930 2599//1929 2604//1935
f 2601//1931 2600//1930 2605//1936
f 2602//1932 2601//1931 2606//1937
f 2607//1938 2467//1939 2468//1940
f 2468//1940 2602//1932 2607//1938
f 2604//1935 2603//1934 2608//1941
f 2605//1936 2604//1935 2609//1942
f 2606//1937 2605//1936 2610//1943
f 2607//1938 2606//1937 2611//1944
f 2607//1938 2612//1945 2469//1946
f 2612//1945 2470//1947 2469//1946
f 2613//1948 2614//1949 2608//1941
f 2609//1942 2608//1941 2614//1949
f 2610//1943 2609//1942 2615//1950
f 2611//1944 2610//1943 2616//1951
f 2612//1945 2611//1944 2617//1952
f 2612//1945 2618//1953 2471//1954
f 2618//1953 2472//1955 2471//1954
f 2614//1949 2613//1948 2619//1956
f 2615//1950 2614//1949 2620//1957
f 2616//1951 2615//1950 2621//1958
f 2617//1952 2616//1951 2622//1959
f 2618//1953 2617//1952 2623//1960
f 2624//1961 2473//1962 2472//1955
f 2620//1957 2619//1956 2625//1963
f 2621//1958 2620//1957 2626//1964
f 2622//1959 2621//1958 2627//1965
f 2623//1960 2622//1959 2628//1966
f 2624//1961 2623//1960 2629//1967
f 2630//1968 2474//1969 2475//1970
f 2630//1968 2476//1971 2474//1969
f 2475//1970 2624//1961 2630//1968
f 2626//1964 2625//1963 2631//1972
f 2627//1965 2626//1964 2632//1973
f 2628//1966 2627//1965 2633//1974
f 2629//1967 2628//1966 2634//1975
f 2630//1968 2629//1967 2635//1976
f 2636//1977 2477//1978 2476//1971
f 2528//1833 2478//1979 2385//1980
f 2526//1831 2528//1833 2374//1981
f 2374//1981 2367//1982 2526//1831
f 2524//1829 2526//1831 2363//1983
f 2522//1827 2524//1829 2362//1984
f 2362//1984 2356//1985 2522//1827
f 2519//1824 2522//1827 2355//1986
f 2355//1986 2346//1987 2519//1824
f 2520//1825 2519//1824 2345//1988
f 2345//1988 2347//1989 2520//1825
f 2479//1990 2520//1825 2357//1991
f 2357//1991 2365//1992 2479//1990
f 2521//1826 2520//1825 2480//1993
f 2520//1825 2479//1990 2480//1993
f 2531//1838 2521//1826 2481//1994
f 2521//1826 2482//1995 2481//1994
f 2537//1846 2483//1996 2484//1997
f 2537//1846 2531//1838 2483//1996
f 2531//1838 2485//1998 2483//1996
f 2537//1846 2486//1999 2487//2000
f 2548//1860 2488//2001 2489//2002
f 2543//1854 2446//1853 2488//2001
f 2488//2001 2548//1860 2543//1854
f 2490//2003 2491//2004 2553//1867
f 2558//1874 2553//1867 2491//2004
f 2563//1881 2558//1874 2492//2005
f 2558//1874 2493//2006 2492//2005
f 2568//1887 2563//1881 2494//2007
f 2573//1894 2568//1887 2495//2008
f 2568//1887 2496//2009 2495//2008
f 2578//1901 2573//1894 2497//2010
f 2578//1901 2498//2011 2499//2012
f 2499//2012 2583//1907 2578//1901
f 2588//1914 2583//1907 2500//2013
f 2588//1914 2501//2014 2502//2015
f 2502//2015 2593//1921 2588//1914
f 2503//2016 2598//1928 2593//1921
f 2603//1934 2598//1928 2504//2017
f 2504//2017 2505//2018 2603//1934
f 2598//1928 2503//2016 2504//2017
f 2505//2018 2506//2019 2603//1934
f 2507//2020 2608//1941 2603//1934
f 2613//1948 2507//2020 2508//2021
f 2508//2021 2509//2022 2613//1948
f 2613//1948 2510//2023 2511//2024
f 2511//2024 2619//1956 2613//1948
f 2625//1963 2619//1956 2512//2025
f 2619//1956 2513//2026 2512//2025
f 2625//1963 2514//2027 2515//2028
f 2515//2028 2631//1972 2625//1963
f 2516//2029 2350//2030 2349//2031
f 2516//2029 2352//2032 2350//2030
f 2631//1972 2351//2033 2348//2034
f 2631//1972 2349//2031 2358//2035
f 2358//2035 2351//2033 2631//1972
f 2632//1973 2359//2036 2354//2037
f 2632//1973 2348//2034 2359//2036
f 2633//1974 2354//2037 2353//2038
f 2634//1975 2366//2039 2361//2040
f 2634//1975 2353//2038 2366//2039
f 2635//1976 2361//2040 2360//2041
f 2636//1977 2360//2041 2373//2042
f 2373//2042 2477//1978 2636//1977
f 2360//2041 2636//1977 2635//1976
f 2361//2040 2635//1976 2634//1975
f 2353//2038 2634//1975 2633//1974
f 2354//2037 2633//1974 2632//1973
f 2348//2034 2632//1973 2631//1972
f 2349//2031 2631//1972 2516//2029
f 2515//2028 2516//2029 2631//1972
f 2512//2025 2514//2027 2625//1963
f 2511//2024 2513//2026 2619//1956
f 2509//2022 2510//2023 2613//1948
f 2603//1934 2517//2043 2507//2020
f 2506//2019 2517//2043 2603//1934
f 2593//1921 2518//2044 2503//2016
f 2502//2015 2518//2044 2593//1921
f 2500//2013 2501//2014 2588//1914
f 2499//2012 2500//2013 2583//1907
f 2497//2010 2498//2011 2578//1901
f 2495//2008 2497//2010 2573//1894
f 2494//2007 2496//2009 2568//1887
f 2492//2005 2494//2007 2563//1881
f 2491//2004 2493//2006 2558//1874
f 2553//1867 2548//1860 2490//2003
f 2489//2002 2490//2003 2548//1860
f 2487//2000 2446//1853 2537//1846
f 2484//1997 2486//1999 2537//1846
f 2481//1994 2485//1998 2531//1838
f 2480//1993 2482//1995 2521//1826
f 2365//1992 2364//2045 2479//1990
f 2347//1989 2357//1991 2520//1825
f 2346//1987 2345//1988 2519//1824
f 2356//1985 2355//1986 2522//1827
f 2363//1983 2362//1984 2524//1829
f 2367//1982 2363//1983 2526//1831
f 2385//1980 2374//1981 2528//1833
f 2476//1971 2630//1968 2636//1977
f 2635//1976 2636//1977 2630//1968
f 2634//1975 2635//1976 2629//1967
f 2633//1974 2634//1975 2628//1966
f 2632//1973 2633//1974 2627//1965
f 2631//1972 2632//1973 2626//1964
f 2475//1970 2473//1962 2624//1961
f 2629//1967 2630//1968 2624//1961
f 2628//1966 2629//1967 2623//1960
f 2627//1965 2628//1966 2622//1959
f 2626//1964 2627//1965 2621//1958
f 2625//1963 2626//1964 2620//1957
f 2472//1955 2618//1953 2624//1961
f 2623//1960 2624//1961 2618//1953
f 2622//1959 2623//1960 2617//1952
f 2621//1958 2622//1959 2616//1951
f 2620//1957 2621//1958 2615//1950
f 2619//1956 2620//1957 2614//1949
f 2471//1954 2470//1947 2612//1945
f 2617//1952 2618//1953 2612//1945
f 2616//1951 2617//1952 2611//1944
f 2615//1950 2616//1951 2610//1943
f 2614//1949 2615//1950 2609//1942
f 2608//1941 2507//2020 2613//1948
f 2469//1946 2467//1939 2607//1938
f 2611//1944 2612//1945 2607//1938
f 2610//1943 2611//1944 2606//1937
f 2609//1942 2610//1943 2605//1936
f 2608//1941 2609//1942 2604//1935
f 2468//1940 2466//1933 2602//1932
f 2606//1937 2607//1938 2602//1932
f 2605//1936 2606//1937 2601//1931
f 2604//1935 2605//1936 2600//1930
f 2603//1934 2604//1935 2599//1929
f 2465//1927 2597//1925 2602//1932
f 2601//1931 2602//1932 2597//1925
f 2600//1930 2601//1931 2596//1924
f 2599//1929 2600//1930 2595//1923
f 2598//1928 2599//1929 2594//1922
f 2464//1926 2462//1919 2592//1918
f 2596//1924 2597//1925 2592//1918
f 2595//1923 2596//1924 2591//1917
f 2594//1922 2595//1923 2590//1916
f 2593//1921 2594//1922 2589//1915
f 2463//1920 2460//1912 2587//1911
f 2591//1917 2592//1918 2587//1911
f 2590//1916 2591//1917 2586//1910
f 2589//1915 2590//1916 2585//1909
f 2588//1914 2589//1915 2584//1908
f 2461//1913 2459//1906 2582//1905
f 2586//1910 2587//1911 2582//1905
f 2585//1909 2586//1910 2581//1904
f 2584//1908 2585//1909 2580//1903
f 2583//1907 2584//1908 2579//1902
f 2457//1899 2577//1898 2582//1905
f 2581//1904 2582//1905 2577//1898
f 2580//1903 2581//1904 2576//1897
f 2579//1902 2580//1903 2575//1896
f 2578//1901 2579//1902 2574//1895
f 2458//1900 2455//1892 2572//1891
f 2576//1897 2577//1898 2572//1891
f 2575//1896 2576//1897 2571//1890
f 2574//1895 2575//1896 2570//1889
f 2573//1894 2574//1895 2569//1888
f 2456//1893 2454//1886 2567//1885
f 2571//1890 2572//1891 2567//1885
f 2570//1889 2571//1890 2566//1884
f 2569//1888 2570//1889 2565//1883
f 2568//1887 2569//1888 2564//1882
f 2454//1886 2453//1880 2562//1878
f 2566//1884 2567//1885 2562//1878
f 2565//1883 2566//1884 2561//1877
f 2564//1882 2565//1883 2560//1876
f 2563//1881 2564//1882 2559//1875
f 2452//1879 2450//1872 2557//1871
f 2561//1877 2562//1878 2557//1871
f 2560//1876 2561//1877 2556//1870
f 2559//1875 2560//1876 2555//1869
f 2558//1874 2559//1875 2554//1868
f 2451//1873 2448//1865 2552//1864
f 2556//1870 2557//1871 2552//1864
f 2555//1869 2556//1870 2551//1863
f 2554//1868 2555//1869 2550//1862
f 2553//1867 2554//1868 2549//1861
f 2449//1866 2447//1859 2547//1858
f 2551//1863 2552//1864 2547//1858
f 2550//1862 2551//1863 2546//1857
f 2549//1861 2550//1862 2545//1856
f 2548//1860 2549//1861 2544//1855
f 2447//1859 2444//1852 2542//1851
f 2546//1857 2547//1858 2542//1851
f 2545//1856 2546//1857 2541//1850
f 2544//1855 2545//1856 2540//1849
f 2543//1854 2544//1855 2539//1848
f 2538//1847 2537//1846 2446//1853
f 2445//1852 2443//1845 2536//1843
f 2541//1850 2542//1851 2536//1843
f 2540//1849 2541//1850 2535//1842
f 2539//1848 2540//1849 2534//1841
f 2538//1847 2539//1848 2533//1840
f 2537//1846 2538//1847 2532//1839
f 2442//1844 2441//1837 2530//1835
f 2535//1842 2536//1843 2530//1835
f 2534//1841 2535//1842 2529//1834
f 2533//1840 2534//1841 2527//1832
f 2532//1839 2533//1840 2525//1830
f 2531//1838 2532//1839 2523//1828
f 2440//1836 2478//1979 2528//1833
f 2529//1834 2530//1835 2528//1833
f 2527//1832 2529//1834 2526//1831
f 2525//1830 2527//1832 2524//1829
f 2523//1828 2525//1830 2522//1827
f 2521//1826 2523//1828 2519//1824
f 2438//2046 2432//2047 2637//2047
f 2637//2047 2638//2048 2438//2046
f 2430//2049 2438//2046 2639//2046
f 2639//2046 2640//2050 2430//2049
f 2431//2051 2430//2049 2641//2052
f 2641//2052 2642//2053 2431//2051
f 2429//2054 2431//2051 2643//2055
f 2643//2055 2644//2056 2429//2054
f 2407//2057 2429//2054 2645//2058
f 2429//2054 2646//2054 2645//2058
f 2407//2057 2647//2059 2648//2060
f 2407//2057 2649//2057 2647//2059
f 2408//2060 2650//2061 2651//2062
f 2408//2060 2648//2060 2650//2061
f 2411//2063 2652//2064 2653//2065
f 2411//2063 2651//2062 2652//2064
f 2419//2066 2654//1096 2655//2067
f 2419//2066 2653//2065 2654//1096
f 2418//1155 2415//2067 2655//2067
f 2655//2067 2415//2067 2419//2066
f 2653//2065 2419//2066 2411//2063
f 2651//2062 2411//2063 2408//2060
f 2648//2060 2408//2060 2407//2057
f 2645//2058 2649//2057 2407//2057
f 2644//2056 2646//2054 2429//2054
f 2642//2053 2643//2055 2431//2051
f 2640//2050 2641//2052 2430//2049
f 2638//2048 2639//2046 2438//2046
f 2637//2047 2432//2047 2420//2068
f 2406//2069 2391//2070 2656//2070
f 2404//2071 2406//2069 2657//2069
f 2657//2069 2658//2072 2404//2071
f 2405//2073 2404//2071 2659//2074
f 2659//2074 2660//2075 2405//2073
f 2403//2076 2405//2073 2661//2073
f 2661//2073 2662//2077 2403//2076
f 2401//2078 2403//2076 2663//2079
f 2403//2076 2664//2076 2663//2079
f 2401//2078 2665//2080 2666//2081
f 2401//2078 2667//2078 2665//2080
f 2402//2082 2668//2083 2669//2084
f 2402//2082 2666//2081 2668//2083
f 2400//2084 2670//2085 2671//2086
f 2400//2084 2669//2084 2670//2085
f 2389//2086 2671//2086 2672//2087
f 2424//2088 2390//2087 2672//2087
f 2672//2087 2390//2087 2389//2086
f 2671//2086 2389//2086 2400//2084
f 2669//2084 2400//2084 2402//2082
f 2666//2081 2402//2082 2401//2078
f 2663//2079 2667//2078 2401//2078
f 2662//2077 2664//2076 2403//2076
f 2660//2075 2661//2073 2405//2073
f 2658//2072 2659//2074 2404//2071
f 2656//2070 2657//2069 2406//2069
f 2656//2070 2391//2070 2398//2089
f 2387//2090 2385//1980 2478//1979
f 2384//2091 2387//2090 2440//1836
f 2440//1836 2441//1837 2384//2091
f 2382//1852 2384//2091 2442//1844
f 2442//1844 2443//1845 2382//1852
f 2383//2092 2382//1852 2445//1852
f 2445//1852 2444//1852 2383//2092
f 2444//1852 2447//1859 2383//2092
f 2396//2093 2383//2092 2449//1866
f 2449//1866 2448//1865 2396//2093
f 2395//2094 2396//2093 2451//1873
f 2451//1873 2450//1872 2395//2094
f 2376//2095 2453//1880 2454//1886
f 2376//2095 2395//2094 2452//1879
f 2452//1879 2453//1880 2376//2095
f 2372//2096 2376//2095 2456//1893
f 2456//1893 2455//1892 2372//2096
f 2369//2097 2457//1899 2459//1906
f 2369//2097 2372//2096 2458//1900
f 2458//1900 2457//1899 2369//2097
f 2369//2097 2460//1912 2463//1920
f 2369//2097 2461//1913 2460//1912
f 2370//2098 2462//1919 2464//1926
f 2370//2098 2463//1920 2462//1919
f 2375//2099 2466//1933 2468//1940
f 2375//2099 2465//1927 2466//1933
f 2375//2099 2464//1926 2465//1927
f 2388//2100 2467//1939 2469//1946
f 2388//2100 2468//1940 2467//1939
f 2380//2101 2470//1947 2471//1954
f 2380//2101 2469//1946 2470//1947
f 2386//2102 2473//1962 2475//1970
f 2386//2102 2472//1955 2473//1962
f 2386//2102 2471//1954 2472//1955
f 2379//2103 2475//1970 2474//1969
f 2377//2104 2474//1969 2476//1971
f 2476//1971 2477//1978 2377//2104
f 2477//1978 2373//2042 2377//2104
f 2474//1969 2377//2104 2379//2103
f 2475//1970 2379//2103 2386//2102
f 2471//1954 2386//2102 2380//2101
f 2469//1946 2380//2101 2388//2100
f 2468//1940 2388//2100 2375//2099
f 2464//1926 2375//2099 2370//2098
f 2463//1920 2370//2098 2369//2097
f 2459//1906 2461//1913 2369//2097
f 2455//1892 2458//1900 2372//2096
f 2454//1886 2456//1893 2376//2095
f 2450//1872 2452//1879 2395//2094
f 2448//1865 2451//1873 2396//2093
f 2447//1859 2449//1866 2383//2092
f 2443//1845 2445//1852 2382//1852
f 2441//1837 2442//1844 2384//2091
f 2478//1979 2440//1836 2387//2090
f 2368//2105 2378//2106 2673//2107
f 2673//2107 2674//2108 2368//2105
f 2371//2109 2368//2105 2675//2110
f 2675//2110 2676//2111 2371//2109
f 2381//2112 2371//2109 2677//2113
f 2677//2113 2678//2114 2381//2112
f 2394//2115 2381//2112 2679//2116
f 2679//2116 2680//161 2394//2115
f 2394//2115 2681//2117 2682//2118
f 2394//2115 2683//2119 2681//2117
f 2394//2115 2684//2120 2683//2119
f 2435//2121 2685//2122 2686//2123
f 2435//2121 2682//2118 2685//2122
f 2423//2124 2687//2125 2688//2126
f 2423//2124 2686//2123 2687//2125
f 2414//2127 2689//2128 2690//2129
f 2414//2127 2688//2126 2689//2128
f 2409//2130 2691//2131 2692//2132
f 2409//2130 2693//2133 2691//2131
f 2409//2130 2690//2129 2693//2133
f 2410//2134 2694//2135 2695//2136
f 2410//2134 2692//2132 2694//2135
f 2412//2137 2696//2138 2697//2139
f 2412//2137 2695//2136 2696//2138
f 2413//2140 2698//2141 2699//2142
f 2413//2140 2697//2139 2698//2141
f 2434//2143 2700//2144 2701//2145
f 2434//2143 2699//2142 2702//2146
f 2702//2146 2700//2144 2434//2143
f 2421//2147 2703//2148 2704//2149
f 2421//2147 2701//2145 2703//2148
f 2422//2150 2705//2151 2706//2152
f 2422//2150 2704//2149 2705//2151
f 2433//2153 2707//2154 2708//2155
f 2433//2153 2706//2152 2707//2154
f 2708//2155 2437//75 2433//2153
f 2427//2156 2437//75 2709//2157
f 2709//2157 2710//2158 2427//2156
f 2428//2159 2427//2156 2711//2160
f 2711//2160 2712//2161 2428//2159
f 2439//2162 2713//2163 2714//2164
f 2439//2162 2428//2159 2715//2165
f 2715//2165 2713//2163 2439//2162
f 2439//2162 2716//288 2717//2166
f 2439//2162 2718//2167 2719//319
f 2719//319 2716//288 2439//2162
f 2436//2168 2720//2169 2721//2170
f 2436//2168 2717//2166 2720//2169
f 2426//2171 2722//270 2723//2172
f 2426//2171 2721//2170 2722//270
f 2416//2173 2417//2174 2724//249
f 2417//2174 2725//259 2724//249
f 2417//2174 2723//2172 2725//259
f 2416//2173 2726//2175 2727//323
f 2727//323 2425//2176 2416//2173
f 2392//2177 2425//2176 2728//2178
f 2728//2178 2729//232 2392//2177
f 2393//2179 2392//2177 2730//2180
f 2730//2180 2731//221 2393//2179
f 2731//221 2732//211 2393//2179
f 2399//2181 2393//2179 2733//2182
f 2733//2182 2734//324 2399//2181
f 2397//2183 2399//2181 2735//2184
f 2735//2184 2736//194 2397//2183
f 2378//2106 2737//2185 2738//2186
f 2378//2106 2397//2183 2739//2187
f 2739//2187 2737//2185 2378//2106
f 2738//2186 2673//2107 2378//2106
f 2736//194 2739//2187 2397//2183
f 2734//324 2735//2184 2399//2181
f 2732//211 2733//2182 2393//2179
f 2729//232 2730//2180 2392//2177
f 2727//323 2728//2178 2425//2176
f 2724//249 2726//2175 2416//2173
f 2723//2172 2417//2174 2426//2171
f 2721//2170 2426//2171 2436//2168
f 2717//2166 2436//2168 2439//2162
f 2714//2164 2718//2167 2439//2162
f 2712//2161 2715//2165 2428//2159
f 2710//2158 2711//2160 2427//2156
f 2708//2155 2709//2157 2437//75
f 2706//2152 2433//2153 2422//2150
f 2704//2149 2422//2150 2421//2147
f 2701//2145 2421//2147 2434//2143
f 2699//2142 2434//2143 2413//2140
f 2697//2139 2413//2140 2412//2137
f 2695//2136 2412//2137 2410//2134
f 2692//2132 2410//2134 2409//2130
f 2690//2129 2409//2130 2414//2127
f 2688//2126 2414//2127 2423//2124
f 2686//2123 2423//2124 2435//2121
f 2682//2118 2435//2121 2394//2115
f 2680//161 2684//2120 2394//2115
f 2678//2114 2679//2116 2381//2112
f 2676//2111 2677//2113 2371//2109
f 2674//2108 2675//2110 2368//2105
f 2714//2164 2713//2163 2820//2188
f 2821//2189 2822//2190 2820//2188
f 2823//2191 2821//2189 2824//2192
f 2825//2193 2823//2191 2826//2194
f 2827//2195 2825//2193 2828//2196
f 2829//2197 2827//2195 2830//2198
f 2831//2199 2829//2197 2832//2200
f 2833//2201 2820//2188 2715//2165
f 2820//2188 2713//2163 2715//2165
f 2824//2192 2820//2188 2833//2201
f 2826//2194 2824//2192 2834//2202
f 2828//2196 2826//2194 2835//2203
f 2830//2198 2828//2196 2836//2204
f 2832//2200 2830//2198 2837//2205
f 2838//2206 2832//2200 2839//2207
f 2833//2201 2712//2161 2711//2160
f 2711//2160 2840//2208 2833//2201
f 2834//2202 2833//2201 2840//2208
f 2835//2203 2834//2202 2841//2209
f 2836//2204 2835//2203 2842//2210
f 2837//2205 2836//2204 2843//2211
f 2839//2207 2837//2205 2844//2212
f 2845//2213 2839//2207 2846//2214
f 2840//2208 2710//2158 2709//2157
f 2709//2157 2847//2215 2840//2208
f 2841//2209 2840//2208 2847//2215
f 2842//2210 2841//2209 2848//2216
f 2843//2211 2842//2210 2849//2217
f 2844//2212 2843//2211 2850//2218
f 2846//2214 2844//2212 2851//2219
f 2852//2220 2846//2214 2853//2221
f 2707//2154 2854//2222 2847//2215
f 2848//2216 2847//2215 2854//2222
f 2849//2217 2848//2216 2855//2223
f 2850//2218 2849//2217 2856//2224
f 2851//2219 2850//2218 2857//2225
f 2853//2221 2851//2219 2858//2226
f 2859//2227 2853//2221 2860//2228
f 2861//2229 2854//2222 2706//2152
f 2854//2222 2707//2154 2706//2152
f 2855//2223 2854//2222 2861//2229
f 2856//2224 2855//2223 2862//2230
f 2857//2225 2856//2224 2863//2231
f 2858//2226 2857//2225 2864//2232
f 2860//2228 2858//2226 2865//2233
f 2866//2234 2860//2228 2867//2235
f 2861//2229 2705//2151 2704//2149
f 2704//2149 2868//2236 2861//2229
f 2862//2230 2861//2229 2868//2236
f 2863//2231 2862//2230 2869//2237
f 2864//2232 2863//2231 2870//2238
f 2865//2233 2864//2232 2871//2239
f 2867//2235 2865//2233 2872//2240
f 2873//2241 2867//2235 2874//2242
f 2868//2236 2703//2148 2701//2145
f 2701//2145 2875//2243 2868//2236
f 2869//2237 2868//2236 2875//2243
f 2870//2238 2869//2237 2876//2244
f 2871//2239 2870//2238 2877//2245
f 2872//2240 2871//2239 2878//2246
f 2874//2242 2872//2240 2879//2247
f 2880//2248 2874//2242 2881//2249
f 2702//2146 2882//2250 2875//2243
f 2876//2244 2875//2243 2882//2250
f 2877//2245 2876//2244 2883//2251
f 2878//2246 2877//2245 2884//2252
f 2879//2247 2878//2246 2885//2253
f 2881//2249 2879//2247 2886//2254
f 2887//2255 2881//2249 2888//2256
f 2889//2257 2882//2250 2699//2142
f 2882//2250 2702//2146 2699//2142
f 2883//2251 2882//2250 2889//2257
f 2884//2252 2883//2251 2890//2258
f 2885//2253 2884//2252 2891//2259
f 2886//2254 2885//2253 2892//2260
f 2888//2256 2886//2254 2893//2261
f 2894//2262 2888//2256 2895//2263
f 2896//2264 2889//2257 2697//2139
f 2889//2257 2698//2141 2697//2139
f 2890//2258 2889//2257 2896//2264
f 2891//2259 2890//2258 2897//2265
f 2892//2260 2891//2259 2898//2266
f 2893//2261 2892//2260 2899//2267
f 2895//2263 2893//2261 2900//2268
f 2901//2269 2895//2263 2902//2270
f 2896//2264 2696//2138 2695//2136
f 2695//2136 2903//2271 2896//2264
f 2897//2265 2896//2264 2903//2271
f 2898//2266 2897//2265 2904//2272
f 2899//2267 2898//2266 2905//2273
f 2900//2268 2899//2267 2906//2274
f 2902//2270 2900//2268 2907//2275
f 2908//2276 2902//2270 2909//2277
f 2903//2271 2694//2135 2692//2132
f 2692//2132 2910//2278 2903//2271
f 2904//2272 2903//2271 2910//2278
f 2905//2273 2904//2272 2911//2279
f 2906//2274 2905//2273 2912//2280
f 2907//2275 2906//2274 2913//2281
f 2909//2277 2907//2275 2914//2282
f 2915//2283 2909//2277 2916//2284
f 2910//2278 2691//2131 2693//2133
f 2911//2279 2910//2278 2917//2285
f 2912//2280 2911//2279 2918//2286
f 2913//2281 2912//2280 2919//2287
f 2914//2282 2913//2281 2920//2288
f 2916//2284 2914//2282 2921//2289
f 2922//2290 2916//2284 2923//2291
f 2924//2292 2917//2285 2690//2129
f 2917//2285 2693//2133 2690//2129
f 2918//2286 2917//2285 2924//2292
f 2919//2287 2918//2286 2925//2293
f 2920//2288 2919//2287 2926//2294
f 2921//2289 2920//2288 2927//2295
f 2923//2291 2921//2289 2928//2296
f 2929//2297 2923//2291 2930//2298
f 2931//2299 2924//2292 2688//2126
f 2924//2292 2689//2128 2688//2126
f 2925//2293 2924//2292 2931//2299
f 2926//2294 2925//2293 2932//2300
f 2927//2295 2926//2294 2933//2301
f 2928//2296 2927//2295 2934//2302
f 2930//2298 2928//2296 2935//2303
f 2936//2304 2930//2298 2937//2305
f 2931//2299 2687//2125 2686//2123
f 2686//2123 2938//2306 2931//2299
f 2932//2300 2931//2299 2938//2306
f 2933//2301 2932//2300 2939//2307
f 2934//2302 2933//2301 2940//2308
f 2935//2303 2934//2302 2941//2309
f 2937//2305 2935//2303 2942//2310
f 2943//2311 2937//2305 2944//2312
f 2938//2306 2685//2122 2682//2118
f 2682//2118 2945//2313 2938//2306
f 2939//2307 2938//2306 2945//2313
f 2940//2308 2939//2307 2946//2314
f 2941//2309 2940//2308 2947//2315
f 2942//2310 2941//2309 2948//2316
f 2944//2312 2942//2310 2949//2317
f 2950//2318 2944//2312 2951//2319
f 2945//2313 2681//2117 2683//2119
f 2946//2314 2945//2313 2952//2320
f 2947//2315 2946//2314 2953//2321
f 2948//2316 2947//2315 2954//2322
f 2949//2317 2948//2316 2955//2323
f 2951//2319 2949//2317 2956//2324
f 2957//2325 2951//2319 2958//2326
f 2958//2326 2956//2324 2959//2327
f 2960//2328 2958//2326 2961//2329
f 2952//2320 2684//2120 2680//161
f 2952//2320 2683//2119 2684//2120
f 2680//161 2740//2330 2952//2320
f 2740//2330 2741//2331 2952//2320
f 2953//2321 2952//2320 2742//2332
f 2742//2332 2743//2333 2953//2321
f 2954//2322 2953//2321 2744//2334
f 2744//2334 2745//2335 2954//2322
f 2955//2323 2954//2322 2746//2336
f 2746//2336 2747//2337 2955//2323
f 2956//2324 2748//2338 2749//2339
f 2956//2324 2955//2323 2750//2340
f 2750//2340 2748//2338 2956//2324
f 2959//2327 2749//2339 2751//2341
f 2961//2329 2959//2327 2752//2342
f 2959//2327 2753//2343 2752//2342
f 2962//2344 2961//2329 2754//2345
f 2755//2346 2962//2344 2756//2347
f 2756//2347 2757//2348 2755//2346
f 2758//2349 2960//2328 2962//2344
f 2960//2328 2759//2350 2760//2351
f 2760//2351 2957//2325 2960//2328
f 2960//2328 2758//2349 2759//2350
f 2950//2318 2957//2325 2761//2352
f 2957//2325 2762//2353 2761//2352
f 2950//2318 2763//2354 2764//2355
f 2764//2355 2943//2311 2950//2318
f 2943//2311 2765//2356 2766//2357
f 2936//2304 2766//2357 2767//2358
f 2767//2358 2929//2297 2936//2304
f 2929//2297 2768//2359 2769//2360
f 2769//2360 2922//2290 2929//2297
f 2915//2283 2922//2290 2770//2361
f 2922//2290 2771//2362 2770//2361
f 2915//2283 2772//2363 2773//2364
f 2773//2364 2908//2276 2915//2283
f 2901//2269 2908//2276 2774//2365
f 2908//2276 2775//2366 2774//2365
f 2894//2262 2901//2269 2776//2367
f 2901//2269 2777//2368 2778//2369
f 2778//2369 2776//2367 2901//2269
f 2887//2255 2894//2262 2779//2370
f 2894//2262 2780//2371 2779//2370
f 2887//2255 2781//2372 2782//2373
f 2782//2373 2880//2248 2887//2255
f 2880//2248 2783//2374 2784//2375
f 2785//2376 2866//2234 2873//2241
f 2873//2241 2784//2375 2785//2376
f 2786//2377 2859//2227 2866//2234
f 2787//2378 2852//2220 2859//2227
f 2859//2227 2786//2377 2787//2378
f 2852//2220 2788//2379 2789//2380
f 2789//2380 2845//2213 2852//2220
f 2845//2213 2790//2381 2791//2382
f 2791//2382 2838//2206 2845//2213
f 2838//2206 2792//2383 2793//2384
f 2793//2384 2831//2199 2838//2206
f 2794//2385 2795//2386 2831//2199
f 2796//2387 2797//2388 2798//2389
f 2798//2389 2794//2385 2796//2387
f 2831//2199 2799//2390 2800//2391
f 2831//2199 2795//2386 2799//2390
f 2829//2197 2801//2392 2802//2393
f 2829//2197 2803//2394 2801//2392
f 2829//2197 2800//2391 2803//2394
f 2827//2195 2804//2395 2805//2396
f 2827//2195 2802//2393 2806//2397
f 2806//2397 2804//2395 2827//2195
f 2825//2193 2805//2396 2807//2398
f 2823//2191 2808//2399 2809//2400
f 2823//2191 2810//2401 2808//2399
f 2823//2191 2811//2402 2812//2403
f 2823//2191 2807//2398 2811//2402
f 2812//2403 2810//2401 2823//2191
f 2821//2189 2813//2404 2814//2405
f 2821//2189 2809//2400 2815//2406
f 2815//2406 2813//2404 2821//2189
f 2816//2407 2719//319 2718//2167
f 2718//2167 2822//2190 2816//2407
f 2822//2190 2817//2408 2816//2407
f 2822//2190 2814//2405 2817//2408
f 2718//2167 2714//2164 2822//2190
f 2814//2405 2822//2190 2821//2189
f 2809//2400 2821//2189 2823//2191
f 2807//2398 2823//2191 2825//2193
f 2805//2396 2825//2193 2827//2195
f 2802//2393 2827//2195 2829//2197
f 2800//2391 2829//2197 2831//2199
f 2831//2199 2796//2387 2794//2385
f 2793//2384 2796//2387 2831//2199
f 2791//2382 2792//2383 2838//2206
f 2789//2380 2790//2381 2845//2213
f 2787//2378 2788//2379 2852//2220
f 2866//2234 2818//2409 2786//2377
f 2785//2376 2818//2409 2866//2234
f 2784//2375 2873//2241 2880//2248
f 2782//2373 2783//2374 2880//2248
f 2779//2370 2781//2372 2887//2255
f 2776//2367 2780//2371 2894//2262
f 2774//2365 2777//2368 2901//2269
f 2773//2364 2775//2366 2908//2276
f 2770//2361 2772//2363 2915//2283
f 2769//2360 2771//2362 2922//2290
f 2767//2358 2768//2359 2929//2297
f 2766//2357 2936//2304 2943//2311
f 2764//2355 2765//2356 2943//2311
f 2761//2352 2763//2354 2950//2318
f 2760//2351 2762//2353 2957//2325
f 2962//2344 2755//2346 2758//2349
f 2757//2348 2819//2410 2755//2346
f 2754//2345 2756//2347 2962//2344
f 2752//2342 2754//2345 2961//2329
f 2751//2341 2753//2343 2959//2327
f 2749//2339 2959//2327 2956//2324
f 2747//2337 2750//2340 2955//2323
f 2745//2335 2746//2336 2954//2322
f 2743//2333 2744//2334 2953//2321
f 2741//2331 2742//2332 2952//2320
f 2961//2329 2962//2344 2960//2328
f 2959//2327 2961//2329 2958//2326
f 2958//2326 2960//2328 2957//2325
f 2956//2324 2958//2326 2951//2319
f 2955//2323 2956//2324 2949//2317
f 2954//2322 2955//2323 2948//2316
f 2953//2321 2954//2322 2947//2315
f 2952//2320 2953//2321 2946//2314
f 2683//2119 2952//2320 2945//2313
f 2951//2319 2957//2325 2950//2318
f 2949//2317 2951//2319 2944//2312
f 2948//2316 2949//2317 2942//2310
f 2947//2315 2948//2316 2941//2309
f 2946//2314 2947//2315 2940//2308
f 2945//2313 2946//2314 2939//2307
f 2682//2118 2681//2117 2945//2313
f 2944//2312 2950//2318 2943//2311
f 2942//2310 2944//2312 2937//2305
f 2941//2309 2942//2310 2935//2303
f 2940//2308 2941//2309 2934//2302
f 2939//2307 2940//2308 2933//2301
f 2938//2306 2939//2307 2932//2300
f 2686//2123 2685//2122 2938//2306
f 2937//2305 2943//2311 2936//2304
f 2935//2303 2937//2305 2930//2298
f 2934//2302 2935//2303 2928//2296
f 2933//2301 2934//2302 2927//2295
f 2932//2300 2933//2301 2926//2294
f 2931//2299 2932//2300 2925//2293
f 2688//2126 2687//2125 2931//2299
f 2930//2298 2936//2304 2929//2297
f 2928//2296 2930//2298 2923//2291
f 2927//2295 2928//2296 2921//2289
f 2926//2294 2927//2295 2920//2288
f 2925//2293 2926//2294 2919//2287
f 2924//2292 2925//2293 2918//2286
f 2690//2129 2689//2128 2924//2292
f 2923//2291 2929//2297 2922//2290
f 2921//2289 2923//2291 2916//2284
f 2920//2288 2921//2289 2914//2282
f 2919//2287 2920//2288 2913//2281
f 2918//2286 2919//2287 2912//2280
f 2917//2285 2918//2286 2911//2279
f 2693//2133 2917//2285 2910//2278
f 2916//2284 2922//2290 2915//2283
f 2914//2282 2916//2284 2909//2277
f 2913//2281 2914//2282 2907//2275
f 2912//2280 2913//2281 2906//2274
f 2911//2279 2912//2280 2905//2273
f 2910//2278 2911//2279 2904//2272
f 2692//2132 2691//2131 2910//2278
f 2909//2277 2915//2283 2908//2276
f 2907//2275 2909//2277 2902//2270
f 2906//2274 2907//2275 2900//2268
f 2905//2273 2906//2274 2899//2267
f 2904//2272 2905//2273 2898//2266
f 2903//2271 2904//2272 2897//2265
f 2695//2136 2694//2135 2903//2271
f 2902//2270 2908//2276 2901//2269
f 2900//2268 2902//2270 2895//2263
f 2899//2267 2900//2268 2893//2261
f 2898//2266 2899//2267 2892//2260
f 2897//2265 2898//2266 2891//2259
f 2896//2264 2897//2265 2890//2258
f 2697//2139 2696//2138 2896//2264
f 2895//2263 2901//2269 2894//2262
f 2893//2261 2895//2263 2888//2256
f 2892//2260 2893//2261 2886//2254
f 2891//2259 2892//2260 2885//2253
f 2890//2258 2891//2259 2884//2252
f 2889//2257 2890//2258 2883//2251
f 2699//2142 2698//2141 2889//2257
f 2888//2256 2894//2262 2887//2255
f 2886//2254 2888//2256 2881//2249
f 2885//2253 2886//2254 2879//2247
f 2884//2252 2885//2253 2878//2246
f 2883//2251 2884//2252 2877//2245
f 2882//2250 2883//2251 2876//2244
f 2875//2243 2700//2144 2702//2146
f 2881//2249 2887//2255 2880//2248
f 2879//2247 2881//2249 2874//2242
f 2878//2246 2879//2247 2872//2240
f 2877//2245 2878//2246 2871//2239
f 2876//2244 2877//2245 2870//2238
f 2875//2243 2876//2244 2869//2237
f 2701//2145 2700//2144 2875//2243
f 2874//2242 2880//2248 2873//2241
f 2872//2240 2874//2242 2867//2235
f 2871//2239 2872//2240 2865//2233
f 2870//2238 2871//2239 2864//2232
f 2869//2237 2870//2238 2863//2231
f 2868//2236 2869//2237 2862//2230
f 2704//2149 2703//2148 2868//2236
f 2867//2235 2873//2241 2866//2234
f 2865//2233 2867//2235 2860//2228
f 2864//2232 2865//2233 2858//2226
f 2863//2231 2864//2232 2857//2225
f 2862//2230 2863//2231 2856//2224
f 2861//2229 2862//2230 2855//2223
f 2706//2152 2705//2151 2861//2229
f 2860//2228 2866//2234 2859//2227
f 2858//2226 2860//2228 2853//2221
f 2857//2225 2858//2226 2851//2219
f 2856//2224 2857//2225 2850//2218
f 2855//2223 2856//2224 2849//2217
f 2854//2222 2855//2223 2848//2216
f 2847//2215 2708//2155 2707//2154
f 2853//2221 2859//2227 2852//2220
f 2851//2219 2853//2221 2846//2214
f 2850//2218 2851//2219 2844//2212
f 2849//2217 2850//2218 2843//2211
f 2848//2216 2849//2217 2842//2210
f 2847//2215 2848//2216 2841//2209
f 2709//2157 2708//2155 2847//2215
f 2846//2214 2852//2220 2845//2213
f 2844//2212 2846//2214 2839//2207
f 2843//2211 2844//2212 2837//2205
f 2842//2210 2843//2211 2836//2204
f 2841//2209 2842//2210 2835//2203
f 2840//2208 2841//2209 2834//2202
f 2711//2160 2710//2158 2840//2208
f 2839//2207 2845//2213 2838//2206
f 2837//2205 2839//2207 2832//2200
f 2836//2204 2837//2205 2830//2198
f 2835//2203 2836//2204 2828//2196
f 2834//2202 2835//2203 2826//2194
f 2833//2201 2834//2202 2824//2192
f 2715//2165 2712//2161 2833//2201
f 2832//2200 2838//2206 2831//2199
f 2830//2198 2832//2200 2829//2197
f 2828//2196 2830//2198 2827//2195
f 2826//2194 2828//2196 2825//2193
f 2824//2192 2826//2194 2823//2191
f 2820//2188 2824//2192 2821//2189
f 2820//2188 2822//2190 2714//2164
f 2981//2411 2678//2114 2677//2113
f 2677//2113 2982//2412 2981//2411
f 2983//2413 2981//2411 2982//2412
f 2984//2414 2983//2413 2985//2415
f 2986//2416 2984//2414 2987//2417
f 2988//2418 2986//2416 2989//2419
f 2990//2420 2988//2418 2991//2421
f 2992//2422 2990//2420 2993//2423
f 2994//2424 2992//2422 2995//2425
f 2963//944 2964//944 2994//2424
f 2982//2412 2676//2111 2675//2110
f 2675//2110 2996//2426 2982//2412
f 2985//2415 2982//2412 2996//2426
f 2987//2417 2985//2415 2997//2427
f 2989//2419 2987//2417 2998//2428
f 2991//2421 2989//2419 2999//2429
f 2993//2423 2991//2421 3000//2430
f 2995//2425 2993//2423 3001//2431
f 3002//2432 2995//2425 3003//2433
f 2965//944 2963//944 3002//2432
f 2996//2426 2674//2108 2673//2107
f 2673//2107 3004//2434 2996//2426
f 2997//2427 2996//2426 3004//2434
f 2998//2428 2997//2427 3005//2435
f 2999//2429 2998//2428 3006//2436
f 3000//2430 2999//2429 3007//2437
f 3001//2431 3000//2430 3008//2438
f 3003//2433 3001//2431 3009//2439
f 3010//2440 3003//2433 3011//2441
f 2966//944 2965//944 3010//2440
f 2967//2442 3004//2434 2738//2186
f 2968//2443 3005//2435 3004//2434
f 2969//2444 3006//2436 3005//2435
f 2970//2445 3007//2437 3006//2436
f 2971//2446 3008//2438 3007//2437
f 2972//2447 3009//2439 3008//2438
f 2973//2448 3011//2441 3009//2439
f 2974//2449 3012//2450 3011//2441
f 2975//944 2966//944 3012//2450
f 2994//2424 2964//944 2976//944
f 2976//944 2977//2451 2994//2424
f 2992//2422 2978//2452 2819//2453
f 2992//2422 2979//2454 2978//2452
f 2992//2422 2994//2424 2980//2455
f 2980//2455 2979//2454 2992//2422
f 2992//2422 2756//2456 2754//2457
f 2992//2422 2757//2458 2756//2456
f 2990//2420 2754//2457 2752//2459
f 2988//2418 2749//2460 2748//2461
f 2988//2418 2753//2462 2751//2463
f 2988//2418 2752//2459 2753//2462
f 2751//2463 2749//2460 2988//2418
f 2986//2416 2750//2464 2747//2465
f 2986//2416 2748//2461 2750//2464
f 2984//2414 2745//2466 2744//2467
f 2984//2414 2746//2468 2745//2466
f 2984//2414 2747//2465 2746//2468
f 2983//2413 2744//2467 2743//2469
f 2740//2330 2680//161 2679//2116
f 2679//2116 2981//2411 2740//2330
f 2981//2411 2741//2470 2740//2330
f 2981//2411 2743//2469 2742//2471
f 2742//2471 2741//2470 2981//2411
f 2679//2116 2678//2114 2981//2411
f 2743//2469 2981//2411 2983//2413
f 2744//2467 2983//2413 2984//2414
f 2747//2465 2984//2414 2986//2416
f 2748//2461 2986//2416 2988//2418
f 2752//2459 2988//2418 2990//2420
f 2754//2457 2990//2420 2992//2422
f 2819//2453 2757//2458 2992//2422
f 2977//2451 2980//2455 2994//2424
f 3012//2450 2974//2449 2975//944
f 3011//2441 2973//2448 2974//2449
f 3009//2439 2972//2447 2973//2448
f 3008//2438 2971//2446 2972//2447
f 3007//2437 2970//2445 2971//2446
f 3006//2436 2969//2444 2970//2445
f 3005//2435 2968//2443 2969//2444
f 3004//2434 2967//2442 2968//2443
f 2738//2186 2737//2185 2967//2442
f 3010//2440 3012//2450 2966//944
f 3011//2441 3012//2450 3010//2440
f 3009//2439 3011//2441 3003//2433
f 3008//2438 3009//2439 3001//2431
f 3007//2437 3008//2438 3000//2430
f 3006//2436 3007//2437 2999//2429
f 3005//2435 3006//2436 2998//2428
f 3004//2434 3005//2435 2997//2427
f 2673//2107 2738//2186 3004//2434
f 3002//2432 3010//2440 2965//944
f 3003//2433 3010//2440 3002//2432
f 3001//2431 3003//2433 2995//2425
f 3000//2430 3001//2431 2993//2423
f 2999//2429 3000//2430 2991//2421
f 2998//2428 2999//2429 2989//2419
f 2997//2427 2998//2428 2987//2417
f 2996//2426 2997//2427 2985//2415
f 2675//2110 2674//2108 2996//2426
f 2994//2424 3002//2432 2963//944
f 2995//2425 3002//2432 2994//2424
f 2993//2423 2995//2425 2992//2422
f 2991//2421 2993//2423 2990//2420
f 2989//2419 2991//2421 2988//2418
f 2987//2417 2989//2419 2986//2416
f 2985//2415 2987//2417 2984//2414
f 2982//2412 2985//2415 2983//2413
f 2677//2113 2676//2111 2982//2412
f 3029//2472 2967//2442 2739//2187
f 2967//2442 2737//2185 2739//2187
f 3030//2473 2968//2443 2967//2442
f 3031//2474 2969//2444 2968//2443
f 3032//2475 2970//2445 2969//2444
f 3033//2476 2971//2446 2970//2445
f 3034//2477 2972//2447 2971//2446
f 3035//2478 2973//2448 2972//2447
f 3036//2479 2974//2449 2973//2448
f 3013//2480 2975//944 2974//2449
f 3029//2472 2736//194 2735//2184
f 2735//2184 3037//2481 3029//2472
f 3030//2473 3029//2472 3037//2481
f 3031//2474 3030//2473 3038//2482
f 3032//2475 3031//2474 3039//2483
f 3033//2476 3032//2475 3040//2484
f 3034//2477 3033//2476 3041//2485
f 3035//2478 3034//2477 3042//2486
f 3036//2479 3035//2478 3043//2487
f 3014//2488 3013//2480 3036//2479
f 3037//2481 2734//324 2733//2182
f 2733//2182 3044//2489 3037//2481
f 3038//2482 3037//2481 3044//2489
f 3039//2483 3038//2482 3045//2490
f 3040//2484 3039//2483 3046//2491
f 3041//2485 3040//2484 3047//2492
f 3042//2486 3041//2485 3048//2493
f 3043//2487 3042//2486 3049//2494
f 3050//2495 3043//2487 3051//2496
f 3015//2497 3014//2488 3050//2495
f 2732//211 2731//221 3052//2498
f 3045//2490 3044//2489 3052//2498
f 3046//2491 3045//2490 3053//2499
f 3047//2492 3046//2491 3054//2500
f 3048//2493 3047//2492 3055//2501
f 3049//2494 3048//2493 3056//2502
f 3051//2496 3049//2494 3057//2503
f 3058//2504 3051//2496 3059//2505
f 3016//2506 3015//2497 3058//2504
f 3060//2507 3052//2498 2730//2180
f 3052//2498 2731//221 2730//2180
f 3053//2499 3052//2498 3060//2507
f 3054//2500 3053//2499 3061//2508
f 3055//2501 3054//2500 3062//2509
f 3056//2502 3055//2501 3063//2510
f 3057//2503 3056//2502 3064//2511
f 3059//2505 3057//2503 3065//2512
f 3066//2513 3059//2505 3067//2514
f 3017//2515 3016//2506 3066//2513
f 3068//2516 3060//2507 2728//2178
f 3060//2507 2729//232 2728//2178
f 3061//2508 3060//2507 3068//2516
f 3062//2509 3061//2508 3069//2517
f 3063//2510 3062//2509 3070//2518
f 3064//2511 3063//2510 3071//2519
f 3065//2512 3064//2511 3072//2520
f 3067//2514 3065//2512 3073//2521
f 3074//2522 3067//2514 3075//2523
f 3018//2524 3017//2515 3074//2522
f 3068//2516 2727//323 2726//2175
f 2726//2175 3076//2525 3068//2516
f 3069//2517 3068//2516 3076//2525
f 3070//2518 3069//2517 3077//2526
f 3071//2519 3070//2518 3078//2527
f 3072//2520 3071//2519 3079//2528
f 3073//2521 3072//2520 3080//2529
f 3075//2523 3073//2521 3081//2530
f 3082//2531 3075//2523 3083//2532
f 3018//2524 3082//2531 3084//2533
f 2725//259 3085//2534 3076//2525
f 3077//2526 3076//2525 3085//2534
f 3078//2527 3077//2526 3086//2535
f 3079//2528 3078//2527 3087//2536
f 3080//2529 3079//2528 3088//2537
f 3081//2530 3080//2529 3089//2538
f 3083//2532 3081//2530 3090//2539
f 3084//2533 3083//2532 3091//2540
f 3019//2541 3084//2533 3092//2542
f 3093//2543 3085//2534 2723//2172
f 3085//2534 2725//259 2723//2172
f 3086//2535 3085//2534 3093//2543
f 3087//2536 3086//2535 3094//2544
f 3088//2537 3087//2536 3095//2545
f 3089//2538 3088//2537 3096//2546
f 3090//2539 3089//2538 3097//2547
f 3091//2540 3090//2539 3098//2548
f 3092//2542 3091//2540 3099//2549
f 3020//2550 3092//2542 3100//2551
f 3101//2552 3093//2543 2721//2170
f 3093//2543 2722//270 2721//2170
f 3094//2544 3093//2543 3101//2552
f 3095//2545 3094//2544 3102//2553
f 3096//2546 3095//2545 3103//2554
f 3097//2547 3096//2546 3104//2555
f 3098//2548 3097//2547 3105//2556
f 3099//2549 3098//2548 3106//2557
f 3100//2551 3099//2549 3107//2558
f 3021//2559 3100//2551 3108//2560
f 3101//2552 2720//2169 2717//2166
f 2717//2166 3109//2561 3101//2552
f 3102//2553 3101//2552 3109//2561
f 3103//2554 3102//2553 3110//2562
f 3104//2555 3103//2554 3111//2563
f 3105//2556 3104//2555 3112//2564
f 3106//2557 3105//2556 3113//2565
f 3107//2558 3106//2557 3114//2566
f 3108//2560 3107//2558 3115//2567
f 3022//2568 3108//2560 3116//2569
f 3112//2564 3111//2563 3117//2570
f 3113//2565 3112//2564 3118//2571
f 3114//2566 3113//2565 3119//2572
f 3115//2567 3114//2566 3120//2573
f 3116//2569 3115//2567 3121//2574
f 3109//2561 2816//2407 2817//2575
f 3109//2561 2716//288 2719//319
f 2719//319 2816//2407 3109//2561
f 2817//2575 2814//2576 3109//2561
f 3110//2562 3109//2561 2813//2577
f 2813//2577 2815//2578 3110//2562
f 2815//2578 2809//2579 3110//2562
f 3111//2563 3110//2562 2808//2580
f 2808//2580 2810//2581 3111//2563
f 3117//2570 2810//2581 2812//2582
f 3118//2571 3117//2570 2807//2583
f 3117//2570 2811//2584 2807//2583
f 2807//2583 2805//2585 3118//2571
f 3119//2572 2802//2586 2801//2587
f 3119//2572 3118//2571 2806//2588
f 3118//2571 2804//2589 2806//2588
f 2806//2588 2802//2586 3119//2572
f 3119//2572 2803//2590 2800//2591
f 3121//2574 3120//2573 2799//2592
f 3120//2573 2800//2591 2799//2592
f 2799//2592 2795//2593 3121//2574
f 3121//2574 2797//2594 3023//2595
f 3121//2574 2798//2596 2797//2594
f 3121//2574 2794//2597 2798//2596
f 3122//2598 3023//2595 3024//2599
f 3116//2569 3025//2600 3026//2601
f 3116//2569 3122//2598 3027//2602
f 3027//2602 3025//2600 3116//2569
f 3026//2601 3028//2603 3116//2569
f 3024//2599 3027//2602 3122//2598
f 3023//2595 3122//2598 3121//2574
f 2795//2593 2794//2597 3121//2574
f 2800//2591 3120//2573 3119//2572
f 2801//2587 2803//2590 3119//2572
f 2805//2585 2804//2589 3118//2571
f 2812//2582 2811//2584 3117//2570
f 2810//2581 3117//2570 3111//2563
f 2809//2579 2808//2580 3110//2562
f 2814//2576 2813//2577 3109//2561
f 3121//2574 3122//2598 3116//2569
f 3120//2573 3121//2574 3115//2567
f 3119//2572 3120//2573 3114//2566
f 3118//2571 3119//2572 3113//2565
f 3117//2570 3118//2571 3112//2564
f 3116//2569 3028//2603 3022//2568
f 3115//2567 3116//2569 3108//2560
f 3114//2566 3115//2567 3107//2558
f 3113//2565 3114//2566 3106//2557
f 3112//2564 3113//2565 3105//2556
f 3111//2563 3112//2564 3104//2555
f 3110//2562 3111//2563 3103//2554
f 3109//2561 3110//2562 3102//2553
f 2717//2166 2716//288 3109//2561
f 3108//2560 3022//2568 3021//2559
f 3107//2558 3108//2560 3100//2551
f 3106//2557 3107//2558 3099//2549
f 3105//2556 3106//2557 3098//2548
f 3104//2555 3105//2556 3097//2547
f 3103//2554 3104//2555 3096//2546
f 3102//2553 3103//2554 3095//2545
f 3101//2552 3102//2553 3094//2544
f 2721//2170 2720//2169 3101//2552
f 3100//2551 3021//2559 3020//2550
f 3099//2549 3100//2551 3092//2542
f 3098//2548 3099//2549 3091//2540
f 3097//2547 3098//2548 3090//2539
f 3096//2546 3097//2547 3089//2538
f 3095//2545 3096//2546 3088//2537
f 3094//2544 3095//2545 3087//2536
f 3093//2543 3094//2544 3086//2535
f 2723//2172 2722//270 3093//2543
f 3092//2542 3020//2550 3019//2541
f 3091//2540 3092//2542 3084//2533
f 3090//2539 3091//2540 3083//2532
f 3089//2538 3090//2539 3081//2530
f 3088//2537 3089//2538 3080//2529
f 3087//2536 3088//2537 3079//2528
f 3086//2535 3087//2536 3078//2527
f 3085//2534 3086//2535 3077//2526
f 3076//2525 2724//249 2725//259
f 3084//2533 3019//2541 3018//2524
f 3083//2532 3084//2533 3082//2531
f 3081//2530 3083//2532 3075//2523
f 3080//2529 3081//2530 3073//2521
f 3079//2528 3080//2529 3072//2520
f 3078//2527 3079//2528 3071//2519
f 3077//2526 3078//2527 3070//2518
f 3076//2525 3077//2526 3069//2517
f 2726//2175 2724//249 3076//2525
f 3074//2522 3082//2531 3018//2524
f 3075//2523 3082//2531 3074//2522
f 3073//2521 3075//2523 3067//2514
f 3072//2520 3073//2521 3065//2512
f 3071//2519 3072//2520 3064//2511
f 3070//2518 3071//2519 3063//2510
f 3069//2517 3070//2518 3062//2509
f 3068//2516 3069//2517 3061//2508
f 2728//2178 2727//323 3068//2516
f 3066//2513 3074//2522 3017//2515
f 3067//2514 3074//2522 3066//2513
f 3065//2512 3067//2514 3059//2505
f 3064//2511 3065//2512 3057//2503
f 3063//2510 3064//2511 3056//2502
f 3062//2509 3063//2510 3055//2501
f 3061//2508 3062//2509 3054//2500
f 3060//2507 3061//2508 3053//2499
f 2730//2180 2729//232 3060//2507
f 3058//2504 3066//2513 3016//2506
f 3059//2505 3066//2513 3058//2504
f 3057//2503 3059//2505 3051//2496
f 3056//2502 3057//2503 3049//2494
f 3055//2501 3056//2502 3048//2493
f 3054//2500 3055//2501 3047//2492
f 3053//2499 3054//2500 3046//2491
f 3052//2498 3053//2499 3045//2490
f 3052//2498 3044//2489 2732//211
f 3050//2495 3058//2504 3015//2497
f 3051//2496 3058//2504 3050//2495
f 3049//2494 3051//2496 3043//2487
f 3048//2493 3049//2494 3042//2486
f 3047//2492 3048//2493 3041//2485
f 3046//2491 3047//2492 3040//2484
f 3045//2490 3046//2491 3039//2483
f 3044//2489 3045//2490 3038//2482
f 2733//2182 2732//211 3044//2489
f 3036//2479 3050//2495 3014//2488
f 3043//2487 3050//2495 3036//2479
f 3042//2486 3043//2487 3035//2478
f 3041//2485 3042//2486 3034//2477
f 3040//2484 3041//2485 3033//2476
f 3039//2483 3040//2484 3032//2475
f 3038//2482 3039//2483 3031//2474
f 3037//2481 3038//2482 3030//2473
f 2735//2184 2734//324 3037//2481
f 2974//2449 3036//2479 3013//2480
f 2973//2448 3035//2478 3036//2479
f 2972//2447 3034//2477 3035//2478
f 2971//2446 3033//2476 3034//2477
f 2970//2445 3032//2475 3033//2476
f 2969//2444 3031//2474 3032//2475
f 2968//2443 3030//2473 3031//2474
f 2967//2442 3029//2472 3030//2473
f 2739//2187 2736//194 3029//2472
f 2963//944 3123//2604 3124//944
f 2963//944 3125//2605 3123//2604
f 2964//944 3124//944 3126//2606
f 2963//944 3127//944 3125//2605
f 3126//2606 3128//944 2964//944
f 2963//944 3129//944 3127//944
f 3128//944 3130//2607 2964//944
f 2965//944 3131//944 3129//944
f 3130//2607 2976//944 2964//944
f 3131//944 2965//944 2966//944
f 3124//944 2964//944 2963//944
f 3129//944 2963//944 2965//944
f 2966//944 2975//944 3131//944
f 3028//2603 3026//2601 3132//2608
f 3022//2568 3028//2603 3133//2609
f 3133//2609 3134//946 3022//2568
f 3134//946 3020//2550 3021//2559
f 3021//2559 3022//2568 3134//946
f 3134//946 3018//2524 3019//2541
f 3019//2541 3020//2550 3134//946
f 3134//946 3135//946 3017//2515
f 3017//2515 3018//2524 3134//946
f 3135//946 3016//2506 3017//2515
f 3135//946 3015//2497 3016//2506
f 3135//946 3013//2480 3014//2488
f 3013//2480 3136//2610 3131//944
f 3013//2480 3135//946 3137//2611
f 3137//2611 3136//2610 3013//2480
f 3131//944 2975//944 3013//2480
f 3014//2488 3015//2497 3135//946
f 3138//2612 3139//2613 3135//946
f 3138//2612 3140//53 3139//2613
f 3135//946 3134//946 3138//2612
f 3138//2612 3141//53 3140//53
f 3132//2608 3133//2609 3028//2603
f 3141//53 3142//53 3143//53
f 3143//53 3140//53 3141//53
f 3144//2614 3145//2615 3146//1335
f 3144//2614 3142//53 3145//2615
f 3146//1335 3147//1335 3144//2614
f 3148//2616 3149//2617 3150//2618
f 3149//2617 3148//2616 3151//1336
f 3151//1336 3152//1336 3149//2617
f 3147//1335 3153//2619 3154//2620
f 3147//1335 3155//2621 3153//2619
f 3147//1335 3146//1335 3155//2621
f 3154//2620 3148//2616 3147//1335
f 3150//2618 3147//1335 3148//2616
f 3144//2614 3143//53 3142//53
f 3156//2622 3157//1336 3158//2622
f 3158//2622 3159//2623 3156//2622
f 3160//1336 3151//1336 3161//1336
f 3156//2622 3162//1336 3157//1336
f 3161//1336 3163//1336 3160//1336
f 3163//1336 3157//1336 3160//1336
f 3151//1336 3164//1336 3165//1336
f 3162//1336 3160//1336 3157//1336
f 3160//1336 3164//1336 3151//1336
f 3165//1336 3152//1336 3151//1336
f 1750//1 3166//1 3167//1
f 1721//1 3167//1 3168//1
f 3169//1 1744//1 1743//1
f 3166//1 1750//1 1749//1
f 3168//1 1722//1 1721//1
f 3170//1 3171//1 1723//1
f 3169//1 1745//1 1744//1
f 3169//1 3166//1 1746//1
f 3166//1 1748//1 1747//1
f 3167//1 1721//1 1750//1
f 1722//1 3168//1 3170//1
f 3171//1 1725//1 1724//1
f 1743//1 1742//1 3169//1
f 1747//1 1746//1 3166//1
f 1723//1 1722//1 3170//1
f 3171//1 1726//1 1725//1
f 3171//1 3172//1 1727//1
f 1742//1 1741//1 3169//1
f 1749//1 1748//1 3166//1
f 1727//1 1726//1 3171//1
f 3173//1 1774//1 1773//1
f 1741//1 1740//1 3169//1
f 1724//1 1723//1 3171//1
f 1773//1 3169//1 3173//1
f 3174//1 3175//1 1762//1
f 3175//1 3176//1 1763//1
f 3177//1 3178//1 1752//1
f 3172//1 1735//1 1734//1
f 3169//1 1738//1 1737//1
f 1746//1 1745//1 3169//1
f 1771//1 1770//1 3166//1
f 3173//1 1775//1 1774//1
f 3179//1 3180//1 1759//1
f 3180//1 3181//1 1760//1
f 3181//1 3174//1 1761//1
f 1763//1 1762//1 3175//1
f 3182//1 3183//1 1765//1
f 3177//1 1780//1 1779//1
f 1752//1 1751//1 3177//1
f 3172//1 1731//1 1730//1
f 1734//1 1733//1 3172//1
f 3169//1 1739//1 1738//1
f 3172//1 1728//1 1727//1
f 3166//1 3169//1 1771//1
f 1773//1 1772//1 3169//1
f 3173//1 3184//1 3177//1
f 1760//1 1759//1 3180//1
f 1762//1 1761//1 3174//1
f 3183//1 1766//1 1765//1
f 1751//1 1780//1 3177//1
f 3178//1 3185//1 1753//1
f 3185//1 3186//1 1754//1
f 3186//1 3187//1 1755//1
f 3187//1 3188//1 1756//1
f 3188//1 3189//1 1757//1
f 1730//1 1729//1 3172//1
f 1733//1 1732//1 3172//1
f 3169//1 1736//1 1735//1
f 1740//1 1739//1 3169//1
f 1772//1 1771//1 3169//1
f 3177//1 1776//1 3173//1
f 1761//1 1760//1 3181//1
f 3176//1 3182//1 1764//1
f 3183//1 1767//1 1766//1
f 3183//1 1769//1 1768//1
f 3177//1 1778//1 1777//1
f 1753//1 1752//1 3178//1
f 1755//1 1754//1 3186//1
f 1757//1 1756//1 3188//1
f 1732//1 1731//1 3172//1
f 1737//1 1736//1 3169//1
f 1776//1 1775//1 3173//1
f 1764//1 1763//1 3176//1
f 1768//1 1767//1 3183//1
f 1779//1 1778//1 3177//1
f 1756//1 1755//1 3187//1
f 1735//1 3172//1 3169//1
f 3173//1 3190//1 3184//1
f 1765//1 1764//1 3182//1
f 1754//1 1753//1 3185//1
f 3189//1 3179//1 1758//1
f 1770//1 3183//1 3166//1
f 3183//1 1770//1 1769//1
f 1758//1 1757//1 3189//1
f 1759//1 1758//1 3179//1
f 1729//1 1728//1 3172//1
f 1777//1 1776//1 3177//1
f 3177//1 3191//2624 3192//2625
f 3177//1 3184//1 3193//2626
f 3193//2626 3191//2624 3177//1
f 3192//2625 3194//2627 3195//2628
f 3194//2627 3196//2629 3197//2630
f 3194//2627 3192//2625 3198//2625
f 3198//2625 3196//2629 3194//2627
f 3197//2630 3199//2630 3200//2631
f 3201//2632 3202//2633 3199//2630
f 3199//2630 3197//2630 3201//2632
f 3203//2634 3204//2635 3202//2636
f 3203//2634 3205//2637 3204//2635
s 0
f 3202//929 3206//929 3207//929
s 1
f 3207//2638 3208//2639 3202//2636
f 3208//2639 3209//2640 3202//2636
f 3210//2641 3211//2642 3205//2637
s 0
f 3205//929 3203//929 3212//929
s 1
f 3212//2634 3213//2643 3205//2637
f 3214//2644 3215//2645 3211//2642
f 3214//2644 3216//2646 3215//2645
f 3211//2642 3210//2641 3217//2647
f 3218//2648 3219//2649 3216//2646
f 3218//2648 3220//2648 3219//2649
f 3216//2646 3214//2644 3221//2650
f 3222//2651 3223//2652 3220//2648
f 3222//2651 3224//75 3223//2652
f 3220//2648 3218//2648 3222//2651
f 3222//2651 3225//75 3224//75
f 3216//2646 3221//2650 3218//2648
f 3211//2642 3217//2647 3214//2644
f 3205//2637 3213//2643 3210//2641
f 3202//2636 3209//2640 3203//2634
f 3201//2632 3206//2636 3202//2633
f 3197//2630 3200//2631 3194//2627
f 3192//2625 3195//2628 3177//1
f 3183//1 3226//2653 3227//2654
f 3183//1 3228//2655 3229//2625
f 3229//2625 3226//2653 3183//1
f 3227//2654 3166//1 3183//1
f 3230//2627 3231//2629 3232//2656
f 3230//2627 3233//2657 3234//2630
f 3234//2630 3231//2629 3230//2627
f 3232//2656 3229//2625 3230//2627
f 3235//2636 3236//2632 3237//2630
f 3237//2630 3238//2633 3235//2636
f 3238//2633 3239//2640 3240//2658
f 3241//2634 3239//2640 3238//2633
f 3238//2633 3242//2635 3241//2634
f 3242//2635 3243//2637 3241//2634
f 3243//2637 3244//2643 3245//2634
f 3246//2659 3244//2643 3243//2637
f 3243//2637 3247//2659 3246//2659
f 3248//2644 3249//2660 3247//2659
f 3247//2659 3250//2661 3248//2644
f 3250//2661 3251//2646 3248//2644
f 3252//2648 3253//2650 3251//2646
f 3251//2646 3254//2662 3252//2648
f 3254//2662 3255//2648 3252//2648
f 3256//75 3257//2651 3255//2648
f 3255//2648 3258//2663 3256//75
f 3258//2663 3259//75 3256//75
f 3257//2651 3252//2648 3255//2648
f 3253//2650 3248//2644 3251//2646
f 3249//2660 3246//2659 3247//2659
s 0
f 3245//929 3241//929 3243//929
s 1
f 3240//2658 3235//2636 3238//2633
f 3236//2632 3234//2630 3237//2630
f 3233//2657 3237//2630 3234//2630
f 3228//2655 3230//2627 3229//2625
f 3260//2664 3261//2665 3262//2665
f 3188//2666 3187//2667 3263//2667
f 3263//2667 3264//2668 3188//2666
f 3189//2669 3188//2666 3265//2670
f 3265//2670 3266//2671 3189//2669
f 3179//2672 3189//2669 3267//2673
f 3267//2673 3268//2674 3179//2672
f 3179//2672 3269//2675 3270//2676
f 3179//2672 3271//75 3269//2675
f 3180//2677 3272//2678 3273//2679
f 3180//2677 3270//2676 3272//2678
f 3181//2680 3274//2681 3275//2682
f 3181//2680 3273//2679 3274//2681
f 3276//2683 3277//2684 3278//2685
f 3174//2686 3251//2687 3250//2683
f 3174//2686 3255//2688 3254//2689
f 3174//2686 3258//2690 3255//2688
f 3275//2682 3279//2691 3259//2691
f 3259//2691 3174//2686 3275//2682
f 3259//2691 3258//2690 3174//2686
f 3254//2689 3251//2687 3174//2686
f 3279//2691 3280//2692 3277//2684
f 3279//2691 3275//2682 3280//2692
f 3277//2684 3276//2683 3279//2691
f 3175//2683 3243//2693 3242//2694
f 3175//2683 3247//2695 3243//2693
f 3175//2683 3250//2683 3247//2695
f 3182//2696 3176//2685 3237//2697
f 3176//2685 3238//2698 3237//2697
f 3176//2685 3242//2694 3238//2698
f 3182//2696 3233//2696 3230//2699
f 3230//2699 3228//2700 3182//2696
f 3178//2701 3195//2702 3194//2703
f 3178//2701 3177//2704 3195//2702
f 3178//2701 3200//2701 3199//2705
f 3199//2705 3185//2665 3178//2701
f 3199//2705 3202//2706 3185//2665
f 3186//2664 3205//2707 3211//2708
f 3186//2664 3185//2665 3204//2665
f 3204//2665 3205//2707 3186//2664
f 3281//2709 3260//2664 3282//2664
f 3282//2664 3283//2710 3281//2709
f 3263//2667 3187//2667 3224//2709
f 3187//2667 3223//2711 3224//2709
f 3187//2667 3216//2712 3219//2713
f 3219//2713 3220//2714 3187//2667
f 3187//2667 3186//2664 3215//2664
f 3215//2664 3216//2712 3187//2667
f 3220//2714 3223//2711 3187//2667
f 3224//2709 3281//2709 3263//2667
f 3283//2710 3263//2667 3281//2709
f 3211//2708 3215//2664 3186//2664
f 3202//2706 3204//2665 3185//2665
f 3194//2703 3200//2701 3178//2701
f 3228//2700 3183//2715 3182//2696
f 3237//2697 3233//2696 3182//2696
f 3242//2694 3176//2685 3175//2683
f 3250//2683 3175//2683 3174//2686
f 3278//2685 3284//2685 3276//2683
f 3284//2685 3278//2685 3285//2089
f 3275//2682 3174//2686 3181//2680
f 3273//2679 3181//2680 3180//2677
f 3270//2676 3180//2677 3179//2672
f 3268//2674 3271//75 3179//2672
f 3266//2671 3267//2673 3189//2669
f 3264//2668 3265//2670 3188//2666
f 3262//2665 3282//2664 3260//2664
f 3262//2665 3261//2665 3286//2088
f 3224//75 3225//75 3287//75
f 3287//75 3281//75 3224//75
f 3288//2716 3289//2716 3287//2717
f 3287//2717 3225//2717 3288//2716
f 3290//53 3291//53 3292//53
f 3290//53 3289//53 3291//53
f 3286//53 3261//53 3287//53
f 3292//53 3293//53 3290//53
f 3287//53 3290//53 3286//53
f 3290//53 3287//53 3289//53
f 3261//53 3260//53 3287//53
f 3260//53 3281//53 3287//53
f 3293//53 3294//53 3290//53
f 3290//53 3295//2718 3296//1335
f 3290//53 3294//53 3295//2718
f 3296//1335 3297//1335 3298//2719
f 3297//1335 3299//2720 3300//1336
f 3297//1335 3296//1335 3299//2720
f 3300//1336 3301//1336 3302//2721
f 3301//1336 3303//2722 3304//2723
f 3301//1336 3300//1336 3303//2722
f 3304//2723 3305//2724 3306//2725
f 3305//2724 3307//2726 3308//2727
f 3305//2724 3304//2723 3307//2726
f 3309//1360 3310//2728 3311//1372
f 3309//1360 3308//2727 3310//2728
f 3312//1372 3313//2729 3314//1384
f 3312//1372 3311//1372 3313//2729
f 3315//1384 3316//2730 3317//1396
f 3317//1396 3318//1396 3319//2731
f 3315//1384 3314//1384 3316//2730
f 3318//1396 3317//1396 3320//2732
f 3320//2732 3321//64 3318//1396
f 3317//1396 3319//2731 3315//1384
f 3314//1384 3315//1384 3312//1372
f 3311//1372 3312//1372 3309//1360
f 3308//2727 3309//1360 3305//2724
f 3304//2723 3306//2725 3301//1336
f 3300//1336 3302//2721 3297//1335
f 3296//1335 3298//2719 3290//53
f 3322//64 3323//64 3321//64
f 3321//64 3320//2732 3322//64
f 3324//2733 3325//2734 3293//2734
f 3326//2735 3324//2733 3292//2733
f 3288//2716 3326//2735 3291//2735
f 3327//2736 3322//64 3320//2732
f 3320//2732 3317//65 3327//2736
f 3328//2737 3327//2736 3316//2736
f 3316//2736 3314//66 3328//2737
f 3329//2738 3328//2737 3313//2739
f 3313//2739 3311//68 3329//2738
f 3330//2740 3329//2738 3310//2741
f 3310//2741 3308//2742 3330//2740
f 3331//2743 3330//2740 3307//2740
f 3307//2740 3304//2744 3331//2743
f 3332//2745 3331//2743 3303//2743
f 3303//2743 3300//2746 3332//2745
f 3333//2747 3332//2745 3299//2745
f 3299//2745 3296//2748 3333//2747
f 3325//2734 3333//2747 3295//2747
f 3295//2747 3294//75 3325//2734
f 3294//75 3293//2734 3325//2734
f 3296//2748 3295//2747 3333//2747
f 3300//2746 3299//2745 3332//2745
f 3304//2744 3303//2743 3331//2743
f 3308//2742 3307//2740 3330//2740
f 3311//68 3310//2741 3329//2738
f 3314//66 3313//2739 3328//2737
f 3317//65 3316//2736 3327//2736
f 3291//2735 3289//2716 3288//2716
f 3292//2733 3291//2735 3326//2735
f 3293//2734 3292//2733 3324//2733
f 3190//1 3173//1 3334//76
f 3335//76 3336//2749 3337//82
f 3335//76 3334//76 3336//2749
f 3338//82 3337//82 3339//1259
f 3340//1259 3339//1259 3341//1270
f 3342//1270 3341//1270 3343//1281
f 3344//1281 3343//1281 3345//1292
f 3346//1292 3345//1292 3347//1303
f 3348//1303 3347//1303 3323//64
f 3323//64 3322//64 3348//1303
f 3347//1303 3348//1303 3346//1292
f 3345//1292 3346//1292 3344//1281
f 3343//1281 3344//1281 3342//1270
f 3341//1270 3342//1270 3340//1259
f 3339//1259 3340//1259 3338//82
f 3337//82 3338//82 3335//76
f 3334//76 3335//76 3190//1
f 3349//2750 3288//2716 3225//2717
f 3225//2717 3222//2751 3349//2750
f 3350//2752 3349//2750 3218//2753
f 3218//2753 3221//2754 3350//2752
f 3351//2755 3350//2752 3214//2756
f 3214//2756 3217//2757 3351//2755
f 3352//2758 3351//2755 3210//2759
f 3210//2759 3213//2760 3352//2758
f 3353//2761 3352//2758 3212//2762
s 0
f 3212//21 3203//2763 3353//2764
s 1
f 3203//2762 3209//2765 3353//2761
f 3209//2765 3208//2766 3353//2761
f 3354//2767 3353//2761 3207//2768
s 0
f 3207//21 3206//2769 3354//2770
s 1
f 3206//2768 3201//2771 3354//2767
f 3355//2772 3354//2767 3197//2773
f 3197//2773 3196//2774 3355//2772
f 3190//1 3191//2775 3193//2626
f 3190//1 3355//2772 3198//2776
f 3198//2776 3192//2777 3190//1
f 3192//2777 3191//2775 3190//1
f 3193//2626 3184//1 3190//1
f 3196//2774 3198//2776 3355//2772
f 3201//2771 3197//2773 3354//2767
f 3208//2766 3207//2768 3353//2761
f 3213//2760 3212//2762 3352//2758
f 3217//2757 3210//2759 3351//2755
f 3221//2754 3214//2756 3350//2752
f 3222//2751 3218//2753 3349//2750
f 3355//2772 3356//2778 3357//2779
f 3356//2778 3358//2780 3359//2781
f 3358//2780 3360//2782 3361//2783
f 3360//2782 3362//2784 3363//2785
f 3362//2784 3364//2786 3365//2787
f 3364//2786 3366//2788 3367//2789
f 3366//2788 3368//2790 3369//2791
f 3368//2790 3370//2792 3371//2793
f 3370//2792 3372//2794 3373//2795
f 3372//2794 3374//2796 3375//2797
f 3374//2796 3335//76 3338//82
f 3354//2767 3357//2779 3376//2798
f 3357//2779 3359//2781 3377//2799
f 3359//2781 3361//2783 3378//2800
f 3361//2783 3363//2785 3379//2801
f 3363//2785 3365//2787 3380//2802
f 3365//2787 3367//2789 3381//2803
f 3367//2789 3369//2791 3382//2804
f 3369//2791 3371//2793 3383//2805
f 3371//2793 3373//2795 3384//2806
f 3373//2795 3375//2797 3385//2807
f 3375//2797 3338//82 3340//1259
f 3353//2761 3376//2798 3386//2808
f 3376//2798 3377//2799 3387//2809
f 3377//2799 3378//2800 3388//2810
f 3378//2800 3379//2801 3389//2811
f 3379//2801 3380//2802 3390//2812
f 3380//2802 3381//2803 3391//2813
f 3381//2803 3382//2804 3392//2814
f 3382//2804 3383//2805 3393//2815
f 3383//2805 3384//2806 3394//2816
f 3384//2806 3385//2807 3395//2817
f 3385//2807 3340//1259 3342//1270
f 3352//2758 3386//2808 3396//2818
f 3386//2808 3387//2809 3397//2819
f 3387//2809 3388//2810 3398//2820
f 3388//2810 3389//2811 3399//2821
f 3389//2811 3390//2812 3400//2822
f 3390//2812 3391//2813 3401//2823
f 3391//2813 3392//2814 3402//2824
f 3392//2814 3393//2815 3403//2825
f 3393//2815 3394//2816 3404//2826
f 3394//2816 3395//2817 3405//2827
f 3395//2817 3342//1270 3344//1281
f 3351//2755 3396//2818 3406//2828
f 3396//2818 3397//2819 3407//2829
f 3397//2819 3398//2820 3408//2830
f 3398//2820 3399//2821 3409//2831
f 3399//2821 3400//2822 3410//2832
f 3400//2822 3401//2823 3411//2833
f 3401//2823 3402//2824 3412//2834
f 3402//2824 3403//2825 3413//2835
f 3403//2825 3404//2826 3414//2836
f 3404//2826 3405//2827 3415//2837
f 3405//2827 3344//1281 3346//1292
f 3350//2752 3406//2828 3416//2838
f 3406//2828 3407//2829 3417//2839
f 3407//2829 3408//2830 3418//2840
f 3408//2830 3409//2831 3419//2841
f 3409//2831 3410//2832 3420//2842
f 3410//2832 3411//2833 3421//2843
f 3411//2833 3412//2834 3422//2844
f 3412//2834 3413//2835 3423//2845
f 3413//2835 3414//2836 3424//2846
f 3414//2836 3415//2837 3425//2847
f 3415//2837 3346//1292 3348//1303
f 3349//2750 3416//2838 3326//2735
f 3416//2838 3417//2839 3324//2733
f 3417//2839 3418//2840 3325//2734
f 3418//2840 3419//2841 3333//2747
f 3419//2841 3420//2842 3332//2745
f 3420//2842 3421//2843 3331//2743
f 3421//2843 3422//2844 3330//2740
f 3422//2844 3423//2845 3329//2738
f 3423//2845 3424//2846 3328//2737
f 3424//2846 3425//2847 3327//2736
f 3425//2847 3348//1303 3322//64
f 3322//64 3327//2736 3425//2847
f 3327//2736 3328//2737 3424//2846
f 3328//2737 3329//2738 3423//2845
f 3329//2738 3330//2740 3422//2844
f 3330//2740 3331//2743 3421//2843
f 3331//2743 3332//2745 3420//2842
f 3332//2745 3333//2747 3419//2841
f 3333//2747 3325//2734 3418//2840
f 3325//2734 3324//2733 3417//2839
f 3324//2733 3326//2735 3416//2838
f 3326//2735 3288//2716 3349//2750
f 3348//1303 3425//2847 3415//2837
f 3425//2847 3424//2846 3414//2836
f 3424//2846 3423//2845 3413//2835
f 3423//2845 3422//2844 3412//2834
f 3422//2844 3421//2843 3411//2833
f 3421//2843 3420//2842 3410//2832
f 3420//2842 3419//2841 3409//2831
f 3419//2841 3418//2840 3408//2830
f 3418//2840 3417//2839 3407//2829
f 3417//2839 3416//2838 3406//2828
f 3416//2838 3349//2750 3350//2752
f 3346//1292 3415//2837 3405//2827
f 3415//2837 3414//2836 3404//2826
f 3414//2836 3413//2835 3403//2825
f 3413//2835 3412//2834 3402//2824
f 3412//2834 3411//2833 3401//2823
f 3411//2833 3410//2832 3400//2822
f 3410//2832 3409//2831 3399//2821
f 3409//2831 3408//2830 3398//2820
f 3408//2830 3407//2829 3397//2819
f 3407//2829 3406//2828 3396//2818
f 3406//2828 3350//2752 3351//2755
f 3344//1281 3405//2827 3395//2817
f 3405//2827 3404//2826 3394//2816
f 3404//2826 3403//2825 3393//2815
f 3403//2825 3402//2824 3392//2814
f 3402//2824 3401//2823 3391//2813
f 3401//2823 3400//2822 3390//2812
f 3400//2822 3399//2821 3389//2811
f 3399//2821 3398//2820 3388//2810
f 3398//2820 3397//2819 3387//2809
f 3397//2819 3396//2818 3386//2808
f 3396//2818 3351//2755 3352//2758
f 3342//1270 3395//2817 3385//2807
f 3395//2817 3394//2816 3384//2806
f 3394//2816 3393//2815 3383//2805
f 3393//2815 3392//2814 3382//2804
f 3392//2814 3391//2813 3381//2803
f 3391//2813 3390//2812 3380//2802
f 3390//2812 3389//2811 3379//2801
f 3389//2811 3388//2810 3378//2800
f 3388//2810 3387//2809 3377//2799
f 3387//2809 3386//2808 3376//2798
f 3386//2808 3352//2758 3353//2761
f 3340//1259 3385//2807 3375//2797
f 3385//2807 3384//2806 3373//2795
f 3384//2806 3383//2805 3371//2793
f 3383//2805 3382//2804 3369//2791
f 3382//2804 3381//2803 3367//2789
f 3381//2803 3380//2802 3365//2787
f 3380//2802 3379//2801 3363//2785
f 3379//2801 3378//2800 3361//2783
f 3378//2800 3377//2799 3359//2781
f 3377//2799 3376//2798 3357//2779
f 3376//2798 3353//2761 3354//2767
f 3338//82 3375//2797 3374//2796
f 3375//2797 3373//2795 3372//2794
f 3373//2795 3371//2793 3370//2792
f 3371//2793 3369//2791 3368//2790
f 3369//2791 3367//2789 3366//2788
f 3367//2789 3365//2787 3364//2786
f 3365//2787 3363//2785 3362//2784
f 3363//2785 3361//2783 3360//2782
f 3361//2783 3359//2781 3358//2780
f 3359//2781 3357//2779 3356//2778
f 3357//2779 3354//2767 3355//2772
f 3335//76 3374//2796 3190//1
f 3374//2796 3372//2794 3190//1
f 3372//2794 3370//2792 3190//1
f 3370//2792 3368//2790 3190//1
f 3368//2790 3366//2788 3190//1
f 3366//2788 3364//2786 3190//1
f 3364//2786 3362//2784 3190//1
f 3362//2784 3360//2782 3190//1
f 3360//2782 3358//2780 3190//1
f 3358//2780 3356//2778 3190//1
f 3356//2778 3355//2772 3190//1
f 3279//75 3426//75 3427//75
f 3279//75 3428//75 3429//75
f 3279//75 3430//75 3426//75
f 3427//75 3428//75 3279//75
f 3279//75 3431//75 3432//75
f 3279//75 3433//75 3434//75
f 3432//75 3430//75 3279//75
f 3429//75 3433//75 3279//75
f 3279//75 3435//75 3436//75
f 3259//75 3279//75 3437//75
f 3436//75 3431//75 3279//75
f 3279//75 3438//75 3437//75
f 3434//75 3439//75 3279//75
f 3439//75 3438//75 3279//75
f 3279//75 3440//75 3441//75
f 3441//75 3435//75 3279//75
f 3437//75 3256//75 3259//75
f 3437//2848 3442//2849 3443//2850
f 3444//2851 3443//2850 3442//2849
f 3442//2849 3445//2852 3444//2851
f 3445//2852 3446//2853 3447//2854
f 3446//2853 3448//2855 3447//2854
f 3447//2854 3444//2851 3445//2852
f 3449//2856 3450//2857 3451//2858
f 3452//2859 3451//2858 3450//2857
f 3450//2857 3453//2859 3452//2859
f 3452//2859 3453//2859 3454//2860
f 3454//2860 3455//2860 3452//2859
f 3451//2858 3448//2855 3449//2856
f 3446//2853 3449//2856 3448//2855
f 3443//2850 3256//2848 3437//2848
f 3456//2861 3454//2860 3453//2859
f 3453//2859 3467//2862 3456//2861
f 3467//2862 3450//2857 3449//2856
f 3449//2856 3468//2863 3467//2862
f 3468//2863 3446//2853 3445//2852
f 3445//2852 3469//2864 3468//2863
f 3456//2861 3467//2862 3470//2865
f 3467//2862 3468//2863 3471//2866
f 3468//2863 3469//2864 3472//2867
f 3457//2868 3470//2865 3473//2869
f 3470//2865 3471//2866 3474//2870
f 3471//2866 3472//2867 3475//2871
f 3458//2872 3473//2869 3476//2873
f 3473//2869 3474//2870 3477//2874
f 3474//2870 3475//2871 3478//2875
f 3459//2876 3476//2873 3479//2877
f 3476//2873 3477//2874 3480//2878
f 3477//2874 3478//2875 3481//2879
f 3460//2880 3479//2877 3482//2881
f 3479//2877 3480//2878 3483//2882
f 3480//2878 3481//2879 3484//2883
f 3461//2884 3482//2881 3485//2885
f 3482//2881 3483//2882 3486//2886
f 3483//2882 3484//2883 3487//2887
f 3462//2888 3485//2885 3463//53
f 3485//2885 3486//2886 3464//53
f 3486//2886 3487//2887 3465//53
f 3442//2849 3439//2889 3434//2890
f 3442//2849 3438//2891 3439//2889
f 3442//2849 3437//2848 3438//2891
f 3469//2864 3433//2892 3429//2893
f 3469//2864 3434//2890 3433//2892
f 3472//2867 3428//2894 3427//2895
f 3472//2867 3429//2893 3428//2894
f 3475//2871 3426//2896 3430//2897
f 3475//2871 3427//2895 3426//2896
f 3478//2875 3430//2897 3432//2898
f 3481//2879 3431//2899 3436//2900
f 3481//2879 3432//2898 3431//2899
f 3484//2883 3435//2901 3441//2902
f 3484//2883 3436//2900 3435//2901
f 3487//2887 3441//2902 3440//53
f 3440//53 3465//53 3487//2887
f 3441//2902 3487//2887 3484//2883
f 3436//2900 3484//2883 3481//2879
f 3432//2898 3481//2879 3478//2875
f 3430//2897 3478//2875 3475//2871
f 3427//2895 3475//2871 3472//2867
f 3429//2893 3472//2867 3469//2864
f 3434//2890 3469//2864 3442//2849
f 3465//53 3464//53 3486//2886
f 3464//53 3463//53 3485//2885
f 3463//53 3466//53 3462//2888
f 3487//2887 3486//2886 3483//2882
f 3486//2886 3485//2885 3482//2881
f 3485//2885 3462//2888 3461//2884
f 3484//2883 3483//2882 3480//2878
f 3483//2882 3482//2881 3479//2877
f 3482//2881 3461//2884 3460//2880
f 3481//2879 3480//2878 3477//2874
f 3480//2878 3479//2877 3476//2873
f 3479//2877 3460//2880 3459//2876
f 3478//2875 3477//2874 3474//2870
f 3477//2874 3476//2873 3473//2869
f 3476//2873 3459//2876 3458//2872
f 3475//2871 3474//2870 3471//2866
f 3474//2870 3473//2869 3470//2865
f 3473//2869 3458//2872 3457//2868
f 3472//2867 3471//2866 3468//2863
f 3471//2866 3470//2865 3467//2862
f 3470//2865 3457//2868 3456//2861
f 3445//2852 3442//2849 3469//2864
f 3449//2856 3446//2853 3468//2863
f 3453//2859 3450//2857 3467//2862
f 3495//2903 3496//2904 3444//2851
f 3496//2904 3443//2850 3444//2851
f 3497//2905 3495//2903 3448//2855
f 3495//2903 3447//2854 3448//2855
f 3488//2906 3497//2905 3452//2859
f 3497//2905 3451//2858 3452//2859
f 3496//2904 3495//2903 3498//2907
f 3495//2903 3497//2905 3499//2908
f 3497//2905 3488//2906 3489//2909
f 3500//2910 3498//2907 3501//2911
f 3498//2907 3499//2908 3502//2912
f 3499//2908 3489//2909 3490//2913
f 3503//2914 3501//2911 3504//2915
f 3501//2911 3502//2912 3505//2916
f 3502//2912 3490//2913 3491//2917
f 3506//2918 3504//2915 3507//2919
f 3504//2915 3505//2916 3508//2920
f 3505//2916 3491//2917 3492//2921
f 3509//2922 3507//2919 3510//2923
f 3507//2919 3508//2920 3511//2924
f 3508//2920 3492//2921 3493//2925
f 3512//2926 3510//2923 3513//2927
f 3510//2923 3511//2924 3514//2928
f 3511//2924 3493//2925 3494//2929
f 3515//2930 3513//2927 3168//1
f 3513//2927 3514//2928 3170//1
f 3514//2928 3494//2929 3171//1
f 3167//1 3229//2931 3232//2932
f 3167//1 3226//2933 3229//2931
f 3167//1 3166//1 3227//2654
f 3227//2654 3226//2933 3167//1
f 3515//2930 3231//2934 3234//2935
f 3515//2930 3232//2932 3231//2934
f 3509//2922 3236//2936 3235//2937
f 3512//2926 3234//2935 3236//2936
f 3236//2936 3509//2922 3512//2926
s 0
f 3509//2938 3241//64 3245//2939
s 1
f 3509//2922 3239//2940 3241//2939
f 3509//2922 3240//2941 3239//2940
f 3506//2918 3244//2942 3246//2943
f 3506//2918 3245//2944 3244//2942
f 3503//2914 3249//2945 3248//2946
f 3503//2914 3246//2943 3249//2945
f 3500//2910 3253//2947 3252//2948
f 3500//2910 3248//2946 3253//2947
f 3496//2904 3252//2948 3257//2949
f 3257//2949 3443//2850 3496//2904
f 3257//2949 3256//2848 3443//2850
f 3252//2948 3496//2904 3500//2910
f 3248//2946 3500//2910 3503//2914
f 3246//2943 3503//2914 3506//2918
f 3245//2939 3506//2918 3509//2922
f 3235//2937 3240//2941 3509//2922
f 3234//2935 3512//2926 3515//2930
f 3232//2932 3515//2930 3167//1
f 3171//1 3170//1 3514//2928
f 3170//1 3168//1 3513//2927
f 3168//1 3167//1 3515//2930
f 3494//2929 3514//2928 3511//2924
f 3514//2928 3513//2927 3510//2923
f 3513//2927 3515//2930 3512//2926
f 3493//2925 3511//2924 3508//2920
f 3511//2924 3510//2923 3507//2919
f 3510//2923 3512//2926 3509//2922
f 3492//2921 3508//2920 3505//2916
f 3508//2920 3507//2919 3504//2915
f 3507//2919 3509//2922 3506//2918
f 3491//2917 3505//2916 3502//2912
f 3505//2916 3504//2915 3501//2911
f 3504//2915 3506//2918 3503//2914
f 3490//2913 3502//2912 3499//2908
f 3502//2912 3501//2911 3498//2907
f 3501//2911 3503//2914 3500//2910
f 3489//2909 3499//2908 3497//2905
f 3499//2908 3498//2907 3495//2903
f 3498//2907 3500//2910 3496//2904
f 3452//2859 3455//2860 3488//2906
f 3448//2855 3451//2858 3497//2905
f 3444//2851 3447//2854 3495//2903
f 3516//2627 3529//2950 3530//2951
f 3529//2950 3531//2952 3532//2953
f 3531//2952 3533//2954 3534//2955
f 3533//2954 3535//2956 3536//2957
f 3535//2956 3537//2958 3538//2959
f 3537//2958 3494//2929 3493//2925
f 3517//2630 3530//2951 3539//2960
f 3530//2951 3532//2953 3540//2961
f 3532//2953 3534//2955 3541//2962
f 3534//2955 3536//2957 3542//2963
f 3536//2957 3538//2959 3543//2964
f 3538//2959 3493//2925 3492//2921
f 3518//2633 3539//2960 3544//2965
f 3539//2960 3540//2961 3545//2966
f 3540//2961 3541//2962 3546//2967
f 3541//2962 3542//2963 3547//2968
f 3542//2963 3543//2964 3548//2969
f 3543//2964 3492//2921 3491//2917
f 3519//2637 3544//2965 3549//2970
f 3544//2965 3545//2966 3550//2971
f 3545//2966 3546//2967 3551//2972
f 3546//2967 3547//2968 3552//2973
f 3547//2968 3548//2969 3553//2974
f 3548//2969 3491//2917 3490//2913
f 3520//2659 3549//2970 3554//2975
f 3549//2970 3550//2971 3555//2976
f 3550//2971 3551//2972 3556//2977
f 3551//2972 3552//2973 3557//2978
f 3552//2973 3553//2974 3558//2979
f 3553//2974 3490//2913 3489//2909
f 3521//2646 3554//2975 3559//2980
f 3554//2975 3555//2976 3560//2981
f 3555//2976 3556//2977 3561//2982
f 3556//2977 3557//2978 3562//2983
f 3557//2978 3558//2979 3563//2984
f 3558//2979 3489//2909 3488//2906
f 3522//2648 3559//2980 3523//2985
f 3559//2980 3560//2981 3524//2986
f 3560//2981 3561//2982 3525//2987
f 3561//2982 3562//2983 3526//2988
f 3562//2983 3563//2984 3527//2989
f 3563//2984 3488//2906 3455//2860
f 3455//2860 3527//2989 3563//2984
f 3527//2989 3526//2988 3562//2983
f 3526//2988 3525//2987 3561//2982
f 3525//2987 3524//2986 3560//2981
f 3524//2986 3523//2985 3559//2980
f 3523//2985 3528//75 3522//2648
f 3488//2906 3563//2984 3558//2979
f 3563//2984 3562//2983 3557//2978
f 3562//2983 3561//2982 3556//2977
f 3561//2982 3560//2981 3555//2976
f 3560//2981 3559//2980 3554//2975
f 3559//2980 3522//2648 3521//2646
f 3489//2909 3558//2979 3553//2974
f 3558//2979 3557//2978 3552//2973
f 3557//2978 3556//2977 3551//2972
f 3556//2977 3555//2976 3550//2971
f 3555//2976 3554//2975 3549//2970
f 3554//2975 3521//2646 3520//2659
f 3490//2913 3553//2974 3548//2969
f 3553//2974 3552//2973 3547//2968
f 3552//2973 3551//2972 3546//2967
f 3551//2972 3550//2971 3545//2966
f 3550//2971 3549//2970 3544//2965
f 3549//2970 3520//2659 3519//2637
f 3491//2917 3548//2969 3543//2964
f 3548//2969 3547//2968 3542//2963
f 3547//2968 3546//2967 3541//2962
f 3546//2967 3545//2966 3540//2961
f 3545//2966 3544//2965 3539//2960
f 3544//2965 3519//2637 3518//2633
f 3492//2921 3543//2964 3538//2959
f 3543//2964 3542//2963 3536//2957
f 3542//2963 3541//2962 3534//2955
f 3541//2962 3540//2961 3532//2953
f 3540//2961 3539//2960 3530//2951
f 3539//2960 3518//2633 3517//2630
f 3493//2925 3538//2959 3537//2958
f 3538//2959 3536//2957 3535//2956
f 3536//2957 3534//2955 3533//2954
f 3534//2955 3532//2953 3531//2952
f 3532//2953 3530//2951 3529//2950
f 3530//2951 3517//2630 3516//2627
f 3494//2929 3537//2958 3171//1
f 3537//2958 3535//2956 3171//1
f 3535//2956 3533//2954 3171//1
f 3533//2954 3531//2952 3171//1
f 3531//2952 3529//2950 3171//1
f 3529//2950 3516//2627 3171//1
f 3527//2989 3455//2860 3454//2860
f 3526//2988 3527//2989 3564//2989
f 3525//2987 3526//2988 3565//2988
f 3524//2986 3525//2987 3566//2987
f 3523//2985 3524//2986 3567//2986
f 3528//75 3523//2985 3568//2985
f 3568//2985 3569//75 3528//75
f 3567//2986 3568//2985 3523//2985
f 3566//2987 3567//2986 3524//2986
f 3565//2988 3566//2987 3525//2987
f 3564//2989 3565//2988 3526//2988
f 3454//2860 3564//2989 3527//2989
f 3522//2648 3528//75 3570//75
f 3570//75 3571//2990 3522//2648
f 3521//2646 3522//2648 3572//2991
f 3572//2991 3573//2992 3521//2646
f 3520//2659 3521//2646 3574//2993
f 3574//2993 3575//2994 3520//2659
f 3575//2994 3576//2995 3520//2659
f 3519//2637 3520//2659 3577//2996
f 3577//2996 3578//2997 3519//2637
f 3518//2633 3519//2637 3579//2998
f 3579//2998 3580//2999 3518//2633
f 3517//2630 3518//2633 3581//3000
f 3581//3000 3582//3001 3517//2630
f 3516//2627 3517//2630 3583//3002
f 3583//3002 3584//3003 3516//2627
f 3584//3003 3585//3004 3516//2627
f 3171//1 3516//2627 3586//3005
f 3586//3005 3587//3006 3171//1
f 3587//3006 3172//1 3171//1
f 3585//3004 3586//3005 3516//2627
f 3582//3001 3583//3002 3517//2630
f 3580//2999 3581//3000 3518//2633
f 3578//2997 3579//2998 3519//2637
f 3576//2995 3577//2996 3520//2659
f 3573//2992 3574//2993 3521//2646
f 3571//2990 3572//2991 3522//2648
f 3588//1022 3589//21 3590//21
f 3591//1021 3588//1022 3592//1022
f 3593//1020 3591//1021 3594//1021
f 3595//1019 3593//1020 3596//1020
f 3597//1018 3595//1019 3598//1019
f 3599//93 3597//1018 3600//1018
f 3600//1018 3601//3007 3599//93
f 3602//89 3599//93 3603//93
f 3172//1 3602//89 3604//89
f 3604//89 3169//1 3172//1
f 3603//93 3604//89 3602//89
f 3601//3007 3603//93 3599//93
f 3598//1019 3600//1018 3597//1018
f 3596//1020 3598//1019 3595//1019
f 3594//1021 3596//1020 3593//1020
f 3592//1022 3594//1021 3591//1021
f 3590//21 3592//1022 3588//1022
f 3462//2888 3612//3008 3613//3009
f 3612//3008 3614//3010 3615//3011
f 3614//3010 3616//3012 3617//3013
f 3616//3012 3618//3014 3619//3015
f 3618//3014 3620//3016 3621//3017
f 3620//3016 3605//3018 3606//3019
f 3461//2884 3613//3009 3622//3020
f 3613//3009 3615//3011 3623//3021
f 3615//3011 3617//3013 3624//3022
f 3617//3013 3619//3015 3625//3023
f 3619//3015 3621//3017 3626//3024
f 3621//3017 3606//3019 3607//3025
f 3460//2880 3622//3020 3627//3026
f 3622//3020 3623//3021 3628//3027
f 3623//3021 3624//3022 3629//3028
f 3624//3022 3625//3023 3630//3029
f 3625//3023 3626//3024 3631//3030
f 3626//3024 3607//3025 3608//3031
f 3459//2876 3627//3026 3632//3032
f 3627//3026 3628//3027 3633//3033
f 3628//3027 3629//3028 3634//3034
f 3629//3028 3630//3029 3635//3035
f 3630//3029 3631//3030 3636//3036
f 3631//3030 3608//3031 3609//3037
f 3458//2872 3632//3032 3637//3038
f 3632//3032 3633//3033 3638//3039
f 3633//3033 3634//3034 3639//3040
f 3634//3034 3635//3035 3640//3041
f 3635//3035 3636//3036 3641//3042
f 3636//3036 3609//3037 3610//3043
f 3457//2868 3637//3038 3642//3044
f 3637//3038 3638//3039 3643//3045
f 3638//3039 3639//3040 3644//3046
f 3639//3040 3640//3041 3645//3047
f 3640//3041 3641//3042 3646//3048
f 3641//3042 3610//3043 3611//3049
f 3456//2861 3642//3044 3564//2989
f 3642//3044 3643//3045 3565//2988
f 3643//3045 3644//3046 3566//2987
f 3644//3046 3645//3047 3567//2986
f 3645//3047 3646//3048 3568//2985
f 3646//3048 3611//3049 3569//75
f 3569//75 3568//2985 3646//3048
f 3568//2985 3567//2986 3645//3047
f 3567//2986 3566//2987 3644//3046
f 3566//2987 3565//2988 3643//3045
f 3565//2988 3564//2989 3642//3044
f 3564//2989 3454//2860 3456//2861
f 3611//3049 3646//3048 3641//3042
f 3646//3048 3645//3047 3640//3041
f 3645//3047 3644//3046 3639//3040
f 3644//3046 3643//3045 3638//3039
f 3643//3045 3642//3044 3637//3038
f 3642//3044 3456//2861 3457//2868
f 3610//3043 3641//3042 3636//3036
f 3641//3042 3640//3041 3635//3035
f 3640//3041 3639//3040 3634//3034
f 3639//3040 3638//3039 3633//3033
f 3638//3039 3637//3038 3632//3032
f 3637//3038 3457//2868 3458//2872
f 3609//3037 3636//3036 3631//3030
f 3636//3036 3635//3035 3630//3029
f 3635//3035 3634//3034 3629//3028
f 3634//3034 3633//3033 3628//3027
f 3633//3033 3632//3032 3627//3026
f 3632//3032 3458//2872 3459//2876
f 3608//3031 3631//3030 3626//3024
f 3631//3030 3630//3029 3625//3023
f 3630//3029 3629//3028 3624//3022
f 3629//3028 3628//3027 3623//3021
f 3628//3027 3627//3026 3622//3020
f 3627//3026 3459//2876 3460//2880
f 3607//3025 3626//3024 3621//3017
f 3626//3024 3625//3023 3619//3015
f 3625//3023 3624//3022 3617//3013
f 3624//3022 3623//3021 3615//3011
f 3623//3021 3622//3020 3613//3009
f 3622//3020 3460//2880 3461//2884
f 3606//3019 3621//3017 3620//3016
f 3621//3017 3619//3015 3618//3014
f 3619//3015 3617//3013 3616//3012
f 3617//3013 3615//3011 3614//3010
f 3615//3011 3613//3009 3612//3008
f 3613//3009 3461//2884 3462//2888
f 3605//3018 3620//3016 3466//53
f 3620//3016 3618//3014 3466//53
f 3618//3014 3616//3012 3466//53
f 3616//3012 3614//3010 3466//53
f 3614//3010 3612//3008 3466//53
f 3612//3008 3462//2888 3466//53
f 3647//75 3570//75 3528//75
f 3528//75 3569//75 3647//75
f 3665//3050 3666//3051 3648//3052
f 3666//3051 3649//3053 3648//3052
f 3666//3051 3665//3050 3667//3054
f 3668//3055 3667//3054 3669//3056
f 3670//3057 3669//3056 3671//3058
f 3672//3059 3671//3058 3673//3060
f 3674//3061 3673//3060 3675//3062
f 3676//3063 3675//3062 3677//3064
f 3677//3064 3573//2992 3572//2991
f 3572//2991 3678//3065 3677//3064
f 3665//3050 3650//3066 3651//3067
f 3651//3067 3679//3068 3665//3050
f 3665//3050 3679//3068 3680//3069
f 3667//3054 3680//3069 3681//3070
f 3669//3056 3681//3070 3682//3071
f 3671//3058 3682//3071 3683//3072
f 3673//3060 3683//3072 3684//3073
f 3675//3062 3684//3073 3685//3074
f 3677//3064 3685//3074 3574//2993
f 3685//3074 3575//2994 3574//2993
f 3686//3075 3679//3068 3652//3076
f 3679//3068 3686//3075 3687//3077
f 3680//3069 3687//3077 3688//3078
f 3681//3070 3688//3078 3689//3079
f 3682//3071 3689//3079 3690//3080
f 3683//3072 3690//3080 3691//3081
f 3684//3073 3691//3081 3692//3082
f 3692//3082 3576//2995 3575//2994
f 3693//3083 3686//3075 3653//3084
f 3686//3075 3654//3085 3653//3084
f 3686//3075 3693//3083 3694//3086
f 3687//3077 3694//3086 3695//3087
f 3688//3078 3695//3087 3696//3088
f 3689//3079 3696//3088 3697//3089
f 3690//3080 3697//3089 3698//3090
f 3691//3081 3698//3090 3699//3091
f 3699//3091 3578//2997 3577//2996
f 3577//2996 3692//3082 3699//3091
f 3693//3083 3655//3092 3656//3093
f 3656//3093 3700//3094 3693//3083
f 3693//3083 3700//3094 3701//3095
f 3694//3086 3701//3095 3702//3096
f 3695//3087 3702//3096 3703//3097
f 3696//3088 3703//3097 3704//3098
f 3697//3089 3704//3098 3705//3099
f 3698//3090 3705//3099 3706//3100
f 3699//3091 3706//3100 3579//2998
f 3706//3100 3580//2999 3579//2998
f 3700//3094 3657//3101 3658//3102
f 3658//3102 3707//3103 3700//3094
f 3700//3094 3707//3103 3708//3104
f 3701//3095 3708//3104 3709//3105
f 3702//3096 3709//3105 3710//3106
f 3703//3097 3710//3106 3711//3107
f 3704//3098 3711//3107 3712//3108
f 3705//3099 3712//3108 3713//3109
f 3706//3100 3713//3109 3581//3000
f 3713//3109 3582//3001 3581//3000
f 3707//3103 3659//3110 3660//3111
f 3660//3111 3714//3112 3707//3103
f 3707//3103 3714//3112 3715//3113
f 3708//3104 3715//3113 3716//3114
f 3709//3105 3716//3114 3717//3115
f 3710//3106 3717//3115 3718//3116
f 3711//3107 3718//3116 3719//3117
f 3712//3108 3719//3117 3720//3118
f 3713//3109 3720//3118 3583//3002
f 3720//3118 3584//3003 3583//3002
f 3721//3119 3714//3112 3661//3120
f 3714//3112 3721//3119 3722//3121
f 3715//3113 3722//3121 3723//3122
f 3716//3114 3723//3122 3724//3123
f 3717//3115 3724//3123 3725//3124
f 3718//3116 3725//3124 3726//3125
f 3719//3117 3726//3125 3727//3126
f 3727//3126 3585//3004 3584//3003
f 3728//3127 3721//3119 3662//3128
f 3721//3119 3663//3129 3662//3128
f 3721//3119 3728//3127 3729//3130
f 3722//3121 3729//3130 3730//3131
f 3723//3122 3730//3131 3731//3132
f 3724//3123 3731//3132 3732//3133
f 3725//3124 3732//3133 3733//3134
f 3726//3125 3733//3134 3734//3135
f 3734//3135 3587//3006 3586//3005
f 3586//3005 3727//3126 3734//3135
f 3588//1022 3728//3127 3664//3136
f 3591//1021 3729//3130 3728//3127
f 3593//1020 3730//3131 3729//3130
f 3595//1019 3731//3132 3730//3131
f 3595//1019 3597//1018 3732//3133
f 3597//1018 3599//93 3733//3134
f 3599//93 3602//89 3734//3135
f 3602//89 3172//1 3587//3006
f 3587//3006 3734//3135 3602//89
f 3734//3135 3733//3134 3599//93
f 3733//3134 3732//3133 3597//1018
f 3732//3133 3731//3132 3595//1019
f 3730//3131 3593//1020 3595//1019
f 3729//3130 3591//1021 3593//1020
f 3728//3127 3588//1022 3591//1021
f 3664//3136 3589//21 3588//1022
f 3586//3005 3585//3004 3727//3126
f 3734//3135 3727//3126 3726//3125
f 3733//3134 3726//3125 3725//3124
f 3732//3133 3725//3124 3724//3123
f 3731//3132 3724//3123 3723//3122
f 3730//3131 3723//3122 3722//3121
f 3729//3130 3722//3121 3721//3119
f 3662//3128 3664//3136 3728//3127
f 3584//3003 3720//3118 3727//3126
f 3727//3126 3720//3118 3719//3117
f 3726//3125 3719//3117 3718//3116
f 3725//3124 3718//3116 3717//3115
f 3724//3123 3717//3115 3716//3114
f 3723//3122 3716//3114 3715//3113
f 3722//3121 3715//3113 3714//3112
f 3661//3120 3663//3129 3721//3119
f 3583//3002 3582//3001 3713//3109
f 3720//3118 3713//3109 3712//3108
f 3719//3117 3712//3108 3711//3107
f 3718//3116 3711//3107 3710//3106
f 3717//3115 3710//3106 3709//3105
f 3716//3114 3709//3105 3708//3104
f 3715//3113 3708//3104 3707//3103
f 3660//3111 3661//3120 3714//3112
f 3581//3000 3580//2999 3706//3100
f 3713//3109 3706//3100 3705//3099
f 3712//3108 3705//3099 3704//3098
f 3711//3107 3704//3098 3703//3097
f 3710//3106 3703//3097 3702//3096
f 3709//3105 3702//3096 3701//3095
f 3708//3104 3701//3095 3700//3094
f 3658//3102 3659//3110 3707//3103
f 3579//2998 3578//2997 3699//3091
f 3706//3100 3699//3091 3698//3090
f 3705//3099 3698//3090 3697//3089
f 3704//3098 3697//3089 3696//3088
f 3703//3097 3696//3088 3695//3087
f 3702//3096 3695//3087 3694//3086
f 3701//3095 3694//3086 3693//3083
f 3656//3093 3657//3101 3700//3094
f 3577//2996 3576//2995 3692//3082
f 3699//3091 3692//3082 3691//3081
f 3698//3090 3691//3081 3690//3080
f 3697//3089 3690//3080 3689//3079
f 3696//3088 3689//3079 3688//3078
f 3695//3087 3688//3078 3687//3077
f 3694//3086 3687//3077 3686//3075
f 3653//3084 3655//3092 3693//3083
f 3575//2994 3685//3074 3692//3082
f 3692//3082 3685//3074 3684//3073
f 3691//3081 3684//3073 3683//3072
f 3690//3080 3683//3072 3682//3071
f 3689//3079 3682//3071 3681//3070
f 3688//3078 3681//3070 3680//3069
f 3687//3077 3680//3069 3679//3068
f 3652//3076 3654//3085 3686//3075
f 3574//2993 3573//2992 3677//3064
f 3685//3074 3677//3064 3675//3062
f 3684//3073 3675//3062 3673//3060
f 3683//3072 3673//3060 3671//3058
f 3682//3071 3671//3058 3669//3056
f 3681//3070 3669//3056 3667//3054
f 3680//3069 3667//3054 3665//3050
f 3651//3067 3652//3076 3679//3068
f 3572//2991 3571//2990 3678//3065
f 3677//3064 3678//3065 3676//3063
f 3675//3062 3676//3063 3674//3061
f 3673//3060 3674//3061 3672//3059
f 3671//3058 3672//3059 3670//3057
f 3669//3056 3670//3057 3668//3055
f 3667//3054 3668//3055 3666//3051
f 3648//3052 3650//3066 3665//3050
f 3570//75 3678//3065 3571//2990
f 3570//75 3676//3063 3678//3065
f 3570//75 3674//3061 3676//3063
f 3570//75 3672//3059 3674//3061
f 3570//75 3670//3057 3672//3059
f 3570//75 3668//3055 3670//3057
f 3570//75 3666//3051 3668//3055
f 3570//75 3649//3053 3666//3051
f 3589//21 3735//21 3736//21
f 3736//21 3737//21 3589//21
f 3737//21 3590//21 3589//21
f 3466//53 3738//3137 3739//3138
f 3466//53 3740//53 3738//3137
f 3605//3018 3741//3139 3742//3140
f 3605//3018 3743//3141 3741//3139
f 3605//3018 3739//3138 3743//3141
f 3606//3019 3744//3142 3745//3143
f 3606//3019 3742//3140 3744//3142
f 3607//3025 3746//3144 3747//3145
f 3607//3025 3745//3143 3746//3144
f 3608//3031 3748//3146 3749//3147
f 3608//3031 3747//3145 3748//3146
f 3609//3037 3750//3148 3751//3149
f 3609//3037 3752//3150 3750//3148
f 3609//3037 3749//3147 3752//3150
f 3610//3043 3753//3151 3754//3152
f 3610//3043 3751//3149 3753//3151
f 3611//3049 3755//3153 3647//75
f 3611//3049 3754//3152 3755//3153
f 3647//75 3569//75 3611//3049
f 3754//3152 3611//3049 3610//3043
f 3751//3149 3610//3043 3609//3037
f 3749//3147 3609//3037 3608//3031
f 3747//3145 3608//3031 3607//3025
f 3745//3143 3607//3025 3606//3019
f 3742//3140 3606//3019 3605//3018
f 3739//3138 3605//3018 3466//53
f 3664//3136 3662//3128 3756//3154
f 3756//3154 3757//3155 3664//3136
f 3735//21 3589//21 3664//3136
f 3661//3120 3660//3111 3758//3156
f 3758//3156 3759//3120 3661//3120
f 3760//3129 3663//3129 3661//3120
f 3759//3120 3760//3129 3661//3120
f 3756//3154 3662//3128 3663//3129
f 3659//3110 3658//3102 3761//3157
f 3761//3157 3762//3110 3659//3110
f 3758//3156 3660//3111 3659//3110
f 3763//3101 3657//3101 3656//3093
f 3656//3093 3764//3158 3763//3101
f 3761//3157 3658//3102 3657//3101
f 3655//3092 3653//3084 3765//3159
f 3766//3092 3656//3093 3655//3092
f 3765//3159 3766//3092 3655//3092
f 3767//3076 3652//3076 3651//3067
f 3767//3076 3654//3085 3652//3076
f 3651//3067 3768//3160 3767//3076
f 3767//3076 3769//3085 3654//3085
f 3765//3159 3653//3084 3654//3085
f 3650//3066 3648//3052 3770//3161
f 3770//3161 3771//3066 3650//3066
f 3768//3160 3651//3067 3650//3066
f 3772//3053 3649//3053 3570//75
f 3772//3053 3648//3052 3649//3053
f 3570//75 3647//75 3772//3053
f 3772//3053 3770//3161 3648//3052
f 3771//3066 3768//3160 3650//3066
f 3769//3085 3765//3159 3654//3085
f 3766//3092 3764//3158 3656//3093
f 3763//3101 3761//3157 3657//3101
f 3762//3110 3758//3156 3659//3110
f 3760//3129 3756//3154 3663//3129
f 3757//3155 3735//21 3664//3136
f 3780//3162 3781//3163 3754//3152
f 3781//3163 3755//3153 3754//3152
f 3781//3163 3780//3162 3782//3164
f 3783//3165 3782//3164 3784//3166
f 3785//3167 3784//3166 3786//3168
f 3787//3169 3786//3168 3788//3170
f 3789//3171 3788//3170 3790//3172
f 3791//3173 3790//3172 3792//3174
f 3792//3174 3771//3066 3770//3161
f 3770//3161 3793//3175 3792//3174
f 3780//3162 3753//3151 3751//3149
f 3751//3149 3794//3176 3780//3162
f 3780//3162 3794//3176 3795//3177
f 3782//3164 3795//3177 3796//3178
f 3784//3166 3796//3178 3797//3179
f 3786//3168 3797//3179 3798//3180
f 3788//3170 3798//3180 3799//3181
f 3790//3172 3799//3181 3800//3182
f 3792//3174 3800//3182 3768//3160
f 3800//3182 3767//3076 3768//3160
f 3801//3183 3794//3176 3750//3148
f 3794//3176 3801//3183 3802//3184
f 3795//3177 3802//3184 3803//3185
f 3796//3178 3803//3185 3804//3186
f 3797//3179 3804//3186 3805//3187
f 3798//3180 3805//3187 3806//3188
f 3799//3181 3806//3188 3807//3189
f 3807//3189 3769//3085 3767//3076
f 3808//3190 3801//3183 3749//3147
f 3801//3183 3752//3150 3749//3147
f 3801//3183 3808//3190 3809//3191
f 3802//3184 3809//3191 3810//3192
f 3803//3185 3810//3192 3811//3193
f 3804//3186 3811//3193 3812//3194
f 3805//3187 3812//3194 3813//3195
f 3806//3188 3813//3195 3814//3196
f 3814//3196 3766//3092 3765//3159
f 3765//3159 3807//3189 3814//3196
f 3808//3190 3748//3146 3747//3145
f 3747//3145 3815//3197 3808//3190
f 3808//3190 3815//3197 3816//3198
f 3809//3191 3816//3198 3817//3199
f 3810//3192 3817//3199 3818//3200
f 3811//3193 3818//3200 3819//3201
f 3812//3194 3819//3201 3820//3202
f 3813//3195 3820//3202 3821//3203
f 3814//3196 3821//3203 3764//3158
f 3821//3203 3763//3101 3764//3158
f 3815//3197 3746//3144 3745//3143
f 3745//3143 3822//3204 3815//3197
f 3815//3197 3822//3204 3823//3205
f 3816//3198 3823//3205 3824//3206
f 3817//3199 3824//3206 3825//3207
f 3818//3200 3825//3207 3826//3208
f 3819//3201 3826//3208 3827//3209
f 3820//3202 3827//3209 3828//3210
f 3821//3203 3828//3210 3761//3157
f 3828//3210 3762//3110 3761//3157
f 3822//3204 3744//3142 3742//3140
f 3742//3140 3829//3211 3822//3204
f 3822//3204 3829//3211 3830//3212
f 3823//3205 3830//3212 3831//3213
f 3824//3206 3831//3213 3832//3214
f 3825//3207 3832//3214 3833//3215
f 3826//3208 3833//3215 3834//3216
f 3827//3209 3834//3216 3835//3217
f 3828//3210 3835//3217 3758//3156
f 3835//3217 3759//3120 3758//3156
f 3836//3218 3829//3211 3741//3139
f 3829//3211 3836//3218 3837//3219
f 3830//3212 3837//3219 3838//3220
f 3831//3213 3838//3220 3839//3221
f 3832//3214 3839//3221 3840//3222
f 3833//3215 3840//3222 3841//3223
f 3834//3216 3841//3223 3842//3224
f 3842//3224 3760//3129 3759//3120
f 3843//3225 3836//3218 3739//3138
f 3836//3218 3743//3141 3739//3138
f 3836//3218 3843//3225 3844//3226
f 3837//3219 3844//3226 3845//3227
f 3838//3220 3845//3227 3846//3228
f 3839//3221 3846//3228 3847//3229
f 3840//3222 3847//3229 3848//3230
f 3841//3223 3848//3230 3849//3231
f 3849//3231 3757//3155 3756//3154
f 3756//3154 3842//3224 3849//3231
f 3773//946 3843//3225 3738//3137
f 3774//944 3844//3226 3843//3225
f 3775//942 3845//3227 3844//3226
f 3776//941 3846//3228 3845//3227
f 3776//941 3777//940 3847//3229
f 3777//940 3778//939 3848//3230
f 3778//939 3779//938 3849//3231
f 3779//938 3735//21 3757//3155
f 3757//3155 3849//3231 3779//938
f 3849//3231 3848//3230 3778//939
f 3848//3230 3847//3229 3777//940
f 3847//3229 3846//3228 3776//941
f 3845//3227 3775//942 3776//941
f 3844//3226 3774//944 3775//942
f 3843//3225 3773//946 3774//944
f 3738//3137 3740//53 3773//946
f 3756//3154 3760//3129 3842//3224
f 3849//3231 3842//3224 3841//3223
f 3848//3230 3841//3223 3840//3222
f 3847//3229 3840//3222 3839//3221
f 3846//3228 3839//3221 3838//3220
f 3845//3227 3838//3220 3837//3219
f 3844//3226 3837//3219 3836//3218
f 3739//3138 3738//3137 3843//3225
f 3759//3120 3835//3217 3842//3224
f 3842//3224 3835//3217 3834//3216
f 3841//3223 3834//3216 3833//3215
f 3840//3222 3833//3215 3832//3214
f 3839//3221 3832//3214 3831//3213
f 3838//3220 3831//3213 3830//3212
f 3837//3219 3830//3212 3829//3211
f 3741//3139 3743//3141 3836//3218
f 3758//3156 3762//3110 3828//3210
f 3835//3217 3828//3210 3827//3209
f 3834//3216 3827//3209 3826//3208
f 3833//3215 3826//3208 3825//3207
f 3832//3214 3825//3207 3824//3206
f 3831//3213 3824//3206 3823//3205
f 3830//3212 3823//3205 3822//3204
f 3742//3140 3741//3139 3829//3211
f 3761//3157 3763//3101 3821//3203
f 3828//3210 3821//3203 3820//3202
f 3827//3209 3820//3202 3819//3201
f 3826//3208 3819//3201 3818//3200
f 3825//3207 3818//3200 3817//3199
f 3824//3206 3817//3199 3816//3198
f 3823//3205 3816//3198 3815//3197
f 3745//3143 3744//3142 3822//3204
f 3764//3158 3766//3092 3814//3196
f 3821//3203 3814//3196 3813//3195
f 3820//3202 3813//3195 3812//3194
f 3819//3201 3812//3194 3811//3193
f 3818//3200 3811//3193 3810//3192
f 3817//3199 3810//3192 3809//3191
f 3816//3198 3809//3191 3808//3190
f 3747//3145 3746//3144 3815//3197
f 3765//3159 3769//3085 3807//3189
f 3814//3196 3807//3189 3806//3188
f 3813//3195 3806//3188 3805//3187
f 3812//3194 3805//3187 3804//3186
f 3811//3193 3804//3186 3803//3185
f 3810//3192 3803//3185 3802//3184
f 3809//3191 3802//3184 3801//3183
f 3749//3147 3748//3146 3808//3190
f 3767//3076 3800//3182 3807//3189
f 3807//3189 3800//3182 3799//3181
f 3806//3188 3799//3181 3798//3180
f 3805//3187 3798//3180 3797//3179
f 3804//3186 3797//3179 3796//3178
f 3803//3185 3796//3178 3795//3177
f 3802//3184 3795//3177 3794//3176
f 3750//3148 3752//3150 3801//3183
f 3768//3160 3771//3066 3792//3174
f 3800//3182 3792//3174 3790//3172
f 3799//3181 3790//3172 3788//3170
f 3798//3180 3788//3170 3786//3168
f 3797//3179 3786//3168 3784//3166
f 3796//3178 3784//3166 3782//3164
f 3795//3177 3782//3164 3780//3162
f 3751//3149 3750//3148 3794//3176
f 3770//3161 3772//3053 3793//3175
f 3792//3174 3793//3175 3791//3173
f 3790//3172 3791//3173 3789//3171
f 3788//3170 3789//3171 3787//3169
f 3786//3168 3787//3169 3785//3167
f 3784//3166 3785//3167 3783//3165
f 3782//3164 3783//3165 3781//3163
f 3754//3152 3753//3151 3780//3162
f 3647//75 3793//3175 3772//3053
f 3647//75 3791//3173 3793//3175
f 3647//75 3789//3171 3791//3173
f 3647//75 3787//3169 3789//3171
f 3647//75 3785//3167 3787//3169
f 3647//75 3783//3165 3785//3167
f 3647//75 3781//3163 3783//3165
f 3647//75 3755//3153 3781//3163
f 3774//944 3773//946 3850//3232
f 3850//3232 3851//3233 3774//944
f 3775//942 3774//944 3852//944
f 3852//944 3853//3234 3775//942
f 3776//941 3775//942 3854//942
f 3777//940 3776//941 3855//941
f 3778//939 3777//940 3856//940
f 3779//938 3778//939 3857//939
f 3735//21 3779//938 3858//938
f 3773//946 3859//3235 3860//3236
f 3773//946 3740//53 3861//53
f 3861//53 3859//3235 3773//946
f 3860//3236 3850//3232 3773//946
f 3858//938 3736//21 3735//21
f 3857//939 3858//938 3779//938
f 3856//940 3857//939 3778//939
f 3855//941 3856//940 3777//940
f 3854//942 3855//941 3776//941
f 3853//3234 3854//942 3775//942
f 3851//3233 3852//944 3774//944
f 3440//53 3862//53 3863//53
f 3863//53 3864//53 3440//53
f 3440//53 3865//53 3866//53
f 3440//53 3867//53 3868//53
f 3866//53 3862//53 3440//53
f 3440//53 3869//53 3867//53
f 3440//53 3870//53 3871//53
f 3872//53 3873//53 3874//53
f 3875//53 3872//53 3876//3237
f 3740//53 3877//53 3878//53
f 3864//53 3879//53 3440//53
f 3871//53 3869//53 3440//53
f 3872//53 3880//53 3881//53
f 3874//53 3882//53 3872//53
f 3873//53 3872//53 3883//3238
f 3876//3237 3884//53 3875//53
f 3740//53 3885//53 3877//53
f 3740//53 3886//53 3887//53
f 3866//53 3888//53 3862//53
f 3870//53 3889//3239 3871//53
f 3882//53 3880//53 3872//53
f 3875//53 3883//3238 3872//53
f 3887//53 3885//53 3740//53
f 3466//53 3890//53 3886//53
f 3891//53 3892//53 3465//53
f 3868//53 3865//53 3440//53
f 3883//3238 3893//53 3873//53
f 3886//53 3740//53 3466//53
f 3466//53 3894//53 3895//53
f 3466//53 3463//53 3896//53
f 3897//53 3896//53 3463//53
f 3892//53 3897//53 3464//53
f 3879//53 3891//53 3440//53
f 3861//53 3898//53 3872//53
f 3740//53 3899//53 3898//53
f 3740//53 3900//53 3901//53
f 3895//53 3890//53 3466//53
f 3463//53 3464//53 3897//53
f 3465//53 3440//53 3891//53
f 3285//53 3870//53 3440//53
f 3898//53 3861//53 3740//53
f 3878//53 3900//53 3740//53
f 3464//53 3465//53 3892//53
f 3440//53 3276//53 3284//53
f 3740//53 3902//53 3899//53
f 3896//53 3894//53 3466//53
f 3440//53 3279//53 3276//53
f 3901//53 3902//53 3740//53
f 3881//53 3861//53 3872//53
f 3440//53 3284//53 3285//53
f 3984//3240 3985//3241 3986//3242
f 3987//3243 3984//3240 3988//3244
f 3989//3245 3987//3243 3990//3246
f 3991//3247 3903//3248 3904//3249
f 3904//3249 3992//3250 3991//3247
f 3991//3247 3905//3251 3903//3248
f 3993//3252 3991//3247 3992//3250
f 3986//3242 3993//3252 3994//3253
f 3988//3244 3986//3242 3995//3254
f 3990//3246 3988//3244 3996//3255
f 3997//3256 3990//3246 3998//3257
f 3992//3250 3906//3258 3907//3259
f 3907//3259 3999//3260 3992//3250
f 3994//3253 3992//3250 3999//3260
f 3995//3254 3994//3253 4000//3261
f 3996//3255 3995//3254 4001//3262
f 3998//3257 3996//3255 4002//3263
f 4003//3264 3998//3257 4004//3265
f 3999//3260 3908//3266 3909//3267
f 4000//3261 3999//3260 4005//3268
f 4001//3262 4000//3261 4006//3269
f 4002//3263 4001//3262 4007//3270
f 4004//3265 4002//3263 4008//3271
f 4009//3272 3910//3273 4010//3274
f 4011//3275 4005//3268 3911//3276
f 4005//3268 3909//3267 3911//3276
f 4006//3269 4005//3268 4011//3275
f 4007//3270 4006//3269 4012//3277
f 4008//3271 4007//3270 4013//3278
f 4009//3272 4008//3271 4014//3279
f 4015//3280 4011//3275 3912//3281
f 4011//3275 3913//3282 3912//3281
f 4012//3277 4011//3275 4015//3280
f 4013//3278 4012//3277 4016//3283
f 4014//3279 4013//3278 4017//3284
f 4018//3285 4014//3279 4019//3286
f 4015//3280 3914//3287 3915//3288
f 3915//3288 4020//3289 4015//3280
f 4016//3283 4015//3280 4020//3289
f 4017//3284 4016//3283 4021//3290
f 4019//3286 4017//3284 4022//3291
f 4023//3292 4019//3286 4024//3293
f 4020//3289 3916//3294 3917//3295
f 3917//3295 4025//3296 4020//3289
f 4021//3290 4020//3289 4025//3296
f 4022//3291 4021//3290 4026//3297
f 4024//3293 4022//3291 4027//3298
f 4028//3299 4024//3293 4029//3300
f 4025//3296 3918//3301 3919//3302
f 4026//3297 4025//3296 4030//3303
f 4027//3298 4026//3297 4031//3304
f 4029//3300 4027//3298 4032//3305
f 4033//3306 4029//3300 4034//3307
f 4030//3303 3919//3302 3920//3308
f 4031//3304 4030//3303 4035//3309
f 4032//3305 4031//3304 4036//3310
f 4034//3307 4032//3305 4037//3311
f 4038//3312 4034//3307 4039//3313
f 4040//3314 4035//3309 3921//3315
f 4035//3309 3920//3308 3921//3315
f 4036//3310 4035//3309 4040//3314
f 4037//3311 4036//3310 4041//3316
f 4039//3313 4037//3311 4042//3317
f 4043//3318 4039//3313 4044//3319
f 4045//3320 4040//3314 3922//3321
f 4040//3314 3923//3322 3922//3321
f 4041//3316 4040//3314 4045//3320
f 4042//3317 4041//3316 4046//3323
f 4044//3319 4042//3317 4047//3324
f 4048//3325 4044//3319 4049//3326
f 4045//3320 3924//3327 3925//3328
f 3925//3328 4050//3329 4045//3320
f 4046//3323 4045//3320 4050//3329
f 4047//3324 4046//3323 4051//3330
f 4049//3326 4047//3324 4052//3331
f 4053//3332 4049//3326 4054//3333
f 4055//3334 4050//3329 3926//3335
f 4051//3330 4050//3329 4055//3334
f 4052//3331 4051//3330 4056//3336
f 4054//3333 4052//3331 4057//3337
f 4058//3338 4054//3333 4059//3339
f 4060//3340 4055//3334 3927//3341
f 4055//3334 3928//3342 3927//3341
f 4056//3336 4055//3334 4060//3340
f 4057//3337 4056//3336 4061//3343
f 4059//3339 4057//3337 4062//3344
f 4063//3345 4059//3339 4064//3346
f 4060//3340 3929//3347 3930//3348
f 3930//3348 4065//3349 4060//3340
f 4061//3343 4060//3340 4065//3349
f 4062//3344 4061//3343 4066//3350
f 4064//3346 4062//3344 4067//3351
f 4068//3352 4064//3346 4069//3353
f 4070//3354 4065//3349 3931//3355
f 3931//3355 3932//3356 4070//3354
f 4066//3350 4065//3349 4070//3354
f 4067//3351 4066//3350 4071//3357
f 4069//3353 4067//3351 4072//3358
f 4073//3359 4069//3353 4074//3360
f 4075//3361 4070//3354 3933//3362
f 4071//3357 4070//3354 4075//3361
f 4072//3358 4071//3357 4076//3363
f 4074//3360 4072//3358 4077//3364
f 4078//3365 4074//3360 4079//3366
f 4080//3367 4081//3368 3934//3369
f 4075//3361 3935//3370 3936//3371
f 3936//3371 4082//3372 4075//3361
f 4076//3363 4075//3361 4082//3372
f 4077//3364 4076//3363 4083//3373
f 4079//3366 4077//3364 4084//3374
f 4080//3367 4079//3366 4085//3375
f 4081//3368 4080//3367 4086//3376
f 4082//3372 3937//3377 3938//3378
f 3938//3378 4087//3379 4082//3372
f 4083//3373 4082//3372 4087//3379
f 4084//3374 4083//3373 4088//3380
f 4085//3375 4084//3374 4089//3381
f 4086//3376 4085//3375 4090//3382
f 4091//3383 4086//3376 4092//3384
f 4087//3379 3939//3385 3940//3386
f 3940//3386 4093//3387 4087//3379
f 4088//3380 4087//3379 4093//3387
f 4089//3381 4088//3380 4094//3388
f 4090//3382 4089//3381 4095//3389
f 4092//3384 4090//3382 4096//3390
f 4097//3391 4092//3384 4098//3392
f 4098//3392 4096//3390 4099//3393
f 4100//3394 4098//3392 4101//3395
f 4093//3387 3941//3396 3891//2042
f 4094//3388 4093//3387 3879//3397
f 3879//3397 3864//3398 4094//3388
f 4095//3389 4094//3388 3863//3399
f 4096//3390 3888//3400 3866//3401
f 4096//3390 4095//3389 3862//3402
f 3862//3402 3888//3400 4096//3390
f 4099//3393 3865//3403 3868//3404
f 3868//3404 4101//3395 4099//3393
f 4102//3405 4101//3395 3867//3406
f 3867//3406 3869//3407 4102//3405
f 3942//3408 4102//3405 3871//3409
f 3871//3409 3889//3410 3942//3408
f 3942//3408 3943//3411 4100//3394
f 4097//3391 4100//3394 3944//3412
f 4100//3394 3943//3411 3944//3412
f 4091//3383 4097//3391 3945//3413
f 4081//3368 4091//3383 3946//3414
f 4091//3383 3947//3415 3946//3414
f 4091//3383 3948//3416 3947//3415
f 4081//3368 3949//3417 3950//3418
f 4073//3359 3951//3419 3952//3420
f 4078//3365 3934//3369 3951//3419
f 3951//3419 4073//3359 4078//3365
f 3953//3421 3954//3422 4068//3352
f 3955//3423 3956//3424 4063//3345
f 4068//3352 3954//3422 3955//3423
f 4058//3338 4063//3345 3956//3424
f 4053//3332 4058//3338 3957//3425
f 4058//3338 3958//3426 3957//3425
f 4048//3325 4053//3332 3959//3427
f 4053//3332 3960//3428 3959//3427
f 4043//3318 4048//3325 3961//3429
f 4048//3325 3962//3430 3961//3429
f 4043//3318 3963//3431 3964//3432
f 3964//3432 4038//3312 4043//3318
f 4038//3312 3965//3433 3966//3434
f 3967//3435 4028//3299 4033//3306
f 4033//3306 3966//3434 3967//3435
f 4023//3292 4028//3299 3968//3436
f 4028//3299 3969//3437 3968//3436
f 4023//3292 3970//3438 3971//3439
f 3971//3439 4018//3285 4023//3292
f 4009//3272 4018//3285 3972//3440
f 4018//3285 3973//3441 3974//3442
f 3974//3442 3972//3440 4018//3285
f 4010//3274 3910//3273 3975//3443
f 4010//3274 3976//3444 3977//3445
f 3977//3445 3978//3446 4010//3274
f 3978//3446 4003//3264 4010//3274
f 3997//3256 4003//3264 3979//3447
f 4003//3264 3980//3448 3979//3447
f 3989//3245 3997//3256 3981//3449
f 3997//3256 3982//3450 3981//3449
f 3983//3451 3860//3452 3859//3453
f 3989//3245 3881//3454 3880//3455
f 3989//3245 3861//3456 3881//3454
f 3989//3245 3859//3453 3861//3456
f 3987//3243 3882//3457 3874//3458
f 3987//3243 3880//3455 3882//3457
f 3984//3240 3874//3458 3873//3459
f 3985//3241 3873//3459 3893//3460
f 3986//3242 3883//3461 3875//3462
f 3986//3242 3985//3241 3883//3461
f 3993//3252 3884//3463 3876//3464
f 3993//3252 3875//3462 3884//3463
f 3991//3247 3876//3464 3872//1980
f 3872//1980 3905//3251 3991//3247
f 3876//3464 3991//3247 3993//3252
f 3875//3462 3993//3252 3986//3242
f 3893//3460 3883//3461 3985//3241
f 3873//3459 3985//3241 3984//3240
f 3874//3458 3984//3240 3987//3243
f 3880//3455 3987//3243 3989//3245
f 3859//3453 3989//3245 3983//3451
f 3981//3449 3983//3451 3989//3245
f 3979//3447 3982//3450 3997//3256
f 3978//3446 3980//3448 4003//3264
f 3975//3443 3976//3444 4010//3274
f 3972//3440 3910//3273 4009//3272
f 3971//3439 3973//3441 4018//3285
f 3968//3436 3970//3438 4023//3292
f 3967//3435 3969//3437 4028//3299
f 3966//3434 4033//3306 4038//3312
f 3964//3432 3965//3433 4038//3312
f 3961//3429 3963//3431 4043//3318
f 3959//3427 3962//3430 4048//3325
f 3957//3425 3960//3428 4053//3332
f 3956//3424 3958//3426 4058//3338
f 4063//3345 4068//3352 3955//3423
f 4068//3352 4073//3359 3953//3421
f 3952//3420 3953//3421 4073//3359
f 3950//3418 3934//3369 4081//3368
f 3946//3414 3949//3417 4081//3368
f 3945//3413 3948//3416 4091//3383
f 3944//3412 3945//3413 4097//3391
f 4100//3394 4102//3405 3942//3408
f 3889//3410 3870//3465 3942//3408
f 3869//3407 3871//3409 4102//3405
f 3868//3404 3867//3406 4101//3395
f 3865//3403 4099//3393 3866//3401
f 3866//3401 4099//3393 4096//3390
f 3863//3399 3862//3402 4095//3389
f 3864//3398 3863//3399 4094//3388
f 3891//2042 3879//3397 4093//3387
f 4101//3395 4102//3405 4100//3394
f 4099//3393 4101//3395 4098//3392
f 4098//3392 4100//3394 4097//3391
f 4096//3390 4098//3392 4092//3384
f 4095//3389 4096//3390 4090//3382
f 4094//3388 4095//3389 4089//3381
f 4093//3387 4094//3388 4088//3380
f 3940//3386 3941//3396 4093//3387
f 4092//3384 4097//3391 4091//3383
f 4090//3382 4092//3384 4086//3376
f 4089//3381 4090//3382 4085//3375
f 4088//3380 4089//3381 4084//3374
f 4087//3379 4088//3380 4083//3373
f 3938//3378 3939//3385 4087//3379
f 4086//3376 4091//3383 4081//3368
f 4085//3375 4086//3376 4080//3367
f 4084//3374 4085//3375 4079//3366
f 4083//3373 4084//3374 4077//3364
f 4082//3372 4083//3373 4076//3363
f 3936//3371 3937//3377 4082//3372
f 3934//3369 4078//3365 4080//3367
f 4079//3366 4080//3367 4078//3365
f 4077//3364 4079//3366 4074//3360
f 4076//3363 4077//3364 4072//3358
f 4075//3361 4076//3363 4071//3357
f 3933//3362 3935//3370 4075//3361
f 4074//3360 4078//3365 4073//3359
f 4072//3358 4074//3360 4069//3353
f 4071//3357 4072//3358 4067//3351
f 4070//3354 4071//3357 4066//3350
f 3932//3356 3933//3362 4070//3354
f 4069//3353 4073//3359 4068//3352
f 4067//3351 4069//3353 4064//3346
f 4066//3350 4067//3351 4062//3344
f 4065//3349 4066//3350 4061//3343
f 3930//3348 3931//3355 4065//3349
f 4064//3346 4068//3352 4063//3345
f 4062//3344 4064//3346 4059//3339
f 4061//3343 4062//3344 4057//3337
f 4060//3340 4061//3343 4056//3336
f 3927//3341 3929//3347 4060//3340
f 4059//3339 4063//3345 4058//3338
f 4057//3337 4059//3339 4054//3333
f 4056//3336 4057//3337 4052//3331
f 4055//3334 4056//3336 4051//3330
f 3926//3335 3928//3342 4055//3334
f 4054//3333 4058//3338 4053//3332
f 4052//3331 4054//3333 4049//3326
f 4051//3330 4052//3331 4047//3324
f 4050//3329 4051//3330 4046//3323
f 3925//3328 3926//3335 4050//3329
f 4049//3326 4053//3332 4048//3325
f 4047//3324 4049//3326 4044//3319
f 4046//3323 4047//3324 4042//3317
f 4045//3320 4046//3323 4041//3316
f 3922//3321 3924//3327 4045//3320
f 4044//3319 4048//3325 4043//3318
f 4042//3317 4044//3319 4039//3313
f 4041//3316 4042//3317 4037//3311
f 4040//3314 4041//3316 4036//3310
f 3921//3315 3923//3322 4040//3314
f 4039//3313 4043//3318 4038//3312
f 4037//3311 4039//3313 4034//3307
f 4036//3310 4037//3311 4032//3305
f 4035//3309 4036//3310 4031//3304
f 3920//3308 4035//3309 4030//3303
f 4034//3307 4038//3312 4033//3306
f 4032//3305 4034//3307 4029//3300
f 4031//3304 4032//3305 4027//3298
f 4030//3303 4031//3304 4026//3297
f 3919//3302 4030//3303 4025//3296
f 4029//3300 4033//3306 4028//3299
f 4027//3298 4029//3300 4024//3293
f 4026//3297 4027//3298 4022//3291
f 4025//3296 4026//3297 4021//3290
f 3917//3295 3918//3301 4025//3296
f 4024//3293 4028//3299 4023//3292
f 4022//3291 4024//3293 4019//3286
f 4021//3290 4022//3291 4017//3284
f 4020//3289 4021//3290 4016//3283
f 3915//3288 3916//3294 4020//3289
f 4019//3286 4023//3292 4018//3285
f 4017//3284 4019//3286 4014//3279
f 4016//3283 4017//3284 4013//3278
f 4015//3280 4016//3283 4012//3277
f 3912//3281 3914//3287 4015//3280
f 4014//3279 4018//3285 4009//3272
f 4013//3278 4014//3279 4008//3271
f 4012//3277 4013//3278 4007//3270
f 4011//3275 4012//3277 4006//3269
f 3911//3276 3913//3282 4011//3275
f 4010//3274 4004//3265 4009//3272
f 4008//3271 4009//3272 4004//3265
f 4007//3270 4008//3271 4002//3263
f 4006//3269 4007//3270 4001//3262
f 4005//3268 4006//3269 4000//3261
f 3909//3267 4005//3268 3999//3260
f 4004//3265 4010//3274 4003//3264
f 4002//3263 4004//3265 3998//3257
f 4001//3262 4002//3263 3996//3255
f 4000//3261 4001//3262 3995//3254
f 3999//3260 4000//3261 3994//3253
f 3907//3259 3908//3266 3999//3260
f 3998//3257 4003//3264 3997//3256
f 3996//3255 3998//3257 3990//3246
f 3995//3254 3996//3255 3988//3244
f 3994//3253 3995//3254 3986//3242
f 3992//3250 3994//3253 3993//3252
f 3904//3249 3906//3258 3992//3250
f 3990//3246 3997//3256 3989//3245
f 3988//3244 3990//3246 3987//3243
f 3986//3242 3988//3244 3984//3240
f 3892//2104 3891//2042 3941//3396
f 3897//2103 3892//2104 3940//3386
f 3940//3386 3939//3385 3897//2103
f 3896//2102 3897//2103 3938//3378
f 3938//3378 3937//3377 3896//2102
f 3894//3466 3896//2102 3936//2102
f 3936//2102 3935//3370 3894//3466
f 3935//3370 3933//3362 3894//3466
f 3895//3467 3894//3466 3932//3356
f 3932//3356 3931//3355 3895//3467
f 3890//2099 3895//3467 3930//3348
f 3930//3348 3929//3347 3890//2099
f 3886//2098 3890//2099 3927//3341
f 3927//3341 3928//3342 3886//2098
f 3928//3342 3926//3335 3886//2098
f 3887//3468 3886//2098 3925//3328
f 3925//3328 3924//3327 3887//3468
f 3887//3468 3923//3322 3921//3315
f 3887//3468 3922//3321 3923//3322
f 3885//3469 3918//3301 3917//3295
f 3885//3469 3919//3302 3918//3301
f 3885//3469 3921//3315 3920//3308
f 3920//3308 3919//3302 3885//3469
f 3877//2095 3916//3294 3915//3288
f 3877//2095 3917//3295 3916//3294
f 3878//2094 3914//3287 3912//3281
f 3878//2094 3915//3288 3914//3287
f 3900//2093 3913//3282 3911//3276
f 3900//2093 3912//3281 3913//3282
f 3901//3470 3908//3266 3907//3259
f 3901//3470 3909//3267 3908//3266
f 3901//3470 3911//3276 3909//3267
f 3902//1852 3906//3258 3904//3249
f 3902//1852 3907//3259 3906//3258
f 3899//2091 3904//3249 3903//3248
f 3898//2090 3903//3248 3905//3251
f 3905//3251 3872//1980 3898//2090
f 3903//3248 3898//2090 3899//2091
f 3904//3249 3899//2091 3902//1852
f 3907//3259 3902//1852 3901//3470
f 3911//3276 3901//3470 3900//2093
f 3912//3281 3900//2093 3878//2094
f 3915//3288 3878//2094 3877//2095
f 3917//3295 3877//2095 3885//3469
f 3921//3315 3885//3469 3887//3468
f 3924//3327 3922//3321 3887//3468
f 3926//3335 3925//3328 3886//2098
f 3929//3347 3927//3341 3890//2099
f 3931//3355 3930//3348 3895//3467
f 3933//3362 3932//3356 3894//3466
f 3937//3377 3936//2102 3896//2102
f 3939//3385 3938//3378 3897//2103
f 3941//3396 3940//3386 3892//2104
f 4103//3471 1277//3472 1276//3473
f 4103//3471 1224//3474 1277//3472
f 4103//3471 1227//3475 1225//3476
f 1225//3476 1224//3474 4103//3471
f 4103//3471 1230//3477 1228//3478
f 1228//3478 1227//3475 4103//3471
f 4104//3479 1231//3480 1230//3477
f 1230//3477 4103//3471 4104//3479
f 4104//3479 2005//3479 1234//3481
f 1234//3481 1231//3480 4104//3479
f 2005//3479 1260//3472 1240//3474
f 1240//3474 1239//3476 2005//3479
f 1239//3476 1237//3475 2005//3479
f 1237//3475 1236//3478 2005//3479
f 2005//3479 2014//3471 1242//3471
f 1242//3471 1244//3482 2005//3479
f 1244//3482 1260//3472 2005//3479
f 1236//3478 1233//3477 2005//3479
f 1233//3477 1232//3480 2005//3479
f 1232//3480 1234//3481 2005//3479
f 4105//3483 4103//3471 1045//3484
f 1133//3485 4106//3486 4105//3483
f 4103//3471 1046//3487 1045//3484
f 4103//3471 1048//3488 1046//3487
f 4103//3471 1050//3489 1048//3488
f 4103//3471 1052//3490 1050//3489
f 4103//3471 1059//3491 1057//3492
f 1057//3492 1056//3493 4103//3471
f 4103//3471 1062//3494 1060//3495
f 1060//3495 1059//3491 4103//3471
f 1220//3496 1042//3497 1041//3497
f 4103//3471 1221//3471 1220//3496
f 1041//3497 4103//3471 1220//3496
f 1041//3497 1062//3494 4103//3471
f 1056//3493 1054//3498 4103//3471
f 1054//3498 1052//3490 4103//3471
f 1243//3499 1528//3500 1296//3501
f 1243//3499 1526//3492 1528//3500
f 1296//3501 1279//3501 1243//3499
f 1242//3471 1529//3497 1527//3502
f 2014//3471 1531//3503 1530//3497
f 1530//3497 1242//3471 2014//3471
f 1530//3497 1529//3497 1242//3471
f 1527//3502 1526//3492 1242//3471
f 2014//3471 1536//3504 1535//3505
f 1535//3505 1534//3506 2014//3471
f 1534//3506 1533//3507 2014//3471
f 1533//3507 1532//3508 2014//3471
f 1532//3508 1531//3503 2014//3471
f 2014//3471 1537//3509 1536//3504
f 2032//3485 1430//3485 1429//3510
f 1429//3510 2014//3471 2032//3485
f 1429//3510 1540//3511 2014//3471
f 1540//3511 1539//3512 2014//3471
f 1539//3512 1538//3513 2014//3471
f 1538//3513 1537//3509 2014//3471
f 2025//3514 3152//3515 3165//3516
f 2025//3514 3149//3517 3152//3515
f 2025//3514 3150//3514 3149//3517
f 2022//3518 3160//3519 3162//3520
f 2022//3518 3165//3516 3164//3521
f 3164//3521 3160//3519 2022//3518
f 3162//3520 2018//3522 2022//3518
f 2017//3523 3158//3524 3157//3525
f 2018//3522 3159//53 3158//3524
f 3158//3524 2017//3523 2018//3522
f 2018//3522 3156//3526 3159//53
f 2001//3527 3161//3528 3151//3529
f 2001//3527 2017//3523 3163//3523
f 3163//3523 3161//3528 2001//3527
f 4107//3530 4108//3514 2484//3531
f 4108//3514 2487//3532 2486//3533
f 2486//3533 2484//3531 4108//3514
f 4108//3514 2488//3534 2446//3535
f 4108//3514 2489//3536 2488//3534
f 2446//3535 2487//3532 4108//3514
f 4108//3514 2491//3537 2490//3538
f 2490//3538 2489//3536 4108//3514
f 4108//3514 2492//3539 2493//3540
f 4108//3514 2494//3541 2492//3539
f 4108//3514 2495//3542 2496//3543
f 2496//3543 2494//3541 4108//3514
f 4108//3514 3137//3514 2497//3544
f 2497//3544 2495//3542 4108//3514
f 2024//3530 3147//3545 3150//3514
f 2511//3530 3140//3546 3143//3546
f 3143//3546 2024//3530 2511//3530
f 2511//3530 3139//3542 3140//3546
f 3143//3546 3144//3547 2024//3530
f 3137//3514 2499//3548 2498//3549
f 3137//3514 2500//3550 2499//3548
f 3137//3514 2502//3551 2501//3552
f 3137//3514 2518//3553 2502//3551
f 3137//3514 2504//3554 2503//3555
f 2505//3556 2504//3554 3137//3514
f 3137//3514 3135//3557 2505//3556
f 3135//3557 2508//3558 2507//3559
f 2507//3559 2517//3560 3135//3557
f 2517//3560 2506//3534 3135//3557
f 2506//3534 2505//3556 3135//3557
f 2503//3555 2518//3553 3137//3514
f 3135//3557 2511//3530 2510//3561
f 2510//3561 2509//3562 3135//3557
f 2509//3562 2508//3558 3135//3557
f 2501//3552 2500//3550 3137//3514
f 2498//3549 2497//3544 3137//3514
f 3135//3557 3139//3542 2511//3530
f 3144//3547 3147//3545 2024//3530
f 3150//3514 2025//3514 2024//3530
f 2493//3540 2491//3537 4108//3514
f 4109//3563 4107//3530 1789//3564
f 2479//3565 2364//3564 1789//3564
f 4107//3530 2480//3566 2479//3565
f 4107//3530 2481//3567 2482//3568
f 4107//3530 2483//3569 2485//3570
f 2485//3570 2481//3567 4107//3530
f 2482//3568 2480//3566 4107//3530
f 1789//3564 4107//3530 2479//3565
f 4110//3571 4111//3572 4112//3573
f 4112//3573 4113//3574 4110//3571
f 4113//3574 4114//3575 4110//3571
f 4109//3563 4115//3576 4116//3577
f 4109//3563 4117//3578 4118//3579
f 4118//3579 4119//3580 4109//3563
f 4119//3580 4115//3576 4109//3563
f 4109//3563 4120//3581 4117//3578
f 4116//3577 4110//3571 4109//3563
f 4109//3563 4121//3582 4120//3581
f 4116//3577 4122//3583 4110//3571
f 4122//3583 4123//3584 4110//3571
f 4123//3584 4111//3572 4110//3571
f 4109//3563 4124//3585 4121//3582
f 1788//3563 4125//3582 4124//3585
f 1788//3563 4126//3580 4127//3579
f 1788//3563 4128//3576 4126//3580
f 1788//3563 1791//3571 4129//3577
f 4129//3577 4128//3576 1788//3563
f 4127//3579 4130//3578 1788//3563
f 1791//3571 4131//3583 4129//3577
f 4130//3578 4132//3581 1788//3563
f 1791//3571 4133//3584 4131//3583
f 1791//3571 4134//3572 4133//3584
f 1791//3571 4135//3574 4136//3573
f 1791//3571 4137//3586 4135//3574
f 1791//3571 4138//3587 4137//3586
f 4136//3573 4134//3572 1791//3571
f 4110//3571 4139//3587 4138//3587
f 4138//3587 1791//3571 4110//3571
f 4132//3581 4125//3582 1788//3563
f 4124//3585 4109//3563 1788//3563
f 1783//3588 4140//3588 4141//3589
f 4141//3589 1791//3571 1783//3588
f 1783//3588 1782//75 4142//3590
f 1782//75 4143//75 4142//3590
f 1784//3591 4144//3591 4145//3592
f 4145//3592 1782//75 1784//3591
f 1946//75 1992//75 1980//3593
f 1945//3588 2036//3588 1992//75
f 1944//3571 2037//3571 2036//3588
f 1948//3563 2035//3563 2037//3571
f 2024//3530 2512//3594 2513//3595
f 2514//3596 2656//3597 2398//3564
f 2398//3564 2515//3598 2514//3596
f 2398//3564 2352//3564 2516//3599
f 2516//3599 2515//3598 2398//3564
f 2512//3594 2659//3600 2658//3601
f 2512//3594 2661//3602 2660//3603
f 2660//3603 2659//3600 2512//3594
f 2512//3594 2664//3604 2662//3605
f 2512//3594 2663//3606 2664//3604
f 2662//3605 2661//3602 2512//3594
f 2024//3530 2667//3604 2663//3606
f 2663//3606 2512//3594 2024//3530
f 2024//3530 2671//3607 2670//3601
f 2670//3601 2669//3600 2024//3530
f 2669//3600 2668//3603 2024//3530
f 2668//3603 2666//3608 2024//3530
f 2666//3608 2665//3609 2024//3530
f 2665//3609 2667//3604 2024//3530
f 2658//3601 2657//3610 2512//3594
f 2024//3530 2672//3597 2671//3607
f 2672//3597 2024//3530 1950//3564
f 1950//3564 2424//3564 2672//3597
f 2657//3610 2656//3597 2512//3594
f 2514//3596 2512//3594 2656//3597
f 2035//3563 1948//3563 1950//3564
f 1950//3564 2024//3530 2035//3563
f 1817//3611 1816//3518 3129//3516
f 3129//3516 3131//3515 1817//3611
f 3131//3515 3136//3517 1817//3611
f 4108//3514 4146//3612 1817//3611
f 1817//3611 3137//3514 4108//3514
f 4146//3612 1823//3613 1817//3611
f 1816//3518 3125//3519 3127//3521
f 1816//3518 3123//3520 3125//3519
f 1818//3522 3124//3526 3123//3520
f 3123//3520 1816//3518 1818//3522
f 1818//3522 2980//3614 2977//3615
f 2977//3615 2976//3616 1818//3522
f 1818//3522 2978//3617 2979//3614
f 1818//3522 2755//3618 2819//3619
f 2819//3619 2978//3617 1818//3522
f 2979//3614 2980//3614 1818//3522
f 1818//3522 2758//3620 2755//3618
f 1818//3522 2759//3621 2758//3620
f 2976//3616 3130//3622 1818//3522
f 3130//3622 3128//3623 1818//3522
f 3128//3623 3126//3624 1818//3522
f 1818//3522 2760//3625 2759//3621
f 1818//3522 1812//3523 2761//3523
f 2761//3523 2762//3626 1818//3522
f 2762//3626 2760//3625 1818//3522
f 1812//3523 2764//3627 2763//3628
f 1812//3523 2766//3629 2765//3630
f 1812//3523 2769//3631 2768//3632
f 1815//3527 2771//3633 2769//3631
f 1815//3527 2770//3634 2771//3633
f 1815//3527 2773//3635 2772//3636
f 2772//3636 2770//3634 1815//3527
f 2769//3631 1812//3523 1815//3527
f 2768//3632 2767//3637 1812//3523
f 2767//3637 2766//3629 1812//3523
f 1815//3527 2774//3638 2775//3639
f 1815//3527 2778//3640 2777//3641
f 2777//3641 2774//3638 1815//3527
f 2775//3639 2773//3635 1815//3527
f 2765//3630 2764//3627 1812//3523
f 1815//3527 2776//3642 2778//3640
f 4147//3643 3138//3644 1814//3645
f 1814//3645 1821//3645 4148//3646
f 1989//3643 3142//3647 3141//3647
f 3141//3647 4147//3643 1989//3643
f 1989//3643 3145//3648 3142//3647
f 3141//3647 3138//3644 4147//3643
f 1989//3643 3153//3649 3155//3650
f 1989//3643 3154//3651 3153//3649
f 1989//3643 2001//3527 3148//3642
f 3148//3642 3154//3651 1989//3643
f 3155//3650 3146//3652 1989//3643
f 3146//3652 3145//3648 1989//3643
f 1814//3645 2780//3653 2776//3642
f 1814//3645 2779//3654 2780//3653
f 1814//3645 2782//3655 2781//3656
f 2781//3656 2779//3654 1814//3645
f 1814//3645 2784//3657 2783//3658
f 2783//3658 2782//3655 1814//3645
f 3134//3659 2818//3660 2785//3661
f 3134//3659 2786//3662 2818//3660
f 2785//3661 1814//3645 3134//3659
f 2785//3661 2784//3657 1814//3645
f 3134//3659 2789//3663 2788//3660
f 2788//3660 2787//3664 3134//3659
f 3134//3659 2791//3665 2790//3666
f 3134//3659 2793//3667 2792//3668
f 2792//3668 2791//3665 3134//3659
f 2796//3669 3027//3670 3024//3671
f 3024//3671 3023//3672 2796//3669
f 2796//3669 3026//3673 3025//3674
f 3025//3674 3027//3670 2796//3669
f 2796//3669 3132//3675 3026//3673
f 2796//3669 3133//3676 3132//3675
f 2793//3667 3134//3659 3133//3676
f 3133//3676 2796//3669 2793//3667
f 3023//3672 2797//3677 2796//3669
f 2790//3666 2789//3663 3134//3659
f 2787//3664 2786//3662 3134//3659
f 1814//3645 3138//3644 3134//3659
f 2776//3642 1815//3527 1814//3645
f 1980//3593 1983//3678 1673//3679
f 1664//3680 3603//3681 3601//3678
f 1664//3680 3604//3682 3603//3681
f 1664//3680 1673//3679 3173//3683
f 3173//3683 3169//3683 1664//3680
f 1673//3679 3334//3684 3173//3683
f 3169//3683 3604//3682 1664//3680
f 1673//3679 1983//3678 3336//3678
f 3336//3678 3334//3684 1673//3679
f 3601//3678 4149//3678 1664//3680
f 4144//3591 1784//3591 1664//3680
f 1664//3680 4149//3678 4144//3591
f 4150//3685 3592//3686 3590//3687
f 4150//3685 3594//3688 3592//3686
f 4150//3685 3596//3689 3594//3688
f 4150//3685 3600//3690 3598//3691
f 3598//3691 3596//3689 4150//3685
f 4149//3678 3601//3678 3600//3690
f 3600//3690 4151//3692 4149//3678
f 3600//3690 4150//3685 4151//3692
f 4152//3693 3979//3694 3980//3695
f 4152//3693 3981//3696 3982//3697
f 3983//3698 3851//3699 3850//3700
f 3850//3700 3860//3701 3983//3698
f 3981//3696 4152//3693 3853//3702
f 4152//3693 3854//3703 3853//3702
f 3853//3702 3852//3704 3981//3696
f 3852//3704 3851//3699 3981//3696
f 4152//3693 3855//3705 3854//3703
f 3983//3698 3981//3696 3851//3699
f 3982//3697 3979//3694 4152//3693
f 4152//3693 4150//3685 3858//3706
f 4150//3685 3737//3685 3736//3707
f 3736//3707 3858//3706 4150//3685
f 3858//3706 3857//3708 4152//3693
f 3857//3708 3856//3709 4152//3693
f 3856//3709 3855//3705 4152//3693
f 2002//3693 3315//3710 3319//3685
f 2002//3693 3312//3711 3315//3710
f 2002//3693 3309//3712 3312//3711
f 2002//3693 3301//3713 3306//3714
f 2002//3693 3302//3715 3301//3713
f 2002//3693 3298//3716 3297//3717
f 3297//3717 3302//3715 2002//3693
f 3262//3718 3286//3719 3290//3719
f 3290//3719 2002//3693 3262//3718
f 2002//3693 3282//3720 3262//3718
f 3290//3719 3298//3716 2002//3693
f 2002//3693 3263//3721 3283//3722
f 2002//3693 3264//3723 3263//3721
f 2002//3693 3265//3724 3264//3723
f 2002//3693 3267//3725 3266//3726
f 3266//3726 3265//3724 2002//3693
f 2002//3693 3944//3727 3271//3728
f 3271//3728 3268//3729 2002//3693
f 3268//3729 3267//3725 2002//3693
f 3944//3727 3277//3730 3280//3722
f 3280//3722 3275//3721 3944//3727
f 3275//3721 3274//3723 3944//3727
f 3274//3723 3273//3724 3944//3727
f 3273//3724 3272//3731 3944//3727
f 3272//3731 3270//3732 3944//3727
f 3270//3732 3269//3729 3944//3727
f 3269//3729 3271//3728 3944//3727
f 3283//3722 3282//3720 2002//3693
f 3944//3727 3943//3733 3285//3719
f 3285//3719 3278//3718 3944//3727
f 3943//3733 3942//3734 3285//3719
f 3942//3734 3870//3719 3285//3719
f 3278//3718 3277//3730 3944//3727
f 3306//3714 3305//3735 2002//3693
f 2002//3693 3947//3693 3948//3736
f 3948//3736 3945//3737 2002//3693
f 3945//3737 3944//3727 2002//3693
f 3305//3735 3309//3712 2002//3693
f 1984//3685 3321//3738 3323//3739
f 1984//3685 3318//3740 3321//3738
f 3323//3739 1983//3678 1984//3685
f 1984//3685 3319//3685 3318//3740
f 3323//3739 3347//3741 1983//3678
f 3347//3741 3345//3742 1983//3678
f 3345//3742 3343//3743 1983//3678
f 3343//3743 3341//3744 1983//3678
f 3341//3744 3339//3745 1983//3678
f 3339//3745 3337//3746 1983//3678
f 2010//3747 2029//3748 181//3749
f 2029//3748 180//3748 179//3750
f 179//3750 181//3749 2029//3748
f 181//3749 177//1 2010//3747
f 1995//3751 182//3752 183//3753
f 1995//3751 2010//3747 178//3754
f 178//3754 182//3752 1995//3751
f 2010//3747 176//3755 178//3754
f 1996//3756 1995//3751 184//3757
f 184//3757 170//3758 1996//3756
f 170//3758 169//3759 1996//3756
f 189//3760 3950//3761 3949//3762
f 3949//3762 3946//3763 189//3760
f 189//3760 3951//3764 3934//3765
f 189//3760 192//3756 3952//3766
f 3952//3766 3951//3764 189//3760
f 3934//3765 3950//3761 189//3760
f 3947//3693 2002//3693 162//3767
f 162//3767 163//3767 3947//3693
f 2002//3693 174//3768 162//3767
f 163//3767 186//3769 3947//3693
f 2002//3693 164//3770 174//3768
f 2002//3693 1996//3756 172//3756
f 172//3756 164//3770 2002//3693
f 186//3769 189//3760 3947//3693
f 192//3756 3954//3771 3953//3772
f 192//3756 3955//3773 3954//3771
f 3953//3772 3952//3766 192//3756
f 192//3756 3957//3774 3958//3775
f 3958//3775 3956//3776 192//3756
f 192//3756 3959//3777 3960//3778
f 3960//3778 3957//3774 192//3756
f 192//3756 3961//3779 3962//3780
f 3962//3780 3959//3777 192//3756
f 4153//3756 3964//3781 3963//3782
f 3963//3782 192//3756 4153//3756
f 4153//3756 3966//3783 3965//3784
f 3965//3784 3964//3781 4153//3756
f 4153//3756 3968//3785 3969//3786
f 3969//3786 3967//3787 4153//3756
f 4153//3756 3971//3788 3970//3789
f 4153//3756 3974//3790 3973//3791
f 3973//3791 3971//3788 4153//3756
f 4153//3756 3975//3792 3910//3793
f 3910//3793 3972//3764 4153//3756
f 3972//3764 3974//3790 4153//3756
f 3970//3789 3968//3785 4153//3756
f 4153//3756 3977//3794 3976//3795
f 4152//3693 3978//3693 3977//3794
f 3977//3794 4153//3756 4152//3693
f 3976//3795 3975//3792 4153//3756
f 3967//3787 3966//3783 4153//3756
f 3963//3782 3961//3779 192//3756
f 3956//3776 3955//3773 192//3756
f 4154//3796 194//3758 219//3797
f 219//3797 4155//3798 4154//3796
f 219//3797 4156//3751 4155//3798
f 4153//3756 191//3799 194//3758
f 4153//3756 192//3756 191//3799
f 4156//3751 212//3754 210//3747
f 4156//3751 219//3797 217//3753
f 217//3753 216//3752 4156//3751
f 216//3752 212//3754 4156//3751
f 4157//3800 4158//3748 4159//3801
f 4159//3801 4160//3802 4161//3803
f 4159//3801 4161//3803 4157//3800
f 4162//1 4163//3804 4160//3802
f 4160//3802 4159//3801 4162//1
f 4157//3800 4164//3805 4158//3748
f 4162//1 4165//3806 4163//3804
f 4164//3805 4166//3807 4158//3748
f 4162//1 4167//3755 4168//3808
f 4168//3808 4165//3806 4162//1
f 4167//3755 4169//3809 4168//3808
f 4167//3755 4170//3810 4171//3811
f 4167//3755 4172//3812 4170//3810
f 4167//3755 4173//3813 4172//3812
f 4167//3755 4174//3814 4173//3813
f 210//3747 4175//3813 4174//3814
f 210//3747 4176//3809 4177//3815
f 4177//3815 4178//3810 210//3747
f 4178//3810 4179//3812 210//3747
f 4179//3812 4175//3813 210//3747
f 4174//3814 4167//3755 210//3747
f 210//3747 209//3816 4180//3806
f 213//3817 4181//3804 4180//3806
f 4182//3802 215//3818 220//3819
f 4182//3802 4181//3804 213//3817
f 213//3817 215//3818 4182//3802
f 4182//3802 505//3820 504//3748
f 4182//3802 508//3821 507//3822
f 4182//3802 259//3823 261//3824
f 4182//3802 263//3825 259//3823
f 4182//3802 262//3826 263//3825
f 261//3824 509//3827 4182//3802
f 509//3827 508//3821 4182//3802
f 507//3822 505//3820 4182//3802
f 504//3748 4183//3828 4184//3800
f 504//3748 4185//3829 4183//3828
f 4184//3800 4186//3803 504//3748
f 504//3748 4158//3748 4187//3830
f 4187//3830 4185//3829 504//3748
f 4158//3748 4188//3830 4187//3830
f 504//3748 4186//3803 4182//3802
f 220//3819 262//3826 4182//3802
f 4180//3806 209//3816 213//3817
f 4180//3806 4189//3808 210//3747
f 4189//3808 4176//3809 210//3747
f 4171//3811 4169//3809 4167//3755
f 4190//3831 490//3832 491//3833
f 4190//3831 493//3834 492//3835
f 492//3835 490//3832 4190//3831
f 491//3833 488//3836 4190//3831
f 4190//3831 494//3837 495//3838
f 4190//3831 4158//3748 497//3839
f 4158//3748 496//3840 497//3839
f 497//3839 494//3837 4190//3831
f 495//3838 493//3834 4190//3831
f 4158//3748 498//3841 499//716
f 499//716 496//3840 4158//3748
f 4158//3748 501//3842 500//3843
f 500//3843 498//3841 4158//3748
f 4158//3748 502//3844 503//3845
f 503//3845 501//3842 4158//3748
f 4158//3748 504//3748 506//3846
f 506//3846 502//3844 4158//3748
f 470//3847 313//3848 206//3849
f 470//3847 317//3850 314//3851
f 470//3847 316//3852 315//3853
f 315//3853 317//3850 470//3847
f 314//3851 313//3848 470//3847
f 205//3854 471//3855 470//3847
f 206//3849 205//3854 470//3847
f 472//3856 471//3855 203//3857
f 188//3858 473//3859 474//3860
f 474//3860 472//3856 188//3858
f 203//3857 188//3858 472//3856
f 188//3858 475//3861 476//3862
f 476//3862 473//3859 188//3858
f 2005//3479 166//3863 165//3864
f 2005//3479 175//3865 168//3866
f 168//3866 167//3867 2005//3479
f 167//3867 166//3863 2005//3479
f 2005//3479 173//3868 175//3865
f 2005//3479 4104//3479 161//3869
f 161//3869 160//3869 2005//3479
f 4104//3479 187//3870 161//3869
f 160//3869 173//3868 2005//3479
f 188//3858 4104//3479 477//3871
f 477//3871 478//3872 188//3858
f 478//3872 475//3861 188//3858
f 4104//3479 479//3873 480//3874
f 480//3874 477//3871 4104//3479
f 4104//3479 481//3875 482//3876
f 4104//3479 484//3877 481//3875
f 4104//3479 485//3878 486//3879
f 486//3879 483//3880 4104//3479
f 4191//3881 4190//3831 487//3831
f 489//3882 4104//3479 4191//3881
f 487//3831 489//3882 4191//3881
f 489//3882 485//3878 4104//3479
f 483//3880 484//3877 4104//3479
f 482//3876 479//3873 4104//3479
f 188//3858 187//3870 4104//3479
f 165//3864 2006//3831 2005//3479
f 2006//3831 185//3883 180//3748
f 2006//3831 165//3864 171//3884
f 171//3884 185//3883 2006//3831
f 1967//3885 1420//3886 1419//3887
f 1967//3885 1421//3888 1420//3886
f 1422//3889 1421//3888 1967//3885
f 1967//3885 1966//3890 1422//3889
f 1966//3890 1423//3891 1422//3889
f 1966//3890 1424//3892 1423//3891
f 1966//3890 1425//3893 1424//3892
f 1966//3890 1426//3894 1425//3893
f 1966//3890 4192//3895 1135//3896
f 4192//3895 1136//3897 1135//3896
f 1135//3896 1427//3896 1966//3890
f 4193//3898 1134//3899 1148//3900
f 1133//3485 1134//3899 4193//3898
f 4193//3898 4106//3486 1133//3485
f 1148//3900 4192//3895 4193//3898
f 1148//3900 1146//3901 4192//3895
f 1146//3901 1144//3902 4192//3895
f 1144//3902 1142//3903 4192//3895
f 1142//3903 1140//3904 4192//3895
f 1140//3904 1138//3905 4192//3895
f 1138//3905 1136//3897 4192//3895
f 1427//3896 1426//3894 1966//3890
f 2032//3485 1977//3885 1967//3885
f 1967//3885 1430//3485 2032//3485
f 4194//3906 4192//3895 1667//3907
f 1966//3890 1668//3907 1667//3907
f 1667//3907 4192//3895 1966//3890
f 1962//3908 1952//3908 1668//3907
f 1668//3907 1966//3890 1962//3908
f 1792//3909 4195//3910 4196//3911
f 4196//3911 1795//3906 1792//3909
f 1792//3909 4197//3909 4195//3910
f 4197//3909 1792//3909 1787//3912
f 1989//3643 2639//3913 2638//3914
f 1989//3643 2641//3915 2640//3916
f 1989//3643 2642//3917 2641//3915
f 1989//3643 2643//3918 2642//3917
f 1989//3643 2646//3919 2644//3920
f 1989//3643 2645//3921 2646//3919
f 2644//3920 2643//3918 1989//3643
f 4147//3643 2649//3919 2645//3921
f 2645//3921 1989//3643 4147//3643
f 4147//3643 2653//3913 2652//3922
f 2652//3922 2651//3915 4147//3643
f 2651//3915 2650//3923 4147//3643
f 2650//3923 2648//3924 4147//3643
f 2648//3924 2647//3925 4147//3643
f 2647//3925 2649//3919 4147//3643
f 4147//3643 4198//3914 2654//3914
f 2654//3914 2653//3913 4147//3643
f 2640//3916 2639//3913 1989//3643
f 1988//3926 1999//3914 1955//3927
f 2638//3914 2637//3928 1955//3927
f 1955//3927 1999//3914 2638//3914
f 2637//3928 2420//3927 1955//3927
f 1958//3929 1961//3929 1969//3930
f 1988//3926 1954//3931 1968//3932
f 1956//3930 1969//3930 1968//3932
f 1968//3932 1954//3931 1956//3930
f 2655//3933 4198//3914 1794//3927
f 1794//3927 2418//3927 2655//3933
f 1794//3927 4199//3934 4200//3935
f 1794//3927 4201//3936 4199//3934
f 1794//3927 4202//3937 4201//3936
f 4200//3935 1786//3931 1794//3927
f 1794//3927 4203//3938 4202//3937
f 1794//3927 4198//3914 4204//3939
f 4204//3939 4203//3938 1794//3927
f 4198//3914 4205//3939 4204//3939
f 4198//3914 4206//3940 4207//3941
f 4206//3940 4208//3935 4207//3941
f 4207//3941 4209//3936 4198//3914
f 4206//3940 4210//3926 4211//3931
f 4211//3931 4208//3935 4206//3940
f 4209//3936 4212//3937 4198//3914
f 4212//3937 4213//3938 4198//3914
f 4213//3938 4205//3939 4198//3914
f 4200//3935 4214//3942 1786//3931
f 4215//3943 4216//3944 4217//3945
f 4218//3946 4219//3947 4215//3943
f 4215//3943 4220//3930 4218//3946
f 4219//3947 4216//3944 4215//3943
f 4220//3930 4221//3948 4218//3946
f 4217//3945 4210//3926 4215//3943
f 4220//3930 4222//3949 4221//3948
f 4217//3945 4223//3950 4210//3926
f 4220//3930 4224//3951 4222//3949
f 1787//3912 4225//3949 4224//3951
f 1787//3912 4226//3944 4227//3947
f 1787//3912 1786//3931 4228//3945
f 4228//3945 4226//3944 1787//3912
f 4227//3947 4229//3946 1787//3912
f 1786//3931 4230//3950 4228//3945
f 4229//3946 4231//3948 1787//3912
f 4231//3948 4225//3949 1787//3912
f 1786//3931 4232//3952 4230//3950
f 4224//3951 4220//3930 1787//3912
f 1786//3931 4214//3942 4232//3952
f 4223//3950 4233//3953 4210//3926
f 4233//3953 4211//3931 4210//3926
f 2655//3933 2654//3914 4198//3914
f 1968//3932 1975//3932 1988//3926
f 1969//3930 1956//3930 1958//3929
f 1955//3927 1954//3931 1988//3926
f 2638//3914 1999//3914 1989//3643
f 1787//3912 4220//3930 4197//3909
f 4196//3911 4194//3906 1795//3906
f 1667//3907 1795//3906 4194//3906
f 1419//3887 1430//3485 1967//3885
f 180//3748 2029//3748 2006//3831
f 205//3854 203//3857 471//3855
f 488//3836 487//3831 4190//3831
f 4166//3807 4188//3830 4158//3748
f 210//3747 4167//3755 4156//3751
f 4154//3796 4153//3756 194//3758
f 3946//3763 3947//3693 189//3760
f 169//3759 172//3756 1996//3756
f 183//3753 184//3757 1995//3751
f 177//1 176//3755 2010//3747
f 3337//3746 3336//3678 1983//3678
f 3319//3685 1984//3685 2002//3693
f 3980//3695 3978//3693 4152//3693
f 3590//3687 3737//3685 4150//3685
f 1673//3679 1957//3954 1980//3593
f 1814//3645 4148//3646 4147//3643
f 2763//3628 2761//3523 1812//3523
f 3126//3624 3124//3526 1818//3522
f 3127//3521 3129//3516 1816//3518
f 3136//3517 3137//3514 1817//3611
f 2513//3595 2511//3530 2024//3530
f 2037//3571 1944//3571 1948//3563
f 2036//3588 1945//3588 1944//3571
f 1992//75 1946//75 1945//3588
f 1980//3593 1957//3954 1946//75
f 4145//3592 4143//75 1782//75
f 4142//3590 4140//3588 1783//3588
f 4141//3589 4110//3571 1791//3571
f 4114//3575 4139//3587 4110//3571
f 1789//3564 1788//3563 4109//3563
f 2484//3531 2483//3569 4107//3530
f 3151//3529 3148//3642 2001//3527
f 3157//3525 3163//3523 2017//3523
f 3162//3520 3156//3526 2018//3522
f 3165//3516 2022//3518 2025//3514
f 1243//3499 1242//3471 1526//3492
f 1045//3484 1133//3485 4105//3483
f 1276//3473 1221//3471 4103//3471
f 4234//3955 4235//3956 4124//3956
f 4236//3957 4234//3955 4125//3958
f 4237//3959 4236//3957 4132//3960
f 4238//3961 4237//3959 4130//3962
f 4239//3963 4238//3961 4127//3961
f 4240//3964 4239//3963 4126//3965
f 4241//3966 4240//3964 4128//3967
f 4241//3966 4129//3968 4131//3969
f 4242//3970 4131//3969 4133//3971
f 4243//3972 4133//3971 4134//3973
f 4244//3974 4134//3973 4136//3975
f 4245//3976 4136//3975 4135//3977
f 4246//3978 4135//3977 4137//3979
f 4247//3980 4137//3979 4138//3981
f 4248//3982 4249//3983 4138//3981
f 4250//3984 4248//3982 4139//3985
f 4251//3986 4250//3984 4114//3987
f 4252//3988 4251//3986 4113//3989
f 4253//3990 4252//3988 4112//3988
f 4254//3991 4253//3990 4111//3992
f 4255//3993 4254//3991 4123//3994
f 4256//3995 4255//3993 4122//3996
f 4256//3995 4116//3995 4115//3997
f 4257//3998 4115//3997 4119//3999
f 4258//4000 4119//3999 4118//4001
f 4259//4001 4118//4001 4117//4002
f 4260//4003 4117//4002 4120//4004
f 4261//4005 4120//4004 4121//4006
f 4262//4007 4121//4006 4124//3956
f 4124//3956 4235//3956 4262//4007
f 4121//4006 4262//4007 4261//4005
f 4120//4004 4261//4005 4260//4003
f 4117//4002 4260//4003 4259//4001
f 4118//4001 4259//4001 4258//4000
f 4119//3999 4258//4000 4257//3998
f 4115//3997 4257//3998 4256//3995
f 4122//3996 4116//3995 4256//3995
f 4123//3994 4122//3996 4255//3993
f 4111//3992 4123//3994 4254//3991
f 4112//3988 4111//3992 4253//3990
f 4113//3989 4112//3988 4252//3988
f 4114//3987 4113//3989 4251//3986
f 4139//3985 4114//3987 4250//3984
f 4138//3981 4139//3985 4248//3982
f 4138//3981 4249//3983 4247//3980
f 4137//3979 4247//3980 4246//3978
f 4135//3977 4246//3978 4245//3976
f 4136//3975 4245//3976 4244//3974
f 4134//3973 4244//3974 4243//3972
f 4133//3971 4243//3972 4242//3970
f 4131//3969 4242//3970 4241//3966
f 4128//3967 4129//3968 4241//3966
f 4126//3965 4128//3967 4240//3964
f 4127//3961 4126//3965 4239//3963
f 4130//3962 4127//3961 4238//3961
f 4132//3960 4130//3962 4237//3959
f 4125//3958 4132//3960 4236//3957
f 4124//3956 4125//3958 4234//3955
f 4263//583 4264//55 4174//55
f 4265//4008 4263//583 4175//4009
f 4266//4010 4265//4008 4179//4011
f 4267//631 4266//4010 4178//629
f 4268//626 4267//631 4177//631
f 4269//642 4268//626 4176//626
f 4270//620 4269//642 4189//640
f 4181//4012 4271//4013 4272//64
f 4272//64 4180//620 4181//4012
f 4271//4013 4181//4012 4182//4014
f 4273//4015 4182//4014 4186//617
f 4274//4016 4186//617 4184//4017
f 4275//4017 4184//4017 4183//4018
f 4276//4019 4183//4018 4185//4020
f 4277//4021 4185//4020 4187//4022
f 4278//4023 4279//613 4187//4022
f 4280//4024 4278//4023 4188//612
f 4281//4025 4280//4024 4166//4026
f 4282//4027 4281//4025 4164//4028
f 4283//4029 4282//4027 4157//4030
f 4284//4031 4283//4029 4161//608
f 4285//4032 4284//4031 4160//607
f 4286//605 4285//4032 4163//4033
f 4286//605 4165//4034 4168//4035
f 4287//585 4168//4035 4169//590
f 4288//590 4169//590 4171//592
f 4289//4036 4171//592 4170//580
f 4290//4037 4170//580 4172//4038
f 4291//4039 4172//4038 4173//4040
f 4292//4041 4173//4040 4174//55
f 4174//55 4264//55 4292//4041
f 4173//4040 4292//4041 4291//4039
f 4172//4038 4291//4039 4290//4037
f 4170//580 4290//4037 4289//4036
f 4171//592 4289//4036 4288//590
f 4169//590 4288//590 4287//585
f 4168//4035 4287//585 4286//605
f 4163//4033 4165//4034 4286//605
f 4160//607 4163//4033 4285//4032
f 4161//608 4160//607 4284//4031
f 4157//4030 4161//608 4283//4029
f 4164//4028 4157//4030 4282//4027
f 4166//4026 4164//4028 4281//4025
f 4188//612 4166//4026 4280//4024
f 4187//4022 4188//612 4278//4023
f 4187//4022 4279//613 4277//4021
f 4185//4020 4277//4021 4276//4019
f 4183//4018 4276//4019 4275//4017
f 4184//4017 4275//4017 4274//4016
f 4186//617 4274//4016 4273//4015
f 4182//4014 4273//4015 4271//4013
f 4272//64 4270//620 4180//620
f 4189//640 4180//620 4270//620
f 4176//626 4189//640 4269//642
f 4177//631 4176//626 4268//626
f 4178//629 4177//631 4267//631
f 4179//4011 4178//629 4266//4010
f 4175//4009 4179//4011 4265//4008
f 4174//55 4175//4009 4263//583
f 4293//4042 4294//4043 4224//4043
f 4295//4044 4293//4042 4225//4045
f 4296//4046 4295//4044 4231//4047
f 4297//4048 4296//4046 4229//4049
f 4298//4050 4297//4048 4227//4048
f 4299//4051 4298//4050 4226//4050
f 4300//4052 4299//4051 4228//4053
f 4300//4052 4230//4052 4232//4054
f 4301//4055 4232//4054 4214//4056
f 4214//4056 4302//4057 4301//4055
f 4302//4057 4200//4058 4199//4059
f 4303//4060 4199//4059 4201//4061
f 4304//4061 4201//4061 4202//4062
f 4305//4063 4202//4062 4203//4064
f 4306//4065 4203//4064 4204//4066
f 4307//4067 4308//4068 4204//4066
f 4309//4069 4307//4067 4205//4070
f 4310//4071 4309//4069 4213//4069
f 4311//4072 4310//4071 4212//4073
f 4312//4074 4311//4072 4209//4075
f 4313//4076 4312//4074 4207//4077
f 4313//4076 4208//4078 4211//4079
f 4211//4079 4314//4080 4313//4076
f 4315//4081 4314//4080 4233//4082
f 4315//4081 4223//4081 4217//4083
f 4316//4084 4217//4083 4216//4085
f 4317//4085 4216//4085 4219//4086
f 4318//4087 4219//4086 4218//4088
f 4319//4089 4218//4088 4221//4090
f 4320//4091 4221//4090 4222//4092
f 4321//4093 4222//4092 4224//4043
f 4224//4043 4294//4043 4321//4093
f 4222//4092 4321//4093 4320//4091
f 4221//4090 4320//4091 4319//4089
f 4218//4088 4319//4089 4318//4087
f 4219//4086 4318//4087 4317//4085
f 4216//4085 4317//4085 4316//4084
f 4217//4083 4316//4084 4315//4081
f 4233//4082 4223//4081 4315//4081
f 4211//4079 4233//4082 4314//4080
f 4207//4077 4208//4078 4313//4076
f 4209//4075 4207//4077 4312//4074
f 4212//4073 4209//4075 4311//4072
f 4213//4069 4212//4073 4310//4071
f 4205//4070 4213//4069 4309//4069
f 4204//4066 4205//4070 4307//4067
f 4204//4066 4308//4068 4306//4065
f 4203//4064 4306//4065 4305//4063
f 4202//4062 4305//4063 4304//4061
f 4201//4061 4304//4061 4303//4060
f 4199//4059 4303//4060 4302//4057
f 4214//4056 4200//4058 4302//4057
f 4232//4054 4301//4055 4300//4052
f 4228//4053 4230//4052 4300//4052
f 4226//4050 4228//4053 4299//4051
f 4227//4048 4226//4050 4298//4050
f 4229//4049 4227//4048 4297//4048
f 4231//4047 4229//4049 4296//4046
f 4225//4045 4231//4047 4295//4044
f 4224//4043 4225//4045 4293//4042
f 4322//4094 4248//4094 4250//4094
f 4323//4094 4250//4094 4251//4094
f 4322//4094 4249//4094 4248//4094
f 4322//4094 4324//4094 4247//4095
f 4324//4094 4325//4094 4246//4094
f 4325//4094 4326//4094 4245//4094
f 4327//4094 4261//4096 4262//4097
f 4327//4094 4328//4094 4258//4094
f 4328//4094 4256//4094 4257//4094
f 4251//4094 4252//4094 4323//4094
f 4247//4095 4249//4094 4322//4094
f 4245//4094 4246//4094 4325//4094
f 4326//4094 4329//4094 4244//4094
f 4330//4094 4331//4094 4240//4094
f 4331//4094 4332//4094 4239//4098
f 4333//4094 4334//4094 4236//4099
f 4334//4094 4335//4094 4234//4095
f 4327//4094 4260//4094 4261//4096
f 4257//4094 4258//4094 4328//4094
f 4323//4094 4254//4094 4255//4094
f 4250//4094 4323//4094 4322//4094
f 4244//4094 4245//4094 4326//4094
f 4239//4098 4240//4094 4331//4094
f 4332//4094 4336//4094 4238//4094
f 4336//4094 4333//4094 4237//4094
f 4234//4095 4236//4099 4334//4094
f 4262//4097 4335//4094 4327//4094
f 4258//4094 4259//4094 4327//4094
f 4323//4094 4253//4094 4254//4094
f 4246//4094 4247//4095 4324//4094
f 4329//4094 4337//4094 4243//4094
f 4337//4094 4338//4094 4242//4094
f 4238//4094 4239//4098 4332//4094
f 4236//4099 4237//4094 4333//4094
f 4259//4094 4260//4094 4327//4094
f 4252//4094 4253//4094 4323//4094
f 4242//4094 4243//4094 4337//4094
f 4237//4094 4238//4094 4336//4094
f 4328//4094 4255//4094 4256//4094
f 4243//4094 4244//4094 4329//4094
f 4338//4094 4330//4094 4241//4094
f 4335//4094 4235//4099 4234//4095
f 4255//4094 4328//4094 4323//4094
f 4240//4094 4241//4094 4330//4094
f 4241//4094 4242//4094 4338//4094
f 4262//4097 4235//4099 4335//4094
f 4324//4100 4322//4101 4339//4101
f 4325//4102 4324//4100 4340//4100
f 4326//4103 4325//4102 4341//4102
f 4329//4104 4326//4103 4342//4103
f 4337//4105 4329//4104 4343//4104
f 4338//4106 4337//4105 4344//4105
f 4330//4107 4338//4106 4345//4106
f 4331//4108 4330//4107 4346//4107
f 4332//4109 4331//4108 4347//4108
f 4336//4110 4332//4109 4348//4109
f 4333//4111 4336//4110 4349//4110
f 4334//4112 4333//4111 4350//4111
f 4335//4113 4334//4112 4351//4112
f 4351//4112 4352//4113 4335//4113
f 4350//4111 4351//4112 4334//4112
f 4349//4110 4350//4111 4333//4111
f 4348//4109 4349//4110 4336//4110
f 4347//4108 4348//4109 4332//4109
f 4346//4107 4347//4108 4331//4108
f 4345//4106 4346//4107 4330//4107
f 4344//4105 4345//4106 4338//4106
f 4343//4104 4344//4105 4337//4105
f 4342//4103 4343//4104 4329//4104
f 4341//4102 4342//4103 4326//4103
f 4340//4100 4341//4102 4325//4102
f 4339//4101 4340//4100 4324//4100
f 4327//3956 4335//3956 4352//3956
f 4352//3956 4353//3956 4327//3956
f 4354//4114 4339//4114 4322//4114
f 4322//4114 4323//4114 4354//4114
f 4351//4115 4355//4115 4356//4115
f 4350//4115 4357//4115 4355//4115
f 4353//4115 4352//4115 4358//4115
f 4352//4115 4356//4115 4359//4115
f 4355//4115 4351//4115 4350//4115
f 4349//4115 4360//4115 4357//4115
f 4361//4115 4362//4116 4363//4115
f 4364//4115 4365//4115 4361//4115
f 4359//4115 4358//4115 4352//4115
f 4357//4115 4350//4115 4349//4115
f 4347//4115 4366//4117 4367//4117
f 4346//4115 4368//4115 4366//4117
f 4341//4115 4369//4115 4370//4115
f 4340//4115 4371//4118 4369//4115
f 4361//4115 4372//4115 4373//4115
f 4361//4115 4365//4115 4362//4116
f 4353//4115 4374//4119 4364//4115
f 4356//4115 4352//4115 4351//4115
f 4348//4115 4367//4117 4360//4115
f 4366//4117 4347//4115 4346//4115
f 4342//4115 4370//4115 4375//4115
f 4369//4115 4341//4115 4340//4115
f 4339//4115 4376//4115 4371//4118
f 4354//4115 4377//4115 4378//4115
f 4363//4115 4372//4115 4361//4115
f 4358//4115 4374//4119 4353//4115
f 4367//4117 4348//4115 4347//4115
f 4345//4115 4379//4115 4368//4115
f 4344//4115 4380//4120 4379//4115
f 4343//4115 4375//4115 4380//4120
f 4370//4115 4342//4115 4341//4115
f 4339//4115 4381//4115 4376//4115
f 4339//4115 4354//4115 4382//4115
f 4354//4115 4383//4115 4377//4115
f 4361//4115 4353//4115 4364//4115
f 4368//4115 4346//4115 4345//4115
f 4380//4120 4344//4115 4343//4115
f 4371//4118 4340//4115 4339//4115
f 4378//4115 4382//4115 4354//4115
f 4354//4115 4373//4115 4384//4118
f 4360//4115 4349//4115 4348//4115
f 4375//4115 4343//4115 4342//4115
f 4384//4118 4383//4115 4354//4115
f 4379//4115 4345//4115 4344//4115
f 4373//4115 4354//4115 4361//4115
f 4382//4115 4381//4115 4339//4115
f 4385//4121 4386//3956 4359//3956
f 4387//3957 4385//4121 4356//3955
f 4388//4122 4387//3957 4355//4123
f 4389//3961 4388//4122 4357//4122
f 4390//3963 4389//3961 4360//3961
f 4391//4124 4390//3963 4367//4125
f 4392//3966 4391//4124 4366//4126
f 4393//3969 4392//3966 4368//3966
f 4394//3972 4393//3969 4379//3970
f 4395//4127 4394//3972 4380//3972
f 4396//3976 4395//4127 4375//3974
f 4397//4128 4396//3976 4370//3976
f 4398//4129 4397//4128 4369//4128
f 4399//4130 4398//4129 4371//4131
f 4400//4132 4399//4130 4376//3983
f 4401//4133 4400//4132 4381//3982
f 4402//3986 4401//4133 4382//4134
f 4403//3988 4402//3986 4378//3986
f 4404//3990 4403//3988 4377//3988
f 4405//3991 4404//3990 4383//4135
f 4406//4136 4405//3991 4384//3991
f 4407//4137 4406//4136 4373//3993
f 4408//3998 4407//4137 4372//4138
f 4409//3999 4408//3998 4363//4139
f 4410//4140 4409//3999 4362//3999
f 4411//4141 4410//4140 4365//4140
f 4412//4005 4411//4141 4364//4141
f 4413//4006 4412//4005 4374//4142
f 4386//3956 4413//4006 4358//4007
f 4358//4007 4359//3956 4386//3956
f 4374//4142 4358//4007 4413//4006
f 4364//4141 4374//4142 4412//4005
f 4365//4140 4364//4141 4411//4141
f 4362//3999 4365//4140 4410//4140
f 4363//4139 4362//3999 4409//3999
f 4372//4138 4363//4139 4408//3998
f 4373//3993 4372//4138 4407//4137
f 4384//3991 4373//3993 4406//4136
f 4383//4135 4384//3991 4405//3991
f 4377//3988 4383//4135 4404//3990
f 4378//3986 4377//3988 4403//3988
f 4382//4134 4378//3986 4402//3986
f 4381//3982 4382//4134 4401//4133
f 4376//3983 4381//3982 4400//4132
f 4371//4131 4376//3983 4399//4130
f 4369//4128 4371//4131 4398//4129
f 4370//3976 4369//4128 4397//4128
f 4375//3974 4370//3976 4396//3976
f 4380//3972 4375//3974 4395//4127
f 4379//3970 4380//3972 4394//3972
f 4368//3966 4379//3970 4393//3969
f 4366//4126 4368//3966 4392//3966
f 4367//4125 4366//4126 4391//4124
f 4360//3961 4367//4125 4390//3963
f 4357//4122 4360//3961 4389//3961
f 4355//4123 4357//4122 4388//4122
f 4356//3955 4355//4123 4387//3957
f 4359//3956 4356//3955 4385//4121
f 4414//4094 4402//4097 4403//4094
f 4414//4094 4401//4094 4402//4097
f 4415//4094 4400//4094 4401//4094
f 4415//4094 4416//4094 4397//4094
f 4417//4094 4396//4094 4397//4094
f 4418//4094 4395//4094 4396//4094
f 4401//4094 4414//4094 4415//4094
f 4397//4094 4398//4095 4415//4094
f 4396//4094 4417//4094 4418//4094
f 4419//4094 4420//4094 4413//4097
f 4420//4094 4407//4094 4408//4094
f 4415//4094 4399//4094 4400//4094
f 4397//4094 4416//4094 4417//4094
f 4421//4094 4391//4098 4392//4094
f 4422//4094 4390//4094 4391//4098
f 4423//4094 4419//4094 4387//4099
f 4420//4094 4412//4143 4413//4097
f 4420//4094 4410//4094 4411//4094
f 4408//4094 4409//4094 4420//4094
f 4414//4094 4406//4094 4407//4094
f 4414//4094 4404//4094 4405//4094
f 4398//4095 4399//4094 4415//4094
f 4424//4094 4394//4094 4395//4094
f 4425//4094 4393//4094 4394//4094
f 4391//4098 4421//4094 4422//4094
f 4426//4094 4389//4094 4390//4094
f 4388//4095 4427//4094 4423//4094
f 4419//4094 4386//4144 4385//4094
f 4411//4094 4412//4143 4420//4094
f 4407//4094 4420//4094 4414//4094
f 4403//4094 4404//4094 4414//4094
f 4394//4094 4424//4094 4425//4094
f 4428//4094 4392//4094 4393//4094
f 4390//4094 4422//4094 4426//4094
f 4427//4094 4388//4095 4389//4094
f 4385//4094 4387//4099 4419//4094
f 4409//4094 4410//4094 4420//4094
f 4395//4094 4418//4094 4424//4094
f 4392//4094 4428//4094 4421//4094
f 4387//4099 4388//4095 4423//4094
f 4405//4094 4406//4094 4414//4094
f 4389//4094 4426//4094 4427//4094
f 4393//4094 4425//4094 4428//4094
f 4413//4097 4386//4144 4419//4094
f 4429//3956 4430//3956 4431//3956
f 4431//3956 4419//3956 4429//3956
f 4431//3956 4420//3956 4419//3956
f 4415//4114 4432//4114 4433//4114
f 4433//4114 4434//4114 4415//4114
f 4415//4114 4414//4114 4432//4114
f 4433//4114 4435//4114 4434//4114
f 4436//53 4437//53 4265//53
f 4437//53 4438//53 4263//53
f 4439//53 4291//53 4292//53
f 4263//53 4265//53 4437//53
f 4439//53 4290//53 4291//53
f 4282//53 4283//53 4440//53
f 4441//53 4278//53 4280//53
f 4442//53 4270//53 4272//53
f 4442//53 4443//53 4269//53
f 4438//53 4264//53 4263//53
f 4292//53 4438//53 4439//53
f 4444//53 4281//53 4282//53
f 4441//53 4279//53 4278//53
f 4441//53 4445//53 4277//53
f 4446//53 4447//53 4275//53
f 4447//53 4448//53 4274//53
f 4269//53 4270//53 4442//53
f 4443//53 4449//53 4268//53
f 4450//53 4436//53 4266//53
f 4292//53 4264//53 4438//53
f 4451//53 4440//53 4284//53
f 4444//53 4280//53 4281//53
f 4277//53 4279//53 4441//53
f 4445//53 4446//53 4276//53
f 4274//53 4275//53 4447//53
f 4268//53 4269//53 4443//53
f 4449//53 4450//53 4267//53
f 4265//53 4266//53 4436//53
f 4451//53 4287//53 4288//53
f 4284//53 4285//53 4451//53
f 4280//53 4444//53 4441//53
f 4275//53 4276//53 4446//53
f 4452//53 4453//53 4271//53
f 4267//53 4268//53 4449//53
f 4439//53 4289//53 4290//53
f 4451//53 4286//53 4287//53
f 4440//53 4283//53 4284//53
f 4276//53 4277//53 4445//53
f 4448//53 4452//53 4273//53
f 4453//53 4272//53 4271//53
f 4266//53 4267//53 4450//53
f 4288//53 4439//53 4451//53
f 4440//53 4444//53 4282//53
f 4271//53 4273//53 4452//53
f 4288//53 4289//53 4439//53
f 4273//53 4274//53 4448//53
f 4285//53 4286//53 4451//53
f 4272//53 4453//53 4442//53
f 4445//4145 4441//4146 4454//4146
f 4446//4147 4445//4145 4455//4145
f 4447//4148 4446//4147 4456//4147
f 4448//4149 4447//4148 4457//4148
f 4452//4150 4448//4149 4458//4149
f 4453//4151 4452//4150 4459//4150
f 4442//4152 4453//4151 4460//4151
f 4443//4153 4442//4152 4461//4152
f 4449//4154 4443//4153 4462//4153
f 4450//4155 4449//4154 4463//4154
f 4436//4156 4450//4155 4464//4155
f 4437//4157 4436//4156 4465//4158
f 4438//4159 4437//4157 4466//4157
f 4466//4157 4467//4159 4438//4159
f 4465//4158 4466//4157 4437//4157
f 4464//4155 4465//4158 4436//4156
f 4463//4154 4464//4155 4450//4155
f 4462//4153 4463//4154 4449//4154
f 4461//4152 4462//4153 4443//4153
f 4460//4151 4461//4152 4442//4152
f 4459//4150 4460//4151 4453//4151
f 4458//4149 4459//4150 4452//4150
f 4457//4148 4458//4149 4448//4149
f 4456//4147 4457//4148 4447//4148
f 4455//4145 4456//4147 4446//4147
f 4454//4146 4455//4145 4445//4145
f 4468//75 4454//75 4441//75
f 4441//75 4444//75 4468//75
f 4439//55 4438//55 4467//55
f 4467//55 4469//55 4439//55
f 4469//1 4467//1 4470//1
f 4461//1 4460//1 4471//1
f 4470//1 4472//1 4469//1
f 4461//1 4473//1 4474//1
f 4460//1 4475//1 4471//1
f 4467//1 4476//1 4470//1
f 4466//1 4477//1 4478//1
f 4465//1 4479//1 4477//1
f 4471//1 4473//1 4461//1
f 4459//1 4480//1 4475//1
f 4467//1 4478//1 4476//1
f 4477//1 4466//1 4465//1
f 4462//1 4474//1 4481//1
f 4475//1 4460//1 4459//1
f 4454//1 4482//1 4483//1
f 4484//1 4468//1 4485//1
f 4478//1 4467//1 4466//1
f 4463//1 4481//1 4486//1
f 4474//1 4462//1 4461//1
f 4457//1 4487//1 4488//1
f 4456//1 4489//1 4487//1
f 4454//1 4490//1 4482//1
f 4454//1 4468//1 4491//1
f 4485//1 4492//1 4484//1
f 4493//1 4469//1 4494//1
f 4472//1 4495//1 4469//1
f 4464//1 4486//1 4479//1
f 4481//1 4463//1 4462//1
f 4458//1 4488//1 4480//1
f 4487//1 4457//1 4456//1
f 4455//1 4483//1 4489//1
f 4491//1 4490//1 4454//1
f 4484//1 4496//1 4468//1
f 4493//1 4497//1 4498//1
f 4494//1 4499//1 4493//1
f 4479//1 4465//1 4464//1
f 4480//1 4459//1 4458//1
f 4489//1 4456//1 4455//1
f 4496//1 4491//1 4468//1
f 4493//1 4500//1 4497//1
f 4469//1 4501//1 4494//1
f 4486//1 4464//1 4463//1
f 4483//1 4455//1 4454//1
f 4498//1 4485//1 4493//1
f 4495//1 4501//1 4469//1
f 4498//1 4492//1 4485//1
f 4488//1 4458//1 4457//1
f 4499//1 4500//1 4493//1
f 4502//583 4503//55 4476//55
f 4504//4008 4502//583 4478//583
f 4505//4010 4504//4008 4477//4008
f 4506//4160 4505//4010 4479//4010
f 4507//626 4506//4160 4486//4160
f 4508//640 4507//626 4481//4161
f 4509//620 4508//640 4474//640
f 4510//4162 4509//620 4471//64
f 4509//620 4473//620 4471//64
f 4511//4015 4510//4162 4475//4013
f 4512//4016 4511//4015 4480//4015
f 4513//4163 4512//4016 4488//4016
f 4514//4164 4513//4163 4487//4017
f 4515//4165 4514//4164 4489//4019
f 4516//613 4515//4165 4483//4165
f 4517//4023 4516//613 4482//613
f 4518//4166 4517//4023 4490//4023
f 4519//4025 4518//4166 4491//4024
f 4520//4027 4519//4025 4496//4167
f 4521//4029 4520//4027 4484//4030
f 4522//4031 4521//4029 4492//4029
f 4523//4033 4522//4031 4498//4031
f 4524//4168 4523//4033 4497//4033
f 4525//4169 4524//4168 4500//4168
f 4526//4170 4525//4169 4499//4169
f 4527//4036 4526//4170 4494//590
f 4528//4037 4527//4036 4501//4036
f 4529//4039 4528//4037 4495//4037
f 4530//4041 4529//4039 4472//4039
f 4503//55 4530//4041 4470//4041
f 4470//4041 4476//55 4503//55
f 4472//4039 4470//4041 4530//4041
f 4495//4037 4472//4039 4529//4039
f 4501//4036 4495//4037 4528//4037
f 4494//590 4501//4036 4527//4036
f 4499//4169 4494//590 4526//4170
f 4500//4168 4499//4169 4525//4169
f 4497//4033 4500//4168 4524//4168
f 4498//4031 4497//4033 4523//4033
f 4492//4029 4498//4031 4522//4031
f 4484//4030 4492//4029 4521//4029
f 4496//4167 4484//4030 4520//4027
f 4491//4024 4496//4167 4519//4025
f 4490//4023 4491//4024 4518//4166
f 4482//613 4490//4023 4517//4023
f 4483//4165 4482//613 4516//613
f 4489//4019 4483//4165 4515//4165
f 4487//4017 4489//4019 4514//4164
f 4488//4016 4487//4017 4513//4163
f 4480//4015 4488//4016 4512//4016
f 4475//4013 4480//4015 4511//4015
f 4471//64 4475//4013 4510//4162
f 4474//640 4473//620 4509//620
f 4481//4161 4474//640 4508//640
f 4486//4160 4481//4161 4507//626
f 4479//4010 4486//4160 4506//4160
f 4477//4008 4479//4010 4505//4010
f 4478//583 4477//4008 4504//4008
f 4476//55 4478//583 4502//583
f 4531//53 4517//53 4518//53
f 4532//53 4519//53 4520//53
f 4531//53 4516//53 4517//53
f 4533//53 4513//53 4514//53
f 4534//53 4512//53 4513//53
f 4535//53 4536//53 4504//53
f 4537//53 4532//53 4522//53
f 4532//53 4518//53 4519//53
f 4531//53 4515//53 4516//53
f 4531//53 4538//53 4514//53
f 4513//53 4533//53 4534//53
f 4505//53 4539//53 4535//53
f 4522//53 4523//53 4537//53
f 4518//53 4532//53 4531//53
f 4514//53 4538//53 4533//53
f 4540//53 4510//53 4511//53
f 4541//53 4509//53 4510//53
f 4542//53 4508//53 4509//53
f 4543//53 4507//53 4508//53
f 4536//53 4502//53 4504//53
f 4536//53 4544//53 4530//53
f 4544//53 4528//53 4529//53
f 4544//53 4537//53 4525//53
f 4532//53 4521//53 4522//53
f 4514//53 4515//53 4531//53
f 4545//53 4511//53 4512//53
f 4510//53 4540//53 4541//53
f 4508//53 4542//53 4543//53
f 4546//53 4506//53 4507//53
f 4539//53 4505//53 4506//53
f 4536//53 4503//53 4502//53
f 4529//53 4530//53 4544//53
f 4537//53 4524//53 4525//53
f 4520//53 4521//53 4532//53
f 4511//53 4545//53 4540//53
f 4507//53 4543//53 4546//53
f 4504//53 4505//53 4535//53
f 4544//53 4527//53 4528//53
f 4525//53 4526//53 4544//53
f 4512//53 4534//53 4545//53
f 4506//53 4546//53 4539//53
f 4526//53 4527//53 4544//53
f 4509//53 4541//53 4542//53
f 4523//53 4524//53 4537//53
f 4530//53 4503//53 4536//53
f 4547//75 4548//75 4531//75
f 4531//75 4532//75 4547//75
f 4544//55 4536//55 4549//55
f 4549//55 4550//55 4544//55
f 4551//4171 4307//4171 4309//4171
f 4552//4171 4310//4171 4311//4171
f 4551//4171 4308//4171 4307//4171
f 4551//4171 4553//4171 4306//4171
f 4554//4171 4555//4171 4304//4171
f 4555//4171 4556//4171 4303//4172
f 4557//4171 4320//4173 4321//4171
f 4558//4171 4315//4171 4316//4171
f 4552//4171 4309//4171 4310//4171
f 4306//4171 4308//4171 4551//4171
f 4553//4171 4554//4171 4305//4171
f 4303//4172 4304//4171 4555//4171
f 4321//4171 4559//4171 4557//4171
f 4557//4171 4318//4171 4319//4171
f 4316//4171 4557//4171 4558//4171
f 4558//4171 4552//4171 4312//4174
f 4309//4171 4552//4171 4551//4171
f 4304//4171 4305//4171 4554//4171
f 4560//4171 4561//4171 4299//4174
f 4561//4171 4562//4171 4298//4171
f 4319//4171 4320//4173 4557//4171
f 4316//4171 4317//4175 4557//4171
f 4312//4174 4313//4175 4558//4171
f 4305//4171 4306//4171 4553//4171
f 4556//4171 4563//4171 4302//4173
f 4563//4171 4564//4171 4301//4173
f 4298//4171 4299//4174 4561//4171
f 4562//4171 4565//4171 4297//4171
f 4565//4171 4566//4171 4296//4171
f 4566//4171 4567//4171 4295//4171
f 4567//4171 4559//4171 4293//4171
f 4317//4175 4318//4171 4557//4171
f 4311//4171 4312//4174 4552//4171
f 4301//4173 4302//4173 4563//4171
f 4564//4171 4560//4171 4300//4171
f 4297//4171 4298//4171 4562//4171
f 4295//4171 4296//4171 4566//4171
f 4559//4171 4294//4171 4293//4171
f 4558//4171 4314//4176 4315//4171
f 4302//4173 4303//4172 4556//4171
f 4299//4174 4300//4171 4560//4171
f 4293//4171 4295//4171 4567//4171
f 4313//4175 4314//4176 4558//4171
f 4296//4171 4297//4171 4565//4171
f 4300//4171 4301//4173 4564//4171
f 4321//4171 4294//4171 4559//4171
f 4568//4177 4569//4178 4559//4178
f 4570//4179 4568//4177 4567//4177
f 4571//4180 4570//4179 4566//4179
f 4572//4181 4571//4180 4565//4182
f 4573//4183 4572//4181 4562//4181
f 4574//4184 4573//4183 4561//4183
f 4575//4185 4574//4184 4560//4184
f 4576//4186 4575//4185 4564//4185
f 4577//4187 4576//4186 4563//4186
f 4578//4188 4577//4187 4556//4187
f 4579//4189 4578//4188 4555//4188
f 4580//4190 4579//4189 4554//4189
f 4581//4191 4580//4190 4553//4192
f 4553//4192 4551//4191 4581//4191
f 4554//4189 4553//4192 4580//4190
f 4555//4188 4554//4189 4579//4189
f 4556//4187 4555//4188 4578//4188
f 4563//4186 4556//4187 4577//4187
f 4564//4185 4563//4186 4576//4186
f 4560//4184 4564//4185 4575//4185
f 4561//4183 4560//4184 4574//4184
f 4562//4181 4561//4183 4573//4183
f 4565//4182 4562//4181 4572//4181
f 4566//4179 4565//4182 4571//4180
f 4567//4177 4566//4179 4570//4179
f 4559//4178 4567//4177 4568//4177
f 4582//4193 4581//4193 4551//4193
f 4551//4193 4552//4193 4582//4193
f 4557//4043 4559//4043 4569//4043
f 4569//4043 4583//4043 4557//4043
f 4570//4194 4584//4194 4585//4195
f 4571//4194 4586//4194 4584//4194
f 4583//4194 4569//4194 4587//4194
f 4568//4194 4585//4195 4588//4194
f 4584//4194 4570//4194 4571//4194
f 4583//4194 4589//4196 4590//4195
f 4587//4194 4591//4197 4583//4194
f 4569//4194 4588//4194 4592//4194
f 4585//4195 4568//4194 4570//4194
f 4583//4194 4593//4198 4589//4196
f 4591//4197 4594//4194 4583//4194
f 4588//4194 4569//4194 4568//4194
f 4573//4194 4595//4194 4596//4197
f 4574//4194 4597//4194 4595//4194
f 4583//4194 4598//4194 4593//4198
f 4592//4194 4587//4194 4569//4194
f 4572//4194 4596//4197 4586//4194
f 4595//4194 4573//4194 4574//4194
f 4581//4194 4582//4194 4599//4194
f 4582//4194 4600//4194 4601//4194
f 4600//4194 4582//4194 4602//4194
f 4594//4194 4598//4194 4583//4194
f 4596//4197 4572//4194 4573//4194
f 4581//4194 4603//4196 4604//4194
f 4599//4194 4605//4195 4581//4194
f 4602//4194 4606//4194 4600//4194
f 4586//4194 4571//4194 4572//4194
f 4575//4194 4607//4197 4597//4194
f 4578//4194 4608//4194 4609//4194
f 4579//4194 4610//4194 4608//4194
f 4580//4194 4604//4194 4610//4194
f 4581//4194 4611//4194 4603//4196
f 4601//4194 4599//4194 4582//4194
f 4602//4194 4612//4199 4613//4200
f 4597//4194 4574//4194 4575//4194
f 4576//4194 4614//4200 4607//4197
f 4577//4194 4609//4194 4614//4200
f 4608//4194 4578//4194 4579//4194
f 4604//4194 4580//4194 4581//4194
f 4613//4200 4606//4194 4602//4194
f 4590//4195 4602//4194 4583//4194
f 4614//4200 4576//4194 4577//4194
f 4610//4194 4579//4194 4580//4194
f 4590//4195 4612//4199 4602//4194
f 4609//4194 4577//4194 4578//4194
f 4607//4197 4575//4194 4576//4194
f 4605//4195 4611//4194 4581//4194
f 4615//4042 4616//4043 4592//4043
f 4617//4201 4615//4042 4588//4042
f 4618//4046 4617//4201 4585//4044
f 4619//4048 4618//4046 4584//4046
f 4620//4050 4619//4048 4586//4202
f 4621//4051 4620//4050 4596//4203
f 4622//4052 4621//4051 4595//4053
f 4623//4204 4622//4052 4597//4052
f 4624//4205 4623//4204 4607//4204
f 4625//4060 4624//4205 4614//4057
f 4626//4206 4625//4060 4609//4207
f 4627//4063 4626//4206 4608//4061
f 4628//4208 4627//4063 4610//4063
f 4629//4066 4628//4208 4604//4209
f 4630//4210 4629//4066 4611//4193
f 4629//4066 4603//4068 4611//4193
f 4631//4211 4630//4210 4605//4067
f 4632//4212 4631//4211 4599//4213
f 4633//4072 4632//4212 4601//4212
f 4634//4074 4633//4072 4600//4075
f 4635//4214 4634//4074 4606//4074
f 4636//4215 4635//4214 4613//4214
f 4637//4216 4636//4215 4612//4080
f 4638//4084 4637//4216 4590//4216
f 4639//4085 4638//4084 4589//4217
f 4640//4218 4639//4085 4593//4085
f 4641//4089 4640//4218 4598//4087
f 4642//4091 4641//4089 4594//4089
f 4643//4093 4642//4091 4591//4219
f 4616//4043 4643//4093 4587//4093
f 4587//4093 4592//4043 4616//4043
f 4591//4219 4587//4093 4643//4093
f 4594//4089 4591//4219 4642//4091
f 4598//4087 4594//4089 4641//4089
f 4593//4085 4598//4087 4640//4218
f 4589//4217 4593//4085 4639//4085
f 4590//4216 4589//4217 4638//4084
f 4612//4080 4590//4216 4637//4216
f 4613//4214 4612//4080 4636//4215
f 4606//4074 4613//4214 4635//4214
f 4600//4075 4606//4074 4634//4074
f 4601//4212 4600//4075 4633//4072
f 4599//4213 4601//4212 4632//4212
f 4605//4067 4599//4213 4631//4211
f 4611//4193 4605//4067 4630//4210
f 4604//4209 4603//4068 4629//4066
f 4610//4063 4604//4209 4628//4208
f 4608//4061 4610//4063 4627//4063
f 4609//4207 4608//4061 4626//4206
f 4614//4057 4609//4207 4625//4060
f 4607//4204 4614//4057 4624//4205
f 4597//4052 4607//4204 4623//4204
f 4595//4053 4597//4052 4622//4052
f 4596//4203 4595//4053 4621//4051
f 4586//4202 4596//4203 4620//4050
f 4584//4046 4586//4202 4619//4048
f 4585//4044 4584//4046 4618//4046
f 4588//4042 4585//4044 4617//4201
f 4592//4043 4588//4042 4615//4042
f 4654//64 4655//64 4656//64
f 4657//64 4658//64 4659//64
f 4660//64 4654//64 4661//64
f 4662//64 4661//64 4657//64
f 4663//64 4664//64 4665//64
f 4666//64 4667//64 4532//64
f 4657//64 4547//64 4532//64
f 4532//64 4667//64 4657//64
f 4668//64 4644//64 4547//64
f 4547//64 4657//64 4668//64
f 4668//64 4664//64 4550//64
f 4664//64 4663//64 4544//64
f 4544//64 4550//64 4664//64
f 4666//64 4537//64 4544//64
f 4544//64 4663//64 4666//64
f 4659//64 4669//64 4430//64
f 4669//64 4670//64 4431//64
f 4431//64 4430//64 4669//64
f 4664//64 4668//64 4435//64
f 4668//64 4659//64 4645//64
f 4645//64 4435//64 4668//64
f 4665//64 4664//64 4433//64
f 4433//64 4432//64 4665//64
f 4671//64 4672//64 4414//64
f 4670//64 4671//64 4420//64
f 4672//64 4432//64 4414//64
f 4414//64 4420//64 4671//64
f 4659//64 4658//64 4646//64
f 4669//64 4647//64 4648//64
f 4646//64 4647//64 4659//64
f 4647//64 4669//64 4659//64
f 4673//64 4649//64 4650//64
f 4674//64 4648//64 4649//64
f 4649//64 4673//64 4674//64
f 4650//64 4656//64 4673//64
f 4661//64 4656//64 4651//64
f 4657//64 4652//64 4653//64
f 4651//64 4652//64 4661//64
f 4652//64 4657//64 4661//64
f 4485//64 4667//64 4666//64
f 4655//64 4557//64 4583//64
f 4675//64 4558//64 4557//64
f 4656//64 4583//64 4602//64
f 4557//64 4655//64 4675//64
f 4583//64 4656//64 4655//64
f 4108//64 4107//64 4327//64
f 4109//64 4328//64 4327//64
f 4671//64 4146//64 4353//64
f 4353//64 4146//64 4108//64
f 4327//64 4107//64 4109//64
f 4327//64 4353//64 4108//64
f 4109//64 4110//64 4328//64
f 4110//64 4141//64 4328//64
f 4141//64 4140//64 4323//64
f 4142//64 4672//64 4354//64
f 4672//64 4671//64 4361//64
f 4323//64 4328//64 4141//64
f 4361//64 4354//64 4672//64
f 4354//64 4323//64 4142//64
f 4665//64 4672//64 4142//64
f 4142//64 4143//64 4665//64
f 4665//64 4149//64 4151//64
f 4665//64 4145//64 4144//64
f 4144//64 4149//64 4665//64
f 4676//64 4152//64 4153//64
f 4676//64 4150//64 4152//64
f 4676//64 4151//64 4150//64
f 4663//64 4676//64 4154//64
f 4167//64 4451//64 4439//64
f 4666//64 4663//64 4469//64
f 4663//64 4155//64 4439//64
f 4439//64 4155//64 4156//64
f 4439//64 4469//64 4663//64
f 4439//64 4156//64 4167//64
f 4167//64 4162//64 4451//64
f 4451//64 4162//64 4159//64
f 4158//64 4190//64 4444//64
f 4444//64 4190//64 4191//64
f 4440//64 4159//64 4158//64
f 4662//64 4468//64 4444//64
f 4191//64 4662//64 4444//64
f 4667//64 4485//64 4468//64
f 4468//64 4662//64 4667//64
f 4662//64 4103//64 4105//64
f 4662//64 4104//64 4103//64
f 4662//64 4191//64 4104//64
f 4660//64 4105//64 4106//64
f 4660//64 4193//64 4192//64
f 4192//64 4654//64 4660//64
f 4192//64 4194//64 4654//64
f 4196//64 4195//64 4655//64
f 4675//64 4655//64 4220//64
f 4655//64 4197//64 4220//64
f 4655//64 4195//64 4197//64
f 4675//64 4215//64 4210//64
f 4206//64 4552//64 4558//64
f 4558//64 4675//64 4206//64
f 4206//64 4198//64 4552//64
f 4148//64 4582//64 4552//64
f 4552//64 4147//64 4148//64
f 4673//64 4602//64 4582//64
f 4582//64 4148//64 4673//64
f 4674//64 4673//64 1806//64
f 1820//64 1808//64 1806//64
f 1806//64 4673//64 1820//64
f 4148//64 1821//64 1820//64
f 1820//64 4673//64 4148//64
f 4674//64 1803//64 1802//64
f 1867//64 4670//64 1805//64
f 4669//64 1802//64 1805//64
f 1805//64 4670//64 4669//64
f 4146//64 4671//64 1822//64
f 4670//64 1867//64 1822//64
f 1822//64 4671//64 4670//64
f 1822//64 1823//64 4146//64
f 1805//64 1811//64 1867//64
f 1802//64 4669//64 4674//64
f 1806//64 1803//64 4674//64
f 4198//64 4147//64 4552//64
f 4210//64 4206//64 4675//64
f 4220//64 4215//64 4675//64
f 4655//64 4654//64 4196//64
f 4194//64 4196//64 4654//64
f 4106//64 4193//64 4660//64
f 4105//64 4660//64 4662//64
f 4444//64 4440//64 4158//64
f 4159//64 4440//64 4451//64
f 4469//64 4493//64 4666//64
f 4154//64 4155//64 4663//64
f 4153//64 4154//64 4676//64
f 4151//64 4676//64 4665//64
f 4143//64 4145//64 4665//64
f 4140//64 4142//64 4323//64
f 4353//64 4361//64 4671//64
f 4602//64 4673//64 4656//64
f 4666//64 4493//64 4485//64
f 4653//64 4658//64 4657//64
f 4650//64 4651//64 4656//64
f 4648//64 4674//64 4669//64
f 4646//64 4658//64 4653//64
f 4420//64 4431//64 4670//64
f 4432//64 4672//64 4665//64
f 4435//64 4433//64 4664//64
f 4430//64 4645//64 4659//64
f 4550//64 4644//64 4668//64
f 4532//64 4537//64 4666//64
f 4665//64 4676//64 4663//64
f 4657//64 4667//64 4662//64
f 4661//64 4662//64 4660//64
f 4659//64 4668//64 4657//64
f 4656//64 4661//64 4654//64
f 4677//4171 4630//4172 4631//4173
f 4649//4171 4631//4173 4632//4173
f 4677//4171 4629//4175 4630//4172
f 4677//4171 4678//4171 4627//4220
f 4679//4171 4626//4171 4627//4220
f 4680//4171 4650//4171 4643//4173
f 4632//4173 4633//4171 4649//4171
f 4677//4171 4628//4175 4629//4175
f 4627//4220 4678//4171 4679//4171
f 4681//4171 4625//4171 4626//4171
f 4650//4171 4642//4221 4643//4173
f 4650//4171 4640//4171 4641//4171
f 4650//4171 4637//4171 4638//4171
f 4631//4173 4649//4171 4677//4171
f 4626//4171 4679//4171 4681//4171
f 4682//4171 4621//4174 4622//4171
f 4683//4171 4620//4171 4621//4174
f 4684//4171 4680//4171 4617//4171
f 4641//4171 4642//4221 4650//4171
f 4638//4171 4639//4175 4650//4171
f 4649//4171 4634//4171 4635//4171
f 4627//4220 4628//4175 4677//4171
f 4685//4171 4624//4173 4625//4171
f 4686//4171 4623//4171 4624//4173
f 4621//4174 4682//4171 4683//4171
f 4687//4171 4619//4171 4620//4171
f 4618//4171 4688//4171 4684//4171
f 4680//4171 4616//4176 4615//4171
f 4639//4175 4640//4171 4650//4171
f 4649//4171 4636//4171 4637//4171
f 4633//4171 4634//4171 4649//4171
f 4624//4173 4685//4171 4686//4171
f 4689//4171 4622//4171 4623//4171
f 4620//4171 4683//4171 4687//4171
f 4688//4171 4618//4171 4619//4171
f 4615//4171 4617//4171 4680//4171
f 4637//4171 4650//4171 4649//4171
f 4625//4171 4681//4171 4685//4171
f 4622//4171 4689//4171 4682//4171
f 4617//4171 4618//4171 4684//4171
f 4635//4171 4636//4171 4649//4171
f 4619//4171 4687//4171 4688//4171
f 4623//4171 4686//4171 4689//4171
f 4643//4173 4616//4176 4680//4171
f 4677//4193 4649//4193 4648//4193
f 4648//4193 4690//4193 4677//4193
f 4648//4193 4647//4193 4690//4193
f 4691//4043 4652//4043 4651//4043
f 4651//4043 4680//4043 4691//4043
f 4651//4043 4650//4043 4680//4043
f 4417//4222 4416//4223 4692//4224
f 4418//4225 4417//4222 4693//4222
f 4424//4226 4418//4225 4694//4225
f 4425//4227 4424//4226 4695//4226
f 4428//64 4425//4227 4696//4228
f 4421//4229 4428//64 4697//64
f 4422//4230 4421//4229 4698//4231
f 4426//4232 4422//4230 4699//4230
f 4427//4233 4426//4232 4700//4234
f 4423//4235 4427//4233 4701//4233
f 4419//4236 4423//4235 4702//4237
f 4423//4235 4703//4238 4704//4239
f 4704//4239 4702//4237 4423//4235
f 4416//4223 4705//4240 4706//4241
f 4415//4242 4434//4242 4705//4240
f 4705//4240 4416//4223 4415//4242
f 4706//4241 4692//4224 4416//4223
f 4702//4237 4429//4243 4419//4236
f 4701//4233 4703//4238 4423//4235
f 4700//4234 4701//4233 4427//4233
f 4699//4230 4700//4234 4426//4232
f 4698//4231 4699//4230 4422//4230
f 4697//64 4698//4231 4421//4229
f 4696//4228 4697//64 4428//64
f 4695//4226 4696//4228 4425//4227
f 4694//4225 4695//4226 4424//4226
f 4693//4222 4694//4225 4418//4225
f 4692//4224 4693//4222 4417//4222
f 4645//4115 4700//4115 4699//4115
f 4645//4115 4696//4115 4695//4115
f 4699//4115 4698//4115 4645//4115
f 4645//4115 4703//4115 4701//4115
f 4645//4115 4694//4115 4693//4115
f 4645//4115 4697//4115 4696//4115
f 4701//4115 4700//4115 4645//4115
f 4645//4115 4430//4115 4704//4115
f 4645//4115 4692//4115 4706//4115
f 4695//4115 4694//4115 4645//4115
f 4704//4115 4703//4115 4645//4115
f 4693//4115 4692//4115 4645//4115
f 4706//4115 4435//4115 4645//4115
f 4704//4115 4430//4115 4429//4115
f 4706//4115 4707//4115 4434//4115
f 4429//4115 4708//4115 4704//4115
f 4698//4115 4697//4115 4645//4115
f 4434//4115 4435//4115 4706//4115
f 4705//4244 4707//4245 4706//4246
f 4707//4194 4705//4194 4434//4194
f 4708//4247 4702//4248 4704//4249
f 4708//1 4429//1 4702//1
f 4679//4250 4678//4251 4709//4252
f 4681//4253 4679//4250 4710//4250
f 4685//4254 4681//4253 4711//4253
f 4686//4255 4685//4254 4712//4254
f 4689//64 4686//4255 4713//4256
f 4682//4257 4689//64 4714//64
f 4683//4258 4682//4257 4715//4259
f 4687//4260 4683//4258 4716//4258
f 4688//4261 4687//4260 4717//4262
f 4684//4263 4688//4261 4718//4261
f 4680//4264 4684//4263 4719//4265
f 4684//4263 4720//4266 4721//4267
f 4721//4267 4719//4265 4684//4263
f 4678//4251 4722//4268 4723//4246
f 4677//4269 4690//4270 4722//4268
f 4722//4268 4678//4251 4677//4269
f 4723//4246 4709//4252 4678//4251
f 4719//4265 4691//4264 4680//4264
f 4718//4261 4720//4266 4684//4263
f 4717//4262 4718//4261 4688//4261
f 4716//4258 4717//4262 4687//4260
f 4715//4259 4716//4258 4683//4258
f 4714//64 4715//4259 4682//4257
f 4713//4256 4714//64 4689//64
f 4712//4254 4713//4256 4686//4255
f 4711//4253 4712//4254 4685//4254
f 4710//4250 4711//4253 4681//4253
f 4709//4252 4710//4250 4679//4250
f 4653//4194 4720//4194 4718//4194
f 4653//4194 4711//4194 4710//4194
f 4718//4194 4717//4194 4653//4194
f 4653//4194 4712//4194 4711//4194
f 4717//4194 4716//4194 4653//4194
f 4653//4194 4713//4194 4712//4194
f 4716//4194 4715//4194 4653//4194
f 4653//4194 4652//4194 4721//4194
f 4653//4194 4709//4194 4723//4194
f 4653//4194 4714//4194 4713//4194
f 4646//4194 4723//4194 4690//4194
f 4721//4194 4720//4194 4653//4194
f 4710//4194 4709//4194 4653//4194
f 4723//4194 4724//4194 4690//4194
f 4723//4194 4646//4194 4653//4194
f 4715//4194 4714//4194 4653//4194
f 4721//4194 4652//4194 4691//4194
f 4691//4194 4725//4194 4721//4194
f 4690//4194 4647//4194 4646//4194
f 4725//4271 4719//4272 4721//4239
f 4722//4273 4724//4274 4723//4275
f 4724//1 4722//1 4690//1
f 4725//4115 4691//4115 4719//4115
f 4533//4276 4538//4277 4726//4277
f 4534//4278 4533//4276 4727//4276
f 4545//4279 4534//4278 4728//4280
f 4540//4281 4545//4279 4729//4279
f 4541//64 4540//4281 4730//4281
f 4542//4282 4541//64 4731//64
f 4543//4283 4542//4282 4732//4282
f 4546//4284 4543//4283 4733//4283
f 4539//4285 4546//4284 4734//4286
f 4535//4287 4539//4285 4735//4285
f 4536//4288 4535//4287 4736//4289
f 4535//4287 4737//4287 4738//4249
f 4738//4249 4736//4289 4535//4287
f 4538//4277 4739//4290 4740//4275
f 4531//4291 4548//4292 4739//4290
f 4739//4290 4538//4277 4531//4291
f 4740//4275 4726//4277 4538//4277
f 4736//4289 4549//4293 4536//4288
f 4735//4285 4737//4287 4535//4287
f 4734//4286 4735//4285 4539//4285
f 4733//4283 4734//4286 4546//4284
f 4732//4282 4733//4283 4543//4283
f 4731//64 4732//4282 4542//4282
f 4730//4281 4731//64 4541//64
f 4729//4279 4730//4281 4540//4281
f 4728//4280 4729//4279 4545//4279
f 4727//4276 4728//4280 4534//4278
f 4726//4277 4727//4276 4533//4276
f 4644//1 4735//1 4734//1
f 4644//1 4729//1 4728//1
f 4644//1 4737//1 4735//1
f 4728//1 4727//1 4644//1
f 4734//1 4733//1 4644//1
f 4644//1 4730//1 4729//1
f 4733//1 4732//1 4644//1
f 4644//1 4550//1 4738//1
f 4644//1 4726//1 4740//1
f 4644//1 4731//1 4730//1
f 4738//1 4737//1 4644//1
f 4727//1 4726//1 4644//1
f 4740//1 4741//1 4548//1
f 4740//1 4547//1 4644//1
f 4732//1 4731//1 4644//1
f 4738//1 4550//1 4549//1
f 4549//1 4742//1 4738//1
f 4548//1 4547//1 4740//1
f 4739//4294 4741//4295 4740//4241
f 4742//4296 4736//4297 4738//4267
f 4741//4115 4739//4115 4548//4115
f 4742//4194 4549//4194 4736//4194
